DEBUG - 2026-07-24 03:39:14 --> Session: Class initialized using 'CodeIgniter\Session\Handlers\FileHandler' driver.
DEBUG - 2026-07-24 03:39:31 --> Session: Class initialized using 'CodeIgniter\Session\Handlers\FileHandler' driver.
ERROR - 2026-07-24 03:39:47 --> Error connecting to the database: mysqli_sql_exception: No connection could be made because the target machine actively refused it in C:\Users\lenovo\Downloads\Projectmagang_antigravity\vendor\codeigniter4\framework\system\Database\MySQLi\Connection.php:201
Stack trace:
#0 C:\Users\lenovo\Downloads\Projectmagang_antigravity\vendor\codeigniter4\framework\system\Database\MySQLi\Connection.php(201): mysqli->real_connect('localhost', 'root', Object(SensitiveParameterValue), 'db_elayanan_aka...', 3306, '', 0)
#1 C:\Users\lenovo\Downloads\Projectmagang_antigravity\vendor\codeigniter4\framework\system\Database\BaseConnection.php(555): CodeIgniter\Database\MySQLi\Connection->connect(false)
#2 C:\Users\lenovo\Downloads\Projectmagang_antigravity\vendor\codeigniter4\framework\system\Database\BaseConnection.php(795): CodeIgniter\Database\BaseConnection->initialize()
#3 C:\Users\lenovo\Downloads\Projectmagang_antigravity\vendor\codeigniter4\framework\system\Database\BaseBuilder.php(1647): CodeIgniter\Database\BaseConnection->query('SELECT *\nFROM `...', Array, false)
#4 C:\Users\lenovo\Downloads\Projectmagang_antigravity\vendor\codeigniter4\framework\system\Model.php(297): CodeIgniter\Database\BaseBuilder->get()
#5 C:\Users\lenovo\Downloads\Projectmagang_antigravity\vendor\codeigniter4\framework\system\BaseModel.php(714): CodeIgniter\Model->doFirst()
#6 C:\Users\lenovo\Downloads\Projectmagang_antigravity\app\Controllers\AuthController.php(364): CodeIgniter\BaseModel->first()
#7 C:\Users\lenovo\Downloads\Projectmagang_antigravity\vendor\codeigniter4\framework\system\CodeIgniter.php(974): App\Controllers\AuthController->processLogin()
#8 C:\Users\lenovo\Downloads\Projectmagang_antigravity\vendor\codeigniter4\framework\system\CodeIgniter.php(520): CodeIgniter\CodeIgniter->runController(Object(App\Controllers\AuthController))
#9 C:\Users\lenovo\Downloads\Projectmagang_antigravity\vendor\codeigniter4\framework\system\CodeIgniter.php(363): CodeIgniter\CodeIgniter->handleRequest(NULL, Object(Config\Cache), false)
#10 C:\Users\lenovo\Downloads\Projectmagang_antigravity\vendor\codeigniter4\framework\system\Boot.php(417): CodeIgniter\CodeIgniter->run()
#11 C:\Users\lenovo\Downloads\Projectmagang_antigravity\vendor\codeigniter4\framework\system\Boot.php(68): CodeIgniter\Boot::runCodeIgniter(Object(CodeIgniter\CodeIgniter))
#12 C:\Users\lenovo\Downloads\Projectmagang_antigravity\public\index.php(59): CodeIgniter\Boot::bootWeb(Object(Config\Paths))
#13 C:\Users\lenovo\Downloads\Projectmagang_antigravity\vendor\codeigniter4\framework\system\rewrite.php(44): require_once('C:\\Users\\lenovo...')
#14 {main}

Next CodeIgniter\Database\Exceptions\DatabaseException: No connection could be made because the target machine actively refused it in C:\Users\lenovo\Downloads\Projectmagang_antigravity\vendor\codeigniter4\framework\system\Database\MySQLi\Connection.php:231
Stack trace:
#0 C:\Users\lenovo\Downloads\Projectmagang_antigravity\vendor\codeigniter4\framework\system\Database\BaseConnection.php(555): CodeIgniter\Database\MySQLi\Connection->connect(false)
#1 C:\Users\lenovo\Downloads\Projectmagang_antigravity\vendor\codeigniter4\framework\system\Database\BaseConnection.php(795): CodeIgniter\Database\BaseConnection->initialize()
#2 C:\Users\lenovo\Downloads\Projectmagang_antigravity\vendor\codeigniter4\framework\system\Database\BaseBuilder.php(1647): CodeIgniter\Database\BaseConnection->query('SELECT *\nFROM `...', Array, false)
#3 C:\Users\lenovo\Downloads\Projectmagang_antigravity\vendor\codeigniter4\framework\system\Model.php(297): CodeIgniter\Database\BaseBuilder->get()
#4 C:\Users\lenovo\Downloads\Projectmagang_antigravity\vendor\codeigniter4\framework\system\BaseModel.php(714): CodeIgniter\Model->doFirst()
#5 C:\Users\lenovo\Downloads\Projectmagang_antigravity\app\Controllers\AuthController.php(364): CodeIgniter\BaseModel->first()
#6 C:\Users\lenovo\Downloads\Projectmagang_antigravity\vendor\codeigniter4\framework\system\CodeIgniter.php(974): App\Controllers\AuthController->processLogin()
#7 C:\Users\lenovo\Downloads\Projectmagang_antigravity\vendor\codeigniter4\framework\system\CodeIgniter.php(520): CodeIgniter\CodeIgniter->runController(Object(App\Controllers\AuthController))
#8 C:\Users\lenovo\Downloads\Projectmagang_antigravity\vendor\codeigniter4\framework\system\CodeIgniter.php(363): CodeIgniter\CodeIgniter->handleRequest(NULL, Object(Config\Cache), false)
#9 C:\Users\lenovo\Downloads\Projectmagang_antigravity\vendor\codeigniter4\framework\system\Boot.php(417): CodeIgniter\CodeIgniter->run()
#10 C:\Users\lenovo\Downloads\Projectmagang_antigravity\vendor\codeigniter4\framework\system\Boot.php(68): CodeIgniter\Boot::runCodeIgniter(Object(CodeIgniter\CodeIgniter))
#11 C:\Users\lenovo\Downloads\Projectmagang_antigravity\public\index.php(59): CodeIgniter\Boot::bootWeb(Object(Config\Paths))
#12 C:\Users\lenovo\Downloads\Projectmagang_antigravity\vendor\codeigniter4\framework\system\rewrite.php(44): require_once('C:\\Users\\lenovo...')
#13 {main}
CRITICAL - 2026-07-24 03:39:47 --> CodeIgniter\Database\Exceptions\DatabaseException: Unable to connect to the database.
Main connection [MySQLi]: No connection could be made because the target machine actively refused it
[Method: POST, Route: login/process]
in SYSTEMPATH\Database\BaseConnection.php on line 606.
 1 SYSTEMPATH\Database\BaseConnection.php(795): CodeIgniter\Database\BaseConnection->initialize()
 2 SYSTEMPATH\Database\BaseBuilder.php(1647): CodeIgniter\Database\BaseConnection->query('SELECT *
FROM `m_user_mahasiswa`
WHERE `username` = :username:
 LIMIT 1', [...], false)
 3 SYSTEMPATH\Model.php(297): CodeIgniter\Database\BaseBuilder->get()
 4 SYSTEMPATH\BaseModel.php(714): CodeIgniter\Model->doFirst()
 5 APPPATH\Controllers\AuthController.php(364): CodeIgniter\BaseModel->first()
 6 SYSTEMPATH\CodeIgniter.php(974): App\Controllers\AuthController->processLogin()
 7 SYSTEMPATH\CodeIgniter.php(520): CodeIgniter\CodeIgniter->runController(Object(App\Controllers\AuthController))
 8 SYSTEMPATH\CodeIgniter.php(363): CodeIgniter\CodeIgniter->handleRequest(null, Object(Config\Cache), false)
 9 SYSTEMPATH\Boot.php(417): CodeIgniter\CodeIgniter->run()
10 SYSTEMPATH\Boot.php(68): CodeIgniter\Boot::runCodeIgniter(Object(CodeIgniter\CodeIgniter))
11 FCPATH\index.php(59): CodeIgniter\Boot::bootWeb(Object(Config\Paths))
12 SYSTEMPATH\rewrite.php(44): require_once('C:\\Users\\lenovo\\Downloads\\Projectmagang_antigravity\\public\\index.php')
DEBUG - 2026-07-24 03:39:50 --> Session: Class initialized using 'CodeIgniter\Session\Handlers\FileHandler' driver.
DEBUG - 2026-07-24 03:40:08 --> Session: Class initialized using 'CodeIgniter\Session\Handlers\FileHandler' driver.
DEBUG - 2026-07-24 03:40:09 --> Session: Class initialized using 'CodeIgniter\Session\Handlers\FileHandler' driver.
DEBUG - 2026-07-24 03:40:56 --> Session: Class initialized using 'CodeIgniter\Session\Handlers\FileHandler' driver.
DEBUG - 2026-07-24 03:41:08 --> Session: Class initialized using 'CodeIgniter\Session\Handlers\FileHandler' driver.
DEBUG - 2026-07-24 03:41:26 --> Session: Class initialized using 'CodeIgniter\Session\Handlers\FileHandler' driver.
DEBUG - 2026-07-24 03:41:33 --> Session: Class initialized using 'CodeIgniter\Session\Handlers\FileHandler' driver.
DEBUG - 2026-07-24 03:41:38 --> Session: Class initialized using 'CodeIgniter\Session\Handlers\FileHandler' driver.
DEBUG - 2026-07-24 03:45:56 --> Session: Class initialized using 'CodeIgniter\Session\Handlers\FileHandler' driver.
DEBUG - 2026-07-24 03:46:25 --> Session: Class initialized using 'CodeIgniter\Session\Handlers\FileHandler' driver.
DEBUG - 2026-07-24 03:47:30 --> Session: Class initialized using 'CodeIgniter\Session\Handlers\FileHandler' driver.
DEBUG - 2026-07-24 03:47:35 --> Session: Class initialized using 'CodeIgniter\Session\Handlers\FileHandler' driver.
DEBUG - 2026-07-24 03:47:45 --> Session: Class initialized using 'CodeIgniter\Session\Handlers\FileHandler' driver.
DEBUG - 2026-07-24 03:47:47 --> Session: Class initialized using 'CodeIgniter\Session\Handlers\FileHandler' driver.
DEBUG - 2026-07-24 03:47:48 --> Session: Class initialized using 'CodeIgniter\Session\Handlers\FileHandler' driver.
DEBUG - 2026-07-24 03:53:15 --> Session: Class initialized using 'CodeIgniter\Session\Handlers\FileHandler' driver.
DEBUG - 2026-07-24 03:53:17 --> Session: Class initialized using 'CodeIgniter\Session\Handlers\FileHandler' driver.
DEBUG - 2026-07-24 04:02:01 --> Session: Class initialized using 'CodeIgniter\Session\Handlers\FileHandler' driver.
DEBUG - 2026-07-24 04:03:21 --> Session: Class initialized using 'CodeIgniter\Session\Handlers\FileHandler' driver.
DEBUG - 2026-07-24 04:07:27 --> Session: Class initialized using 'CodeIgniter\Session\Handlers\FileHandler' driver.
DEBUG - 2026-07-24 04:07:38 --> Session: Class initialized using 'CodeIgniter\Session\Handlers\FileHandler' driver.
DEBUG - 2026-07-24 04:07:41 --> Session: Class initialized using 'CodeIgniter\Session\Handlers\FileHandler' driver.
DEBUG - 2026-07-24 04:08:35 --> Session: Class initialized using 'CodeIgniter\Session\Handlers\FileHandler' driver.
DEBUG - 2026-07-24 04:08:36 --> Session: Class initialized using 'CodeIgniter\Session\Handlers\FileHandler' driver.
DEBUG - 2026-07-24 04:08:37 --> Session: Class initialized using 'CodeIgniter\Session\Handlers\FileHandler' driver.
DEBUG - 2026-07-24 04:09:03 --> Session: Class initialized using 'CodeIgniter\Session\Handlers\FileHandler' driver.
DEBUG - 2026-07-24 04:09:07 --> Session: Class initialized using 'CodeIgniter\Session\Handlers\FileHandler' driver.
DEBUG - 2026-07-24 04:09:08 --> Session: Class initialized using 'CodeIgniter\Session\Handlers\FileHandler' driver.
DEBUG - 2026-07-24 04:09:15 --> Session: Class initialized using 'CodeIgniter\Session\Handlers\FileHandler' driver.
DEBUG - 2026-07-24 04:09:18 --> Session: Class initialized using 'CodeIgniter\Session\Handlers\FileHandler' driver.
DEBUG - 2026-07-24 04:10:34 --> Session: Class initialized using 'CodeIgniter\Session\Handlers\FileHandler' driver.
DEBUG - 2026-07-24 04:10:37 --> Session: Class initialized using 'CodeIgniter\Session\Handlers\FileHandler' driver.
DEBUG - 2026-07-24 04:10:41 --> Session: Class initialized using 'CodeIgniter\Session\Handlers\FileHandler' driver.
DEBUG - 2026-07-24 04:10:43 --> Session: Class initialized using 'CodeIgniter\Session\Handlers\FileHandler' driver.
DEBUG - 2026-07-24 04:10:48 --> Session: Class initialized using 'CodeIgniter\Session\Handlers\FileHandler' driver.
DEBUG - 2026-07-24 04:10:58 --> Session: Class initialized using 'CodeIgniter\Session\Handlers\FileHandler' driver.
DEBUG - 2026-07-24 04:11:10 --> Session: Class initialized using 'CodeIgniter\Session\Handlers\FileHandler' driver.
DEBUG - 2026-07-24 04:11:18 --> Session: Class initialized using 'CodeIgniter\Session\Handlers\FileHandler' driver.
DEBUG - 2026-07-24 04:11:53 --> Session: Class initialized using 'CodeIgniter\Session\Handlers\FileHandler' driver.
DEBUG - 2026-07-24 04:11:59 --> Session: Class initialized using 'CodeIgniter\Session\Handlers\FileHandler' driver.
DEBUG - 2026-07-24 04:12:07 --> Session: Class initialized using 'CodeIgniter\Session\Handlers\FileHandler' driver.
DEBUG - 2026-07-24 04:12:18 --> Session: Class initialized using 'CodeIgniter\Session\Handlers\FileHandler' driver.
DEBUG - 2026-07-24 04:12:27 --> Session: Class initialized using 'CodeIgniter\Session\Handlers\FileHandler' driver.
DEBUG - 2026-07-24 04:12:29 --> Session: Class initialized using 'CodeIgniter\Session\Handlers\FileHandler' driver.
DEBUG - 2026-07-24 04:13:49 --> Session: Class initialized using 'CodeIgniter\Session\Handlers\FileHandler' driver.
DEBUG - 2026-07-24 04:13:50 --> Session: Class initialized using 'CodeIgniter\Session\Handlers\FileHandler' driver.
DEBUG - 2026-07-24 04:13:51 --> Session: Class initialized using 'CodeIgniter\Session\Handlers\FileHandler' driver.
DEBUG - 2026-07-24 04:13:56 --> Session: Class initialized using 'CodeIgniter\Session\Handlers\FileHandler' driver.
DEBUG - 2026-07-24 04:14:07 --> Session: Class initialized using 'CodeIgniter\Session\Handlers\FileHandler' driver.
DEBUG - 2026-07-24 04:14:09 --> Session: Class initialized using 'CodeIgniter\Session\Handlers\FileHandler' driver.
DEBUG - 2026-07-24 04:14:11 --> Session: Class initialized using 'CodeIgniter\Session\Handlers\FileHandler' driver.
DEBUG - 2026-07-24 04:14:13 --> Session: Class initialized using 'CodeIgniter\Session\Handlers\FileHandler' driver.
DEBUG - 2026-07-24 04:15:38 --> Session: Class initialized using 'CodeIgniter\Session\Handlers\FileHandler' driver.
DEBUG - 2026-07-24 04:16:55 --> Session: Class initialized using 'CodeIgniter\Session\Handlers\FileHandler' driver.
DEBUG - 2026-07-24 04:16:57 --> Session: Class initialized using 'CodeIgniter\Session\Handlers\FileHandler' driver.
DEBUG - 2026-07-24 04:16:58 --> Session: Class initialized using 'CodeIgniter\Session\Handlers\FileHandler' driver.
DEBUG - 2026-07-24 04:21:00 --> Session: Class initialized using 'CodeIgniter\Session\Handlers\FileHandler' driver.
DEBUG - 2026-07-24 04:24:24 --> Session: Class initialized using 'CodeIgniter\Session\Handlers\FileHandler' driver.
DEBUG - 2026-07-24 04:24:25 --> Session: Class initialized using 'CodeIgniter\Session\Handlers\FileHandler' driver.
DEBUG - 2026-07-24 04:24:32 --> Session: Class initialized using 'CodeIgniter\Session\Handlers\FileHandler' driver.
DEBUG - 2026-07-24 04:24:43 --> Session: Class initialized using 'CodeIgniter\Session\Handlers\FileHandler' driver.
DEBUG - 2026-07-24 04:25:09 --> Session: Class initialized using 'CodeIgniter\Session\Handlers\FileHandler' driver.
DEBUG - 2026-07-24 04:28:24 --> Session: Class initialized using 'CodeIgniter\Session\Handlers\FileHandler' driver.
DEBUG - 2026-07-24 04:28:32 --> Session: Class initialized using 'CodeIgniter\Session\Handlers\FileHandler' driver.
DEBUG - 2026-07-24 04:28:38 --> Session: Class initialized using 'CodeIgniter\Session\Handlers\FileHandler' driver.
DEBUG - 2026-07-24 04:28:42 --> Session: Class initialized using 'CodeIgniter\Session\Handlers\FileHandler' driver.
DEBUG - 2026-07-24 04:28:43 --> Session: Class initialized using 'CodeIgniter\Session\Handlers\FileHandler' driver.
DEBUG - 2026-07-24 04:28:44 --> Session: Class initialized using 'CodeIgniter\Session\Handlers\FileHandler' driver.
DEBUG - 2026-07-24 04:28:45 --> Session: Class initialized using 'CodeIgniter\Session\Handlers\FileHandler' driver.
DEBUG - 2026-07-24 04:30:08 --> Session: Class initialized using 'CodeIgniter\Session\Handlers\FileHandler' driver.
DEBUG - 2026-07-24 04:30:42 --> Session: Class initialized using 'CodeIgniter\Session\Handlers\FileHandler' driver.
DEBUG - 2026-07-24 04:30:43 --> Session: Class initialized using 'CodeIgniter\Session\Handlers\FileHandler' driver.
DEBUG - 2026-07-24 04:31:45 --> Session: Class initialized using 'CodeIgniter\Session\Handlers\FileHandler' driver.
DEBUG - 2026-07-24 04:31:46 --> Session: Class initialized using 'CodeIgniter\Session\Handlers\FileHandler' driver.
DEBUG - 2026-07-24 04:31:51 --> Session: Class initialized using 'CodeIgniter\Session\Handlers\FileHandler' driver.
DEBUG - 2026-07-24 04:31:52 --> Session: Class initialized using 'CodeIgniter\Session\Handlers\FileHandler' driver.
DEBUG - 2026-07-24 04:31:58 --> Session: Class initialized using 'CodeIgniter\Session\Handlers\FileHandler' driver.
DEBUG - 2026-07-24 04:31:59 --> Session: Class initialized using 'CodeIgniter\Session\Handlers\FileHandler' driver.
DEBUG - 2026-07-24 04:32:39 --> Session: Class initialized using 'CodeIgniter\Session\Handlers\FileHandler' driver.
DEBUG - 2026-07-24 04:32:40 --> Session: Class initialized using 'CodeIgniter\Session\Handlers\FileHandler' driver.
DEBUG - 2026-07-24 04:33:21 --> Session: Class initialized using 'CodeIgniter\Session\Handlers\FileHandler' driver.
DEBUG - 2026-07-24 04:33:22 --> Session: Class initialized using 'CodeIgniter\Session\Handlers\FileHandler' driver.
DEBUG - 2026-07-24 04:34:24 --> Session: Class initialized using 'CodeIgniter\Session\Handlers\FileHandler' driver.
DEBUG - 2026-07-24 04:36:13 --> Session: Class initialized using 'CodeIgniter\Session\Handlers\FileHandler' driver.
DEBUG - 2026-07-24 04:37:37 --> Session: Class initialized using 'CodeIgniter\Session\Handlers\FileHandler' driver.
DEBUG - 2026-07-24 04:37:42 --> Session: Class initialized using 'CodeIgniter\Session\Handlers\FileHandler' driver.
DEBUG - 2026-07-24 04:37:43 --> Session: Class initialized using 'CodeIgniter\Session\Handlers\FileHandler' driver.
DEBUG - 2026-07-24 04:38:03 --> Session: Class initialized using 'CodeIgniter\Session\Handlers\FileHandler' driver.
DEBUG - 2026-07-24 04:38:09 --> Session: Class initialized using 'CodeIgniter\Session\Handlers\FileHandler' driver.
DEBUG - 2026-07-24 04:38:21 --> Session: Class initialized using 'CodeIgniter\Session\Handlers\FileHandler' driver.
DEBUG - 2026-07-24 04:38:22 --> Session: Class initialized using 'CodeIgniter\Session\Handlers\FileHandler' driver.
DEBUG - 2026-07-24 04:38:36 --> Session: Class initialized using 'CodeIgniter\Session\Handlers\FileHandler' driver.
DEBUG - 2026-07-24 04:38:41 --> Session: Class initialized using 'CodeIgniter\Session\Handlers\FileHandler' driver.
DEBUG - 2026-07-24 04:38:41 --> Session: Class initialized using 'CodeIgniter\Session\Handlers\FileHandler' driver.
DEBUG - 2026-07-24 04:38:42 --> Session: Class initialized using 'CodeIgniter\Session\Handlers\FileHandler' driver.
DEBUG - 2026-07-24 04:38:43 --> Session: Class initialized using 'CodeIgniter\Session\Handlers\FileHandler' driver.
DEBUG - 2026-07-24 04:38:56 --> Session: Class initialized using 'CodeIgniter\Session\Handlers\FileHandler' driver.
DEBUG - 2026-07-24 04:39:01 --> Session: Class initialized using 'CodeIgniter\Session\Handlers\FileHandler' driver.
DEBUG - 2026-07-24 04:39:42 --> Session: Class initialized using 'CodeIgniter\Session\Handlers\FileHandler' driver.
DEBUG - 2026-07-24 04:39:49 --> Session: Class initialized using 'CodeIgniter\Session\Handlers\FileHandler' driver.
DEBUG - 2026-07-24 04:39:49 --> Session: Class initialized using 'CodeIgniter\Session\Handlers\FileHandler' driver.
DEBUG - 2026-07-24 04:39:54 --> Session: Class initialized using 'CodeIgniter\Session\Handlers\FileHandler' driver.
DEBUG - 2026-07-24 04:47:23 --> Session: Class initialized using 'CodeIgniter\Session\Handlers\FileHandler' driver.
DEBUG - 2026-07-24 04:47:30 --> Session: Class initialized using 'CodeIgniter\Session\Handlers\FileHandler' driver.
DEBUG - 2026-07-24 04:47:37 --> Session: Class initialized using 'CodeIgniter\Session\Handlers\FileHandler' driver.
DEBUG - 2026-07-24 04:47:42 --> Session: Class initialized using 'CodeIgniter\Session\Handlers\FileHandler' driver.
DEBUG - 2026-07-24 04:52:46 --> Session: Class initialized using 'CodeIgniter\Session\Handlers\FileHandler' driver.
DEBUG - 2026-07-24 04:52:48 --> Session: Class initialized using 'CodeIgniter\Session\Handlers\FileHandler' driver.
DEBUG - 2026-07-24 04:52:56 --> Session: Class initialized using 'CodeIgniter\Session\Handlers\FileHandler' driver.
DEBUG - 2026-07-24 04:53:05 --> Session: Class initialized using 'CodeIgniter\Session\Handlers\FileHandler' driver.
DEBUG - 2026-07-24 04:54:26 --> Session: Class initialized using 'CodeIgniter\Session\Handlers\FileHandler' driver.
DEBUG - 2026-07-24 04:54:28 --> Session: Class initialized using 'CodeIgniter\Session\Handlers\FileHandler' driver.
DEBUG - 2026-07-24 04:55:42 --> Session: Class initialized using 'CodeIgniter\Session\Handlers\FileHandler' driver.
DEBUG - 2026-07-24 04:58:12 --> Session: Class initialized using 'CodeIgniter\Session\Handlers\FileHandler' driver.
DEBUG - 2026-07-24 04:59:43 --> Session: Class initialized using 'CodeIgniter\Session\Handlers\FileHandler' driver.
DEBUG - 2026-07-24 05:00:04 --> Session: Class initialized using 'CodeIgniter\Session\Handlers\FileHandler' driver.
DEBUG - 2026-07-24 05:01:00 --> Session: Class initialized using 'CodeIgniter\Session\Handlers\FileHandler' driver.
DEBUG - 2026-07-24 05:01:24 --> Session: Class initialized using 'CodeIgniter\Session\Handlers\FileHandler' driver.
DEBUG - 2026-07-24 05:01:32 --> Session: Class initialized using 'CodeIgniter\Session\Handlers\FileHandler' driver.
DEBUG - 2026-07-24 05:01:35 --> Session: Class initialized using 'CodeIgniter\Session\Handlers\FileHandler' driver.
DEBUG - 2026-07-24 06:22:38 --> Session: Class initialized using 'CodeIgniter\Session\Handlers\FileHandler' driver.
CRITICAL - 2026-07-24 06:26:13 --> ErrorException: Maximum execution time of 60 seconds exceeded
[Method: POST, Route: login/process]
in SYSTEMPATH\Debug\Exceptions.php on line 197.
 1 [internal function]: CodeIgniter\Debug\Exceptions->shutdownHandler()
DEBUG - 2026-07-24 06:26:14 --> Session: Class initialized using 'CodeIgniter\Session\Handlers\FileHandler' driver.
DEBUG - 2026-07-24 06:26:14 --> Session: Class initialized using 'CodeIgniter\Session\Handlers\FileHandler' driver.
CRITICAL - 2026-07-24 06:35:56 --> ErrorException: Maximum execution time of 60 seconds exceeded
[Method: POST, Route: login/process]
in SYSTEMPATH\Debug\Exceptions.php on line 197.
 1 [internal function]: CodeIgniter\Debug\Exceptions->shutdownHandler()
DEBUG - 2026-07-24 06:52:26 --> Session: Class initialized using 'CodeIgniter\Session\Handlers\FileHandler' driver.
CRITICAL - 2026-07-24 06:54:00 --> ErrorException: Maximum execution time of 60 seconds exceeded
[Method: POST, Route: login/process]
in SYSTEMPATH\Debug\Exceptions.php on line 197.
 1 [internal function]: CodeIgniter\Debug\Exceptions->shutdownHandler()
DEBUG - 2026-07-24 06:54:02 --> Session: Class initialized using 'CodeIgniter\Session\Handlers\FileHandler' driver.
DEBUG - 2026-07-24 06:54:02 --> Session: Class initialized using 'CodeIgniter\Session\Handlers\FileHandler' driver.
DEBUG - 2026-07-24 07:56:42 --> Session: Class initialized using 'CodeIgniter\Session\Handlers\FileHandler' driver.
DEBUG - 2026-07-24 07:56:54 --> Session: Class initialized using 'CodeIgniter\Session\Handlers\FileHandler' driver.
DEBUG - 2026-07-24 07:56:54 --> Session: Class initialized using 'CodeIgniter\Session\Handlers\FileHandler' driver.
DEBUG - 2026-07-24 07:57:38 --> Session: Class initialized using 'CodeIgniter\Session\Handlers\FileHandler' driver.
DEBUG - 2026-07-24 07:57:39 --> Session: Class initialized using 'CodeIgniter\Session\Handlers\FileHandler' driver.
DEBUG - 2026-07-24 07:57:40 --> Session: Class initialized using 'CodeIgniter\Session\Handlers\FileHandler' driver.
DEBUG - 2026-07-24 07:57:43 --> Session: Class initialized using 'CodeIgniter\Session\Handlers\FileHandler' driver.
DEBUG - 2026-07-24 07:57:44 --> Session: Class initialized using 'CodeIgniter\Session\Handlers\FileHandler' driver.
DEBUG - 2026-07-24 07:57:48 --> Session: Class initialized using 'CodeIgniter\Session\Handlers\FileHandler' driver.
DEBUG - 2026-07-24 07:59:21 --> Session: Class initialized using 'CodeIgniter\Session\Handlers\FileHandler' driver.
DEBUG - 2026-07-24 07:59:27 --> Session: Class initialized using 'CodeIgniter\Session\Handlers\FileHandler' driver.
DEBUG - 2026-07-24 07:59:28 --> Session: Class initialized using 'CodeIgniter\Session\Handlers\FileHandler' driver.
DEBUG - 2026-07-24 07:59:29 --> Session: Class initialized using 'CodeIgniter\Session\Handlers\FileHandler' driver.
DEBUG - 2026-07-24 07:59:35 --> Session: Class initialized using 'CodeIgniter\Session\Handlers\FileHandler' driver.
DEBUG - 2026-07-24 07:59:44 --> Session: Class initialized using 'CodeIgniter\Session\Handlers\FileHandler' driver.
DEBUG - 2026-07-24 07:59:46 --> Session: Class initialized using 'CodeIgniter\Session\Handlers\FileHandler' driver.
DEBUG - 2026-07-24 07:59:51 --> Session: Class initialized using 'CodeIgniter\Session\Handlers\FileHandler' driver.
DEBUG - 2026-07-24 08:02:32 --> Session: Class initialized using 'CodeIgniter\Session\Handlers\FileHandler' driver.
DEBUG - 2026-07-24 08:03:24 --> Session: Class initialized using 'CodeIgniter\Session\Handlers\FileHandler' driver.
DEBUG - 2026-07-24 08:03:25 --> Session: Class initialized using 'CodeIgniter\Session\Handlers\FileHandler' driver.
DEBUG - 2026-07-24 08:03:31 --> Session: Class initialized using 'CodeIgniter\Session\Handlers\FileHandler' driver.
DEBUG - 2026-07-24 08:03:43 --> Session: Class initialized using 'CodeIgniter\Session\Handlers\FileHandler' driver.
DEBUG - 2026-07-24 08:03:48 --> Session: Class initialized using 'CodeIgniter\Session\Handlers\FileHandler' driver.
DEBUG - 2026-07-24 08:04:08 --> Session: Class initialized using 'CodeIgniter\Session\Handlers\FileHandler' driver.
DEBUG - 2026-07-24 08:04:10 --> Session: Class initialized using 'CodeIgniter\Session\Handlers\FileHandler' driver.
DEBUG - 2026-07-24 08:04:12 --> Session: Class initialized using 'CodeIgniter\Session\Handlers\FileHandler' driver.
DEBUG - 2026-07-24 08:04:14 --> Session: Class initialized using 'CodeIgniter\Session\Handlers\FileHandler' driver.
DEBUG - 2026-07-24 08:04:23 --> Session: Class initialized using 'CodeIgniter\Session\Handlers\FileHandler' driver.
DEBUG - 2026-07-24 08:04:23 --> Session: Class initialized using 'CodeIgniter\Session\Handlers\FileHandler' driver.
DEBUG - 2026-07-24 08:04:26 --> Session: Class initialized using 'CodeIgniter\Session\Handlers\FileHandler' driver.
DEBUG - 2026-07-24 08:04:38 --> Session: Class initialized using 'CodeIgniter\Session\Handlers\FileHandler' driver.
DEBUG - 2026-07-24 08:05:01 --> Session: Class initialized using 'CodeIgniter\Session\Handlers\FileHandler' driver.
DEBUG - 2026-07-24 08:05:20 --> Session: Class initialized using 'CodeIgniter\Session\Handlers\FileHandler' driver.
DEBUG - 2026-07-24 08:05:50 --> Session: Class initialized using 'CodeIgniter\Session\Handlers\FileHandler' driver.
DEBUG - 2026-07-24 08:05:57 --> Session: Class initialized using 'CodeIgniter\Session\Handlers\FileHandler' driver.
DEBUG - 2026-07-24 08:06:22 --> Session: Class initialized using 'CodeIgniter\Session\Handlers\FileHandler' driver.
DEBUG - 2026-07-24 08:09:34 --> Session: Class initialized using 'CodeIgniter\Session\Handlers\FileHandler' driver.
DEBUG - 2026-07-24 08:09:44 --> Session: Class initialized using 'CodeIgniter\Session\Handlers\FileHandler' driver.
DEBUG - 2026-07-24 08:09:50 --> Session: Class initialized using 'CodeIgniter\Session\Handlers\FileHandler' driver.
DEBUG - 2026-07-24 08:10:42 --> Session: Class initialized using 'CodeIgniter\Session\Handlers\FileHandler' driver.
DEBUG - 2026-07-24 08:10:45 --> Session: Class initialized using 'CodeIgniter\Session\Handlers\FileHandler' driver.
DEBUG - 2026-07-24 08:12:04 --> Session: Class initialized using 'CodeIgniter\Session\Handlers\FileHandler' driver.
DEBUG - 2026-07-24 08:12:05 --> Session: Class initialized using 'CodeIgniter\Session\Handlers\FileHandler' driver.
DEBUG - 2026-07-24 08:12:24 --> Session: Class initialized using 'CodeIgniter\Session\Handlers\FileHandler' driver.
DEBUG - 2026-07-24 08:12:25 --> Session: Class initialized using 'CodeIgniter\Session\Handlers\FileHandler' driver.
DEBUG - 2026-07-24 08:12:31 --> Session: Class initialized using 'CodeIgniter\Session\Handlers\FileHandler' driver.
DEBUG - 2026-07-24 08:13:46 --> Session: Class initialized using 'CodeIgniter\Session\Handlers\FileHandler' driver.
DEBUG - 2026-07-24 08:13:46 --> Session: Class initialized using 'CodeIgniter\Session\Handlers\FileHandler' driver.
DEBUG - 2026-07-24 08:13:55 --> Session: Class initialized using 'CodeIgniter\Session\Handlers\FileHandler' driver.
DEBUG - 2026-07-24 08:13:57 --> Session: Class initialized using 'CodeIgniter\Session\Handlers\FileHandler' driver.
DEBUG - 2026-07-24 08:14:02 --> Session: Class initialized using 'CodeIgniter\Session\Handlers\FileHandler' driver.
DEBUG - 2026-07-24 08:14:10 --> Session: Class initialized using 'CodeIgniter\Session\Handlers\FileHandler' driver.
DEBUG - 2026-07-24 08:14:10 --> Session: Class initialized using 'CodeIgniter\Session\Handlers\FileHandler' driver.
DEBUG - 2026-07-24 08:14:13 --> Session: Class initialized using 'CodeIgniter\Session\Handlers\FileHandler' driver.
DEBUG - 2026-07-24 08:14:23 --> Session: Class initialized using 'CodeIgniter\Session\Handlers\FileHandler' driver.
DEBUG - 2026-07-24 08:14:29 --> Session: Class initialized using 'CodeIgniter\Session\Handlers\FileHandler' driver.
DEBUG - 2026-07-24 08:14:34 --> Session: Class initialized using 'CodeIgniter\Session\Handlers\FileHandler' driver.
DEBUG - 2026-07-24 08:14:44 --> Session: Class initialized using 'CodeIgniter\Session\Handlers\FileHandler' driver.
DEBUG - 2026-07-24 08:14:50 --> Session: Class initialized using 'CodeIgniter\Session\Handlers\FileHandler' driver.
DEBUG - 2026-07-24 08:15:01 --> Session: Class initialized using 'CodeIgniter\Session\Handlers\FileHandler' driver.
DEBUG - 2026-07-24 08:15:10 --> Session: Class initialized using 'CodeIgniter\Session\Handlers\FileHandler' driver.
DEBUG - 2026-07-24 08:15:11 --> Session: Class initialized using 'CodeIgniter\Session\Handlers\FileHandler' driver.
DEBUG - 2026-07-24 08:15:21 --> Session: Class initialized using 'CodeIgniter\Session\Handlers\FileHandler' driver.
DEBUG - 2026-07-24 08:15:23 --> Session: Class initialized using 'CodeIgniter\Session\Handlers\FileHandler' driver.
DEBUG - 2026-07-24 08:15:35 --> Session: Class initialized using 'CodeIgniter\Session\Handlers\FileHandler' driver.
DEBUG - 2026-07-24 08:15:35 --> Session: Class initialized using 'CodeIgniter\Session\Handlers\FileHandler' driver.
DEBUG - 2026-07-24 08:15:55 --> Session: Class initialized using 'CodeIgniter\Session\Handlers\FileHandler' driver.
DEBUG - 2026-07-24 08:15:59 --> Session: Class initialized using 'CodeIgniter\Session\Handlers\FileHandler' driver.
DEBUG - 2026-07-24 08:16:18 --> Session: Class initialized using 'CodeIgniter\Session\Handlers\FileHandler' driver.
DEBUG - 2026-07-24 08:16:20 --> Session: Class initialized using 'CodeIgniter\Session\Handlers\FileHandler' driver.
DEBUG - 2026-07-24 08:16:33 --> Session: Class initialized using 'CodeIgniter\Session\Handlers\FileHandler' driver.
DEBUG - 2026-07-24 08:16:46 --> Session: Class initialized using 'CodeIgniter\Session\Handlers\FileHandler' driver.
DEBUG - 2026-07-24 08:16:47 --> Session: Class initialized using 'CodeIgniter\Session\Handlers\FileHandler' driver.
DEBUG - 2026-07-24 08:17:26 --> Session: Class initialized using 'CodeIgniter\Session\Handlers\FileHandler' driver.
DEBUG - 2026-07-24 08:22:07 --> Session: Class initialized using 'CodeIgniter\Session\Handlers\FileHandler' driver.
DEBUG - 2026-07-24 08:22:29 --> Session: Class initialized using 'CodeIgniter\Session\Handlers\FileHandler' driver.
DEBUG - 2026-07-24 08:22:45 --> Session: Class initialized using 'CodeIgniter\Session\Handlers\FileHandler' driver.
DEBUG - 2026-07-24 08:24:15 --> Session: Class initialized using 'CodeIgniter\Session\Handlers\FileHandler' driver.
DEBUG - 2026-07-24 08:24:19 --> Session: Class initialized using 'CodeIgniter\Session\Handlers\FileHandler' driver.
DEBUG - 2026-07-24 08:24:30 --> Session: Class initialized using 'CodeIgniter\Session\Handlers\FileHandler' driver.
DEBUG - 2026-07-24 08:24:32 --> Session: Class initialized using 'CodeIgniter\Session\Handlers\FileHandler' driver.
DEBUG - 2026-07-24 08:24:39 --> Session: Class initialized using 'CodeIgniter\Session\Handlers\FileHandler' driver.
DEBUG - 2026-07-24 08:24:41 --> Session: Class initialized using 'CodeIgniter\Session\Handlers\FileHandler' driver.
DEBUG - 2026-07-24 08:25:50 --> Session: Class initialized using 'CodeIgniter\Session\Handlers\FileHandler' driver.
DEBUG - 2026-07-24 08:25:53 --> Session: Class initialized using 'CodeIgniter\Session\Handlers\FileHandler' driver.
DEBUG - 2026-07-24 08:25:55 --> Session: Class initialized using 'CodeIgniter\Session\Handlers\FileHandler' driver.
DEBUG - 2026-07-24 08:26:16 --> Session: Class initialized using 'CodeIgniter\Session\Handlers\FileHandler' driver.
DEBUG - 2026-07-24 08:26:17 --> Session: Class initialized using 'CodeIgniter\Session\Handlers\FileHandler' driver.
DEBUG - 2026-07-24 08:26:34 --> Session: Class initialized using 'CodeIgniter\Session\Handlers\FileHandler' driver.
DEBUG - 2026-07-24 08:26:38 --> Session: Class initialized using 'CodeIgniter\Session\Handlers\FileHandler' driver.
DEBUG - 2026-07-24 08:26:46 --> Session: Class initialized using 'CodeIgniter\Session\Handlers\FileHandler' driver.
DEBUG - 2026-07-24 08:26:48 --> Session: Class initialized using 'CodeIgniter\Session\Handlers\FileHandler' driver.
DEBUG - 2026-07-24 08:26:55 --> Session: Class initialized using 'CodeIgniter\Session\Handlers\FileHandler' driver.
DEBUG - 2026-07-24 08:26:55 --> Session: Class initialized using 'CodeIgniter\Session\Handlers\FileHandler' driver.
DEBUG - 2026-07-24 08:26:58 --> Session: Class initialized using 'CodeIgniter\Session\Handlers\FileHandler' driver.
DEBUG - 2026-07-24 08:28:15 --> Session: Class initialized using 'CodeIgniter\Session\Handlers\FileHandler' driver.
DEBUG - 2026-07-24 08:28:23 --> Session: Class initialized using 'CodeIgniter\Session\Handlers\FileHandler' driver.
DEBUG - 2026-07-24 08:30:21 --> Session: Class initialized using 'CodeIgniter\Session\Handlers\FileHandler' driver.
DEBUG - 2026-07-24 08:33:56 --> Session: Class initialized using 'CodeIgniter\Session\Handlers\FileHandler' driver.
DEBUG - 2026-07-24 08:33:56 --> Session: Class initialized using 'CodeIgniter\Session\Handlers\FileHandler' driver.
DEBUG - 2026-07-24 08:38:21 --> Session: Class initialized using 'CodeIgniter\Session\Handlers\FileHandler' driver.
DEBUG - 2026-07-24 08:38:23 --> Session: Class initialized using 'CodeIgniter\Session\Handlers\FileHandler' driver.
DEBUG - 2026-07-24 08:38:26 --> Session: Class initialized using 'CodeIgniter\Session\Handlers\FileHandler' driver.
DEBUG - 2026-07-24 08:38:34 --> Session: Class initialized using 'CodeIgniter\Session\Handlers\FileHandler' driver.
DEBUG - 2026-07-24 08:38:34 --> Session: Class initialized using 'CodeIgniter\Session\Handlers\FileHandler' driver.
DEBUG - 2026-07-24 08:38:38 --> Session: Class initialized using 'CodeIgniter\Session\Handlers\FileHandler' driver.
DEBUG - 2026-07-24 08:38:40 --> Session: Class initialized using 'CodeIgniter\Session\Handlers\FileHandler' driver.
DEBUG - 2026-07-24 08:38:55 --> Session: Class initialized using 'CodeIgniter\Session\Handlers\FileHandler' driver.
DEBUG - 2026-07-24 08:39:53 --> Session: Class initialized using 'CodeIgniter\Session\Handlers\FileHandler' driver.
DEBUG - 2026-07-24 08:39:55 --> Session: Class initialized using 'CodeIgniter\Session\Handlers\FileHandler' driver.
DEBUG - 2026-07-24 08:40:06 --> Session: Class initialized using 'CodeIgniter\Session\Handlers\FileHandler' driver.
DEBUG - 2026-07-24 08:40:07 --> Session: Class initialized using 'CodeIgniter\Session\Handlers\FileHandler' driver.
DEBUG - 2026-07-24 08:40:10 --> Session: Class initialized using 'CodeIgniter\Session\Handlers\FileHandler' driver.
DEBUG - 2026-07-24 08:40:12 --> Session: Class initialized using 'CodeIgniter\Session\Handlers\FileHandler' driver.
DEBUG - 2026-07-24 08:40:13 --> Session: Class initialized using 'CodeIgniter\Session\Handlers\FileHandler' driver.
DEBUG - 2026-07-24 08:40:15 --> Session: Class initialized using 'CodeIgniter\Session\Handlers\FileHandler' driver.
DEBUG - 2026-07-24 08:40:20 --> Session: Class initialized using 'CodeIgniter\Session\Handlers\FileHandler' driver.
DEBUG - 2026-07-24 08:40:34 --> Session: Class initialized using 'CodeIgniter\Session\Handlers\FileHandler' driver.
DEBUG - 2026-07-24 08:40:38 --> Session: Class initialized using 'CodeIgniter\Session\Handlers\FileHandler' driver.
DEBUG - 2026-07-24 08:43:08 --> Session: Class initialized using 'CodeIgniter\Session\Handlers\FileHandler' driver.
DEBUG - 2026-07-24 08:43:20 --> Session: Class initialized using 'CodeIgniter\Session\Handlers\FileHandler' driver.
DEBUG - 2026-07-24 08:43:20 --> Session: Class initialized using 'CodeIgniter\Session\Handlers\FileHandler' driver.
DEBUG - 2026-07-24 08:43:23 --> Session: Class initialized using 'CodeIgniter\Session\Handlers\FileHandler' driver.
DEBUG - 2026-07-24 08:43:24 --> Session: Class initialized using 'CodeIgniter\Session\Handlers\FileHandler' driver.
DEBUG - 2026-07-24 08:43:29 --> Session: Class initialized using 'CodeIgniter\Session\Handlers\FileHandler' driver.
DEBUG - 2026-07-24 08:43:30 --> Session: Class initialized using 'CodeIgniter\Session\Handlers\FileHandler' driver.
DEBUG - 2026-07-24 08:43:34 --> Session: Class initialized using 'CodeIgniter\Session\Handlers\FileHandler' driver.
DEBUG - 2026-07-24 08:44:09 --> Session: Class initialized using 'CodeIgniter\Session\Handlers\FileHandler' driver.
DEBUG - 2026-07-24 08:44:11 --> Session: Class initialized using 'CodeIgniter\Session\Handlers\FileHandler' driver.
DEBUG - 2026-07-24 08:44:17 --> Session: Class initialized using 'CodeIgniter\Session\Handlers\FileHandler' driver.
DEBUG - 2026-07-24 08:44:46 --> Session: Class initialized using 'CodeIgniter\Session\Handlers\FileHandler' driver.
DEBUG - 2026-07-24 08:44:52 --> Session: Class initialized using 'CodeIgniter\Session\Handlers\FileHandler' driver.
DEBUG - 2026-07-24 08:45:10 --> Session: Class initialized using 'CodeIgniter\Session\Handlers\FileHandler' driver.
DEBUG - 2026-07-24 08:45:59 --> Session: Class initialized using 'CodeIgniter\Session\Handlers\FileHandler' driver.
DEBUG - 2026-07-24 08:46:01 --> Session: Class initialized using 'CodeIgniter\Session\Handlers\FileHandler' driver.
DEBUG - 2026-07-24 08:46:06 --> Session: Class initialized using 'CodeIgniter\Session\Handlers\FileHandler' driver.
DEBUG - 2026-07-24 08:46:15 --> Session: Class initialized using 'CodeIgniter\Session\Handlers\FileHandler' driver.
DEBUG - 2026-07-24 08:46:15 --> Session: Class initialized using 'CodeIgniter\Session\Handlers\FileHandler' driver.
DEBUG - 2026-07-24 08:46:18 --> Session: Class initialized using 'CodeIgniter\Session\Handlers\FileHandler' driver.
DEBUG - 2026-07-24 08:46:26 --> Session: Class initialized using 'CodeIgniter\Session\Handlers\FileHandler' driver.
DEBUG - 2026-07-24 08:46:32 --> Session: Class initialized using 'CodeIgniter\Session\Handlers\FileHandler' driver.
DEBUG - 2026-07-24 08:46:34 --> Session: Class initialized using 'CodeIgniter\Session\Handlers\FileHandler' driver.
DEBUG - 2026-07-24 08:47:12 --> Session: Class initialized using 'CodeIgniter\Session\Handlers\FileHandler' driver.
DEBUG - 2026-07-24 08:47:14 --> Session: Class initialized using 'CodeIgniter\Session\Handlers\FileHandler' driver.
DEBUG - 2026-07-24 08:47:15 --> Session: Class initialized using 'CodeIgniter\Session\Handlers\FileHandler' driver.
DEBUG - 2026-07-24 08:47:19 --> Session: Class initialized using 'CodeIgniter\Session\Handlers\FileHandler' driver.
DEBUG - 2026-07-24 08:47:21 --> Session: Class initialized using 'CodeIgniter\Session\Handlers\FileHandler' driver.
DEBUG - 2026-07-24 08:47:34 --> Session: Class initialized using 'CodeIgniter\Session\Handlers\FileHandler' driver.
DEBUG - 2026-07-24 08:47:34 --> Session: Class initialized using 'CodeIgniter\Session\Handlers\FileHandler' driver.
DEBUG - 2026-07-24 08:47:40 --> Session: Class initialized using 'CodeIgniter\Session\Handlers\FileHandler' driver.
DEBUG - 2026-07-24 08:48:24 --> Session: Class initialized using 'CodeIgniter\Session\Handlers\FileHandler' driver.
DEBUG - 2026-07-24 08:48:25 --> Session: Class initialized using 'CodeIgniter\Session\Handlers\FileHandler' driver.
DEBUG - 2026-07-24 08:49:40 --> Session: Class initialized using 'CodeIgniter\Session\Handlers\FileHandler' driver.
DEBUG - 2026-07-24 08:49:42 --> Session: Class initialized using 'CodeIgniter\Session\Handlers\FileHandler' driver.
DEBUG - 2026-07-24 08:49:45 --> Session: Class initialized using 'CodeIgniter\Session\Handlers\FileHandler' driver.
DEBUG - 2026-07-24 08:49:46 --> Session: Class initialized using 'CodeIgniter\Session\Handlers\FileHandler' driver.
DEBUG - 2026-07-24 08:53:36 --> Session: Class initialized using 'CodeIgniter\Session\Handlers\FileHandler' driver.
DEBUG - 2026-07-24 08:53:40 --> Session: Class initialized using 'CodeIgniter\Session\Handlers\FileHandler' driver.
DEBUG - 2026-07-24 08:53:55 --> Session: Class initialized using 'CodeIgniter\Session\Handlers\FileHandler' driver.
DEBUG - 2026-07-24 08:53:57 --> Session: Class initialized using 'CodeIgniter\Session\Handlers\FileHandler' driver.
DEBUG - 2026-07-24 08:54:16 --> Session: Class initialized using 'CodeIgniter\Session\Handlers\FileHandler' driver.
DEBUG - 2026-07-24 08:54:31 --> Session: Class initialized using 'CodeIgniter\Session\Handlers\FileHandler' driver.
DEBUG - 2026-07-24 08:55:14 --> Session: Class initialized using 'CodeIgniter\Session\Handlers\FileHandler' driver.
DEBUG - 2026-07-24 08:55:27 --> Session: Class initialized using 'CodeIgniter\Session\Handlers\FileHandler' driver.
DEBUG - 2026-07-24 08:55:45 --> Session: Class initialized using 'CodeIgniter\Session\Handlers\FileHandler' driver.
DEBUG - 2026-07-24 08:56:27 --> Session: Class initialized using 'CodeIgniter\Session\Handlers\FileHandler' driver.
DEBUG - 2026-07-24 08:56:29 --> Session: Class initialized using 'CodeIgniter\Session\Handlers\FileHandler' driver.
DEBUG - 2026-07-24 08:56:30 --> Session: Class initialized using 'CodeIgniter\Session\Handlers\FileHandler' driver.
DEBUG - 2026-07-24 08:56:34 --> Session: Class initialized using 'CodeIgniter\Session\Handlers\FileHandler' driver.
DEBUG - 2026-07-24 08:56:36 --> Session: Class initialized using 'CodeIgniter\Session\Handlers\FileHandler' driver.
DEBUG - 2026-07-24 08:56:40 --> Session: Class initialized using 'CodeIgniter\Session\Handlers\FileHandler' driver.
DEBUG - 2026-07-24 08:56:42 --> Session: Class initialized using 'CodeIgniter\Session\Handlers\FileHandler' driver.
DEBUG - 2026-07-24 08:57:04 --> Session: Class initialized using 'CodeIgniter\Session\Handlers\FileHandler' driver.
DEBUG - 2026-07-24 08:57:07 --> Session: Class initialized using 'CodeIgniter\Session\Handlers\FileHandler' driver.
DEBUG - 2026-07-24 08:57:11 --> Session: Class initialized using 'CodeIgniter\Session\Handlers\FileHandler' driver.
DEBUG - 2026-07-24 08:58:53 --> Session: Class initialized using 'CodeIgniter\Session\Handlers\FileHandler' driver.
DEBUG - 2026-07-24 08:59:04 --> Session: Class initialized using 'CodeIgniter\Session\Handlers\FileHandler' driver.
DEBUG - 2026-07-24 08:59:06 --> Session: Class initialized using 'CodeIgniter\Session\Handlers\FileHandler' driver.
DEBUG - 2026-07-24 08:59:14 --> Session: Class initialized using 'CodeIgniter\Session\Handlers\FileHandler' driver.
DEBUG - 2026-07-24 08:59:17 --> Session: Class initialized using 'CodeIgniter\Session\Handlers\FileHandler' driver.
DEBUG - 2026-07-24 08:59:18 --> Session: Class initialized using 'CodeIgniter\Session\Handlers\FileHandler' driver.
DEBUG - 2026-07-24 08:59:20 --> Session: Class initialized using 'CodeIgniter\Session\Handlers\FileHandler' driver.
DEBUG - 2026-07-24 09:01:11 --> Session: Class initialized using 'CodeIgniter\Session\Handlers\FileHandler' driver.
DEBUG - 2026-07-24 09:01:27 --> Session: Class initialized using 'CodeIgniter\Session\Handlers\FileHandler' driver.
DEBUG - 2026-07-24 09:01:33 --> Session: Class initialized using 'CodeIgniter\Session\Handlers\FileHandler' driver.
DEBUG - 2026-07-24 09:01:36 --> Session: Class initialized using 'CodeIgniter\Session\Handlers\FileHandler' driver.
DEBUG - 2026-07-24 09:01:54 --> Session: Class initialized using 'CodeIgniter\Session\Handlers\FileHandler' driver.
DEBUG - 2026-07-24 09:01:56 --> Session: Class initialized using 'CodeIgniter\Session\Handlers\FileHandler' driver.
DEBUG - 2026-07-24 09:02:05 --> Session: Class initialized using 'CodeIgniter\Session\Handlers\FileHandler' driver.
DEBUG - 2026-07-24 09:02:22 --> Session: Class initialized using 'CodeIgniter\Session\Handlers\FileHandler' driver.
DEBUG - 2026-07-24 09:02:23 --> Session: Class initialized using 'CodeIgniter\Session\Handlers\FileHandler' driver.
DEBUG - 2026-07-24 09:02:25 --> Session: Class initialized using 'CodeIgniter\Session\Handlers\FileHandler' driver.
DEBUG - 2026-07-24 09:02:40 --> Session: Class initialized using 'CodeIgniter\Session\Handlers\FileHandler' driver.
DEBUG - 2026-07-24 09:02:41 --> Session: Class initialized using 'CodeIgniter\Session\Handlers\FileHandler' driver.
DEBUG - 2026-07-24 09:02:47 --> Session: Class initialized using 'CodeIgniter\Session\Handlers\FileHandler' driver.
DEBUG - 2026-07-24 09:02:49 --> Session: Class initialized using 'CodeIgniter\Session\Handlers\FileHandler' driver.
DEBUG - 2026-07-24 09:02:51 --> Session: Class initialized using 'CodeIgniter\Session\Handlers\FileHandler' driver.
DEBUG - 2026-07-24 09:02:58 --> Session: Class initialized using 'CodeIgniter\Session\Handlers\FileHandler' driver.
DEBUG - 2026-07-24 09:05:05 --> Session: Class initialized using 'CodeIgniter\Session\Handlers\FileHandler' driver.
DEBUG - 2026-07-24 09:05:15 --> Session: Class initialized using 'CodeIgniter\Session\Handlers\FileHandler' driver.
DEBUG - 2026-07-24 09:05:17 --> Session: Class initialized using 'CodeIgniter\Session\Handlers\FileHandler' driver.
DEBUG - 2026-07-24 09:05:20 --> Session: Class initialized using 'CodeIgniter\Session\Handlers\FileHandler' driver.
DEBUG - 2026-07-24 09:05:34 --> Session: Class initialized using 'CodeIgniter\Session\Handlers\FileHandler' driver.
DEBUG - 2026-07-24 09:05:34 --> Session: Class initialized using 'CodeIgniter\Session\Handlers\FileHandler' driver.
DEBUG - 2026-07-24 09:05:36 --> Session: Class initialized using 'CodeIgniter\Session\Handlers\FileHandler' driver.
DEBUG - 2026-07-24 09:05:42 --> Session: Class initialized using 'CodeIgniter\Session\Handlers\FileHandler' driver.
DEBUG - 2026-07-24 09:05:48 --> Session: Class initialized using 'CodeIgniter\Session\Handlers\FileHandler' driver.
DEBUG - 2026-07-24 09:05:52 --> Session: Class initialized using 'CodeIgniter\Session\Handlers\FileHandler' driver.
DEBUG - 2026-07-24 09:05:54 --> Session: Class initialized using 'CodeIgniter\Session\Handlers\FileHandler' driver.
DEBUG - 2026-07-24 09:06:02 --> Session: Class initialized using 'CodeIgniter\Session\Handlers\FileHandler' driver.
DEBUG - 2026-07-24 09:06:03 --> Session: Class initialized using 'CodeIgniter\Session\Handlers\FileHandler' driver.
DEBUG - 2026-07-24 09:06:10 --> Session: Class initialized using 'CodeIgniter\Session\Handlers\FileHandler' driver.
DEBUG - 2026-07-24 09:06:12 --> Session: Class initialized using 'CodeIgniter\Session\Handlers\FileHandler' driver.
DEBUG - 2026-07-24 09:06:21 --> Session: Class initialized using 'CodeIgniter\Session\Handlers\FileHandler' driver.
DEBUG - 2026-07-24 09:06:21 --> Session: Class initialized using 'CodeIgniter\Session\Handlers\FileHandler' driver.
DEBUG - 2026-07-24 09:06:24 --> Session: Class initialized using 'CodeIgniter\Session\Handlers\FileHandler' driver.
DEBUG - 2026-07-24 09:06:25 --> Session: Class initialized using 'CodeIgniter\Session\Handlers\FileHandler' driver.
DEBUG - 2026-07-24 09:06:42 --> Session: Class initialized using 'CodeIgniter\Session\Handlers\FileHandler' driver.
DEBUG - 2026-07-24 09:06:43 --> Session: Class initialized using 'CodeIgniter\Session\Handlers\FileHandler' driver.
DEBUG - 2026-07-24 09:06:48 --> Session: Class initialized using 'CodeIgniter\Session\Handlers\FileHandler' driver.
DEBUG - 2026-07-24 09:06:50 --> Session: Class initialized using 'CodeIgniter\Session\Handlers\FileHandler' driver.
DEBUG - 2026-07-24 09:07:04 --> Session: Class initialized using 'CodeIgniter\Session\Handlers\FileHandler' driver.
DEBUG - 2026-07-24 09:07:04 --> Session: Class initialized using 'CodeIgniter\Session\Handlers\FileHandler' driver.
DEBUG - 2026-07-24 09:07:33 --> Session: Class initialized using 'CodeIgniter\Session\Handlers\FileHandler' driver.
DEBUG - 2026-07-24 09:07:34 --> Session: Class initialized using 'CodeIgniter\Session\Handlers\FileHandler' driver.
DEBUG - 2026-07-24 09:07:37 --> Session: Class initialized using 'CodeIgniter\Session\Handlers\FileHandler' driver.
DEBUG - 2026-07-24 09:07:38 --> Session: Class initialized using 'CodeIgniter\Session\Handlers\FileHandler' driver.
DEBUG - 2026-07-24 09:07:50 --> Session: Class initialized using 'CodeIgniter\Session\Handlers\FileHandler' driver.
DEBUG - 2026-07-24 09:09:06 --> Session: Class initialized using 'CodeIgniter\Session\Handlers\FileHandler' driver.
DEBUG - 2026-07-24 09:09:09 --> Session: Class initialized using 'CodeIgniter\Session\Handlers\FileHandler' driver.
DEBUG - 2026-07-24 09:09:14 --> Session: Class initialized using 'CodeIgniter\Session\Handlers\FileHandler' driver.
DEBUG - 2026-07-24 09:09:21 --> Session: Class initialized using 'CodeIgniter\Session\Handlers\FileHandler' driver.
DEBUG - 2026-07-24 09:09:21 --> Session: Class initialized using 'CodeIgniter\Session\Handlers\FileHandler' driver.
DEBUG - 2026-07-24 09:09:51 --> Session: Class initialized using 'CodeIgniter\Session\Handlers\FileHandler' driver.
DEBUG - 2026-07-24 09:09:57 --> Session: Class initialized using 'CodeIgniter\Session\Handlers\FileHandler' driver.
DEBUG - 2026-07-24 12:21:07 --> Session: Class initialized using 'CodeIgniter\Session\Handlers\FileHandler' driver.
DEBUG - 2026-07-24 12:22:27 --> Session: Class initialized using 'CodeIgniter\Session\Handlers\FileHandler' driver.
DEBUG - 2026-07-24 12:22:28 --> Session: Class initialized using 'CodeIgniter\Session\Handlers\FileHandler' driver.
DEBUG - 2026-07-24 12:22:33 --> Session: Class initialized using 'CodeIgniter\Session\Handlers\FileHandler' driver.
DEBUG - 2026-07-24 12:22:34 --> Session: Class initialized using 'CodeIgniter\Session\Handlers\FileHandler' driver.
DEBUG - 2026-07-24 12:22:45 --> Session: Class initialized using 'CodeIgniter\Session\Handlers\FileHandler' driver.
DEBUG - 2026-07-24 12:22:49 --> Session: Class initialized using 'CodeIgniter\Session\Handlers\FileHandler' driver.
DEBUG - 2026-07-24 12:23:00 --> Session: Class initialized using 'CodeIgniter\Session\Handlers\FileHandler' driver.
DEBUG - 2026-07-24 12:23:13 --> Session: Class initialized using 'CodeIgniter\Session\Handlers\FileHandler' driver.
DEBUG - 2026-07-24 12:23:30 --> Session: Class initialized using 'CodeIgniter\Session\Handlers\FileHandler' driver.
DEBUG - 2026-07-24 12:23:35 --> Session: Class initialized using 'CodeIgniter\Session\Handlers\FileHandler' driver.
DEBUG - 2026-07-24 12:23:36 --> Session: Class initialized using 'CodeIgniter\Session\Handlers\FileHandler' driver.
DEBUG - 2026-07-24 12:24:06 --> Session: Class initialized using 'CodeIgniter\Session\Handlers\FileHandler' driver.
DEBUG - 2026-07-24 12:24:07 --> Session: Class initialized using 'CodeIgniter\Session\Handlers\FileHandler' driver.
DEBUG - 2026-07-24 12:24:09 --> Session: Class initialized using 'CodeIgniter\Session\Handlers\FileHandler' driver.
DEBUG - 2026-07-24 12:24:11 --> Session: Class initialized using 'CodeIgniter\Session\Handlers\FileHandler' driver.
DEBUG - 2026-07-24 12:24:14 --> Session: Class initialized using 'CodeIgniter\Session\Handlers\FileHandler' driver.
DEBUG - 2026-07-24 12:24:15 --> Session: Class initialized using 'CodeIgniter\Session\Handlers\FileHandler' driver.
DEBUG - 2026-07-24 12:24:19 --> Session: Class initialized using 'CodeIgniter\Session\Handlers\FileHandler' driver.
DEBUG - 2026-07-24 12:24:24 --> Session: Class initialized using 'CodeIgniter\Session\Handlers\FileHandler' driver.
DEBUG - 2026-07-24 12:24:30 --> Session: Class initialized using 'CodeIgniter\Session\Handlers\FileHandler' driver.
DEBUG - 2026-07-24 12:24:32 --> Session: Class initialized using 'CodeIgniter\Session\Handlers\FileHandler' driver.
DEBUG - 2026-07-24 12:24:52 --> Session: Class initialized using 'CodeIgniter\Session\Handlers\FileHandler' driver.
DEBUG - 2026-07-24 12:25:04 --> Session: Class initialized using 'CodeIgniter\Session\Handlers\FileHandler' driver.
DEBUG - 2026-07-24 12:25:05 --> Session: Class initialized using 'CodeIgniter\Session\Handlers\FileHandler' driver.
DEBUG - 2026-07-24 12:25:11 --> Session: Class initialized using 'CodeIgniter\Session\Handlers\FileHandler' driver.
DEBUG - 2026-07-24 12:25:55 --> Session: Class initialized using 'CodeIgniter\Session\Handlers\FileHandler' driver.
DEBUG - 2026-07-24 12:26:08 --> Session: Class initialized using 'CodeIgniter\Session\Handlers\FileHandler' driver.
DEBUG - 2026-07-24 12:26:10 --> Session: Class initialized using 'CodeIgniter\Session\Handlers\FileHandler' driver.
DEBUG - 2026-07-24 12:26:14 --> Session: Class initialized using 'CodeIgniter\Session\Handlers\FileHandler' driver.
DEBUG - 2026-07-24 12:26:23 --> Session: Class initialized using 'CodeIgniter\Session\Handlers\FileHandler' driver.
DEBUG - 2026-07-24 12:26:24 --> Session: Class initialized using 'CodeIgniter\Session\Handlers\FileHandler' driver.
DEBUG - 2026-07-24 12:26:27 --> Session: Class initialized using 'CodeIgniter\Session\Handlers\FileHandler' driver.
DEBUG - 2026-07-24 12:26:52 --> Session: Class initialized using 'CodeIgniter\Session\Handlers\FileHandler' driver.
DEBUG - 2026-07-24 12:26:52 --> Session: Class initialized using 'CodeIgniter\Session\Handlers\FileHandler' driver.
DEBUG - 2026-07-24 12:26:55 --> Session: Class initialized using 'CodeIgniter\Session\Handlers\FileHandler' driver.
DEBUG - 2026-07-24 12:26:56 --> Session: Class initialized using 'CodeIgniter\Session\Handlers\FileHandler' driver.
DEBUG - 2026-07-24 12:27:04 --> Session: Class initialized using 'CodeIgniter\Session\Handlers\FileHandler' driver.
DEBUG - 2026-07-24 12:27:14 --> Session: Class initialized using 'CodeIgniter\Session\Handlers\FileHandler' driver.
DEBUG - 2026-07-24 12:28:33 --> Session: Class initialized using 'CodeIgniter\Session\Handlers\FileHandler' driver.
DEBUG - 2026-07-24 12:28:36 --> Session: Class initialized using 'CodeIgniter\Session\Handlers\FileHandler' driver.
DEBUG - 2026-07-24 12:28:45 --> Session: Class initialized using 'CodeIgniter\Session\Handlers\FileHandler' driver.
DEBUG - 2026-07-24 12:28:48 --> Session: Class initialized using 'CodeIgniter\Session\Handlers\FileHandler' driver.
DEBUG - 2026-07-24 12:29:23 --> Session: Class initialized using 'CodeIgniter\Session\Handlers\FileHandler' driver.
DEBUG - 2026-07-24 12:29:23 --> Session: Class initialized using 'CodeIgniter\Session\Handlers\FileHandler' driver.
DEBUG - 2026-07-24 12:29:28 --> Session: Class initialized using 'CodeIgniter\Session\Handlers\FileHandler' driver.
DEBUG - 2026-07-24 12:29:30 --> Session: Class initialized using 'CodeIgniter\Session\Handlers\FileHandler' driver.
DEBUG - 2026-07-24 12:29:32 --> Session: Class initialized using 'CodeIgniter\Session\Handlers\FileHandler' driver.
DEBUG - 2026-07-24 12:29:33 --> Session: Class initialized using 'CodeIgniter\Session\Handlers\FileHandler' driver.
DEBUG - 2026-07-24 12:29:35 --> Session: Class initialized using 'CodeIgniter\Session\Handlers\FileHandler' driver.
DEBUG - 2026-07-24 12:29:55 --> Session: Class initialized using 'CodeIgniter\Session\Handlers\FileHandler' driver.
DEBUG - 2026-07-24 12:30:00 --> Session: Class initialized using 'CodeIgniter\Session\Handlers\FileHandler' driver.
DEBUG - 2026-07-24 12:30:03 --> Session: Class initialized using 'CodeIgniter\Session\Handlers\FileHandler' driver.
DEBUG - 2026-07-24 12:30:18 --> Session: Class initialized using 'CodeIgniter\Session\Handlers\FileHandler' driver.
DEBUG - 2026-07-24 12:30:19 --> Session: Class initialized using 'CodeIgniter\Session\Handlers\FileHandler' driver.
DEBUG - 2026-07-24 12:32:25 --> Session: Class initialized using 'CodeIgniter\Session\Handlers\FileHandler' driver.
DEBUG - 2026-07-24 12:32:28 --> Session: Class initialized using 'CodeIgniter\Session\Handlers\FileHandler' driver.
DEBUG - 2026-07-24 12:32:39 --> Session: Class initialized using 'CodeIgniter\Session\Handlers\FileHandler' driver.
DEBUG - 2026-07-24 12:32:40 --> Session: Class initialized using 'CodeIgniter\Session\Handlers\FileHandler' driver.
DEBUG - 2026-07-24 12:33:11 --> Session: Class initialized using 'CodeIgniter\Session\Handlers\FileHandler' driver.
DEBUG - 2026-07-24 12:33:12 --> Session: Class initialized using 'CodeIgniter\Session\Handlers\FileHandler' driver.
DEBUG - 2026-07-24 12:34:53 --> Session: Class initialized using 'CodeIgniter\Session\Handlers\FileHandler' driver.
DEBUG - 2026-07-24 12:34:55 --> Session: Class initialized using 'CodeIgniter\Session\Handlers\FileHandler' driver.
DEBUG - 2026-07-24 12:34:57 --> Session: Class initialized using 'CodeIgniter\Session\Handlers\FileHandler' driver.
DEBUG - 2026-07-24 12:35:03 --> Session: Class initialized using 'CodeIgniter\Session\Handlers\FileHandler' driver.
DEBUG - 2026-07-24 12:39:17 --> Session: Class initialized using 'CodeIgniter\Session\Handlers\FileHandler' driver.
DEBUG - 2026-07-24 12:39:24 --> Session: Class initialized using 'CodeIgniter\Session\Handlers\FileHandler' driver.
DEBUG - 2026-07-24 12:39:32 --> Session: Class initialized using 'CodeIgniter\Session\Handlers\FileHandler' driver.
DEBUG - 2026-07-24 12:39:35 --> Session: Class initialized using 'CodeIgniter\Session\Handlers\FileHandler' driver.
DEBUG - 2026-07-24 12:39:36 --> Session: Class initialized using 'CodeIgniter\Session\Handlers\FileHandler' driver.
DEBUG - 2026-07-24 12:39:38 --> Session: Class initialized using 'CodeIgniter\Session\Handlers\FileHandler' driver.
DEBUG - 2026-07-24 12:39:39 --> Session: Class initialized using 'CodeIgniter\Session\Handlers\FileHandler' driver.
DEBUG - 2026-07-24 12:39:41 --> Session: Class initialized using 'CodeIgniter\Session\Handlers\FileHandler' driver.
DEBUG - 2026-07-24 12:48:20 --> Session: Class initialized using 'CodeIgniter\Session\Handlers\FileHandler' driver.
DEBUG - 2026-07-24 12:48:23 --> Session: Class initialized using 'CodeIgniter\Session\Handlers\FileHandler' driver.
DEBUG - 2026-07-24 12:48:27 --> Session: Class initialized using 'CodeIgniter\Session\Handlers\FileHandler' driver.
DEBUG - 2026-07-24 12:48:31 --> Session: Class initialized using 'CodeIgniter\Session\Handlers\FileHandler' driver.
DEBUG - 2026-07-24 12:48:35 --> Session: Class initialized using 'CodeIgniter\Session\Handlers\FileHandler' driver.
DEBUG - 2026-07-24 12:48:36 --> Session: Class initialized using 'CodeIgniter\Session\Handlers\FileHandler' driver.
DEBUG - 2026-07-24 12:48:38 --> Session: Class initialized using 'CodeIgniter\Session\Handlers\FileHandler' driver.
DEBUG - 2026-07-24 12:51:20 --> Session: Class initialized using 'CodeIgniter\Session\Handlers\FileHandler' driver.
DEBUG - 2026-07-24 12:51:22 --> Session: Class initialized using 'CodeIgniter\Session\Handlers\FileHandler' driver.
DEBUG - 2026-07-24 12:51:25 --> Session: Class initialized using 'CodeIgniter\Session\Handlers\FileHandler' driver.
DEBUG - 2026-07-24 12:51:28 --> Session: Class initialized using 'CodeIgniter\Session\Handlers\FileHandler' driver.
DEBUG - 2026-07-24 12:51:29 --> Session: Class initialized using 'CodeIgniter\Session\Handlers\FileHandler' driver.
DEBUG - 2026-07-24 13:01:34 --> Session: Class initialized using 'CodeIgniter\Session\Handlers\FileHandler' driver.
DEBUG - 2026-07-24 13:45:44 --> Session: Class initialized using 'CodeIgniter\Session\Handlers\FileHandler' driver.
DEBUG - 2026-07-24 13:48:57 --> Session: Class initialized using 'CodeIgniter\Session\Handlers\FileHandler' driver.
DEBUG - 2026-07-24 13:48:57 --> Session: Class initialized using 'CodeIgniter\Session\Handlers\FileHandler' driver.
DEBUG - 2026-07-24 13:49:01 --> Session: Class initialized using 'CodeIgniter\Session\Handlers\FileHandler' driver.
DEBUG - 2026-07-24 13:49:03 --> Session: Class initialized using 'CodeIgniter\Session\Handlers\FileHandler' driver.
DEBUG - 2026-07-24 13:49:14 --> Session: Class initialized using 'CodeIgniter\Session\Handlers\FileHandler' driver.
DEBUG - 2026-07-24 13:49:51 --> Session: Class initialized using 'CodeIgniter\Session\Handlers\FileHandler' driver.
DEBUG - 2026-07-24 13:49:52 --> Session: Class initialized using 'CodeIgniter\Session\Handlers\FileHandler' driver.
DEBUG - 2026-07-24 13:50:06 --> Session: Class initialized using 'CodeIgniter\Session\Handlers\FileHandler' driver.
DEBUG - 2026-07-24 13:51:39 --> Session: Class initialized using 'CodeIgniter\Session\Handlers\FileHandler' driver.
DEBUG - 2026-07-24 13:51:44 --> Session: Class initialized using 'CodeIgniter\Session\Handlers\FileHandler' driver.
DEBUG - 2026-07-24 13:51:58 --> Session: Class initialized using 'CodeIgniter\Session\Handlers\FileHandler' driver.
DEBUG - 2026-07-24 13:52:30 --> Session: Class initialized using 'CodeIgniter\Session\Handlers\FileHandler' driver.
DEBUG - 2026-07-24 13:52:30 --> Session: Class initialized using 'CodeIgniter\Session\Handlers\FileHandler' driver.
DEBUG - 2026-07-24 13:53:04 --> Session: Class initialized using 'CodeIgniter\Session\Handlers\FileHandler' driver.
DEBUG - 2026-07-24 13:53:07 --> Session: Class initialized using 'CodeIgniter\Session\Handlers\FileHandler' driver.
DEBUG - 2026-07-24 13:53:10 --> Session: Class initialized using 'CodeIgniter\Session\Handlers\FileHandler' driver.
DEBUG - 2026-07-24 13:53:21 --> Session: Class initialized using 'CodeIgniter\Session\Handlers\FileHandler' driver.
DEBUG - 2026-07-24 13:53:21 --> Session: Class initialized using 'CodeIgniter\Session\Handlers\FileHandler' driver.
DEBUG - 2026-07-24 13:53:25 --> Session: Class initialized using 'CodeIgniter\Session\Handlers\FileHandler' driver.
DEBUG - 2026-07-24 13:53:36 --> Session: Class initialized using 'CodeIgniter\Session\Handlers\FileHandler' driver.
DEBUG - 2026-07-24 13:53:43 --> Session: Class initialized using 'CodeIgniter\Session\Handlers\FileHandler' driver.
DEBUG - 2026-07-24 13:53:57 --> Session: Class initialized using 'CodeIgniter\Session\Handlers\FileHandler' driver.
DEBUG - 2026-07-24 13:54:09 --> Session: Class initialized using 'CodeIgniter\Session\Handlers\FileHandler' driver.
DEBUG - 2026-07-24 13:54:10 --> Session: Class initialized using 'CodeIgniter\Session\Handlers\FileHandler' driver.
DEBUG - 2026-07-24 13:54:15 --> Session: Class initialized using 'CodeIgniter\Session\Handlers\FileHandler' driver.
DEBUG - 2026-07-24 13:54:20 --> Session: Class initialized using 'CodeIgniter\Session\Handlers\FileHandler' driver.
DEBUG - 2026-07-24 13:54:41 --> Session: Class initialized using 'CodeIgniter\Session\Handlers\FileHandler' driver.
DEBUG - 2026-07-24 13:54:41 --> Session: Class initialized using 'CodeIgniter\Session\Handlers\FileHandler' driver.
DEBUG - 2026-07-24 13:54:44 --> Session: Class initialized using 'CodeIgniter\Session\Handlers\FileHandler' driver.
DEBUG - 2026-07-24 13:54:46 --> Session: Class initialized using 'CodeIgniter\Session\Handlers\FileHandler' driver.
DEBUG - 2026-07-24 13:54:48 --> Session: Class initialized using 'CodeIgniter\Session\Handlers\FileHandler' driver.
DEBUG - 2026-07-24 13:55:39 --> Session: Class initialized using 'CodeIgniter\Session\Handlers\FileHandler' driver.
DEBUG - 2026-07-24 13:55:40 --> Session: Class initialized using 'CodeIgniter\Session\Handlers\FileHandler' driver.
DEBUG - 2026-07-24 13:55:44 --> Session: Class initialized using 'CodeIgniter\Session\Handlers\FileHandler' driver.
DEBUG - 2026-07-24 13:56:18 --> Session: Class initialized using 'CodeIgniter\Session\Handlers\FileHandler' driver.
DEBUG - 2026-07-24 13:59:37 --> Session: Class initialized using 'CodeIgniter\Session\Handlers\FileHandler' driver.
DEBUG - 2026-07-24 14:02:52 --> Session: Class initialized using 'CodeIgniter\Session\Handlers\FileHandler' driver.
DEBUG - 2026-07-24 14:02:55 --> Session: Class initialized using 'CodeIgniter\Session\Handlers\FileHandler' driver.
DEBUG - 2026-07-24 14:03:01 --> Session: Class initialized using 'CodeIgniter\Session\Handlers\FileHandler' driver.
DEBUG - 2026-07-24 14:03:04 --> Session: Class initialized using 'CodeIgniter\Session\Handlers\FileHandler' driver.
DEBUG - 2026-07-24 14:03:39 --> Session: Class initialized using 'CodeIgniter\Session\Handlers\FileHandler' driver.
DEBUG - 2026-07-24 14:03:57 --> Session: Class initialized using 'CodeIgniter\Session\Handlers\FileHandler' driver.
DEBUG - 2026-07-24 14:03:58 --> Session: Class initialized using 'CodeIgniter\Session\Handlers\FileHandler' driver.
DEBUG - 2026-07-24 14:04:11 --> Session: Class initialized using 'CodeIgniter\Session\Handlers\FileHandler' driver.
DEBUG - 2026-07-24 14:04:44 --> Session: Class initialized using 'CodeIgniter\Session\Handlers\FileHandler' driver.
DEBUG - 2026-07-24 14:04:46 --> Session: Class initialized using 'CodeIgniter\Session\Handlers\FileHandler' driver.
DEBUG - 2026-07-24 14:04:57 --> Session: Class initialized using 'CodeIgniter\Session\Handlers\FileHandler' driver.
DEBUG - 2026-07-24 14:04:57 --> Session: Class initialized using 'CodeIgniter\Session\Handlers\FileHandler' driver.
DEBUG - 2026-07-24 14:05:00 --> Session: Class initialized using 'CodeIgniter\Session\Handlers\FileHandler' driver.
DEBUG - 2026-07-24 14:05:19 --> Session: Class initialized using 'CodeIgniter\Session\Handlers\FileHandler' driver.
DEBUG - 2026-07-24 14:05:22 --> Session: Class initialized using 'CodeIgniter\Session\Handlers\FileHandler' driver.
DEBUG - 2026-07-24 14:05:34 --> Session: Class initialized using 'CodeIgniter\Session\Handlers\FileHandler' driver.
DEBUG - 2026-07-24 14:06:34 --> Session: Class initialized using 'CodeIgniter\Session\Handlers\FileHandler' driver.
DEBUG - 2026-07-24 14:07:39 --> Session: Class initialized using 'CodeIgniter\Session\Handlers\FileHandler' driver.
DEBUG - 2026-07-24 14:08:19 --> Session: Class initialized using 'CodeIgniter\Session\Handlers\FileHandler' driver.
DEBUG - 2026-07-24 14:08:22 --> Session: Class initialized using 'CodeIgniter\Session\Handlers\FileHandler' driver.
DEBUG - 2026-07-24 14:08:32 --> Session: Class initialized using 'CodeIgniter\Session\Handlers\FileHandler' driver.
DEBUG - 2026-07-24 14:08:33 --> Session: Class initialized using 'CodeIgniter\Session\Handlers\FileHandler' driver.
DEBUG - 2026-07-24 14:08:35 --> Session: Class initialized using 'CodeIgniter\Session\Handlers\FileHandler' driver.
DEBUG - 2026-07-24 14:08:39 --> Session: Class initialized using 'CodeIgniter\Session\Handlers\FileHandler' driver.
DEBUG - 2026-07-24 14:09:28 --> Session: Class initialized using 'CodeIgniter\Session\Handlers\FileHandler' driver.
DEBUG - 2026-07-24 14:09:55 --> Session: Class initialized using 'CodeIgniter\Session\Handlers\FileHandler' driver.
DEBUG - 2026-07-24 14:11:04 --> Session: Class initialized using 'CodeIgniter\Session\Handlers\FileHandler' driver.
DEBUG - 2026-07-24 14:11:22 --> Session: Class initialized using 'CodeIgniter\Session\Handlers\FileHandler' driver.
DEBUG - 2026-07-24 14:11:23 --> Session: Class initialized using 'CodeIgniter\Session\Handlers\FileHandler' driver.
DEBUG - 2026-07-24 14:11:26 --> Session: Class initialized using 'CodeIgniter\Session\Handlers\FileHandler' driver.
DEBUG - 2026-07-24 14:11:27 --> Session: Class initialized using 'CodeIgniter\Session\Handlers\FileHandler' driver.
DEBUG - 2026-07-24 14:11:33 --> Session: Class initialized using 'CodeIgniter\Session\Handlers\FileHandler' driver.
DEBUG - 2026-07-24 14:11:35 --> Session: Class initialized using 'CodeIgniter\Session\Handlers\FileHandler' driver.
DEBUG - 2026-07-24 14:11:39 --> Session: Class initialized using 'CodeIgniter\Session\Handlers\FileHandler' driver.
DEBUG - 2026-07-24 14:11:48 --> Session: Class initialized using 'CodeIgniter\Session\Handlers\FileHandler' driver.
DEBUG - 2026-07-24 14:11:48 --> Session: Class initialized using 'CodeIgniter\Session\Handlers\FileHandler' driver.
DEBUG - 2026-07-24 14:11:51 --> Session: Class initialized using 'CodeIgniter\Session\Handlers\FileHandler' driver.
DEBUG - 2026-07-24 14:11:52 --> Session: Class initialized using 'CodeIgniter\Session\Handlers\FileHandler' driver.
DEBUG - 2026-07-24 14:11:55 --> Session: Class initialized using 'CodeIgniter\Session\Handlers\FileHandler' driver.
DEBUG - 2026-07-24 14:12:16 --> Session: Class initialized using 'CodeIgniter\Session\Handlers\FileHandler' driver.
ERROR - 2026-07-24 14:12:16 --> Cannot add or update a child row: a foreign key constraint fails (`db_elayanan_akademik_kominfo`.`t_file_proses_magang`, CONSTRAINT `t_file_selesai_magang_id_penempatan_magang_foreign` FOREIGN KEY (`id_persetujuan_magang`) REFERENCES `t_penempatan_magang` (`)
in SYSTEMPATH\Database\MySQLi\Connection.php on line 300.
 1 SYSTEMPATH\Database\MySQLi\Connection.php(300): mysqli->query('INSERT INTO `t_file_proses_magang` (`id_persetujuan_magang`, `id_file`, `nama_file`, `path_file`, `proses_magang`, `created_by`, `created_at`, `updated_at`) VALUES (\'5\', \'8\', \'Checkpoint 1 - Tugas Besar Akuntansi_Kelompok 5 - Fore (1).pdf\', \'uploads/surat_penerimaan_magang/1784902336_18f6d1be21c6e32403df.pdf\', \'persetujuan\', \'1\', \'2026-07-24 14:12:16\', \'2026-07-24 14:12:16\')', 0)
 2 SYSTEMPATH\Database\BaseConnection.php(908): CodeIgniter\Database\MySQLi\Connection->execute('INSERT INTO `t_file_proses_magang` (`id_persetujuan_magang`, `id_file`, `nama_file`, `path_file`, `proses_magang`, `created_by`, `created_at`, `updated_at`) VALUES (\'5\', \'8\', \'Checkpoint 1 - Tugas Besar Akuntansi_Kelompok 5 - Fore (1).pdf\', \'uploads/surat_penerimaan_magang/1784902336_18f6d1be21c6e32403df.pdf\', \'persetujuan\', \'1\', \'2026-07-24 14:12:16\', \'2026-07-24 14:12:16\')')
 3 SYSTEMPATH\Database\BaseConnection.php(825): CodeIgniter\Database\BaseConnection->simpleQuery('INSERT INTO `t_file_proses_magang` (`id_persetujuan_magang`, `id_file`, `nama_file`, `path_file`, `proses_magang`, `created_by`, `created_at`, `updated_at`) VALUES (\'5\', \'8\', \'Checkpoint 1 - Tugas Besar Akuntansi_Kelompok 5 - Fore (1).pdf\', \'uploads/surat_penerimaan_magang/1784902336_18f6d1be21c6e32403df.pdf\', \'persetujuan\', \'1\', \'2026-07-24 14:12:16\', \'2026-07-24 14:12:16\')')
 4 SYSTEMPATH\Database\BaseBuilder.php(2343): CodeIgniter\Database\BaseConnection->query('INSERT INTO `t_file_proses_magang` (`id_persetujuan_magang`, `id_file`, `nama_file`, `path_file`, `proses_magang`, `created_by`, `created_at`, `updated_at`) VALUES (:id_persetujuan_magang:, :id_file:, :nama_file:, :path_file:, :proses_magang:, :created_by:, :created_at:, :updated_at:)', [...], false)
 5 SYSTEMPATH\Model.php(357): CodeIgniter\Database\BaseBuilder->insert()
 6 SYSTEMPATH\BaseModel.php(899): CodeIgniter\Model->doInsert([...])
 7 SYSTEMPATH\Model.php(670): CodeIgniter\BaseModel->insert([...], true)
 8 APPPATH\Controllers\Sekretariat\C_UploadSuratPenerimaan.php(156): CodeIgniter\Model->insert([...])
 9 SYSTEMPATH\CodeIgniter.php(974): App\Controllers\Sekretariat\C_UploadSuratPenerimaan->store()
10 SYSTEMPATH\CodeIgniter.php(520): CodeIgniter\CodeIgniter->runController(Object(App\Controllers\Sekretariat\C_UploadSuratPenerimaan))
11 SYSTEMPATH\CodeIgniter.php(363): CodeIgniter\CodeIgniter->handleRequest(null, Object(Config\Cache), false)
12 SYSTEMPATH\Boot.php(417): CodeIgniter\CodeIgniter->run()
13 SYSTEMPATH\Boot.php(68): CodeIgniter\Boot::runCodeIgniter(Object(CodeIgniter\CodeIgniter))
14 FCPATH\index.php(59): CodeIgniter\Boot::bootWeb(Object(Config\Paths))
15 SYSTEMPATH\rewrite.php(44): require_once('C:\\Users\\lenovo\\Downloads\\Projectmagang_antigravity\\public\\index.php')
CRITICAL - 2026-07-24 14:12:16 --> CodeIgniter\Database\Exceptions\DatabaseException: Cannot add or update a child row: a foreign key constraint fails (`db_elayanan_akademik_kominfo`.`t_file_proses_magang`, CONSTRAINT `t_file_selesai_magang_id_penempatan_magang_foreign` FOREIGN KEY (`id_persetujuan_magang`) REFERENCES `t_penempatan_magang` (`)
[Method: POST, Route: sekretariat/upload-surat-penerimaan/store]
in SYSTEMPATH\Database\BaseConnection.php on line 863.
 1 SYSTEMPATH\Database\BaseBuilder.php(2343): CodeIgniter\Database\BaseConnection->query('INSERT INTO `t_file_proses_magang` (`id_persetujuan_magang`, `id_file`, `nama_file`, `path_file`, `proses_magang`, `created_by`, `created_at`, `updated_at`) VALUES (:id_persetujuan_magang:, :id_file:, :nama_file:, :path_file:, :proses_magang:, :created_by:, :created_at:, :updated_at:)', [...], false)
 2 SYSTEMPATH\Model.php(357): CodeIgniter\Database\BaseBuilder->insert()
 3 SYSTEMPATH\BaseModel.php(899): CodeIgniter\Model->doInsert([...])
 4 SYSTEMPATH\Model.php(670): CodeIgniter\BaseModel->insert([...], true)
 5 APPPATH\Controllers\Sekretariat\C_UploadSuratPenerimaan.php(156): CodeIgniter\Model->insert([...])
 6 SYSTEMPATH\CodeIgniter.php(974): App\Controllers\Sekretariat\C_UploadSuratPenerimaan->store()
 7 SYSTEMPATH\CodeIgniter.php(520): CodeIgniter\CodeIgniter->runController(Object(App\Controllers\Sekretariat\C_UploadSuratPenerimaan))
 8 SYSTEMPATH\CodeIgniter.php(363): CodeIgniter\CodeIgniter->handleRequest(null, Object(Config\Cache), false)
 9 SYSTEMPATH\Boot.php(417): CodeIgniter\CodeIgniter->run()
10 SYSTEMPATH\Boot.php(68): CodeIgniter\Boot::runCodeIgniter(Object(CodeIgniter\CodeIgniter))
11 FCPATH\index.php(59): CodeIgniter\Boot::bootWeb(Object(Config\Paths))
12 SYSTEMPATH\rewrite.php(44): require_once('C:\\Users\\lenovo\\Downloads\\Projectmagang_antigravity\\public\\index.php')
CRITICAL - 2026-07-24 14:12:16 --> [Caused by] CodeIgniter\Database\Exceptions\DatabaseException: Cannot add or update a child row: a foreign key constraint fails (`db_elayanan_akademik_kominfo`.`t_file_proses_magang`, CONSTRAINT `t_file_selesai_magang_id_penempatan_magang_foreign` FOREIGN KEY (`id_persetujuan_magang`) REFERENCES `t_penempatan_magang` (`)
in SYSTEMPATH\Database\MySQLi\Connection.php on line 310.
 1 SYSTEMPATH\Database\BaseConnection.php(908): CodeIgniter\Database\MySQLi\Connection->execute('INSERT INTO `t_file_proses_magang` (`id_persetujuan_magang`, `id_file`, `nama_file`, `path_file`, `proses_magang`, `created_by`, `created_at`, `updated_at`) VALUES (\'5\', \'8\', \'Checkpoint 1 - Tugas Besar Akuntansi_Kelompok 5 - Fore (1).pdf\', \'uploads/surat_penerimaan_magang/1784902336_18f6d1be21c6e32403df.pdf\', \'persetujuan\', \'1\', \'2026-07-24 14:12:16\', \'2026-07-24 14:12:16\')')
 2 SYSTEMPATH\Database\BaseConnection.php(825): CodeIgniter\Database\BaseConnection->simpleQuery('INSERT INTO `t_file_proses_magang` (`id_persetujuan_magang`, `id_file`, `nama_file`, `path_file`, `proses_magang`, `created_by`, `created_at`, `updated_at`) VALUES (\'5\', \'8\', \'Checkpoint 1 - Tugas Besar Akuntansi_Kelompok 5 - Fore (1).pdf\', \'uploads/surat_penerimaan_magang/1784902336_18f6d1be21c6e32403df.pdf\', \'persetujuan\', \'1\', \'2026-07-24 14:12:16\', \'2026-07-24 14:12:16\')')
 3 SYSTEMPATH\Database\BaseBuilder.php(2343): CodeIgniter\Database\BaseConnection->query('INSERT INTO `t_file_proses_magang` (`id_persetujuan_magang`, `id_file`, `nama_file`, `path_file`, `proses_magang`, `created_by`, `created_at`, `updated_at`) VALUES (:id_persetujuan_magang:, :id_file:, :nama_file:, :path_file:, :proses_magang:, :created_by:, :created_at:, :updated_at:)', [...], false)
 4 SYSTEMPATH\Model.php(357): CodeIgniter\Database\BaseBuilder->insert()
 5 SYSTEMPATH\BaseModel.php(899): CodeIgniter\Model->doInsert([...])
 6 SYSTEMPATH\Model.php(670): CodeIgniter\BaseModel->insert([...], true)
 7 APPPATH\Controllers\Sekretariat\C_UploadSuratPenerimaan.php(156): CodeIgniter\Model->insert([...])
 8 SYSTEMPATH\CodeIgniter.php(974): App\Controllers\Sekretariat\C_UploadSuratPenerimaan->store()
 9 SYSTEMPATH\CodeIgniter.php(520): CodeIgniter\CodeIgniter->runController(Object(App\Controllers\Sekretariat\C_UploadSuratPenerimaan))
10 SYSTEMPATH\CodeIgniter.php(363): CodeIgniter\CodeIgniter->handleRequest(null, Object(Config\Cache), false)
11 SYSTEMPATH\Boot.php(417): CodeIgniter\CodeIgniter->run()
12 SYSTEMPATH\Boot.php(68): CodeIgniter\Boot::runCodeIgniter(Object(CodeIgniter\CodeIgniter))
13 FCPATH\index.php(59): CodeIgniter\Boot::bootWeb(Object(Config\Paths))
14 SYSTEMPATH\rewrite.php(44): require_once('C:\\Users\\lenovo\\Downloads\\Projectmagang_antigravity\\public\\index.php')
CRITICAL - 2026-07-24 14:12:16 --> [Caused by] mysqli_sql_exception: Cannot add or update a child row: a foreign key constraint fails (`db_elayanan_akademik_kominfo`.`t_file_proses_magang`, CONSTRAINT `t_file_selesai_magang_id_penempatan_magang_foreign` FOREIGN KEY (`id_persetujuan_magang`) REFERENCES `t_penempatan_magang` (`)
in SYSTEMPATH\Database\MySQLi\Connection.php on line 300.
 1 SYSTEMPATH\Database\MySQLi\Connection.php(300): mysqli->query('INSERT INTO `t_file_proses_magang` (`id_persetujuan_magang`, `id_file`, `nama_file`, `path_file`, `proses_magang`, `created_by`, `created_at`, `updated_at`) VALUES (\'5\', \'8\', \'Checkpoint 1 - Tugas Besar Akuntansi_Kelompok 5 - Fore (1).pdf\', \'uploads/surat_penerimaan_magang/1784902336_18f6d1be21c6e32403df.pdf\', \'persetujuan\', \'1\', \'2026-07-24 14:12:16\', \'2026-07-24 14:12:16\')', 0)
 2 SYSTEMPATH\Database\BaseConnection.php(908): CodeIgniter\Database\MySQLi\Connection->execute('INSERT INTO `t_file_proses_magang` (`id_persetujuan_magang`, `id_file`, `nama_file`, `path_file`, `proses_magang`, `created_by`, `created_at`, `updated_at`) VALUES (\'5\', \'8\', \'Checkpoint 1 - Tugas Besar Akuntansi_Kelompok 5 - Fore (1).pdf\', \'uploads/surat_penerimaan_magang/1784902336_18f6d1be21c6e32403df.pdf\', \'persetujuan\', \'1\', \'2026-07-24 14:12:16\', \'2026-07-24 14:12:16\')')
 3 SYSTEMPATH\Database\BaseConnection.php(825): CodeIgniter\Database\BaseConnection->simpleQuery('INSERT INTO `t_file_proses_magang` (`id_persetujuan_magang`, `id_file`, `nama_file`, `path_file`, `proses_magang`, `created_by`, `created_at`, `updated_at`) VALUES (\'5\', \'8\', \'Checkpoint 1 - Tugas Besar Akuntansi_Kelompok 5 - Fore (1).pdf\', \'uploads/surat_penerimaan_magang/1784902336_18f6d1be21c6e32403df.pdf\', \'persetujuan\', \'1\', \'2026-07-24 14:12:16\', \'2026-07-24 14:12:16\')')
 4 SYSTEMPATH\Database\BaseBuilder.php(2343): CodeIgniter\Database\BaseConnection->query('INSERT INTO `t_file_proses_magang` (`id_persetujuan_magang`, `id_file`, `nama_file`, `path_file`, `proses_magang`, `created_by`, `created_at`, `updated_at`) VALUES (:id_persetujuan_magang:, :id_file:, :nama_file:, :path_file:, :proses_magang:, :created_by:, :created_at:, :updated_at:)', [...], false)
 5 SYSTEMPATH\Model.php(357): CodeIgniter\Database\BaseBuilder->insert()
 6 SYSTEMPATH\BaseModel.php(899): CodeIgniter\Model->doInsert([...])
 7 SYSTEMPATH\Model.php(670): CodeIgniter\BaseModel->insert([...], true)
 8 APPPATH\Controllers\Sekretariat\C_UploadSuratPenerimaan.php(156): CodeIgniter\Model->insert([...])
 9 SYSTEMPATH\CodeIgniter.php(974): App\Controllers\Sekretariat\C_UploadSuratPenerimaan->store()
10 SYSTEMPATH\CodeIgniter.php(520): CodeIgniter\CodeIgniter->runController(Object(App\Controllers\Sekretariat\C_UploadSuratPenerimaan))
11 SYSTEMPATH\CodeIgniter.php(363): CodeIgniter\CodeIgniter->handleRequest(null, Object(Config\Cache), false)
12 SYSTEMPATH\Boot.php(417): CodeIgniter\CodeIgniter->run()
13 SYSTEMPATH\Boot.php(68): CodeIgniter\Boot::runCodeIgniter(Object(CodeIgniter\CodeIgniter))
14 FCPATH\index.php(59): CodeIgniter\Boot::bootWeb(Object(Config\Paths))
15 SYSTEMPATH\rewrite.php(44): require_once('C:\\Users\\lenovo\\Downloads\\Projectmagang_antigravity\\public\\index.php')
DEBUG - 2026-07-24 14:19:01 --> Session: Class initialized using 'CodeIgniter\Session\Handlers\FileHandler' driver.
DEBUG - 2026-07-24 14:19:05 --> Session: Class initialized using 'CodeIgniter\Session\Handlers\FileHandler' driver.
DEBUG - 2026-07-24 14:19:07 --> Session: Class initialized using 'CodeIgniter\Session\Handlers\FileHandler' driver.
DEBUG - 2026-07-24 14:19:23 --> Session: Class initialized using 'CodeIgniter\Session\Handlers\FileHandler' driver.
ERROR - 2026-07-24 14:19:23 --> Cannot add or update a child row: a foreign key constraint fails (`db_elayanan_akademik_kominfo`.`t_file_proses_magang`, CONSTRAINT `t_file_selesai_magang_id_penempatan_magang_foreign` FOREIGN KEY (`id_persetujuan_magang`) REFERENCES `t_penempatan_magang` (`)
in SYSTEMPATH\Database\MySQLi\Connection.php on line 300.
 1 SYSTEMPATH\Database\MySQLi\Connection.php(300): mysqli->query('INSERT INTO `t_file_proses_magang` (`id_persetujuan_magang`, `id_file`, `nama_file`, `path_file`, `proses_magang`, `created_by`, `created_at`, `updated_at`) VALUES (\'15\', \'8\', \'trial balance.pdf\', \'uploads/surat_penerimaan_magang/1784902763_ec97cd992d04b272c0bf.pdf\', \'persetujuan\', \'1\', \'2026-07-24 14:19:23\', \'2026-07-24 14:19:23\')', 0)
 2 SYSTEMPATH\Database\BaseConnection.php(908): CodeIgniter\Database\MySQLi\Connection->execute('INSERT INTO `t_file_proses_magang` (`id_persetujuan_magang`, `id_file`, `nama_file`, `path_file`, `proses_magang`, `created_by`, `created_at`, `updated_at`) VALUES (\'15\', \'8\', \'trial balance.pdf\', \'uploads/surat_penerimaan_magang/1784902763_ec97cd992d04b272c0bf.pdf\', \'persetujuan\', \'1\', \'2026-07-24 14:19:23\', \'2026-07-24 14:19:23\')')
 3 SYSTEMPATH\Database\BaseConnection.php(825): CodeIgniter\Database\BaseConnection->simpleQuery('INSERT INTO `t_file_proses_magang` (`id_persetujuan_magang`, `id_file`, `nama_file`, `path_file`, `proses_magang`, `created_by`, `created_at`, `updated_at`) VALUES (\'15\', \'8\', \'trial balance.pdf\', \'uploads/surat_penerimaan_magang/1784902763_ec97cd992d04b272c0bf.pdf\', \'persetujuan\', \'1\', \'2026-07-24 14:19:23\', \'2026-07-24 14:19:23\')')
 4 SYSTEMPATH\Database\BaseBuilder.php(2343): CodeIgniter\Database\BaseConnection->query('INSERT INTO `t_file_proses_magang` (`id_persetujuan_magang`, `id_file`, `nama_file`, `path_file`, `proses_magang`, `created_by`, `created_at`, `updated_at`) VALUES (:id_persetujuan_magang:, :id_file:, :nama_file:, :path_file:, :proses_magang:, :created_by:, :created_at:, :updated_at:)', [...], false)
 5 SYSTEMPATH\Model.php(357): CodeIgniter\Database\BaseBuilder->insert()
 6 SYSTEMPATH\BaseModel.php(899): CodeIgniter\Model->doInsert([...])
 7 SYSTEMPATH\Model.php(670): CodeIgniter\BaseModel->insert([...], true)
 8 APPPATH\Controllers\Sekretariat\C_UploadSuratPenerimaan.php(156): CodeIgniter\Model->insert([...])
 9 SYSTEMPATH\CodeIgniter.php(974): App\Controllers\Sekretariat\C_UploadSuratPenerimaan->store()
10 SYSTEMPATH\CodeIgniter.php(520): CodeIgniter\CodeIgniter->runController(Object(App\Controllers\Sekretariat\C_UploadSuratPenerimaan))
11 SYSTEMPATH\CodeIgniter.php(363): CodeIgniter\CodeIgniter->handleRequest(null, Object(Config\Cache), false)
12 SYSTEMPATH\Boot.php(417): CodeIgniter\CodeIgniter->run()
13 SYSTEMPATH\Boot.php(68): CodeIgniter\Boot::runCodeIgniter(Object(CodeIgniter\CodeIgniter))
14 FCPATH\index.php(59): CodeIgniter\Boot::bootWeb(Object(Config\Paths))
15 SYSTEMPATH\rewrite.php(44): require_once('C:\\Users\\lenovo\\Downloads\\Projectmagang_antigravity\\public\\index.php')
CRITICAL - 2026-07-24 14:19:23 --> CodeIgniter\Database\Exceptions\DatabaseException: Cannot add or update a child row: a foreign key constraint fails (`db_elayanan_akademik_kominfo`.`t_file_proses_magang`, CONSTRAINT `t_file_selesai_magang_id_penempatan_magang_foreign` FOREIGN KEY (`id_persetujuan_magang`) REFERENCES `t_penempatan_magang` (`)
[Method: POST, Route: sekretariat/upload-surat-penerimaan/store]
in SYSTEMPATH\Database\BaseConnection.php on line 863.
 1 SYSTEMPATH\Database\BaseBuilder.php(2343): CodeIgniter\Database\BaseConnection->query('INSERT INTO `t_file_proses_magang` (`id_persetujuan_magang`, `id_file`, `nama_file`, `path_file`, `proses_magang`, `created_by`, `created_at`, `updated_at`) VALUES (:id_persetujuan_magang:, :id_file:, :nama_file:, :path_file:, :proses_magang:, :created_by:, :created_at:, :updated_at:)', [...], false)
 2 SYSTEMPATH\Model.php(357): CodeIgniter\Database\BaseBuilder->insert()
 3 SYSTEMPATH\BaseModel.php(899): CodeIgniter\Model->doInsert([...])
 4 SYSTEMPATH\Model.php(670): CodeIgniter\BaseModel->insert([...], true)
 5 APPPATH\Controllers\Sekretariat\C_UploadSuratPenerimaan.php(156): CodeIgniter\Model->insert([...])
 6 SYSTEMPATH\CodeIgniter.php(974): App\Controllers\Sekretariat\C_UploadSuratPenerimaan->store()
 7 SYSTEMPATH\CodeIgniter.php(520): CodeIgniter\CodeIgniter->runController(Object(App\Controllers\Sekretariat\C_UploadSuratPenerimaan))
 8 SYSTEMPATH\CodeIgniter.php(363): CodeIgniter\CodeIgniter->handleRequest(null, Object(Config\Cache), false)
 9 SYSTEMPATH\Boot.php(417): CodeIgniter\CodeIgniter->run()
10 SYSTEMPATH\Boot.php(68): CodeIgniter\Boot::runCodeIgniter(Object(CodeIgniter\CodeIgniter))
11 FCPATH\index.php(59): CodeIgniter\Boot::bootWeb(Object(Config\Paths))
12 SYSTEMPATH\rewrite.php(44): require_once('C:\\Users\\lenovo\\Downloads\\Projectmagang_antigravity\\public\\index.php')
CRITICAL - 2026-07-24 14:19:23 --> [Caused by] CodeIgniter\Database\Exceptions\DatabaseException: Cannot add or update a child row: a foreign key constraint fails (`db_elayanan_akademik_kominfo`.`t_file_proses_magang`, CONSTRAINT `t_file_selesai_magang_id_penempatan_magang_foreign` FOREIGN KEY (`id_persetujuan_magang`) REFERENCES `t_penempatan_magang` (`)
in SYSTEMPATH\Database\MySQLi\Connection.php on line 310.
 1 SYSTEMPATH\Database\BaseConnection.php(908): CodeIgniter\Database\MySQLi\Connection->execute('INSERT INTO `t_file_proses_magang` (`id_persetujuan_magang`, `id_file`, `nama_file`, `path_file`, `proses_magang`, `created_by`, `created_at`, `updated_at`) VALUES (\'15\', \'8\', \'trial balance.pdf\', \'uploads/surat_penerimaan_magang/1784902763_ec97cd992d04b272c0bf.pdf\', \'persetujuan\', \'1\', \'2026-07-24 14:19:23\', \'2026-07-24 14:19:23\')')
 2 SYSTEMPATH\Database\BaseConnection.php(825): CodeIgniter\Database\BaseConnection->simpleQuery('INSERT INTO `t_file_proses_magang` (`id_persetujuan_magang`, `id_file`, `nama_file`, `path_file`, `proses_magang`, `created_by`, `created_at`, `updated_at`) VALUES (\'15\', \'8\', \'trial balance.pdf\', \'uploads/surat_penerimaan_magang/1784902763_ec97cd992d04b272c0bf.pdf\', \'persetujuan\', \'1\', \'2026-07-24 14:19:23\', \'2026-07-24 14:19:23\')')
 3 SYSTEMPATH\Database\BaseBuilder.php(2343): CodeIgniter\Database\BaseConnection->query('INSERT INTO `t_file_proses_magang` (`id_persetujuan_magang`, `id_file`, `nama_file`, `path_file`, `proses_magang`, `created_by`, `created_at`, `updated_at`) VALUES (:id_persetujuan_magang:, :id_file:, :nama_file:, :path_file:, :proses_magang:, :created_by:, :created_at:, :updated_at:)', [...], false)
 4 SYSTEMPATH\Model.php(357): CodeIgniter\Database\BaseBuilder->insert()
 5 SYSTEMPATH\BaseModel.php(899): CodeIgniter\Model->doInsert([...])
 6 SYSTEMPATH\Model.php(670): CodeIgniter\BaseModel->insert([...], true)
 7 APPPATH\Controllers\Sekretariat\C_UploadSuratPenerimaan.php(156): CodeIgniter\Model->insert([...])
 8 SYSTEMPATH\CodeIgniter.php(974): App\Controllers\Sekretariat\C_UploadSuratPenerimaan->store()
 9 SYSTEMPATH\CodeIgniter.php(520): CodeIgniter\CodeIgniter->runController(Object(App\Controllers\Sekretariat\C_UploadSuratPenerimaan))
10 SYSTEMPATH\CodeIgniter.php(363): CodeIgniter\CodeIgniter->handleRequest(null, Object(Config\Cache), false)
11 SYSTEMPATH\Boot.php(417): CodeIgniter\CodeIgniter->run()
12 SYSTEMPATH\Boot.php(68): CodeIgniter\Boot::runCodeIgniter(Object(CodeIgniter\CodeIgniter))
13 FCPATH\index.php(59): CodeIgniter\Boot::bootWeb(Object(Config\Paths))
14 SYSTEMPATH\rewrite.php(44): require_once('C:\\Users\\lenovo\\Downloads\\Projectmagang_antigravity\\public\\index.php')
CRITICAL - 2026-07-24 14:19:23 --> [Caused by] mysqli_sql_exception: Cannot add or update a child row: a foreign key constraint fails (`db_elayanan_akademik_kominfo`.`t_file_proses_magang`, CONSTRAINT `t_file_selesai_magang_id_penempatan_magang_foreign` FOREIGN KEY (`id_persetujuan_magang`) REFERENCES `t_penempatan_magang` (`)
in SYSTEMPATH\Database\MySQLi\Connection.php on line 300.
 1 SYSTEMPATH\Database\MySQLi\Connection.php(300): mysqli->query('INSERT INTO `t_file_proses_magang` (`id_persetujuan_magang`, `id_file`, `nama_file`, `path_file`, `proses_magang`, `created_by`, `created_at`, `updated_at`) VALUES (\'15\', \'8\', \'trial balance.pdf\', \'uploads/surat_penerimaan_magang/1784902763_ec97cd992d04b272c0bf.pdf\', \'persetujuan\', \'1\', \'2026-07-24 14:19:23\', \'2026-07-24 14:19:23\')', 0)
 2 SYSTEMPATH\Database\BaseConnection.php(908): CodeIgniter\Database\MySQLi\Connection->execute('INSERT INTO `t_file_proses_magang` (`id_persetujuan_magang`, `id_file`, `nama_file`, `path_file`, `proses_magang`, `created_by`, `created_at`, `updated_at`) VALUES (\'15\', \'8\', \'trial balance.pdf\', \'uploads/surat_penerimaan_magang/1784902763_ec97cd992d04b272c0bf.pdf\', \'persetujuan\', \'1\', \'2026-07-24 14:19:23\', \'2026-07-24 14:19:23\')')
 3 SYSTEMPATH\Database\BaseConnection.php(825): CodeIgniter\Database\BaseConnection->simpleQuery('INSERT INTO `t_file_proses_magang` (`id_persetujuan_magang`, `id_file`, `nama_file`, `path_file`, `proses_magang`, `created_by`, `created_at`, `updated_at`) VALUES (\'15\', \'8\', \'trial balance.pdf\', \'uploads/surat_penerimaan_magang/1784902763_ec97cd992d04b272c0bf.pdf\', \'persetujuan\', \'1\', \'2026-07-24 14:19:23\', \'2026-07-24 14:19:23\')')
 4 SYSTEMPATH\Database\BaseBuilder.php(2343): CodeIgniter\Database\BaseConnection->query('INSERT INTO `t_file_proses_magang` (`id_persetujuan_magang`, `id_file`, `nama_file`, `path_file`, `proses_magang`, `created_by`, `created_at`, `updated_at`) VALUES (:id_persetujuan_magang:, :id_file:, :nama_file:, :path_file:, :proses_magang:, :created_by:, :created_at:, :updated_at:)', [...], false)
 5 SYSTEMPATH\Model.php(357): CodeIgniter\Database\BaseBuilder->insert()
 6 SYSTEMPATH\BaseModel.php(899): CodeIgniter\Model->doInsert([...])
 7 SYSTEMPATH\Model.php(670): CodeIgniter\BaseModel->insert([...], true)
 8 APPPATH\Controllers\Sekretariat\C_UploadSuratPenerimaan.php(156): CodeIgniter\Model->insert([...])
 9 SYSTEMPATH\CodeIgniter.php(974): App\Controllers\Sekretariat\C_UploadSuratPenerimaan->store()
10 SYSTEMPATH\CodeIgniter.php(520): CodeIgniter\CodeIgniter->runController(Object(App\Controllers\Sekretariat\C_UploadSuratPenerimaan))
11 SYSTEMPATH\CodeIgniter.php(363): CodeIgniter\CodeIgniter->handleRequest(null, Object(Config\Cache), false)
12 SYSTEMPATH\Boot.php(417): CodeIgniter\CodeIgniter->run()
13 SYSTEMPATH\Boot.php(68): CodeIgniter\Boot::runCodeIgniter(Object(CodeIgniter\CodeIgniter))
14 FCPATH\index.php(59): CodeIgniter\Boot::bootWeb(Object(Config\Paths))
15 SYSTEMPATH\rewrite.php(44): require_once('C:\\Users\\lenovo\\Downloads\\Projectmagang_antigravity\\public\\index.php')
DEBUG - 2026-07-24 14:19:29 --> Session: Class initialized using 'CodeIgniter\Session\Handlers\FileHandler' driver.
ERROR - 2026-07-24 14:19:29 --> Cannot add or update a child row: a foreign key constraint fails (`db_elayanan_akademik_kominfo`.`t_file_proses_magang`, CONSTRAINT `t_file_selesai_magang_id_penempatan_magang_foreign` FOREIGN KEY (`id_persetujuan_magang`) REFERENCES `t_penempatan_magang` (`)
in SYSTEMPATH\Database\MySQLi\Connection.php on line 300.
 1 SYSTEMPATH\Database\MySQLi\Connection.php(300): mysqli->query('INSERT INTO `t_file_proses_magang` (`id_persetujuan_magang`, `id_file`, `nama_file`, `path_file`, `proses_magang`, `created_by`, `created_at`, `updated_at`) VALUES (\'15\', \'8\', \'trial balance.pdf\', \'uploads/surat_penerimaan_magang/1784902769_de7cace68b1b0493f21e.pdf\', \'persetujuan\', \'1\', \'2026-07-24 14:19:29\', \'2026-07-24 14:19:29\')', 0)
 2 SYSTEMPATH\Database\BaseConnection.php(908): CodeIgniter\Database\MySQLi\Connection->execute('INSERT INTO `t_file_proses_magang` (`id_persetujuan_magang`, `id_file`, `nama_file`, `path_file`, `proses_magang`, `created_by`, `created_at`, `updated_at`) VALUES (\'15\', \'8\', \'trial balance.pdf\', \'uploads/surat_penerimaan_magang/1784902769_de7cace68b1b0493f21e.pdf\', \'persetujuan\', \'1\', \'2026-07-24 14:19:29\', \'2026-07-24 14:19:29\')')
 3 SYSTEMPATH\Database\BaseConnection.php(825): CodeIgniter\Database\BaseConnection->simpleQuery('INSERT INTO `t_file_proses_magang` (`id_persetujuan_magang`, `id_file`, `nama_file`, `path_file`, `proses_magang`, `created_by`, `created_at`, `updated_at`) VALUES (\'15\', \'8\', \'trial balance.pdf\', \'uploads/surat_penerimaan_magang/1784902769_de7cace68b1b0493f21e.pdf\', \'persetujuan\', \'1\', \'2026-07-24 14:19:29\', \'2026-07-24 14:19:29\')')
 4 SYSTEMPATH\Database\BaseBuilder.php(2343): CodeIgniter\Database\BaseConnection->query('INSERT INTO `t_file_proses_magang` (`id_persetujuan_magang`, `id_file`, `nama_file`, `path_file`, `proses_magang`, `created_by`, `created_at`, `updated_at`) VALUES (:id_persetujuan_magang:, :id_file:, :nama_file:, :path_file:, :proses_magang:, :created_by:, :created_at:, :updated_at:)', [...], false)
 5 SYSTEMPATH\Model.php(357): CodeIgniter\Database\BaseBuilder->insert()
 6 SYSTEMPATH\BaseModel.php(899): CodeIgniter\Model->doInsert([...])
 7 SYSTEMPATH\Model.php(670): CodeIgniter\BaseModel->insert([...], true)
 8 APPPATH\Controllers\Sekretariat\C_UploadSuratPenerimaan.php(156): CodeIgniter\Model->insert([...])
 9 SYSTEMPATH\CodeIgniter.php(974): App\Controllers\Sekretariat\C_UploadSuratPenerimaan->store()
10 SYSTEMPATH\CodeIgniter.php(520): CodeIgniter\CodeIgniter->runController(Object(App\Controllers\Sekretariat\C_UploadSuratPenerimaan))
11 SYSTEMPATH\CodeIgniter.php(363): CodeIgniter\CodeIgniter->handleRequest(null, Object(Config\Cache), false)
12 SYSTEMPATH\Boot.php(417): CodeIgniter\CodeIgniter->run()
13 SYSTEMPATH\Boot.php(68): CodeIgniter\Boot::runCodeIgniter(Object(CodeIgniter\CodeIgniter))
14 FCPATH\index.php(59): CodeIgniter\Boot::bootWeb(Object(Config\Paths))
15 SYSTEMPATH\rewrite.php(44): require_once('C:\\Users\\lenovo\\Downloads\\Projectmagang_antigravity\\public\\index.php')
CRITICAL - 2026-07-24 14:19:29 --> CodeIgniter\Database\Exceptions\DatabaseException: Cannot add or update a child row: a foreign key constraint fails (`db_elayanan_akademik_kominfo`.`t_file_proses_magang`, CONSTRAINT `t_file_selesai_magang_id_penempatan_magang_foreign` FOREIGN KEY (`id_persetujuan_magang`) REFERENCES `t_penempatan_magang` (`)
[Method: POST, Route: sekretariat/upload-surat-penerimaan/store]
in SYSTEMPATH\Database\BaseConnection.php on line 863.
 1 SYSTEMPATH\Database\BaseBuilder.php(2343): CodeIgniter\Database\BaseConnection->query('INSERT INTO `t_file_proses_magang` (`id_persetujuan_magang`, `id_file`, `nama_file`, `path_file`, `proses_magang`, `created_by`, `created_at`, `updated_at`) VALUES (:id_persetujuan_magang:, :id_file:, :nama_file:, :path_file:, :proses_magang:, :created_by:, :created_at:, :updated_at:)', [...], false)
 2 SYSTEMPATH\Model.php(357): CodeIgniter\Database\BaseBuilder->insert()
 3 SYSTEMPATH\BaseModel.php(899): CodeIgniter\Model->doInsert([...])
 4 SYSTEMPATH\Model.php(670): CodeIgniter\BaseModel->insert([...], true)
 5 APPPATH\Controllers\Sekretariat\C_UploadSuratPenerimaan.php(156): CodeIgniter\Model->insert([...])
 6 SYSTEMPATH\CodeIgniter.php(974): App\Controllers\Sekretariat\C_UploadSuratPenerimaan->store()
 7 SYSTEMPATH\CodeIgniter.php(520): CodeIgniter\CodeIgniter->runController(Object(App\Controllers\Sekretariat\C_UploadSuratPenerimaan))
 8 SYSTEMPATH\CodeIgniter.php(363): CodeIgniter\CodeIgniter->handleRequest(null, Object(Config\Cache), false)
 9 SYSTEMPATH\Boot.php(417): CodeIgniter\CodeIgniter->run()
10 SYSTEMPATH\Boot.php(68): CodeIgniter\Boot::runCodeIgniter(Object(CodeIgniter\CodeIgniter))
11 FCPATH\index.php(59): CodeIgniter\Boot::bootWeb(Object(Config\Paths))
12 SYSTEMPATH\rewrite.php(44): require_once('C:\\Users\\lenovo\\Downloads\\Projectmagang_antigravity\\public\\index.php')
CRITICAL - 2026-07-24 14:19:29 --> [Caused by] CodeIgniter\Database\Exceptions\DatabaseException: Cannot add or update a child row: a foreign key constraint fails (`db_elayanan_akademik_kominfo`.`t_file_proses_magang`, CONSTRAINT `t_file_selesai_magang_id_penempatan_magang_foreign` FOREIGN KEY (`id_persetujuan_magang`) REFERENCES `t_penempatan_magang` (`)
in SYSTEMPATH\Database\MySQLi\Connection.php on line 310.
 1 SYSTEMPATH\Database\BaseConnection.php(908): CodeIgniter\Database\MySQLi\Connection->execute('INSERT INTO `t_file_proses_magang` (`id_persetujuan_magang`, `id_file`, `nama_file`, `path_file`, `proses_magang`, `created_by`, `created_at`, `updated_at`) VALUES (\'15\', \'8\', \'trial balance.pdf\', \'uploads/surat_penerimaan_magang/1784902769_de7cace68b1b0493f21e.pdf\', \'persetujuan\', \'1\', \'2026-07-24 14:19:29\', \'2026-07-24 14:19:29\')')
 2 SYSTEMPATH\Database\BaseConnection.php(825): CodeIgniter\Database\BaseConnection->simpleQuery('INSERT INTO `t_file_proses_magang` (`id_persetujuan_magang`, `id_file`, `nama_file`, `path_file`, `proses_magang`, `created_by`, `created_at`, `updated_at`) VALUES (\'15\', \'8\', \'trial balance.pdf\', \'uploads/surat_penerimaan_magang/1784902769_de7cace68b1b0493f21e.pdf\', \'persetujuan\', \'1\', \'2026-07-24 14:19:29\', \'2026-07-24 14:19:29\')')
 3 SYSTEMPATH\Database\BaseBuilder.php(2343): CodeIgniter\Database\BaseConnection->query('INSERT INTO `t_file_proses_magang` (`id_persetujuan_magang`, `id_file`, `nama_file`, `path_file`, `proses_magang`, `created_by`, `created_at`, `updated_at`) VALUES (:id_persetujuan_magang:, :id_file:, :nama_file:, :path_file:, :proses_magang:, :created_by:, :created_at:, :updated_at:)', [...], false)
 4 SYSTEMPATH\Model.php(357): CodeIgniter\Database\BaseBuilder->insert()
 5 SYSTEMPATH\BaseModel.php(899): CodeIgniter\Model->doInsert([...])
 6 SYSTEMPATH\Model.php(670): CodeIgniter\BaseModel->insert([...], true)
 7 APPPATH\Controllers\Sekretariat\C_UploadSuratPenerimaan.php(156): CodeIgniter\Model->insert([...])
 8 SYSTEMPATH\CodeIgniter.php(974): App\Controllers\Sekretariat\C_UploadSuratPenerimaan->store()
 9 SYSTEMPATH\CodeIgniter.php(520): CodeIgniter\CodeIgniter->runController(Object(App\Controllers\Sekretariat\C_UploadSuratPenerimaan))
10 SYSTEMPATH\CodeIgniter.php(363): CodeIgniter\CodeIgniter->handleRequest(null, Object(Config\Cache), false)
11 SYSTEMPATH\Boot.php(417): CodeIgniter\CodeIgniter->run()
12 SYSTEMPATH\Boot.php(68): CodeIgniter\Boot::runCodeIgniter(Object(CodeIgniter\CodeIgniter))
13 FCPATH\index.php(59): CodeIgniter\Boot::bootWeb(Object(Config\Paths))
14 SYSTEMPATH\rewrite.php(44): require_once('C:\\Users\\lenovo\\Downloads\\Projectmagang_antigravity\\public\\index.php')
CRITICAL - 2026-07-24 14:19:29 --> [Caused by] mysqli_sql_exception: Cannot add or update a child row: a foreign key constraint fails (`db_elayanan_akademik_kominfo`.`t_file_proses_magang`, CONSTRAINT `t_file_selesai_magang_id_penempatan_magang_foreign` FOREIGN KEY (`id_persetujuan_magang`) REFERENCES `t_penempatan_magang` (`)
in SYSTEMPATH\Database\MySQLi\Connection.php on line 300.
 1 SYSTEMPATH\Database\MySQLi\Connection.php(300): mysqli->query('INSERT INTO `t_file_proses_magang` (`id_persetujuan_magang`, `id_file`, `nama_file`, `path_file`, `proses_magang`, `created_by`, `created_at`, `updated_at`) VALUES (\'15\', \'8\', \'trial balance.pdf\', \'uploads/surat_penerimaan_magang/1784902769_de7cace68b1b0493f21e.pdf\', \'persetujuan\', \'1\', \'2026-07-24 14:19:29\', \'2026-07-24 14:19:29\')', 0)
 2 SYSTEMPATH\Database\BaseConnection.php(908): CodeIgniter\Database\MySQLi\Connection->execute('INSERT INTO `t_file_proses_magang` (`id_persetujuan_magang`, `id_file`, `nama_file`, `path_file`, `proses_magang`, `created_by`, `created_at`, `updated_at`) VALUES (\'15\', \'8\', \'trial balance.pdf\', \'uploads/surat_penerimaan_magang/1784902769_de7cace68b1b0493f21e.pdf\', \'persetujuan\', \'1\', \'2026-07-24 14:19:29\', \'2026-07-24 14:19:29\')')
 3 SYSTEMPATH\Database\BaseConnection.php(825): CodeIgniter\Database\BaseConnection->simpleQuery('INSERT INTO `t_file_proses_magang` (`id_persetujuan_magang`, `id_file`, `nama_file`, `path_file`, `proses_magang`, `created_by`, `created_at`, `updated_at`) VALUES (\'15\', \'8\', \'trial balance.pdf\', \'uploads/surat_penerimaan_magang/1784902769_de7cace68b1b0493f21e.pdf\', \'persetujuan\', \'1\', \'2026-07-24 14:19:29\', \'2026-07-24 14:19:29\')')
 4 SYSTEMPATH\Database\BaseBuilder.php(2343): CodeIgniter\Database\BaseConnection->query('INSERT INTO `t_file_proses_magang` (`id_persetujuan_magang`, `id_file`, `nama_file`, `path_file`, `proses_magang`, `created_by`, `created_at`, `updated_at`) VALUES (:id_persetujuan_magang:, :id_file:, :nama_file:, :path_file:, :proses_magang:, :created_by:, :created_at:, :updated_at:)', [...], false)
 5 SYSTEMPATH\Model.php(357): CodeIgniter\Database\BaseBuilder->insert()
 6 SYSTEMPATH\BaseModel.php(899): CodeIgniter\Model->doInsert([...])
 7 SYSTEMPATH\Model.php(670): CodeIgniter\BaseModel->insert([...], true)
 8 APPPATH\Controllers\Sekretariat\C_UploadSuratPenerimaan.php(156): CodeIgniter\Model->insert([...])
 9 SYSTEMPATH\CodeIgniter.php(974): App\Controllers\Sekretariat\C_UploadSuratPenerimaan->store()
10 SYSTEMPATH\CodeIgniter.php(520): CodeIgniter\CodeIgniter->runController(Object(App\Controllers\Sekretariat\C_UploadSuratPenerimaan))
11 SYSTEMPATH\CodeIgniter.php(363): CodeIgniter\CodeIgniter->handleRequest(null, Object(Config\Cache), false)
12 SYSTEMPATH\Boot.php(417): CodeIgniter\CodeIgniter->run()
13 SYSTEMPATH\Boot.php(68): CodeIgniter\Boot::runCodeIgniter(Object(CodeIgniter\CodeIgniter))
14 FCPATH\index.php(59): CodeIgniter\Boot::bootWeb(Object(Config\Paths))
15 SYSTEMPATH\rewrite.php(44): require_once('C:\\Users\\lenovo\\Downloads\\Projectmagang_antigravity\\public\\index.php')
DEBUG - 2026-07-24 14:19:46 --> Session: Class initialized using 'CodeIgniter\Session\Handlers\FileHandler' driver.
ERROR - 2026-07-24 14:19:46 --> Cannot add or update a child row: a foreign key constraint fails (`db_elayanan_akademik_kominfo`.`t_file_proses_magang`, CONSTRAINT `t_file_selesai_magang_id_penempatan_magang_foreign` FOREIGN KEY (`id_persetujuan_magang`) REFERENCES `t_penempatan_magang` (`)
in SYSTEMPATH\Database\MySQLi\Connection.php on line 300.
 1 SYSTEMPATH\Database\MySQLi\Connection.php(300): mysqli->query('INSERT INTO `t_file_proses_magang` (`id_persetujuan_magang`, `id_file`, `nama_file`, `path_file`, `proses_magang`, `created_by`, `created_at`, `updated_at`) VALUES (\'15\', \'8\', \'trial balance.pdf\', \'uploads/surat_penerimaan_magang/1784902786_58412db25c82aa436961.pdf\', \'persetujuan\', \'1\', \'2026-07-24 14:19:46\', \'2026-07-24 14:19:46\')', 0)
 2 SYSTEMPATH\Database\BaseConnection.php(908): CodeIgniter\Database\MySQLi\Connection->execute('INSERT INTO `t_file_proses_magang` (`id_persetujuan_magang`, `id_file`, `nama_file`, `path_file`, `proses_magang`, `created_by`, `created_at`, `updated_at`) VALUES (\'15\', \'8\', \'trial balance.pdf\', \'uploads/surat_penerimaan_magang/1784902786_58412db25c82aa436961.pdf\', \'persetujuan\', \'1\', \'2026-07-24 14:19:46\', \'2026-07-24 14:19:46\')')
 3 SYSTEMPATH\Database\BaseConnection.php(825): CodeIgniter\Database\BaseConnection->simpleQuery('INSERT INTO `t_file_proses_magang` (`id_persetujuan_magang`, `id_file`, `nama_file`, `path_file`, `proses_magang`, `created_by`, `created_at`, `updated_at`) VALUES (\'15\', \'8\', \'trial balance.pdf\', \'uploads/surat_penerimaan_magang/1784902786_58412db25c82aa436961.pdf\', \'persetujuan\', \'1\', \'2026-07-24 14:19:46\', \'2026-07-24 14:19:46\')')
 4 SYSTEMPATH\Database\BaseBuilder.php(2343): CodeIgniter\Database\BaseConnection->query('INSERT INTO `t_file_proses_magang` (`id_persetujuan_magang`, `id_file`, `nama_file`, `path_file`, `proses_magang`, `created_by`, `created_at`, `updated_at`) VALUES (:id_persetujuan_magang:, :id_file:, :nama_file:, :path_file:, :proses_magang:, :created_by:, :created_at:, :updated_at:)', [...], false)
 5 SYSTEMPATH\Model.php(357): CodeIgniter\Database\BaseBuilder->insert()
 6 SYSTEMPATH\BaseModel.php(899): CodeIgniter\Model->doInsert([...])
 7 SYSTEMPATH\Model.php(670): CodeIgniter\BaseModel->insert([...], true)
 8 APPPATH\Controllers\Sekretariat\C_UploadSuratPenerimaan.php(156): CodeIgniter\Model->insert([...])
 9 SYSTEMPATH\CodeIgniter.php(974): App\Controllers\Sekretariat\C_UploadSuratPenerimaan->store()
10 SYSTEMPATH\CodeIgniter.php(520): CodeIgniter\CodeIgniter->runController(Object(App\Controllers\Sekretariat\C_UploadSuratPenerimaan))
11 SYSTEMPATH\CodeIgniter.php(363): CodeIgniter\CodeIgniter->handleRequest(null, Object(Config\Cache), false)
12 SYSTEMPATH\Boot.php(417): CodeIgniter\CodeIgniter->run()
13 SYSTEMPATH\Boot.php(68): CodeIgniter\Boot::runCodeIgniter(Object(CodeIgniter\CodeIgniter))
14 FCPATH\index.php(59): CodeIgniter\Boot::bootWeb(Object(Config\Paths))
15 SYSTEMPATH\rewrite.php(44): require_once('C:\\Users\\lenovo\\Downloads\\Projectmagang_antigravity\\public\\index.php')
CRITICAL - 2026-07-24 14:19:46 --> CodeIgniter\Database\Exceptions\DatabaseException: Cannot add or update a child row: a foreign key constraint fails (`db_elayanan_akademik_kominfo`.`t_file_proses_magang`, CONSTRAINT `t_file_selesai_magang_id_penempatan_magang_foreign` FOREIGN KEY (`id_persetujuan_magang`) REFERENCES `t_penempatan_magang` (`)
[Method: POST, Route: sekretariat/upload-surat-penerimaan/store]
in SYSTEMPATH\Database\BaseConnection.php on line 863.
 1 SYSTEMPATH\Database\BaseBuilder.php(2343): CodeIgniter\Database\BaseConnection->query('INSERT INTO `t_file_proses_magang` (`id_persetujuan_magang`, `id_file`, `nama_file`, `path_file`, `proses_magang`, `created_by`, `created_at`, `updated_at`) VALUES (:id_persetujuan_magang:, :id_file:, :nama_file:, :path_file:, :proses_magang:, :created_by:, :created_at:, :updated_at:)', [...], false)
 2 SYSTEMPATH\Model.php(357): CodeIgniter\Database\BaseBuilder->insert()
 3 SYSTEMPATH\BaseModel.php(899): CodeIgniter\Model->doInsert([...])
 4 SYSTEMPATH\Model.php(670): CodeIgniter\BaseModel->insert([...], true)
 5 APPPATH\Controllers\Sekretariat\C_UploadSuratPenerimaan.php(156): CodeIgniter\Model->insert([...])
 6 SYSTEMPATH\CodeIgniter.php(974): App\Controllers\Sekretariat\C_UploadSuratPenerimaan->store()
 7 SYSTEMPATH\CodeIgniter.php(520): CodeIgniter\CodeIgniter->runController(Object(App\Controllers\Sekretariat\C_UploadSuratPenerimaan))
 8 SYSTEMPATH\CodeIgniter.php(363): CodeIgniter\CodeIgniter->handleRequest(null, Object(Config\Cache), false)
 9 SYSTEMPATH\Boot.php(417): CodeIgniter\CodeIgniter->run()
10 SYSTEMPATH\Boot.php(68): CodeIgniter\Boot::runCodeIgniter(Object(CodeIgniter\CodeIgniter))
11 FCPATH\index.php(59): CodeIgniter\Boot::bootWeb(Object(Config\Paths))
12 SYSTEMPATH\rewrite.php(44): require_once('C:\\Users\\lenovo\\Downloads\\Projectmagang_antigravity\\public\\index.php')
CRITICAL - 2026-07-24 14:19:46 --> [Caused by] CodeIgniter\Database\Exceptions\DatabaseException: Cannot add or update a child row: a foreign key constraint fails (`db_elayanan_akademik_kominfo`.`t_file_proses_magang`, CONSTRAINT `t_file_selesai_magang_id_penempatan_magang_foreign` FOREIGN KEY (`id_persetujuan_magang`) REFERENCES `t_penempatan_magang` (`)
in SYSTEMPATH\Database\MySQLi\Connection.php on line 310.
 1 SYSTEMPATH\Database\BaseConnection.php(908): CodeIgniter\Database\MySQLi\Connection->execute('INSERT INTO `t_file_proses_magang` (`id_persetujuan_magang`, `id_file`, `nama_file`, `path_file`, `proses_magang`, `created_by`, `created_at`, `updated_at`) VALUES (\'15\', \'8\', \'trial balance.pdf\', \'uploads/surat_penerimaan_magang/1784902786_58412db25c82aa436961.pdf\', \'persetujuan\', \'1\', \'2026-07-24 14:19:46\', \'2026-07-24 14:19:46\')')
 2 SYSTEMPATH\Database\BaseConnection.php(825): CodeIgniter\Database\BaseConnection->simpleQuery('INSERT INTO `t_file_proses_magang` (`id_persetujuan_magang`, `id_file`, `nama_file`, `path_file`, `proses_magang`, `created_by`, `created_at`, `updated_at`) VALUES (\'15\', \'8\', \'trial balance.pdf\', \'uploads/surat_penerimaan_magang/1784902786_58412db25c82aa436961.pdf\', \'persetujuan\', \'1\', \'2026-07-24 14:19:46\', \'2026-07-24 14:19:46\')')
 3 SYSTEMPATH\Database\BaseBuilder.php(2343): CodeIgniter\Database\BaseConnection->query('INSERT INTO `t_file_proses_magang` (`id_persetujuan_magang`, `id_file`, `nama_file`, `path_file`, `proses_magang`, `created_by`, `created_at`, `updated_at`) VALUES (:id_persetujuan_magang:, :id_file:, :nama_file:, :path_file:, :proses_magang:, :created_by:, :created_at:, :updated_at:)', [...], false)
 4 SYSTEMPATH\Model.php(357): CodeIgniter\Database\BaseBuilder->insert()
 5 SYSTEMPATH\BaseModel.php(899): CodeIgniter\Model->doInsert([...])
 6 SYSTEMPATH\Model.php(670): CodeIgniter\BaseModel->insert([...], true)
 7 APPPATH\Controllers\Sekretariat\C_UploadSuratPenerimaan.php(156): CodeIgniter\Model->insert([...])
 8 SYSTEMPATH\CodeIgniter.php(974): App\Controllers\Sekretariat\C_UploadSuratPenerimaan->store()
 9 SYSTEMPATH\CodeIgniter.php(520): CodeIgniter\CodeIgniter->runController(Object(App\Controllers\Sekretariat\C_UploadSuratPenerimaan))
10 SYSTEMPATH\CodeIgniter.php(363): CodeIgniter\CodeIgniter->handleRequest(null, Object(Config\Cache), false)
11 SYSTEMPATH\Boot.php(417): CodeIgniter\CodeIgniter->run()
12 SYSTEMPATH\Boot.php(68): CodeIgniter\Boot::runCodeIgniter(Object(CodeIgniter\CodeIgniter))
13 FCPATH\index.php(59): CodeIgniter\Boot::bootWeb(Object(Config\Paths))
14 SYSTEMPATH\rewrite.php(44): require_once('C:\\Users\\lenovo\\Downloads\\Projectmagang_antigravity\\public\\index.php')
CRITICAL - 2026-07-24 14:19:46 --> [Caused by] mysqli_sql_exception: Cannot add or update a child row: a foreign key constraint fails (`db_elayanan_akademik_kominfo`.`t_file_proses_magang`, CONSTRAINT `t_file_selesai_magang_id_penempatan_magang_foreign` FOREIGN KEY (`id_persetujuan_magang`) REFERENCES `t_penempatan_magang` (`)
in SYSTEMPATH\Database\MySQLi\Connection.php on line 300.
 1 SYSTEMPATH\Database\MySQLi\Connection.php(300): mysqli->query('INSERT INTO `t_file_proses_magang` (`id_persetujuan_magang`, `id_file`, `nama_file`, `path_file`, `proses_magang`, `created_by`, `created_at`, `updated_at`) VALUES (\'15\', \'8\', \'trial balance.pdf\', \'uploads/surat_penerimaan_magang/1784902786_58412db25c82aa436961.pdf\', \'persetujuan\', \'1\', \'2026-07-24 14:19:46\', \'2026-07-24 14:19:46\')', 0)
 2 SYSTEMPATH\Database\BaseConnection.php(908): CodeIgniter\Database\MySQLi\Connection->execute('INSERT INTO `t_file_proses_magang` (`id_persetujuan_magang`, `id_file`, `nama_file`, `path_file`, `proses_magang`, `created_by`, `created_at`, `updated_at`) VALUES (\'15\', \'8\', \'trial balance.pdf\', \'uploads/surat_penerimaan_magang/1784902786_58412db25c82aa436961.pdf\', \'persetujuan\', \'1\', \'2026-07-24 14:19:46\', \'2026-07-24 14:19:46\')')
 3 SYSTEMPATH\Database\BaseConnection.php(825): CodeIgniter\Database\BaseConnection->simpleQuery('INSERT INTO `t_file_proses_magang` (`id_persetujuan_magang`, `id_file`, `nama_file`, `path_file`, `proses_magang`, `created_by`, `created_at`, `updated_at`) VALUES (\'15\', \'8\', \'trial balance.pdf\', \'uploads/surat_penerimaan_magang/1784902786_58412db25c82aa436961.pdf\', \'persetujuan\', \'1\', \'2026-07-24 14:19:46\', \'2026-07-24 14:19:46\')')
 4 SYSTEMPATH\Database\BaseBuilder.php(2343): CodeIgniter\Database\BaseConnection->query('INSERT INTO `t_file_proses_magang` (`id_persetujuan_magang`, `id_file`, `nama_file`, `path_file`, `proses_magang`, `created_by`, `created_at`, `updated_at`) VALUES (:id_persetujuan_magang:, :id_file:, :nama_file:, :path_file:, :proses_magang:, :created_by:, :created_at:, :updated_at:)', [...], false)
 5 SYSTEMPATH\Model.php(357): CodeIgniter\Database\BaseBuilder->insert()
 6 SYSTEMPATH\BaseModel.php(899): CodeIgniter\Model->doInsert([...])
 7 SYSTEMPATH\Model.php(670): CodeIgniter\BaseModel->insert([...], true)
 8 APPPATH\Controllers\Sekretariat\C_UploadSuratPenerimaan.php(156): CodeIgniter\Model->insert([...])
 9 SYSTEMPATH\CodeIgniter.php(974): App\Controllers\Sekretariat\C_UploadSuratPenerimaan->store()
10 SYSTEMPATH\CodeIgniter.php(520): CodeIgniter\CodeIgniter->runController(Object(App\Controllers\Sekretariat\C_UploadSuratPenerimaan))
11 SYSTEMPATH\CodeIgniter.php(363): CodeIgniter\CodeIgniter->handleRequest(null, Object(Config\Cache), false)
12 SYSTEMPATH\Boot.php(417): CodeIgniter\CodeIgniter->run()
13 SYSTEMPATH\Boot.php(68): CodeIgniter\Boot::runCodeIgniter(Object(CodeIgniter\CodeIgniter))
14 FCPATH\index.php(59): CodeIgniter\Boot::bootWeb(Object(Config\Paths))
15 SYSTEMPATH\rewrite.php(44): require_once('C:\\Users\\lenovo\\Downloads\\Projectmagang_antigravity\\public\\index.php')
DEBUG - 2026-07-24 14:20:04 --> Session: Class initialized using 'CodeIgniter\Session\Handlers\FileHandler' driver.
ERROR - 2026-07-24 14:20:04 --> Cannot add or update a child row: a foreign key constraint fails (`db_elayanan_akademik_kominfo`.`t_file_proses_magang`, CONSTRAINT `t_file_selesai_magang_id_penempatan_magang_foreign` FOREIGN KEY (`id_persetujuan_magang`) REFERENCES `t_penempatan_magang` (`)
in SYSTEMPATH\Database\MySQLi\Connection.php on line 300.
 1 SYSTEMPATH\Database\MySQLi\Connection.php(300): mysqli->query('INSERT INTO `t_file_proses_magang` (`id_persetujuan_magang`, `id_file`, `nama_file`, `path_file`, `proses_magang`, `created_by`, `created_at`, `updated_at`) VALUES (\'15\', \'8\', \'Backend PBI aing Sprint 1.pdf\', \'uploads/surat_penerimaan_magang/1784902804_341c20c0554dd58f3979.pdf\', \'persetujuan\', \'1\', \'2026-07-24 14:20:04\', \'2026-07-24 14:20:04\')', 0)
 2 SYSTEMPATH\Database\BaseConnection.php(908): CodeIgniter\Database\MySQLi\Connection->execute('INSERT INTO `t_file_proses_magang` (`id_persetujuan_magang`, `id_file`, `nama_file`, `path_file`, `proses_magang`, `created_by`, `created_at`, `updated_at`) VALUES (\'15\', \'8\', \'Backend PBI aing Sprint 1.pdf\', \'uploads/surat_penerimaan_magang/1784902804_341c20c0554dd58f3979.pdf\', \'persetujuan\', \'1\', \'2026-07-24 14:20:04\', \'2026-07-24 14:20:04\')')
 3 SYSTEMPATH\Database\BaseConnection.php(825): CodeIgniter\Database\BaseConnection->simpleQuery('INSERT INTO `t_file_proses_magang` (`id_persetujuan_magang`, `id_file`, `nama_file`, `path_file`, `proses_magang`, `created_by`, `created_at`, `updated_at`) VALUES (\'15\', \'8\', \'Backend PBI aing Sprint 1.pdf\', \'uploads/surat_penerimaan_magang/1784902804_341c20c0554dd58f3979.pdf\', \'persetujuan\', \'1\', \'2026-07-24 14:20:04\', \'2026-07-24 14:20:04\')')
 4 SYSTEMPATH\Database\BaseBuilder.php(2343): CodeIgniter\Database\BaseConnection->query('INSERT INTO `t_file_proses_magang` (`id_persetujuan_magang`, `id_file`, `nama_file`, `path_file`, `proses_magang`, `created_by`, `created_at`, `updated_at`) VALUES (:id_persetujuan_magang:, :id_file:, :nama_file:, :path_file:, :proses_magang:, :created_by:, :created_at:, :updated_at:)', [...], false)
 5 SYSTEMPATH\Model.php(357): CodeIgniter\Database\BaseBuilder->insert()
 6 SYSTEMPATH\BaseModel.php(899): CodeIgniter\Model->doInsert([...])
 7 SYSTEMPATH\Model.php(670): CodeIgniter\BaseModel->insert([...], true)
 8 APPPATH\Controllers\Sekretariat\C_UploadSuratPenerimaan.php(156): CodeIgniter\Model->insert([...])
 9 SYSTEMPATH\CodeIgniter.php(974): App\Controllers\Sekretariat\C_UploadSuratPenerimaan->store()
10 SYSTEMPATH\CodeIgniter.php(520): CodeIgniter\CodeIgniter->runController(Object(App\Controllers\Sekretariat\C_UploadSuratPenerimaan))
11 SYSTEMPATH\CodeIgniter.php(363): CodeIgniter\CodeIgniter->handleRequest(null, Object(Config\Cache), false)
12 SYSTEMPATH\Boot.php(417): CodeIgniter\CodeIgniter->run()
13 SYSTEMPATH\Boot.php(68): CodeIgniter\Boot::runCodeIgniter(Object(CodeIgniter\CodeIgniter))
14 FCPATH\index.php(59): CodeIgniter\Boot::bootWeb(Object(Config\Paths))
15 SYSTEMPATH\rewrite.php(44): require_once('C:\\Users\\lenovo\\Downloads\\Projectmagang_antigravity\\public\\index.php')
CRITICAL - 2026-07-24 14:20:04 --> CodeIgniter\Database\Exceptions\DatabaseException: Cannot add or update a child row: a foreign key constraint fails (`db_elayanan_akademik_kominfo`.`t_file_proses_magang`, CONSTRAINT `t_file_selesai_magang_id_penempatan_magang_foreign` FOREIGN KEY (`id_persetujuan_magang`) REFERENCES `t_penempatan_magang` (`)
[Method: POST, Route: sekretariat/upload-surat-penerimaan/store]
in SYSTEMPATH\Database\BaseConnection.php on line 863.
 1 SYSTEMPATH\Database\BaseBuilder.php(2343): CodeIgniter\Database\BaseConnection->query('INSERT INTO `t_file_proses_magang` (`id_persetujuan_magang`, `id_file`, `nama_file`, `path_file`, `proses_magang`, `created_by`, `created_at`, `updated_at`) VALUES (:id_persetujuan_magang:, :id_file:, :nama_file:, :path_file:, :proses_magang:, :created_by:, :created_at:, :updated_at:)', [...], false)
 2 SYSTEMPATH\Model.php(357): CodeIgniter\Database\BaseBuilder->insert()
 3 SYSTEMPATH\BaseModel.php(899): CodeIgniter\Model->doInsert([...])
 4 SYSTEMPATH\Model.php(670): CodeIgniter\BaseModel->insert([...], true)
 5 APPPATH\Controllers\Sekretariat\C_UploadSuratPenerimaan.php(156): CodeIgniter\Model->insert([...])
 6 SYSTEMPATH\CodeIgniter.php(974): App\Controllers\Sekretariat\C_UploadSuratPenerimaan->store()
 7 SYSTEMPATH\CodeIgniter.php(520): CodeIgniter\CodeIgniter->runController(Object(App\Controllers\Sekretariat\C_UploadSuratPenerimaan))
 8 SYSTEMPATH\CodeIgniter.php(363): CodeIgniter\CodeIgniter->handleRequest(null, Object(Config\Cache), false)
 9 SYSTEMPATH\Boot.php(417): CodeIgniter\CodeIgniter->run()
10 SYSTEMPATH\Boot.php(68): CodeIgniter\Boot::runCodeIgniter(Object(CodeIgniter\CodeIgniter))
11 FCPATH\index.php(59): CodeIgniter\Boot::bootWeb(Object(Config\Paths))
12 SYSTEMPATH\rewrite.php(44): require_once('C:\\Users\\lenovo\\Downloads\\Projectmagang_antigravity\\public\\index.php')
CRITICAL - 2026-07-24 14:20:04 --> [Caused by] CodeIgniter\Database\Exceptions\DatabaseException: Cannot add or update a child row: a foreign key constraint fails (`db_elayanan_akademik_kominfo`.`t_file_proses_magang`, CONSTRAINT `t_file_selesai_magang_id_penempatan_magang_foreign` FOREIGN KEY (`id_persetujuan_magang`) REFERENCES `t_penempatan_magang` (`)
in SYSTEMPATH\Database\MySQLi\Connection.php on line 310.
 1 SYSTEMPATH\Database\BaseConnection.php(908): CodeIgniter\Database\MySQLi\Connection->execute('INSERT INTO `t_file_proses_magang` (`id_persetujuan_magang`, `id_file`, `nama_file`, `path_file`, `proses_magang`, `created_by`, `created_at`, `updated_at`) VALUES (\'15\', \'8\', \'Backend PBI aing Sprint 1.pdf\', \'uploads/surat_penerimaan_magang/1784902804_341c20c0554dd58f3979.pdf\', \'persetujuan\', \'1\', \'2026-07-24 14:20:04\', \'2026-07-24 14:20:04\')')
 2 SYSTEMPATH\Database\BaseConnection.php(825): CodeIgniter\Database\BaseConnection->simpleQuery('INSERT INTO `t_file_proses_magang` (`id_persetujuan_magang`, `id_file`, `nama_file`, `path_file`, `proses_magang`, `created_by`, `created_at`, `updated_at`) VALUES (\'15\', \'8\', \'Backend PBI aing Sprint 1.pdf\', \'uploads/surat_penerimaan_magang/1784902804_341c20c0554dd58f3979.pdf\', \'persetujuan\', \'1\', \'2026-07-24 14:20:04\', \'2026-07-24 14:20:04\')')
 3 SYSTEMPATH\Database\BaseBuilder.php(2343): CodeIgniter\Database\BaseConnection->query('INSERT INTO `t_file_proses_magang` (`id_persetujuan_magang`, `id_file`, `nama_file`, `path_file`, `proses_magang`, `created_by`, `created_at`, `updated_at`) VALUES (:id_persetujuan_magang:, :id_file:, :nama_file:, :path_file:, :proses_magang:, :created_by:, :created_at:, :updated_at:)', [...], false)
 4 SYSTEMPATH\Model.php(357): CodeIgniter\Database\BaseBuilder->insert()
 5 SYSTEMPATH\BaseModel.php(899): CodeIgniter\Model->doInsert([...])
 6 SYSTEMPATH\Model.php(670): CodeIgniter\BaseModel->insert([...], true)
 7 APPPATH\Controllers\Sekretariat\C_UploadSuratPenerimaan.php(156): CodeIgniter\Model->insert([...])
 8 SYSTEMPATH\CodeIgniter.php(974): App\Controllers\Sekretariat\C_UploadSuratPenerimaan->store()
 9 SYSTEMPATH\CodeIgniter.php(520): CodeIgniter\CodeIgniter->runController(Object(App\Controllers\Sekretariat\C_UploadSuratPenerimaan))
10 SYSTEMPATH\CodeIgniter.php(363): CodeIgniter\CodeIgniter->handleRequest(null, Object(Config\Cache), false)
11 SYSTEMPATH\Boot.php(417): CodeIgniter\CodeIgniter->run()
12 SYSTEMPATH\Boot.php(68): CodeIgniter\Boot::runCodeIgniter(Object(CodeIgniter\CodeIgniter))
13 FCPATH\index.php(59): CodeIgniter\Boot::bootWeb(Object(Config\Paths))
14 SYSTEMPATH\rewrite.php(44): require_once('C:\\Users\\lenovo\\Downloads\\Projectmagang_antigravity\\public\\index.php')
CRITICAL - 2026-07-24 14:20:04 --> [Caused by] mysqli_sql_exception: Cannot add or update a child row: a foreign key constraint fails (`db_elayanan_akademik_kominfo`.`t_file_proses_magang`, CONSTRAINT `t_file_selesai_magang_id_penempatan_magang_foreign` FOREIGN KEY (`id_persetujuan_magang`) REFERENCES `t_penempatan_magang` (`)
in SYSTEMPATH\Database\MySQLi\Connection.php on line 300.
 1 SYSTEMPATH\Database\MySQLi\Connection.php(300): mysqli->query('INSERT INTO `t_file_proses_magang` (`id_persetujuan_magang`, `id_file`, `nama_file`, `path_file`, `proses_magang`, `created_by`, `created_at`, `updated_at`) VALUES (\'15\', \'8\', \'Backend PBI aing Sprint 1.pdf\', \'uploads/surat_penerimaan_magang/1784902804_341c20c0554dd58f3979.pdf\', \'persetujuan\', \'1\', \'2026-07-24 14:20:04\', \'2026-07-24 14:20:04\')', 0)
 2 SYSTEMPATH\Database\BaseConnection.php(908): CodeIgniter\Database\MySQLi\Connection->execute('INSERT INTO `t_file_proses_magang` (`id_persetujuan_magang`, `id_file`, `nama_file`, `path_file`, `proses_magang`, `created_by`, `created_at`, `updated_at`) VALUES (\'15\', \'8\', \'Backend PBI aing Sprint 1.pdf\', \'uploads/surat_penerimaan_magang/1784902804_341c20c0554dd58f3979.pdf\', \'persetujuan\', \'1\', \'2026-07-24 14:20:04\', \'2026-07-24 14:20:04\')')
 3 SYSTEMPATH\Database\BaseConnection.php(825): CodeIgniter\Database\BaseConnection->simpleQuery('INSERT INTO `t_file_proses_magang` (`id_persetujuan_magang`, `id_file`, `nama_file`, `path_file`, `proses_magang`, `created_by`, `created_at`, `updated_at`) VALUES (\'15\', \'8\', \'Backend PBI aing Sprint 1.pdf\', \'uploads/surat_penerimaan_magang/1784902804_341c20c0554dd58f3979.pdf\', \'persetujuan\', \'1\', \'2026-07-24 14:20:04\', \'2026-07-24 14:20:04\')')
 4 SYSTEMPATH\Database\BaseBuilder.php(2343): CodeIgniter\Database\BaseConnection->query('INSERT INTO `t_file_proses_magang` (`id_persetujuan_magang`, `id_file`, `nama_file`, `path_file`, `proses_magang`, `created_by`, `created_at`, `updated_at`) VALUES (:id_persetujuan_magang:, :id_file:, :nama_file:, :path_file:, :proses_magang:, :created_by:, :created_at:, :updated_at:)', [...], false)
 5 SYSTEMPATH\Model.php(357): CodeIgniter\Database\BaseBuilder->insert()
 6 SYSTEMPATH\BaseModel.php(899): CodeIgniter\Model->doInsert([...])
 7 SYSTEMPATH\Model.php(670): CodeIgniter\BaseModel->insert([...], true)
 8 APPPATH\Controllers\Sekretariat\C_UploadSuratPenerimaan.php(156): CodeIgniter\Model->insert([...])
 9 SYSTEMPATH\CodeIgniter.php(974): App\Controllers\Sekretariat\C_UploadSuratPenerimaan->store()
10 SYSTEMPATH\CodeIgniter.php(520): CodeIgniter\CodeIgniter->runController(Object(App\Controllers\Sekretariat\C_UploadSuratPenerimaan))
11 SYSTEMPATH\CodeIgniter.php(363): CodeIgniter\CodeIgniter->handleRequest(null, Object(Config\Cache), false)
12 SYSTEMPATH\Boot.php(417): CodeIgniter\CodeIgniter->run()
13 SYSTEMPATH\Boot.php(68): CodeIgniter\Boot::runCodeIgniter(Object(CodeIgniter\CodeIgniter))
14 FCPATH\index.php(59): CodeIgniter\Boot::bootWeb(Object(Config\Paths))
15 SYSTEMPATH\rewrite.php(44): require_once('C:\\Users\\lenovo\\Downloads\\Projectmagang_antigravity\\public\\index.php')
DEBUG - 2026-07-24 14:20:19 --> Session: Class initialized using 'CodeIgniter\Session\Handlers\FileHandler' driver.
ERROR - 2026-07-24 14:20:19 --> Cannot add or update a child row: a foreign key constraint fails (`db_elayanan_akademik_kominfo`.`t_file_proses_magang`, CONSTRAINT `t_file_selesai_magang_id_penempatan_magang_foreign` FOREIGN KEY (`id_persetujuan_magang`) REFERENCES `t_penempatan_magang` (`)
in SYSTEMPATH\Database\MySQLi\Connection.php on line 300.
 1 SYSTEMPATH\Database\MySQLi\Connection.php(300): mysqli->query('INSERT INTO `t_file_proses_magang` (`id_persetujuan_magang`, `id_file`, `nama_file`, `path_file`, `proses_magang`, `created_by`, `created_at`, `updated_at`) VALUES (\'15\', \'8\', \'Backend PBI aing Sprint 1.pdf\', \'uploads/surat_penerimaan_magang/1784902819_c5929c6bfc9bc19780b7.pdf\', \'persetujuan\', \'1\', \'2026-07-24 14:20:19\', \'2026-07-24 14:20:19\')', 0)
 2 SYSTEMPATH\Database\BaseConnection.php(908): CodeIgniter\Database\MySQLi\Connection->execute('INSERT INTO `t_file_proses_magang` (`id_persetujuan_magang`, `id_file`, `nama_file`, `path_file`, `proses_magang`, `created_by`, `created_at`, `updated_at`) VALUES (\'15\', \'8\', \'Backend PBI aing Sprint 1.pdf\', \'uploads/surat_penerimaan_magang/1784902819_c5929c6bfc9bc19780b7.pdf\', \'persetujuan\', \'1\', \'2026-07-24 14:20:19\', \'2026-07-24 14:20:19\')')
 3 SYSTEMPATH\Database\BaseConnection.php(825): CodeIgniter\Database\BaseConnection->simpleQuery('INSERT INTO `t_file_proses_magang` (`id_persetujuan_magang`, `id_file`, `nama_file`, `path_file`, `proses_magang`, `created_by`, `created_at`, `updated_at`) VALUES (\'15\', \'8\', \'Backend PBI aing Sprint 1.pdf\', \'uploads/surat_penerimaan_magang/1784902819_c5929c6bfc9bc19780b7.pdf\', \'persetujuan\', \'1\', \'2026-07-24 14:20:19\', \'2026-07-24 14:20:19\')')
 4 SYSTEMPATH\Database\BaseBuilder.php(2343): CodeIgniter\Database\BaseConnection->query('INSERT INTO `t_file_proses_magang` (`id_persetujuan_magang`, `id_file`, `nama_file`, `path_file`, `proses_magang`, `created_by`, `created_at`, `updated_at`) VALUES (:id_persetujuan_magang:, :id_file:, :nama_file:, :path_file:, :proses_magang:, :created_by:, :created_at:, :updated_at:)', [...], false)
 5 SYSTEMPATH\Model.php(357): CodeIgniter\Database\BaseBuilder->insert()
 6 SYSTEMPATH\BaseModel.php(899): CodeIgniter\Model->doInsert([...])
 7 SYSTEMPATH\Model.php(670): CodeIgniter\BaseModel->insert([...], true)
 8 APPPATH\Controllers\Sekretariat\C_UploadSuratPenerimaan.php(156): CodeIgniter\Model->insert([...])
 9 SYSTEMPATH\CodeIgniter.php(974): App\Controllers\Sekretariat\C_UploadSuratPenerimaan->store()
10 SYSTEMPATH\CodeIgniter.php(520): CodeIgniter\CodeIgniter->runController(Object(App\Controllers\Sekretariat\C_UploadSuratPenerimaan))
11 SYSTEMPATH\CodeIgniter.php(363): CodeIgniter\CodeIgniter->handleRequest(null, Object(Config\Cache), false)
12 SYSTEMPATH\Boot.php(417): CodeIgniter\CodeIgniter->run()
13 SYSTEMPATH\Boot.php(68): CodeIgniter\Boot::runCodeIgniter(Object(CodeIgniter\CodeIgniter))
14 FCPATH\index.php(59): CodeIgniter\Boot::bootWeb(Object(Config\Paths))
15 SYSTEMPATH\rewrite.php(44): require_once('C:\\Users\\lenovo\\Downloads\\Projectmagang_antigravity\\public\\index.php')
CRITICAL - 2026-07-24 14:20:19 --> CodeIgniter\Database\Exceptions\DatabaseException: Cannot add or update a child row: a foreign key constraint fails (`db_elayanan_akademik_kominfo`.`t_file_proses_magang`, CONSTRAINT `t_file_selesai_magang_id_penempatan_magang_foreign` FOREIGN KEY (`id_persetujuan_magang`) REFERENCES `t_penempatan_magang` (`)
[Method: POST, Route: sekretariat/upload-surat-penerimaan/store]
in SYSTEMPATH\Database\BaseConnection.php on line 863.
 1 SYSTEMPATH\Database\BaseBuilder.php(2343): CodeIgniter\Database\BaseConnection->query('INSERT INTO `t_file_proses_magang` (`id_persetujuan_magang`, `id_file`, `nama_file`, `path_file`, `proses_magang`, `created_by`, `created_at`, `updated_at`) VALUES (:id_persetujuan_magang:, :id_file:, :nama_file:, :path_file:, :proses_magang:, :created_by:, :created_at:, :updated_at:)', [...], false)
 2 SYSTEMPATH\Model.php(357): CodeIgniter\Database\BaseBuilder->insert()
 3 SYSTEMPATH\BaseModel.php(899): CodeIgniter\Model->doInsert([...])
 4 SYSTEMPATH\Model.php(670): CodeIgniter\BaseModel->insert([...], true)
 5 APPPATH\Controllers\Sekretariat\C_UploadSuratPenerimaan.php(156): CodeIgniter\Model->insert([...])
 6 SYSTEMPATH\CodeIgniter.php(974): App\Controllers\Sekretariat\C_UploadSuratPenerimaan->store()
 7 SYSTEMPATH\CodeIgniter.php(520): CodeIgniter\CodeIgniter->runController(Object(App\Controllers\Sekretariat\C_UploadSuratPenerimaan))
 8 SYSTEMPATH\CodeIgniter.php(363): CodeIgniter\CodeIgniter->handleRequest(null, Object(Config\Cache), false)
 9 SYSTEMPATH\Boot.php(417): CodeIgniter\CodeIgniter->run()
10 SYSTEMPATH\Boot.php(68): CodeIgniter\Boot::runCodeIgniter(Object(CodeIgniter\CodeIgniter))
11 FCPATH\index.php(59): CodeIgniter\Boot::bootWeb(Object(Config\Paths))
12 SYSTEMPATH\rewrite.php(44): require_once('C:\\Users\\lenovo\\Downloads\\Projectmagang_antigravity\\public\\index.php')
CRITICAL - 2026-07-24 14:20:19 --> [Caused by] CodeIgniter\Database\Exceptions\DatabaseException: Cannot add or update a child row: a foreign key constraint fails (`db_elayanan_akademik_kominfo`.`t_file_proses_magang`, CONSTRAINT `t_file_selesai_magang_id_penempatan_magang_foreign` FOREIGN KEY (`id_persetujuan_magang`) REFERENCES `t_penempatan_magang` (`)
in SYSTEMPATH\Database\MySQLi\Connection.php on line 310.
 1 SYSTEMPATH\Database\BaseConnection.php(908): CodeIgniter\Database\MySQLi\Connection->execute('INSERT INTO `t_file_proses_magang` (`id_persetujuan_magang`, `id_file`, `nama_file`, `path_file`, `proses_magang`, `created_by`, `created_at`, `updated_at`) VALUES (\'15\', \'8\', \'Backend PBI aing Sprint 1.pdf\', \'uploads/surat_penerimaan_magang/1784902819_c5929c6bfc9bc19780b7.pdf\', \'persetujuan\', \'1\', \'2026-07-24 14:20:19\', \'2026-07-24 14:20:19\')')
 2 SYSTEMPATH\Database\BaseConnection.php(825): CodeIgniter\Database\BaseConnection->simpleQuery('INSERT INTO `t_file_proses_magang` (`id_persetujuan_magang`, `id_file`, `nama_file`, `path_file`, `proses_magang`, `created_by`, `created_at`, `updated_at`) VALUES (\'15\', \'8\', \'Backend PBI aing Sprint 1.pdf\', \'uploads/surat_penerimaan_magang/1784902819_c5929c6bfc9bc19780b7.pdf\', \'persetujuan\', \'1\', \'2026-07-24 14:20:19\', \'2026-07-24 14:20:19\')')
 3 SYSTEMPATH\Database\BaseBuilder.php(2343): CodeIgniter\Database\BaseConnection->query('INSERT INTO `t_file_proses_magang` (`id_persetujuan_magang`, `id_file`, `nama_file`, `path_file`, `proses_magang`, `created_by`, `created_at`, `updated_at`) VALUES (:id_persetujuan_magang:, :id_file:, :nama_file:, :path_file:, :proses_magang:, :created_by:, :created_at:, :updated_at:)', [...], false)
 4 SYSTEMPATH\Model.php(357): CodeIgniter\Database\BaseBuilder->insert()
 5 SYSTEMPATH\BaseModel.php(899): CodeIgniter\Model->doInsert([...])
 6 SYSTEMPATH\Model.php(670): CodeIgniter\BaseModel->insert([...], true)
 7 APPPATH\Controllers\Sekretariat\C_UploadSuratPenerimaan.php(156): CodeIgniter\Model->insert([...])
 8 SYSTEMPATH\CodeIgniter.php(974): App\Controllers\Sekretariat\C_UploadSuratPenerimaan->store()
 9 SYSTEMPATH\CodeIgniter.php(520): CodeIgniter\CodeIgniter->runController(Object(App\Controllers\Sekretariat\C_UploadSuratPenerimaan))
10 SYSTEMPATH\CodeIgniter.php(363): CodeIgniter\CodeIgniter->handleRequest(null, Object(Config\Cache), false)
11 SYSTEMPATH\Boot.php(417): CodeIgniter\CodeIgniter->run()
12 SYSTEMPATH\Boot.php(68): CodeIgniter\Boot::runCodeIgniter(Object(CodeIgniter\CodeIgniter))
13 FCPATH\index.php(59): CodeIgniter\Boot::bootWeb(Object(Config\Paths))
14 SYSTEMPATH\rewrite.php(44): require_once('C:\\Users\\lenovo\\Downloads\\Projectmagang_antigravity\\public\\index.php')
CRITICAL - 2026-07-24 14:20:19 --> [Caused by] mysqli_sql_exception: Cannot add or update a child row: a foreign key constraint fails (`db_elayanan_akademik_kominfo`.`t_file_proses_magang`, CONSTRAINT `t_file_selesai_magang_id_penempatan_magang_foreign` FOREIGN KEY (`id_persetujuan_magang`) REFERENCES `t_penempatan_magang` (`)
in SYSTEMPATH\Database\MySQLi\Connection.php on line 300.
 1 SYSTEMPATH\Database\MySQLi\Connection.php(300): mysqli->query('INSERT INTO `t_file_proses_magang` (`id_persetujuan_magang`, `id_file`, `nama_file`, `path_file`, `proses_magang`, `created_by`, `created_at`, `updated_at`) VALUES (\'15\', \'8\', \'Backend PBI aing Sprint 1.pdf\', \'uploads/surat_penerimaan_magang/1784902819_c5929c6bfc9bc19780b7.pdf\', \'persetujuan\', \'1\', \'2026-07-24 14:20:19\', \'2026-07-24 14:20:19\')', 0)
 2 SYSTEMPATH\Database\BaseConnection.php(908): CodeIgniter\Database\MySQLi\Connection->execute('INSERT INTO `t_file_proses_magang` (`id_persetujuan_magang`, `id_file`, `nama_file`, `path_file`, `proses_magang`, `created_by`, `created_at`, `updated_at`) VALUES (\'15\', \'8\', \'Backend PBI aing Sprint 1.pdf\', \'uploads/surat_penerimaan_magang/1784902819_c5929c6bfc9bc19780b7.pdf\', \'persetujuan\', \'1\', \'2026-07-24 14:20:19\', \'2026-07-24 14:20:19\')')
 3 SYSTEMPATH\Database\BaseConnection.php(825): CodeIgniter\Database\BaseConnection->simpleQuery('INSERT INTO `t_file_proses_magang` (`id_persetujuan_magang`, `id_file`, `nama_file`, `path_file`, `proses_magang`, `created_by`, `created_at`, `updated_at`) VALUES (\'15\', \'8\', \'Backend PBI aing Sprint 1.pdf\', \'uploads/surat_penerimaan_magang/1784902819_c5929c6bfc9bc19780b7.pdf\', \'persetujuan\', \'1\', \'2026-07-24 14:20:19\', \'2026-07-24 14:20:19\')')
 4 SYSTEMPATH\Database\BaseBuilder.php(2343): CodeIgniter\Database\BaseConnection->query('INSERT INTO `t_file_proses_magang` (`id_persetujuan_magang`, `id_file`, `nama_file`, `path_file`, `proses_magang`, `created_by`, `created_at`, `updated_at`) VALUES (:id_persetujuan_magang:, :id_file:, :nama_file:, :path_file:, :proses_magang:, :created_by:, :created_at:, :updated_at:)', [...], false)
 5 SYSTEMPATH\Model.php(357): CodeIgniter\Database\BaseBuilder->insert()
 6 SYSTEMPATH\BaseModel.php(899): CodeIgniter\Model->doInsert([...])
 7 SYSTEMPATH\Model.php(670): CodeIgniter\BaseModel->insert([...], true)
 8 APPPATH\Controllers\Sekretariat\C_UploadSuratPenerimaan.php(156): CodeIgniter\Model->insert([...])
 9 SYSTEMPATH\CodeIgniter.php(974): App\Controllers\Sekretariat\C_UploadSuratPenerimaan->store()
10 SYSTEMPATH\CodeIgniter.php(520): CodeIgniter\CodeIgniter->runController(Object(App\Controllers\Sekretariat\C_UploadSuratPenerimaan))
11 SYSTEMPATH\CodeIgniter.php(363): CodeIgniter\CodeIgniter->handleRequest(null, Object(Config\Cache), false)
12 SYSTEMPATH\Boot.php(417): CodeIgniter\CodeIgniter->run()
13 SYSTEMPATH\Boot.php(68): CodeIgniter\Boot::runCodeIgniter(Object(CodeIgniter\CodeIgniter))
14 FCPATH\index.php(59): CodeIgniter\Boot::bootWeb(Object(Config\Paths))
15 SYSTEMPATH\rewrite.php(44): require_once('C:\\Users\\lenovo\\Downloads\\Projectmagang_antigravity\\public\\index.php')
DEBUG - 2026-07-24 14:25:51 --> Session: Class initialized using 'CodeIgniter\Session\Handlers\FileHandler' driver.
DEBUG - 2026-07-24 14:25:55 --> Session: Class initialized using 'CodeIgniter\Session\Handlers\FileHandler' driver.
DEBUG - 2026-07-24 14:26:12 --> Session: Class initialized using 'CodeIgniter\Session\Handlers\FileHandler' driver.
DEBUG - 2026-07-24 14:26:14 --> Session: Class initialized using 'CodeIgniter\Session\Handlers\FileHandler' driver.
DEBUG - 2026-07-24 14:26:17 --> Session: Class initialized using 'CodeIgniter\Session\Handlers\FileHandler' driver.
DEBUG - 2026-07-24 14:26:36 --> Session: Class initialized using 'CodeIgniter\Session\Handlers\FileHandler' driver.
DEBUG - 2026-07-24 14:26:38 --> Session: Class initialized using 'CodeIgniter\Session\Handlers\FileHandler' driver.
DEBUG - 2026-07-24 14:26:52 --> Session: Class initialized using 'CodeIgniter\Session\Handlers\FileHandler' driver.
DEBUG - 2026-07-24 14:26:52 --> Session: Class initialized using 'CodeIgniter\Session\Handlers\FileHandler' driver.
DEBUG - 2026-07-24 14:26:55 --> Session: Class initialized using 'CodeIgniter\Session\Handlers\FileHandler' driver.
DEBUG - 2026-07-24 14:33:11 --> Session: Class initialized using 'CodeIgniter\Session\Handlers\FileHandler' driver.
DEBUG - 2026-07-24 14:33:19 --> Session: Class initialized using 'CodeIgniter\Session\Handlers\FileHandler' driver.
DEBUG - 2026-07-24 14:33:23 --> Session: Class initialized using 'CodeIgniter\Session\Handlers\FileHandler' driver.
DEBUG - 2026-07-24 14:33:25 --> Session: Class initialized using 'CodeIgniter\Session\Handlers\FileHandler' driver.
DEBUG - 2026-07-24 14:33:28 --> Session: Class initialized using 'CodeIgniter\Session\Handlers\FileHandler' driver.
DEBUG - 2026-07-24 14:35:17 --> Session: Class initialized using 'CodeIgniter\Session\Handlers\FileHandler' driver.
DEBUG - 2026-07-24 14:35:27 --> Session: Class initialized using 'CodeIgniter\Session\Handlers\FileHandler' driver.
DEBUG - 2026-07-24 14:35:33 --> Session: Class initialized using 'CodeIgniter\Session\Handlers\FileHandler' driver.
DEBUG - 2026-07-24 14:35:37 --> Session: Class initialized using 'CodeIgniter\Session\Handlers\FileHandler' driver.
DEBUG - 2026-07-24 14:43:10 --> Session: Class initialized using 'CodeIgniter\Session\Handlers\FileHandler' driver.
DEBUG - 2026-07-24 14:43:18 --> Session: Class initialized using 'CodeIgniter\Session\Handlers\FileHandler' driver.
DEBUG - 2026-07-24 14:43:20 --> Session: Class initialized using 'CodeIgniter\Session\Handlers\FileHandler' driver.
DEBUG - 2026-07-24 14:44:43 --> Session: Class initialized using 'CodeIgniter\Session\Handlers\FileHandler' driver.
DEBUG - 2026-07-24 14:44:45 --> Session: Class initialized using 'CodeIgniter\Session\Handlers\FileHandler' driver.
DEBUG - 2026-07-24 14:44:49 --> Session: Class initialized using 'CodeIgniter\Session\Handlers\FileHandler' driver.
DEBUG - 2026-07-24 14:44:53 --> Session: Class initialized using 'CodeIgniter\Session\Handlers\FileHandler' driver.
DEBUG - 2026-07-24 14:45:04 --> Session: Class initialized using 'CodeIgniter\Session\Handlers\FileHandler' driver.
DEBUG - 2026-07-24 14:45:10 --> Session: Class initialized using 'CodeIgniter\Session\Handlers\FileHandler' driver.
