DEBUG - 2026-07-26 04:36:31 --> Session: Class initialized using 'CodeIgniter\Session\Handlers\FileHandler' driver.
DEBUG - 2026-07-26 04:37:08 --> Session: Class initialized using 'CodeIgniter\Session\Handlers\FileHandler' driver.
DEBUG - 2026-07-26 04:37:34 --> Session: Class initialized using 'CodeIgniter\Session\Handlers\FileHandler' driver.
DEBUG - 2026-07-26 04:37:34 --> Session: Class initialized using 'CodeIgniter\Session\Handlers\FileHandler' driver.
DEBUG - 2026-07-26 04:37:54 --> Session: Class initialized using 'CodeIgniter\Session\Handlers\FileHandler' driver.
DEBUG - 2026-07-26 04:37:56 --> Session: Class initialized using 'CodeIgniter\Session\Handlers\FileHandler' driver.
ERROR - 2026-07-26 04:37:56 --> Unknown column 'p.id_permohonan_magang' in 'on clause'
in SYSTEMPATH\Database\MySQLi\Connection.php on line 300.
 1 SYSTEMPATH\Database\MySQLi\Connection.php(300): mysqli->query('SELECT `p`.`id_penempatan_magang`, `m`.`nama_mahasiswa`, `m`.`nim`, `ip`.`instansi_pendidikan`, `pr`.`prodi`, `pm`.`tgl_mulai`, `pm`.`tgl_selesai`
FROM `t_penempatan_magang` `p`
JOIN `t_permohonan_magang` `pm` ON `pm`.`id_permohonan_magang` = `p`.`id_permohonan_magang`
JOIN `m_mahasiswa` `m` ON `m`.`id_mahasiswa` = `pm`.`id_mahasiswa`
JOIN `t_instansi_mahasiswa` `im` ON `im`.`id_instansi_mahasiswa` = `pm`.`id_instansi_mahasiswa`
JOIN `m_instansi_pendidikan` `ip` ON `ip`.`id_instansi_pendidikan` = `im`.`id_instansi_pendidikan`
JOIN `m_prodi` `pr` ON `pr`.`id_prodi` = `im`.`id_prodi`
WHERE `p`.`id_bidang` = \'5\'
AND `p`.`status_penempatan` = \'BERJALAN\'', 0)
 2 SYSTEMPATH\Database\BaseConnection.php(908): CodeIgniter\Database\MySQLi\Connection->execute('SELECT `p`.`id_penempatan_magang`, `m`.`nama_mahasiswa`, `m`.`nim`, `ip`.`instansi_pendidikan`, `pr`.`prodi`, `pm`.`tgl_mulai`, `pm`.`tgl_selesai`
FROM `t_penempatan_magang` `p`
JOIN `t_permohonan_magang` `pm` ON `pm`.`id_permohonan_magang` = `p`.`id_permohonan_magang`
JOIN `m_mahasiswa` `m` ON `m`.`id_mahasiswa` = `pm`.`id_mahasiswa`
JOIN `t_instansi_mahasiswa` `im` ON `im`.`id_instansi_mahasiswa` = `pm`.`id_instansi_mahasiswa`
JOIN `m_instansi_pendidikan` `ip` ON `ip`.`id_instansi_pendidikan` = `im`.`id_instansi_pendidikan`
JOIN `m_prodi` `pr` ON `pr`.`id_prodi` = `im`.`id_prodi`
WHERE `p`.`id_bidang` = \'5\'
AND `p`.`status_penempatan` = \'BERJALAN\'')
 3 SYSTEMPATH\Database\BaseConnection.php(825): CodeIgniter\Database\BaseConnection->simpleQuery('SELECT `p`.`id_penempatan_magang`, `m`.`nama_mahasiswa`, `m`.`nim`, `ip`.`instansi_pendidikan`, `pr`.`prodi`, `pm`.`tgl_mulai`, `pm`.`tgl_selesai`
FROM `t_penempatan_magang` `p`
JOIN `t_permohonan_magang` `pm` ON `pm`.`id_permohonan_magang` = `p`.`id_permohonan_magang`
JOIN `m_mahasiswa` `m` ON `m`.`id_mahasiswa` = `pm`.`id_mahasiswa`
JOIN `t_instansi_mahasiswa` `im` ON `im`.`id_instansi_mahasiswa` = `pm`.`id_instansi_mahasiswa`
JOIN `m_instansi_pendidikan` `ip` ON `ip`.`id_instansi_pendidikan` = `im`.`id_instansi_pendidikan`
JOIN `m_prodi` `pr` ON `pr`.`id_prodi` = `im`.`id_prodi`
WHERE `p`.`id_bidang` = \'5\'
AND `p`.`status_penempatan` = \'BERJALAN\'')
 4 SYSTEMPATH\Database\BaseBuilder.php(1647): CodeIgniter\Database\BaseConnection->query('SELECT `p`.`id_penempatan_magang`, `m`.`nama_mahasiswa`, `m`.`nim`, `ip`.`instansi_pendidikan`, `pr`.`prodi`, `pm`.`tgl_mulai`, `pm`.`tgl_selesai`
FROM `t_penempatan_magang` `p`
JOIN `t_permohonan_magang` `pm` ON `pm`.`id_permohonan_magang` = `p`.`id_permohonan_magang`
JOIN `m_mahasiswa` `m` ON `m`.`id_mahasiswa` = `pm`.`id_mahasiswa`
JOIN `t_instansi_mahasiswa` `im` ON `im`.`id_instansi_mahasiswa` = `pm`.`id_instansi_mahasiswa`
JOIN `m_instansi_pendidikan` `ip` ON `ip`.`id_instansi_pendidikan` = `im`.`id_instansi_pendidikan`
JOIN `m_prodi` `pr` ON `pr`.`id_prodi` = `im`.`id_prodi`
WHERE `p`.`id_bidang` = :p.id_bidang:
AND `p`.`status_penempatan` = :p.status_penempatan:', [...], false)
 5 APPPATH\Models\Kabid\M_LogbookKabid.php(24): CodeIgniter\Database\BaseBuilder->get()
 6 APPPATH\Controllers\Kabid\C_LogbookKabid.php(23): App\Models\Kabid\M_LogbookKabid->getActiveMahasiswa('5')
 7 SYSTEMPATH\CodeIgniter.php(974): App\Controllers\Kabid\C_LogbookKabid->index()
 8 SYSTEMPATH\CodeIgniter.php(520): CodeIgniter\CodeIgniter->runController(Object(App\Controllers\Kabid\C_LogbookKabid))
 9 SYSTEMPATH\CodeIgniter.php(363): CodeIgniter\CodeIgniter->handleRequest(null, Object(Config\Cache), false)
10 SYSTEMPATH\Boot.php(417): CodeIgniter\CodeIgniter->run()
11 SYSTEMPATH\Boot.php(68): CodeIgniter\Boot::runCodeIgniter(Object(CodeIgniter\CodeIgniter))
12 FCPATH\index.php(59): CodeIgniter\Boot::bootWeb(Object(Config\Paths))
13 SYSTEMPATH\rewrite.php(44): require_once('C:\\Users\\lenovo\\Downloads\\Projectmagang_antigravity\\public\\index.php')
CRITICAL - 2026-07-26 04:37:56 --> CodeIgniter\Database\Exceptions\DatabaseException: Unknown column 'p.id_permohonan_magang' in 'on clause'
[Method: GET, Route: kabid/logbook]
in SYSTEMPATH\Database\BaseConnection.php on line 863.
 1 SYSTEMPATH\Database\BaseBuilder.php(1647): CodeIgniter\Database\BaseConnection->query('SELECT `p`.`id_penempatan_magang`, `m`.`nama_mahasiswa`, `m`.`nim`, `ip`.`instansi_pendidikan`, `pr`.`prodi`, `pm`.`tgl_mulai`, `pm`.`tgl_selesai`
FROM `t_penempatan_magang` `p`
JOIN `t_permohonan_magang` `pm` ON `pm`.`id_permohonan_magang` = `p`.`id_permohonan_magang`
JOIN `m_mahasiswa` `m` ON `m`.`id_mahasiswa` = `pm`.`id_mahasiswa`
JOIN `t_instansi_mahasiswa` `im` ON `im`.`id_instansi_mahasiswa` = `pm`.`id_instansi_mahasiswa`
JOIN `m_instansi_pendidikan` `ip` ON `ip`.`id_instansi_pendidikan` = `im`.`id_instansi_pendidikan`
JOIN `m_prodi` `pr` ON `pr`.`id_prodi` = `im`.`id_prodi`
WHERE `p`.`id_bidang` = :p.id_bidang:
AND `p`.`status_penempatan` = :p.status_penempatan:', [...], false)
 2 APPPATH\Models\Kabid\M_LogbookKabid.php(24): CodeIgniter\Database\BaseBuilder->get()
 3 APPPATH\Controllers\Kabid\C_LogbookKabid.php(23): App\Models\Kabid\M_LogbookKabid->getActiveMahasiswa('5')
 4 SYSTEMPATH\CodeIgniter.php(974): App\Controllers\Kabid\C_LogbookKabid->index()
 5 SYSTEMPATH\CodeIgniter.php(520): CodeIgniter\CodeIgniter->runController(Object(App\Controllers\Kabid\C_LogbookKabid))
 6 SYSTEMPATH\CodeIgniter.php(363): CodeIgniter\CodeIgniter->handleRequest(null, Object(Config\Cache), false)
 7 SYSTEMPATH\Boot.php(417): CodeIgniter\CodeIgniter->run()
 8 SYSTEMPATH\Boot.php(68): CodeIgniter\Boot::runCodeIgniter(Object(CodeIgniter\CodeIgniter))
 9 FCPATH\index.php(59): CodeIgniter\Boot::bootWeb(Object(Config\Paths))
10 SYSTEMPATH\rewrite.php(44): require_once('C:\\Users\\lenovo\\Downloads\\Projectmagang_antigravity\\public\\index.php')
CRITICAL - 2026-07-26 04:37:56 --> [Caused by] CodeIgniter\Database\Exceptions\DatabaseException: Unknown column 'p.id_permohonan_magang' in 'on clause'
in SYSTEMPATH\Database\MySQLi\Connection.php on line 310.
 1 SYSTEMPATH\Database\BaseConnection.php(908): CodeIgniter\Database\MySQLi\Connection->execute('SELECT `p`.`id_penempatan_magang`, `m`.`nama_mahasiswa`, `m`.`nim`, `ip`.`instansi_pendidikan`, `pr`.`prodi`, `pm`.`tgl_mulai`, `pm`.`tgl_selesai`
FROM `t_penempatan_magang` `p`
JOIN `t_permohonan_magang` `pm` ON `pm`.`id_permohonan_magang` = `p`.`id_permohonan_magang`
JOIN `m_mahasiswa` `m` ON `m`.`id_mahasiswa` = `pm`.`id_mahasiswa`
JOIN `t_instansi_mahasiswa` `im` ON `im`.`id_instansi_mahasiswa` = `pm`.`id_instansi_mahasiswa`
JOIN `m_instansi_pendidikan` `ip` ON `ip`.`id_instansi_pendidikan` = `im`.`id_instansi_pendidikan`
JOIN `m_prodi` `pr` ON `pr`.`id_prodi` = `im`.`id_prodi`
WHERE `p`.`id_bidang` = \'5\'
AND `p`.`status_penempatan` = \'BERJALAN\'')
 2 SYSTEMPATH\Database\BaseConnection.php(825): CodeIgniter\Database\BaseConnection->simpleQuery('SELECT `p`.`id_penempatan_magang`, `m`.`nama_mahasiswa`, `m`.`nim`, `ip`.`instansi_pendidikan`, `pr`.`prodi`, `pm`.`tgl_mulai`, `pm`.`tgl_selesai`
FROM `t_penempatan_magang` `p`
JOIN `t_permohonan_magang` `pm` ON `pm`.`id_permohonan_magang` = `p`.`id_permohonan_magang`
JOIN `m_mahasiswa` `m` ON `m`.`id_mahasiswa` = `pm`.`id_mahasiswa`
JOIN `t_instansi_mahasiswa` `im` ON `im`.`id_instansi_mahasiswa` = `pm`.`id_instansi_mahasiswa`
JOIN `m_instansi_pendidikan` `ip` ON `ip`.`id_instansi_pendidikan` = `im`.`id_instansi_pendidikan`
JOIN `m_prodi` `pr` ON `pr`.`id_prodi` = `im`.`id_prodi`
WHERE `p`.`id_bidang` = \'5\'
AND `p`.`status_penempatan` = \'BERJALAN\'')
 3 SYSTEMPATH\Database\BaseBuilder.php(1647): CodeIgniter\Database\BaseConnection->query('SELECT `p`.`id_penempatan_magang`, `m`.`nama_mahasiswa`, `m`.`nim`, `ip`.`instansi_pendidikan`, `pr`.`prodi`, `pm`.`tgl_mulai`, `pm`.`tgl_selesai`
FROM `t_penempatan_magang` `p`
JOIN `t_permohonan_magang` `pm` ON `pm`.`id_permohonan_magang` = `p`.`id_permohonan_magang`
JOIN `m_mahasiswa` `m` ON `m`.`id_mahasiswa` = `pm`.`id_mahasiswa`
JOIN `t_instansi_mahasiswa` `im` ON `im`.`id_instansi_mahasiswa` = `pm`.`id_instansi_mahasiswa`
JOIN `m_instansi_pendidikan` `ip` ON `ip`.`id_instansi_pendidikan` = `im`.`id_instansi_pendidikan`
JOIN `m_prodi` `pr` ON `pr`.`id_prodi` = `im`.`id_prodi`
WHERE `p`.`id_bidang` = :p.id_bidang:
AND `p`.`status_penempatan` = :p.status_penempatan:', [...], false)
 4 APPPATH\Models\Kabid\M_LogbookKabid.php(24): CodeIgniter\Database\BaseBuilder->get()
 5 APPPATH\Controllers\Kabid\C_LogbookKabid.php(23): App\Models\Kabid\M_LogbookKabid->getActiveMahasiswa('5')
 6 SYSTEMPATH\CodeIgniter.php(974): App\Controllers\Kabid\C_LogbookKabid->index()
 7 SYSTEMPATH\CodeIgniter.php(520): CodeIgniter\CodeIgniter->runController(Object(App\Controllers\Kabid\C_LogbookKabid))
 8 SYSTEMPATH\CodeIgniter.php(363): CodeIgniter\CodeIgniter->handleRequest(null, Object(Config\Cache), false)
 9 SYSTEMPATH\Boot.php(417): CodeIgniter\CodeIgniter->run()
10 SYSTEMPATH\Boot.php(68): CodeIgniter\Boot::runCodeIgniter(Object(CodeIgniter\CodeIgniter))
11 FCPATH\index.php(59): CodeIgniter\Boot::bootWeb(Object(Config\Paths))
12 SYSTEMPATH\rewrite.php(44): require_once('C:\\Users\\lenovo\\Downloads\\Projectmagang_antigravity\\public\\index.php')
CRITICAL - 2026-07-26 04:37:56 --> [Caused by] mysqli_sql_exception: Unknown column 'p.id_permohonan_magang' in 'on clause'
in SYSTEMPATH\Database\MySQLi\Connection.php on line 300.
 1 SYSTEMPATH\Database\MySQLi\Connection.php(300): mysqli->query('SELECT `p`.`id_penempatan_magang`, `m`.`nama_mahasiswa`, `m`.`nim`, `ip`.`instansi_pendidikan`, `pr`.`prodi`, `pm`.`tgl_mulai`, `pm`.`tgl_selesai`
FROM `t_penempatan_magang` `p`
JOIN `t_permohonan_magang` `pm` ON `pm`.`id_permohonan_magang` = `p`.`id_permohonan_magang`
JOIN `m_mahasiswa` `m` ON `m`.`id_mahasiswa` = `pm`.`id_mahasiswa`
JOIN `t_instansi_mahasiswa` `im` ON `im`.`id_instansi_mahasiswa` = `pm`.`id_instansi_mahasiswa`
JOIN `m_instansi_pendidikan` `ip` ON `ip`.`id_instansi_pendidikan` = `im`.`id_instansi_pendidikan`
JOIN `m_prodi` `pr` ON `pr`.`id_prodi` = `im`.`id_prodi`
WHERE `p`.`id_bidang` = \'5\'
AND `p`.`status_penempatan` = \'BERJALAN\'', 0)
 2 SYSTEMPATH\Database\BaseConnection.php(908): CodeIgniter\Database\MySQLi\Connection->execute('SELECT `p`.`id_penempatan_magang`, `m`.`nama_mahasiswa`, `m`.`nim`, `ip`.`instansi_pendidikan`, `pr`.`prodi`, `pm`.`tgl_mulai`, `pm`.`tgl_selesai`
FROM `t_penempatan_magang` `p`
JOIN `t_permohonan_magang` `pm` ON `pm`.`id_permohonan_magang` = `p`.`id_permohonan_magang`
JOIN `m_mahasiswa` `m` ON `m`.`id_mahasiswa` = `pm`.`id_mahasiswa`
JOIN `t_instansi_mahasiswa` `im` ON `im`.`id_instansi_mahasiswa` = `pm`.`id_instansi_mahasiswa`
JOIN `m_instansi_pendidikan` `ip` ON `ip`.`id_instansi_pendidikan` = `im`.`id_instansi_pendidikan`
JOIN `m_prodi` `pr` ON `pr`.`id_prodi` = `im`.`id_prodi`
WHERE `p`.`id_bidang` = \'5\'
AND `p`.`status_penempatan` = \'BERJALAN\'')
 3 SYSTEMPATH\Database\BaseConnection.php(825): CodeIgniter\Database\BaseConnection->simpleQuery('SELECT `p`.`id_penempatan_magang`, `m`.`nama_mahasiswa`, `m`.`nim`, `ip`.`instansi_pendidikan`, `pr`.`prodi`, `pm`.`tgl_mulai`, `pm`.`tgl_selesai`
FROM `t_penempatan_magang` `p`
JOIN `t_permohonan_magang` `pm` ON `pm`.`id_permohonan_magang` = `p`.`id_permohonan_magang`
JOIN `m_mahasiswa` `m` ON `m`.`id_mahasiswa` = `pm`.`id_mahasiswa`
JOIN `t_instansi_mahasiswa` `im` ON `im`.`id_instansi_mahasiswa` = `pm`.`id_instansi_mahasiswa`
JOIN `m_instansi_pendidikan` `ip` ON `ip`.`id_instansi_pendidikan` = `im`.`id_instansi_pendidikan`
JOIN `m_prodi` `pr` ON `pr`.`id_prodi` = `im`.`id_prodi`
WHERE `p`.`id_bidang` = \'5\'
AND `p`.`status_penempatan` = \'BERJALAN\'')
 4 SYSTEMPATH\Database\BaseBuilder.php(1647): CodeIgniter\Database\BaseConnection->query('SELECT `p`.`id_penempatan_magang`, `m`.`nama_mahasiswa`, `m`.`nim`, `ip`.`instansi_pendidikan`, `pr`.`prodi`, `pm`.`tgl_mulai`, `pm`.`tgl_selesai`
FROM `t_penempatan_magang` `p`
JOIN `t_permohonan_magang` `pm` ON `pm`.`id_permohonan_magang` = `p`.`id_permohonan_magang`
JOIN `m_mahasiswa` `m` ON `m`.`id_mahasiswa` = `pm`.`id_mahasiswa`
JOIN `t_instansi_mahasiswa` `im` ON `im`.`id_instansi_mahasiswa` = `pm`.`id_instansi_mahasiswa`
JOIN `m_instansi_pendidikan` `ip` ON `ip`.`id_instansi_pendidikan` = `im`.`id_instansi_pendidikan`
JOIN `m_prodi` `pr` ON `pr`.`id_prodi` = `im`.`id_prodi`
WHERE `p`.`id_bidang` = :p.id_bidang:
AND `p`.`status_penempatan` = :p.status_penempatan:', [...], false)
 5 APPPATH\Models\Kabid\M_LogbookKabid.php(24): CodeIgniter\Database\BaseBuilder->get()
 6 APPPATH\Controllers\Kabid\C_LogbookKabid.php(23): App\Models\Kabid\M_LogbookKabid->getActiveMahasiswa('5')
 7 SYSTEMPATH\CodeIgniter.php(974): App\Controllers\Kabid\C_LogbookKabid->index()
 8 SYSTEMPATH\CodeIgniter.php(520): CodeIgniter\CodeIgniter->runController(Object(App\Controllers\Kabid\C_LogbookKabid))
 9 SYSTEMPATH\CodeIgniter.php(363): CodeIgniter\CodeIgniter->handleRequest(null, Object(Config\Cache), false)
10 SYSTEMPATH\Boot.php(417): CodeIgniter\CodeIgniter->run()
11 SYSTEMPATH\Boot.php(68): CodeIgniter\Boot::runCodeIgniter(Object(CodeIgniter\CodeIgniter))
12 FCPATH\index.php(59): CodeIgniter\Boot::bootWeb(Object(Config\Paths))
13 SYSTEMPATH\rewrite.php(44): require_once('C:\\Users\\lenovo\\Downloads\\Projectmagang_antigravity\\public\\index.php')
DEBUG - 2026-07-26 04:38:00 --> Session: Class initialized using 'CodeIgniter\Session\Handlers\FileHandler' driver.
ERROR - 2026-07-26 04:38:00 --> Unknown column 'p.id_permohonan_magang' in 'on clause'
in SYSTEMPATH\Database\MySQLi\Connection.php on line 300.
 1 SYSTEMPATH\Database\MySQLi\Connection.php(300): mysqli->query('SELECT `p`.`id_penempatan_magang`, `p`.`status_penempatan`, `m`.`nama_mahasiswa`, `m`.`nim`, `ip`.`instansi_pendidikan`, `pr`.`prodi`, `pm`.`tgl_mulai`, `pm`.`tgl_selesai`
FROM `t_penempatan_magang` `p`
JOIN `t_permohonan_magang` `pm` ON `pm`.`id_permohonan_magang` = `p`.`id_permohonan_magang`
JOIN `m_mahasiswa` `m` ON `m`.`id_mahasiswa` = `pm`.`id_mahasiswa`
JOIN `t_instansi_mahasiswa` `im` ON `im`.`id_instansi_mahasiswa` = `pm`.`id_instansi_mahasiswa`
JOIN `m_instansi_pendidikan` `ip` ON `ip`.`id_instansi_pendidikan` = `im`.`id_instansi_pendidikan`
JOIN `m_prodi` `pr` ON `pr`.`id_prodi` = `im`.`id_prodi`
WHERE `p`.`id_bidang` = \'5\'
AND   (
`p`.`status_penempatan` = \'SELESAI\'
OR `p`.`status_penempatan` = \'DIBATALKAN\'
 )
ORDER BY `p`.`updated_at` DESC', 0)
 2 SYSTEMPATH\Database\BaseConnection.php(908): CodeIgniter\Database\MySQLi\Connection->execute('SELECT `p`.`id_penempatan_magang`, `p`.`status_penempatan`, `m`.`nama_mahasiswa`, `m`.`nim`, `ip`.`instansi_pendidikan`, `pr`.`prodi`, `pm`.`tgl_mulai`, `pm`.`tgl_selesai`
FROM `t_penempatan_magang` `p`
JOIN `t_permohonan_magang` `pm` ON `pm`.`id_permohonan_magang` = `p`.`id_permohonan_magang`
JOIN `m_mahasiswa` `m` ON `m`.`id_mahasiswa` = `pm`.`id_mahasiswa`
JOIN `t_instansi_mahasiswa` `im` ON `im`.`id_instansi_mahasiswa` = `pm`.`id_instansi_mahasiswa`
JOIN `m_instansi_pendidikan` `ip` ON `ip`.`id_instansi_pendidikan` = `im`.`id_instansi_pendidikan`
JOIN `m_prodi` `pr` ON `pr`.`id_prodi` = `im`.`id_prodi`
WHERE `p`.`id_bidang` = \'5\'
AND   (
`p`.`status_penempatan` = \'SELESAI\'
OR `p`.`status_penempatan` = \'DIBATALKAN\'
 )
ORDER BY `p`.`updated_at` DESC')
 3 SYSTEMPATH\Database\BaseConnection.php(825): CodeIgniter\Database\BaseConnection->simpleQuery('SELECT `p`.`id_penempatan_magang`, `p`.`status_penempatan`, `m`.`nama_mahasiswa`, `m`.`nim`, `ip`.`instansi_pendidikan`, `pr`.`prodi`, `pm`.`tgl_mulai`, `pm`.`tgl_selesai`
FROM `t_penempatan_magang` `p`
JOIN `t_permohonan_magang` `pm` ON `pm`.`id_permohonan_magang` = `p`.`id_permohonan_magang`
JOIN `m_mahasiswa` `m` ON `m`.`id_mahasiswa` = `pm`.`id_mahasiswa`
JOIN `t_instansi_mahasiswa` `im` ON `im`.`id_instansi_mahasiswa` = `pm`.`id_instansi_mahasiswa`
JOIN `m_instansi_pendidikan` `ip` ON `ip`.`id_instansi_pendidikan` = `im`.`id_instansi_pendidikan`
JOIN `m_prodi` `pr` ON `pr`.`id_prodi` = `im`.`id_prodi`
WHERE `p`.`id_bidang` = \'5\'
AND   (
`p`.`status_penempatan` = \'SELESAI\'
OR `p`.`status_penempatan` = \'DIBATALKAN\'
 )
ORDER BY `p`.`updated_at` DESC')
 4 SYSTEMPATH\Database\BaseBuilder.php(1647): CodeIgniter\Database\BaseConnection->query('SELECT `p`.`id_penempatan_magang`, `p`.`status_penempatan`, `m`.`nama_mahasiswa`, `m`.`nim`, `ip`.`instansi_pendidikan`, `pr`.`prodi`, `pm`.`tgl_mulai`, `pm`.`tgl_selesai`
FROM `t_penempatan_magang` `p`
JOIN `t_permohonan_magang` `pm` ON `pm`.`id_permohonan_magang` = `p`.`id_permohonan_magang`
JOIN `m_mahasiswa` `m` ON `m`.`id_mahasiswa` = `pm`.`id_mahasiswa`
JOIN `t_instansi_mahasiswa` `im` ON `im`.`id_instansi_mahasiswa` = `pm`.`id_instansi_mahasiswa`
JOIN `m_instansi_pendidikan` `ip` ON `ip`.`id_instansi_pendidikan` = `im`.`id_instansi_pendidikan`
JOIN `m_prodi` `pr` ON `pr`.`id_prodi` = `im`.`id_prodi`
WHERE `p`.`id_bidang` = :p.id_bidang:
AND   (
`p`.`status_penempatan` = :p.status_penempatan:
OR `p`.`status_penempatan` = :p.status_penempatan.1:
 )
ORDER BY `p`.`updated_at` DESC', [...], false)
 5 APPPATH\Controllers\Kabid\C_RiwayatKabid.php(28): CodeIgniter\Database\BaseBuilder->get()
 6 SYSTEMPATH\CodeIgniter.php(974): App\Controllers\Kabid\C_RiwayatKabid->index()
 7 SYSTEMPATH\CodeIgniter.php(520): CodeIgniter\CodeIgniter->runController(Object(App\Controllers\Kabid\C_RiwayatKabid))
 8 SYSTEMPATH\CodeIgniter.php(363): CodeIgniter\CodeIgniter->handleRequest(null, Object(Config\Cache), false)
 9 SYSTEMPATH\Boot.php(417): CodeIgniter\CodeIgniter->run()
10 SYSTEMPATH\Boot.php(68): CodeIgniter\Boot::runCodeIgniter(Object(CodeIgniter\CodeIgniter))
11 FCPATH\index.php(59): CodeIgniter\Boot::bootWeb(Object(Config\Paths))
12 SYSTEMPATH\rewrite.php(44): require_once('C:\\Users\\lenovo\\Downloads\\Projectmagang_antigravity\\public\\index.php')
CRITICAL - 2026-07-26 04:38:00 --> CodeIgniter\Database\Exceptions\DatabaseException: Unknown column 'p.id_permohonan_magang' in 'on clause'
[Method: GET, Route: kabid/riwayat]
in SYSTEMPATH\Database\BaseConnection.php on line 863.
 1 SYSTEMPATH\Database\BaseBuilder.php(1647): CodeIgniter\Database\BaseConnection->query('SELECT `p`.`id_penempatan_magang`, `p`.`status_penempatan`, `m`.`nama_mahasiswa`, `m`.`nim`, `ip`.`instansi_pendidikan`, `pr`.`prodi`, `pm`.`tgl_mulai`, `pm`.`tgl_selesai`
FROM `t_penempatan_magang` `p`
JOIN `t_permohonan_magang` `pm` ON `pm`.`id_permohonan_magang` = `p`.`id_permohonan_magang`
JOIN `m_mahasiswa` `m` ON `m`.`id_mahasiswa` = `pm`.`id_mahasiswa`
JOIN `t_instansi_mahasiswa` `im` ON `im`.`id_instansi_mahasiswa` = `pm`.`id_instansi_mahasiswa`
JOIN `m_instansi_pendidikan` `ip` ON `ip`.`id_instansi_pendidikan` = `im`.`id_instansi_pendidikan`
JOIN `m_prodi` `pr` ON `pr`.`id_prodi` = `im`.`id_prodi`
WHERE `p`.`id_bidang` = :p.id_bidang:
AND   (
`p`.`status_penempatan` = :p.status_penempatan:
OR `p`.`status_penempatan` = :p.status_penempatan.1:
 )
ORDER BY `p`.`updated_at` DESC', [...], false)
 2 APPPATH\Controllers\Kabid\C_RiwayatKabid.php(28): CodeIgniter\Database\BaseBuilder->get()
 3 SYSTEMPATH\CodeIgniter.php(974): App\Controllers\Kabid\C_RiwayatKabid->index()
 4 SYSTEMPATH\CodeIgniter.php(520): CodeIgniter\CodeIgniter->runController(Object(App\Controllers\Kabid\C_RiwayatKabid))
 5 SYSTEMPATH\CodeIgniter.php(363): CodeIgniter\CodeIgniter->handleRequest(null, Object(Config\Cache), false)
 6 SYSTEMPATH\Boot.php(417): CodeIgniter\CodeIgniter->run()
 7 SYSTEMPATH\Boot.php(68): CodeIgniter\Boot::runCodeIgniter(Object(CodeIgniter\CodeIgniter))
 8 FCPATH\index.php(59): CodeIgniter\Boot::bootWeb(Object(Config\Paths))
 9 SYSTEMPATH\rewrite.php(44): require_once('C:\\Users\\lenovo\\Downloads\\Projectmagang_antigravity\\public\\index.php')
CRITICAL - 2026-07-26 04:38:00 --> [Caused by] CodeIgniter\Database\Exceptions\DatabaseException: Unknown column 'p.id_permohonan_magang' in 'on clause'
in SYSTEMPATH\Database\MySQLi\Connection.php on line 310.
 1 SYSTEMPATH\Database\BaseConnection.php(908): CodeIgniter\Database\MySQLi\Connection->execute('SELECT `p`.`id_penempatan_magang`, `p`.`status_penempatan`, `m`.`nama_mahasiswa`, `m`.`nim`, `ip`.`instansi_pendidikan`, `pr`.`prodi`, `pm`.`tgl_mulai`, `pm`.`tgl_selesai`
FROM `t_penempatan_magang` `p`
JOIN `t_permohonan_magang` `pm` ON `pm`.`id_permohonan_magang` = `p`.`id_permohonan_magang`
JOIN `m_mahasiswa` `m` ON `m`.`id_mahasiswa` = `pm`.`id_mahasiswa`
JOIN `t_instansi_mahasiswa` `im` ON `im`.`id_instansi_mahasiswa` = `pm`.`id_instansi_mahasiswa`
JOIN `m_instansi_pendidikan` `ip` ON `ip`.`id_instansi_pendidikan` = `im`.`id_instansi_pendidikan`
JOIN `m_prodi` `pr` ON `pr`.`id_prodi` = `im`.`id_prodi`
WHERE `p`.`id_bidang` = \'5\'
AND   (
`p`.`status_penempatan` = \'SELESAI\'
OR `p`.`status_penempatan` = \'DIBATALKAN\'
 )
ORDER BY `p`.`updated_at` DESC')
 2 SYSTEMPATH\Database\BaseConnection.php(825): CodeIgniter\Database\BaseConnection->simpleQuery('SELECT `p`.`id_penempatan_magang`, `p`.`status_penempatan`, `m`.`nama_mahasiswa`, `m`.`nim`, `ip`.`instansi_pendidikan`, `pr`.`prodi`, `pm`.`tgl_mulai`, `pm`.`tgl_selesai`
FROM `t_penempatan_magang` `p`
JOIN `t_permohonan_magang` `pm` ON `pm`.`id_permohonan_magang` = `p`.`id_permohonan_magang`
JOIN `m_mahasiswa` `m` ON `m`.`id_mahasiswa` = `pm`.`id_mahasiswa`
JOIN `t_instansi_mahasiswa` `im` ON `im`.`id_instansi_mahasiswa` = `pm`.`id_instansi_mahasiswa`
JOIN `m_instansi_pendidikan` `ip` ON `ip`.`id_instansi_pendidikan` = `im`.`id_instansi_pendidikan`
JOIN `m_prodi` `pr` ON `pr`.`id_prodi` = `im`.`id_prodi`
WHERE `p`.`id_bidang` = \'5\'
AND   (
`p`.`status_penempatan` = \'SELESAI\'
OR `p`.`status_penempatan` = \'DIBATALKAN\'
 )
ORDER BY `p`.`updated_at` DESC')
 3 SYSTEMPATH\Database\BaseBuilder.php(1647): CodeIgniter\Database\BaseConnection->query('SELECT `p`.`id_penempatan_magang`, `p`.`status_penempatan`, `m`.`nama_mahasiswa`, `m`.`nim`, `ip`.`instansi_pendidikan`, `pr`.`prodi`, `pm`.`tgl_mulai`, `pm`.`tgl_selesai`
FROM `t_penempatan_magang` `p`
JOIN `t_permohonan_magang` `pm` ON `pm`.`id_permohonan_magang` = `p`.`id_permohonan_magang`
JOIN `m_mahasiswa` `m` ON `m`.`id_mahasiswa` = `pm`.`id_mahasiswa`
JOIN `t_instansi_mahasiswa` `im` ON `im`.`id_instansi_mahasiswa` = `pm`.`id_instansi_mahasiswa`
JOIN `m_instansi_pendidikan` `ip` ON `ip`.`id_instansi_pendidikan` = `im`.`id_instansi_pendidikan`
JOIN `m_prodi` `pr` ON `pr`.`id_prodi` = `im`.`id_prodi`
WHERE `p`.`id_bidang` = :p.id_bidang:
AND   (
`p`.`status_penempatan` = :p.status_penempatan:
OR `p`.`status_penempatan` = :p.status_penempatan.1:
 )
ORDER BY `p`.`updated_at` DESC', [...], false)
 4 APPPATH\Controllers\Kabid\C_RiwayatKabid.php(28): CodeIgniter\Database\BaseBuilder->get()
 5 SYSTEMPATH\CodeIgniter.php(974): App\Controllers\Kabid\C_RiwayatKabid->index()
 6 SYSTEMPATH\CodeIgniter.php(520): CodeIgniter\CodeIgniter->runController(Object(App\Controllers\Kabid\C_RiwayatKabid))
 7 SYSTEMPATH\CodeIgniter.php(363): CodeIgniter\CodeIgniter->handleRequest(null, Object(Config\Cache), false)
 8 SYSTEMPATH\Boot.php(417): CodeIgniter\CodeIgniter->run()
 9 SYSTEMPATH\Boot.php(68): CodeIgniter\Boot::runCodeIgniter(Object(CodeIgniter\CodeIgniter))
10 FCPATH\index.php(59): CodeIgniter\Boot::bootWeb(Object(Config\Paths))
11 SYSTEMPATH\rewrite.php(44): require_once('C:\\Users\\lenovo\\Downloads\\Projectmagang_antigravity\\public\\index.php')
CRITICAL - 2026-07-26 04:38:00 --> [Caused by] mysqli_sql_exception: Unknown column 'p.id_permohonan_magang' in 'on clause'
in SYSTEMPATH\Database\MySQLi\Connection.php on line 300.
 1 SYSTEMPATH\Database\MySQLi\Connection.php(300): mysqli->query('SELECT `p`.`id_penempatan_magang`, `p`.`status_penempatan`, `m`.`nama_mahasiswa`, `m`.`nim`, `ip`.`instansi_pendidikan`, `pr`.`prodi`, `pm`.`tgl_mulai`, `pm`.`tgl_selesai`
FROM `t_penempatan_magang` `p`
JOIN `t_permohonan_magang` `pm` ON `pm`.`id_permohonan_magang` = `p`.`id_permohonan_magang`
JOIN `m_mahasiswa` `m` ON `m`.`id_mahasiswa` = `pm`.`id_mahasiswa`
JOIN `t_instansi_mahasiswa` `im` ON `im`.`id_instansi_mahasiswa` = `pm`.`id_instansi_mahasiswa`
JOIN `m_instansi_pendidikan` `ip` ON `ip`.`id_instansi_pendidikan` = `im`.`id_instansi_pendidikan`
JOIN `m_prodi` `pr` ON `pr`.`id_prodi` = `im`.`id_prodi`
WHERE `p`.`id_bidang` = \'5\'
AND   (
`p`.`status_penempatan` = \'SELESAI\'
OR `p`.`status_penempatan` = \'DIBATALKAN\'
 )
ORDER BY `p`.`updated_at` DESC', 0)
 2 SYSTEMPATH\Database\BaseConnection.php(908): CodeIgniter\Database\MySQLi\Connection->execute('SELECT `p`.`id_penempatan_magang`, `p`.`status_penempatan`, `m`.`nama_mahasiswa`, `m`.`nim`, `ip`.`instansi_pendidikan`, `pr`.`prodi`, `pm`.`tgl_mulai`, `pm`.`tgl_selesai`
FROM `t_penempatan_magang` `p`
JOIN `t_permohonan_magang` `pm` ON `pm`.`id_permohonan_magang` = `p`.`id_permohonan_magang`
JOIN `m_mahasiswa` `m` ON `m`.`id_mahasiswa` = `pm`.`id_mahasiswa`
JOIN `t_instansi_mahasiswa` `im` ON `im`.`id_instansi_mahasiswa` = `pm`.`id_instansi_mahasiswa`
JOIN `m_instansi_pendidikan` `ip` ON `ip`.`id_instansi_pendidikan` = `im`.`id_instansi_pendidikan`
JOIN `m_prodi` `pr` ON `pr`.`id_prodi` = `im`.`id_prodi`
WHERE `p`.`id_bidang` = \'5\'
AND   (
`p`.`status_penempatan` = \'SELESAI\'
OR `p`.`status_penempatan` = \'DIBATALKAN\'
 )
ORDER BY `p`.`updated_at` DESC')
 3 SYSTEMPATH\Database\BaseConnection.php(825): CodeIgniter\Database\BaseConnection->simpleQuery('SELECT `p`.`id_penempatan_magang`, `p`.`status_penempatan`, `m`.`nama_mahasiswa`, `m`.`nim`, `ip`.`instansi_pendidikan`, `pr`.`prodi`, `pm`.`tgl_mulai`, `pm`.`tgl_selesai`
FROM `t_penempatan_magang` `p`
JOIN `t_permohonan_magang` `pm` ON `pm`.`id_permohonan_magang` = `p`.`id_permohonan_magang`
JOIN `m_mahasiswa` `m` ON `m`.`id_mahasiswa` = `pm`.`id_mahasiswa`
JOIN `t_instansi_mahasiswa` `im` ON `im`.`id_instansi_mahasiswa` = `pm`.`id_instansi_mahasiswa`
JOIN `m_instansi_pendidikan` `ip` ON `ip`.`id_instansi_pendidikan` = `im`.`id_instansi_pendidikan`
JOIN `m_prodi` `pr` ON `pr`.`id_prodi` = `im`.`id_prodi`
WHERE `p`.`id_bidang` = \'5\'
AND   (
`p`.`status_penempatan` = \'SELESAI\'
OR `p`.`status_penempatan` = \'DIBATALKAN\'
 )
ORDER BY `p`.`updated_at` DESC')
 4 SYSTEMPATH\Database\BaseBuilder.php(1647): CodeIgniter\Database\BaseConnection->query('SELECT `p`.`id_penempatan_magang`, `p`.`status_penempatan`, `m`.`nama_mahasiswa`, `m`.`nim`, `ip`.`instansi_pendidikan`, `pr`.`prodi`, `pm`.`tgl_mulai`, `pm`.`tgl_selesai`
FROM `t_penempatan_magang` `p`
JOIN `t_permohonan_magang` `pm` ON `pm`.`id_permohonan_magang` = `p`.`id_permohonan_magang`
JOIN `m_mahasiswa` `m` ON `m`.`id_mahasiswa` = `pm`.`id_mahasiswa`
JOIN `t_instansi_mahasiswa` `im` ON `im`.`id_instansi_mahasiswa` = `pm`.`id_instansi_mahasiswa`
JOIN `m_instansi_pendidikan` `ip` ON `ip`.`id_instansi_pendidikan` = `im`.`id_instansi_pendidikan`
JOIN `m_prodi` `pr` ON `pr`.`id_prodi` = `im`.`id_prodi`
WHERE `p`.`id_bidang` = :p.id_bidang:
AND   (
`p`.`status_penempatan` = :p.status_penempatan:
OR `p`.`status_penempatan` = :p.status_penempatan.1:
 )
ORDER BY `p`.`updated_at` DESC', [...], false)
 5 APPPATH\Controllers\Kabid\C_RiwayatKabid.php(28): CodeIgniter\Database\BaseBuilder->get()
 6 SYSTEMPATH\CodeIgniter.php(974): App\Controllers\Kabid\C_RiwayatKabid->index()
 7 SYSTEMPATH\CodeIgniter.php(520): CodeIgniter\CodeIgniter->runController(Object(App\Controllers\Kabid\C_RiwayatKabid))
 8 SYSTEMPATH\CodeIgniter.php(363): CodeIgniter\CodeIgniter->handleRequest(null, Object(Config\Cache), false)
 9 SYSTEMPATH\Boot.php(417): CodeIgniter\CodeIgniter->run()
10 SYSTEMPATH\Boot.php(68): CodeIgniter\Boot::runCodeIgniter(Object(CodeIgniter\CodeIgniter))
11 FCPATH\index.php(59): CodeIgniter\Boot::bootWeb(Object(Config\Paths))
12 SYSTEMPATH\rewrite.php(44): require_once('C:\\Users\\lenovo\\Downloads\\Projectmagang_antigravity\\public\\index.php')
DEBUG - 2026-07-26 04:38:13 --> Session: Class initialized using 'CodeIgniter\Session\Handlers\FileHandler' driver.
DEBUG - 2026-07-26 05:05:07 --> Session: Class initialized using 'CodeIgniter\Session\Handlers\FileHandler' driver.
DEBUG - 2026-07-26 05:05:13 --> Session: Class initialized using 'CodeIgniter\Session\Handlers\FileHandler' driver.
DEBUG - 2026-07-26 05:05:15 --> Session: Class initialized using 'CodeIgniter\Session\Handlers\FileHandler' driver.
DEBUG - 2026-07-26 05:05:17 --> Session: Class initialized using 'CodeIgniter\Session\Handlers\FileHandler' driver.
ERROR - 2026-07-26 05:05:17 --> Unknown column 'p.id_permohonan_magang' in 'on clause'
in SYSTEMPATH\Database\MySQLi\Connection.php on line 300.
 1 SYSTEMPATH\Database\MySQLi\Connection.php(300): mysqli->query('SELECT `p`.`id_penempatan_magang`, `m`.`nama_mahasiswa`, `m`.`nim`, `ip`.`instansi_pendidikan`, `pr`.`prodi`, `pm`.`tgl_mulai`, `pm`.`tgl_selesai`
FROM `t_penempatan_magang` `p`
JOIN `t_permohonan_magang` `pm` ON `pm`.`id_permohonan_magang` = `p`.`id_permohonan_magang`
JOIN `m_mahasiswa` `m` ON `m`.`id_mahasiswa` = `pm`.`id_mahasiswa`
JOIN `t_instansi_mahasiswa` `im` ON `im`.`id_instansi_mahasiswa` = `pm`.`id_instansi_mahasiswa`
JOIN `m_instansi_pendidikan` `ip` ON `ip`.`id_instansi_pendidikan` = `im`.`id_instansi_pendidikan`
JOIN `m_prodi` `pr` ON `pr`.`id_prodi` = `im`.`id_prodi`
WHERE `p`.`id_bidang` = \'5\'
AND `p`.`status_penempatan` = \'BERJALAN\'', 0)
 2 SYSTEMPATH\Database\BaseConnection.php(908): CodeIgniter\Database\MySQLi\Connection->execute('SELECT `p`.`id_penempatan_magang`, `m`.`nama_mahasiswa`, `m`.`nim`, `ip`.`instansi_pendidikan`, `pr`.`prodi`, `pm`.`tgl_mulai`, `pm`.`tgl_selesai`
FROM `t_penempatan_magang` `p`
JOIN `t_permohonan_magang` `pm` ON `pm`.`id_permohonan_magang` = `p`.`id_permohonan_magang`
JOIN `m_mahasiswa` `m` ON `m`.`id_mahasiswa` = `pm`.`id_mahasiswa`
JOIN `t_instansi_mahasiswa` `im` ON `im`.`id_instansi_mahasiswa` = `pm`.`id_instansi_mahasiswa`
JOIN `m_instansi_pendidikan` `ip` ON `ip`.`id_instansi_pendidikan` = `im`.`id_instansi_pendidikan`
JOIN `m_prodi` `pr` ON `pr`.`id_prodi` = `im`.`id_prodi`
WHERE `p`.`id_bidang` = \'5\'
AND `p`.`status_penempatan` = \'BERJALAN\'')
 3 SYSTEMPATH\Database\BaseConnection.php(825): CodeIgniter\Database\BaseConnection->simpleQuery('SELECT `p`.`id_penempatan_magang`, `m`.`nama_mahasiswa`, `m`.`nim`, `ip`.`instansi_pendidikan`, `pr`.`prodi`, `pm`.`tgl_mulai`, `pm`.`tgl_selesai`
FROM `t_penempatan_magang` `p`
JOIN `t_permohonan_magang` `pm` ON `pm`.`id_permohonan_magang` = `p`.`id_permohonan_magang`
JOIN `m_mahasiswa` `m` ON `m`.`id_mahasiswa` = `pm`.`id_mahasiswa`
JOIN `t_instansi_mahasiswa` `im` ON `im`.`id_instansi_mahasiswa` = `pm`.`id_instansi_mahasiswa`
JOIN `m_instansi_pendidikan` `ip` ON `ip`.`id_instansi_pendidikan` = `im`.`id_instansi_pendidikan`
JOIN `m_prodi` `pr` ON `pr`.`id_prodi` = `im`.`id_prodi`
WHERE `p`.`id_bidang` = \'5\'
AND `p`.`status_penempatan` = \'BERJALAN\'')
 4 SYSTEMPATH\Database\BaseBuilder.php(1647): CodeIgniter\Database\BaseConnection->query('SELECT `p`.`id_penempatan_magang`, `m`.`nama_mahasiswa`, `m`.`nim`, `ip`.`instansi_pendidikan`, `pr`.`prodi`, `pm`.`tgl_mulai`, `pm`.`tgl_selesai`
FROM `t_penempatan_magang` `p`
JOIN `t_permohonan_magang` `pm` ON `pm`.`id_permohonan_magang` = `p`.`id_permohonan_magang`
JOIN `m_mahasiswa` `m` ON `m`.`id_mahasiswa` = `pm`.`id_mahasiswa`
JOIN `t_instansi_mahasiswa` `im` ON `im`.`id_instansi_mahasiswa` = `pm`.`id_instansi_mahasiswa`
JOIN `m_instansi_pendidikan` `ip` ON `ip`.`id_instansi_pendidikan` = `im`.`id_instansi_pendidikan`
JOIN `m_prodi` `pr` ON `pr`.`id_prodi` = `im`.`id_prodi`
WHERE `p`.`id_bidang` = :p.id_bidang:
AND `p`.`status_penempatan` = :p.status_penempatan:', [...], false)
 5 APPPATH\Models\Kabid\M_LogbookKabid.php(24): CodeIgniter\Database\BaseBuilder->get()
 6 APPPATH\Controllers\Kabid\C_LogbookKabid.php(23): App\Models\Kabid\M_LogbookKabid->getActiveMahasiswa('5')
 7 SYSTEMPATH\CodeIgniter.php(974): App\Controllers\Kabid\C_LogbookKabid->index()
 8 SYSTEMPATH\CodeIgniter.php(520): CodeIgniter\CodeIgniter->runController(Object(App\Controllers\Kabid\C_LogbookKabid))
 9 SYSTEMPATH\CodeIgniter.php(363): CodeIgniter\CodeIgniter->handleRequest(null, Object(Config\Cache), false)
10 SYSTEMPATH\Boot.php(417): CodeIgniter\CodeIgniter->run()
11 SYSTEMPATH\Boot.php(68): CodeIgniter\Boot::runCodeIgniter(Object(CodeIgniter\CodeIgniter))
12 FCPATH\index.php(59): CodeIgniter\Boot::bootWeb(Object(Config\Paths))
13 SYSTEMPATH\rewrite.php(44): require_once('C:\\Users\\lenovo\\Downloads\\Projectmagang_antigravity\\public\\index.php')
CRITICAL - 2026-07-26 05:05:17 --> CodeIgniter\Database\Exceptions\DatabaseException: Unknown column 'p.id_permohonan_magang' in 'on clause'
[Method: GET, Route: kabid/logbook]
in SYSTEMPATH\Database\BaseConnection.php on line 863.
 1 SYSTEMPATH\Database\BaseBuilder.php(1647): CodeIgniter\Database\BaseConnection->query('SELECT `p`.`id_penempatan_magang`, `m`.`nama_mahasiswa`, `m`.`nim`, `ip`.`instansi_pendidikan`, `pr`.`prodi`, `pm`.`tgl_mulai`, `pm`.`tgl_selesai`
FROM `t_penempatan_magang` `p`
JOIN `t_permohonan_magang` `pm` ON `pm`.`id_permohonan_magang` = `p`.`id_permohonan_magang`
JOIN `m_mahasiswa` `m` ON `m`.`id_mahasiswa` = `pm`.`id_mahasiswa`
JOIN `t_instansi_mahasiswa` `im` ON `im`.`id_instansi_mahasiswa` = `pm`.`id_instansi_mahasiswa`
JOIN `m_instansi_pendidikan` `ip` ON `ip`.`id_instansi_pendidikan` = `im`.`id_instansi_pendidikan`
JOIN `m_prodi` `pr` ON `pr`.`id_prodi` = `im`.`id_prodi`
WHERE `p`.`id_bidang` = :p.id_bidang:
AND `p`.`status_penempatan` = :p.status_penempatan:', [...], false)
 2 APPPATH\Models\Kabid\M_LogbookKabid.php(24): CodeIgniter\Database\BaseBuilder->get()
 3 APPPATH\Controllers\Kabid\C_LogbookKabid.php(23): App\Models\Kabid\M_LogbookKabid->getActiveMahasiswa('5')
 4 SYSTEMPATH\CodeIgniter.php(974): App\Controllers\Kabid\C_LogbookKabid->index()
 5 SYSTEMPATH\CodeIgniter.php(520): CodeIgniter\CodeIgniter->runController(Object(App\Controllers\Kabid\C_LogbookKabid))
 6 SYSTEMPATH\CodeIgniter.php(363): CodeIgniter\CodeIgniter->handleRequest(null, Object(Config\Cache), false)
 7 SYSTEMPATH\Boot.php(417): CodeIgniter\CodeIgniter->run()
 8 SYSTEMPATH\Boot.php(68): CodeIgniter\Boot::runCodeIgniter(Object(CodeIgniter\CodeIgniter))
 9 FCPATH\index.php(59): CodeIgniter\Boot::bootWeb(Object(Config\Paths))
10 SYSTEMPATH\rewrite.php(44): require_once('C:\\Users\\lenovo\\Downloads\\Projectmagang_antigravity\\public\\index.php')
CRITICAL - 2026-07-26 05:05:17 --> [Caused by] CodeIgniter\Database\Exceptions\DatabaseException: Unknown column 'p.id_permohonan_magang' in 'on clause'
in SYSTEMPATH\Database\MySQLi\Connection.php on line 310.
 1 SYSTEMPATH\Database\BaseConnection.php(908): CodeIgniter\Database\MySQLi\Connection->execute('SELECT `p`.`id_penempatan_magang`, `m`.`nama_mahasiswa`, `m`.`nim`, `ip`.`instansi_pendidikan`, `pr`.`prodi`, `pm`.`tgl_mulai`, `pm`.`tgl_selesai`
FROM `t_penempatan_magang` `p`
JOIN `t_permohonan_magang` `pm` ON `pm`.`id_permohonan_magang` = `p`.`id_permohonan_magang`
JOIN `m_mahasiswa` `m` ON `m`.`id_mahasiswa` = `pm`.`id_mahasiswa`
JOIN `t_instansi_mahasiswa` `im` ON `im`.`id_instansi_mahasiswa` = `pm`.`id_instansi_mahasiswa`
JOIN `m_instansi_pendidikan` `ip` ON `ip`.`id_instansi_pendidikan` = `im`.`id_instansi_pendidikan`
JOIN `m_prodi` `pr` ON `pr`.`id_prodi` = `im`.`id_prodi`
WHERE `p`.`id_bidang` = \'5\'
AND `p`.`status_penempatan` = \'BERJALAN\'')
 2 SYSTEMPATH\Database\BaseConnection.php(825): CodeIgniter\Database\BaseConnection->simpleQuery('SELECT `p`.`id_penempatan_magang`, `m`.`nama_mahasiswa`, `m`.`nim`, `ip`.`instansi_pendidikan`, `pr`.`prodi`, `pm`.`tgl_mulai`, `pm`.`tgl_selesai`
FROM `t_penempatan_magang` `p`
JOIN `t_permohonan_magang` `pm` ON `pm`.`id_permohonan_magang` = `p`.`id_permohonan_magang`
JOIN `m_mahasiswa` `m` ON `m`.`id_mahasiswa` = `pm`.`id_mahasiswa`
JOIN `t_instansi_mahasiswa` `im` ON `im`.`id_instansi_mahasiswa` = `pm`.`id_instansi_mahasiswa`
JOIN `m_instansi_pendidikan` `ip` ON `ip`.`id_instansi_pendidikan` = `im`.`id_instansi_pendidikan`
JOIN `m_prodi` `pr` ON `pr`.`id_prodi` = `im`.`id_prodi`
WHERE `p`.`id_bidang` = \'5\'
AND `p`.`status_penempatan` = \'BERJALAN\'')
 3 SYSTEMPATH\Database\BaseBuilder.php(1647): CodeIgniter\Database\BaseConnection->query('SELECT `p`.`id_penempatan_magang`, `m`.`nama_mahasiswa`, `m`.`nim`, `ip`.`instansi_pendidikan`, `pr`.`prodi`, `pm`.`tgl_mulai`, `pm`.`tgl_selesai`
FROM `t_penempatan_magang` `p`
JOIN `t_permohonan_magang` `pm` ON `pm`.`id_permohonan_magang` = `p`.`id_permohonan_magang`
JOIN `m_mahasiswa` `m` ON `m`.`id_mahasiswa` = `pm`.`id_mahasiswa`
JOIN `t_instansi_mahasiswa` `im` ON `im`.`id_instansi_mahasiswa` = `pm`.`id_instansi_mahasiswa`
JOIN `m_instansi_pendidikan` `ip` ON `ip`.`id_instansi_pendidikan` = `im`.`id_instansi_pendidikan`
JOIN `m_prodi` `pr` ON `pr`.`id_prodi` = `im`.`id_prodi`
WHERE `p`.`id_bidang` = :p.id_bidang:
AND `p`.`status_penempatan` = :p.status_penempatan:', [...], false)
 4 APPPATH\Models\Kabid\M_LogbookKabid.php(24): CodeIgniter\Database\BaseBuilder->get()
 5 APPPATH\Controllers\Kabid\C_LogbookKabid.php(23): App\Models\Kabid\M_LogbookKabid->getActiveMahasiswa('5')
 6 SYSTEMPATH\CodeIgniter.php(974): App\Controllers\Kabid\C_LogbookKabid->index()
 7 SYSTEMPATH\CodeIgniter.php(520): CodeIgniter\CodeIgniter->runController(Object(App\Controllers\Kabid\C_LogbookKabid))
 8 SYSTEMPATH\CodeIgniter.php(363): CodeIgniter\CodeIgniter->handleRequest(null, Object(Config\Cache), false)
 9 SYSTEMPATH\Boot.php(417): CodeIgniter\CodeIgniter->run()
10 SYSTEMPATH\Boot.php(68): CodeIgniter\Boot::runCodeIgniter(Object(CodeIgniter\CodeIgniter))
11 FCPATH\index.php(59): CodeIgniter\Boot::bootWeb(Object(Config\Paths))
12 SYSTEMPATH\rewrite.php(44): require_once('C:\\Users\\lenovo\\Downloads\\Projectmagang_antigravity\\public\\index.php')
CRITICAL - 2026-07-26 05:05:17 --> [Caused by] mysqli_sql_exception: Unknown column 'p.id_permohonan_magang' in 'on clause'
in SYSTEMPATH\Database\MySQLi\Connection.php on line 300.
 1 SYSTEMPATH\Database\MySQLi\Connection.php(300): mysqli->query('SELECT `p`.`id_penempatan_magang`, `m`.`nama_mahasiswa`, `m`.`nim`, `ip`.`instansi_pendidikan`, `pr`.`prodi`, `pm`.`tgl_mulai`, `pm`.`tgl_selesai`
FROM `t_penempatan_magang` `p`
JOIN `t_permohonan_magang` `pm` ON `pm`.`id_permohonan_magang` = `p`.`id_permohonan_magang`
JOIN `m_mahasiswa` `m` ON `m`.`id_mahasiswa` = `pm`.`id_mahasiswa`
JOIN `t_instansi_mahasiswa` `im` ON `im`.`id_instansi_mahasiswa` = `pm`.`id_instansi_mahasiswa`
JOIN `m_instansi_pendidikan` `ip` ON `ip`.`id_instansi_pendidikan` = `im`.`id_instansi_pendidikan`
JOIN `m_prodi` `pr` ON `pr`.`id_prodi` = `im`.`id_prodi`
WHERE `p`.`id_bidang` = \'5\'
AND `p`.`status_penempatan` = \'BERJALAN\'', 0)
 2 SYSTEMPATH\Database\BaseConnection.php(908): CodeIgniter\Database\MySQLi\Connection->execute('SELECT `p`.`id_penempatan_magang`, `m`.`nama_mahasiswa`, `m`.`nim`, `ip`.`instansi_pendidikan`, `pr`.`prodi`, `pm`.`tgl_mulai`, `pm`.`tgl_selesai`
FROM `t_penempatan_magang` `p`
JOIN `t_permohonan_magang` `pm` ON `pm`.`id_permohonan_magang` = `p`.`id_permohonan_magang`
JOIN `m_mahasiswa` `m` ON `m`.`id_mahasiswa` = `pm`.`id_mahasiswa`
JOIN `t_instansi_mahasiswa` `im` ON `im`.`id_instansi_mahasiswa` = `pm`.`id_instansi_mahasiswa`
JOIN `m_instansi_pendidikan` `ip` ON `ip`.`id_instansi_pendidikan` = `im`.`id_instansi_pendidikan`
JOIN `m_prodi` `pr` ON `pr`.`id_prodi` = `im`.`id_prodi`
WHERE `p`.`id_bidang` = \'5\'
AND `p`.`status_penempatan` = \'BERJALAN\'')
 3 SYSTEMPATH\Database\BaseConnection.php(825): CodeIgniter\Database\BaseConnection->simpleQuery('SELECT `p`.`id_penempatan_magang`, `m`.`nama_mahasiswa`, `m`.`nim`, `ip`.`instansi_pendidikan`, `pr`.`prodi`, `pm`.`tgl_mulai`, `pm`.`tgl_selesai`
FROM `t_penempatan_magang` `p`
JOIN `t_permohonan_magang` `pm` ON `pm`.`id_permohonan_magang` = `p`.`id_permohonan_magang`
JOIN `m_mahasiswa` `m` ON `m`.`id_mahasiswa` = `pm`.`id_mahasiswa`
JOIN `t_instansi_mahasiswa` `im` ON `im`.`id_instansi_mahasiswa` = `pm`.`id_instansi_mahasiswa`
JOIN `m_instansi_pendidikan` `ip` ON `ip`.`id_instansi_pendidikan` = `im`.`id_instansi_pendidikan`
JOIN `m_prodi` `pr` ON `pr`.`id_prodi` = `im`.`id_prodi`
WHERE `p`.`id_bidang` = \'5\'
AND `p`.`status_penempatan` = \'BERJALAN\'')
 4 SYSTEMPATH\Database\BaseBuilder.php(1647): CodeIgniter\Database\BaseConnection->query('SELECT `p`.`id_penempatan_magang`, `m`.`nama_mahasiswa`, `m`.`nim`, `ip`.`instansi_pendidikan`, `pr`.`prodi`, `pm`.`tgl_mulai`, `pm`.`tgl_selesai`
FROM `t_penempatan_magang` `p`
JOIN `t_permohonan_magang` `pm` ON `pm`.`id_permohonan_magang` = `p`.`id_permohonan_magang`
JOIN `m_mahasiswa` `m` ON `m`.`id_mahasiswa` = `pm`.`id_mahasiswa`
JOIN `t_instansi_mahasiswa` `im` ON `im`.`id_instansi_mahasiswa` = `pm`.`id_instansi_mahasiswa`
JOIN `m_instansi_pendidikan` `ip` ON `ip`.`id_instansi_pendidikan` = `im`.`id_instansi_pendidikan`
JOIN `m_prodi` `pr` ON `pr`.`id_prodi` = `im`.`id_prodi`
WHERE `p`.`id_bidang` = :p.id_bidang:
AND `p`.`status_penempatan` = :p.status_penempatan:', [...], false)
 5 APPPATH\Models\Kabid\M_LogbookKabid.php(24): CodeIgniter\Database\BaseBuilder->get()
 6 APPPATH\Controllers\Kabid\C_LogbookKabid.php(23): App\Models\Kabid\M_LogbookKabid->getActiveMahasiswa('5')
 7 SYSTEMPATH\CodeIgniter.php(974): App\Controllers\Kabid\C_LogbookKabid->index()
 8 SYSTEMPATH\CodeIgniter.php(520): CodeIgniter\CodeIgniter->runController(Object(App\Controllers\Kabid\C_LogbookKabid))
 9 SYSTEMPATH\CodeIgniter.php(363): CodeIgniter\CodeIgniter->handleRequest(null, Object(Config\Cache), false)
10 SYSTEMPATH\Boot.php(417): CodeIgniter\CodeIgniter->run()
11 SYSTEMPATH\Boot.php(68): CodeIgniter\Boot::runCodeIgniter(Object(CodeIgniter\CodeIgniter))
12 FCPATH\index.php(59): CodeIgniter\Boot::bootWeb(Object(Config\Paths))
13 SYSTEMPATH\rewrite.php(44): require_once('C:\\Users\\lenovo\\Downloads\\Projectmagang_antigravity\\public\\index.php')
DEBUG - 2026-07-26 05:05:40 --> Session: Class initialized using 'CodeIgniter\Session\Handlers\FileHandler' driver.
DEBUG - 2026-07-26 05:22:10 --> Session: Class initialized using 'CodeIgniter\Session\Handlers\FileHandler' driver.
ERROR - 2026-07-26 05:22:10 --> Unknown column 'mhs.semester' in 'field list'
in SYSTEMPATH\Database\MySQLi\Connection.php on line 300.
 1 SYSTEMPATH\Database\MySQLi\Connection.php(300): mysqli->query('SELECT `pn`.`id_penempatan_magang`, `pn`.`id_bidang`, `pn`.`id_persetujuan_magang`, `pn`.`id_mahasiswa`, `pn`.`catatan`, `pn`.`status_penempatan`, `pn`.`is_log_book`, `pn`.`created_at`, `mhs`.`nim`, `mhs`.`nik`, `mhs`.`nama_mahasiswa`, `mhs`.`jenis_kelamin`, `mhs`.`email`, `mhs`.`no_telp`, `mhs`.`semester`, `bd`.`bidang`, `pm`.`deskripsi_keahlian`, `pm`.`deskripsi_magang`, `pm`.`tgl_mulai`, `pm`.`tgl_selesai`, `pm`.`created_at` as `tgl_pengajuan`, `jp`.`jenis_permohonan`, `ip`.`instansi_pendidikan`, `pr`.`prodi`
FROM `t_penempatan_magang` as `pn`
LEFT JOIN `m_mahasiswa` as `mhs` ON `mhs`.`id_mahasiswa` = `pn`.`id_mahasiswa`
LEFT JOIN `m_bidang` as `bd` ON `bd`.`id_bidang` = `pn`.`id_bidang`
LEFT JOIN `t_persetujuan_magang` as `ps` ON `ps`.`id_persetujuan_magang` = `pn`.`id_persetujuan_magang`
LEFT JOIN `t_permohonan_magang` as `pm` ON `pm`.`id_permohonan_magang` = `ps`.`id_permohonan_magang`
LEFT JOIN `m_jenis_permohonan` as `jp` ON `jp`.`id_jenis_permohonan` = `pm`.`id_jenis_permohonan`
LEFT JOIN `t_instansi_mahasiswa` as `im` ON `im`.`id_instansi_mahasiswa` = `pm`.`id_instansi_mahasiswa`
LEFT JOIN `m_instansi_pendidikan` as `ip` ON `ip`.`id_instansi_pendidikan` = `im`.`id_instansi_pendidikan`
LEFT JOIN `m_prodi` as `pr` ON `pr`.`id_prodi` = `im`.`id_prodi`
WHERE `pn`.`id_bidang` = \'5\'
ORDER BY `pn`.`created_at` DESC', 0)
 2 SYSTEMPATH\Database\BaseConnection.php(908): CodeIgniter\Database\MySQLi\Connection->execute('SELECT `pn`.`id_penempatan_magang`, `pn`.`id_bidang`, `pn`.`id_persetujuan_magang`, `pn`.`id_mahasiswa`, `pn`.`catatan`, `pn`.`status_penempatan`, `pn`.`is_log_book`, `pn`.`created_at`, `mhs`.`nim`, `mhs`.`nik`, `mhs`.`nama_mahasiswa`, `mhs`.`jenis_kelamin`, `mhs`.`email`, `mhs`.`no_telp`, `mhs`.`semester`, `bd`.`bidang`, `pm`.`deskripsi_keahlian`, `pm`.`deskripsi_magang`, `pm`.`tgl_mulai`, `pm`.`tgl_selesai`, `pm`.`created_at` as `tgl_pengajuan`, `jp`.`jenis_permohonan`, `ip`.`instansi_pendidikan`, `pr`.`prodi`
FROM `t_penempatan_magang` as `pn`
LEFT JOIN `m_mahasiswa` as `mhs` ON `mhs`.`id_mahasiswa` = `pn`.`id_mahasiswa`
LEFT JOIN `m_bidang` as `bd` ON `bd`.`id_bidang` = `pn`.`id_bidang`
LEFT JOIN `t_persetujuan_magang` as `ps` ON `ps`.`id_persetujuan_magang` = `pn`.`id_persetujuan_magang`
LEFT JOIN `t_permohonan_magang` as `pm` ON `pm`.`id_permohonan_magang` = `ps`.`id_permohonan_magang`
LEFT JOIN `m_jenis_permohonan` as `jp` ON `jp`.`id_jenis_permohonan` = `pm`.`id_jenis_permohonan`
LEFT JOIN `t_instansi_mahasiswa` as `im` ON `im`.`id_instansi_mahasiswa` = `pm`.`id_instansi_mahasiswa`
LEFT JOIN `m_instansi_pendidikan` as `ip` ON `ip`.`id_instansi_pendidikan` = `im`.`id_instansi_pendidikan`
LEFT JOIN `m_prodi` as `pr` ON `pr`.`id_prodi` = `im`.`id_prodi`
WHERE `pn`.`id_bidang` = \'5\'
ORDER BY `pn`.`created_at` DESC')
 3 SYSTEMPATH\Database\BaseConnection.php(825): CodeIgniter\Database\BaseConnection->simpleQuery('SELECT `pn`.`id_penempatan_magang`, `pn`.`id_bidang`, `pn`.`id_persetujuan_magang`, `pn`.`id_mahasiswa`, `pn`.`catatan`, `pn`.`status_penempatan`, `pn`.`is_log_book`, `pn`.`created_at`, `mhs`.`nim`, `mhs`.`nik`, `mhs`.`nama_mahasiswa`, `mhs`.`jenis_kelamin`, `mhs`.`email`, `mhs`.`no_telp`, `mhs`.`semester`, `bd`.`bidang`, `pm`.`deskripsi_keahlian`, `pm`.`deskripsi_magang`, `pm`.`tgl_mulai`, `pm`.`tgl_selesai`, `pm`.`created_at` as `tgl_pengajuan`, `jp`.`jenis_permohonan`, `ip`.`instansi_pendidikan`, `pr`.`prodi`
FROM `t_penempatan_magang` as `pn`
LEFT JOIN `m_mahasiswa` as `mhs` ON `mhs`.`id_mahasiswa` = `pn`.`id_mahasiswa`
LEFT JOIN `m_bidang` as `bd` ON `bd`.`id_bidang` = `pn`.`id_bidang`
LEFT JOIN `t_persetujuan_magang` as `ps` ON `ps`.`id_persetujuan_magang` = `pn`.`id_persetujuan_magang`
LEFT JOIN `t_permohonan_magang` as `pm` ON `pm`.`id_permohonan_magang` = `ps`.`id_permohonan_magang`
LEFT JOIN `m_jenis_permohonan` as `jp` ON `jp`.`id_jenis_permohonan` = `pm`.`id_jenis_permohonan`
LEFT JOIN `t_instansi_mahasiswa` as `im` ON `im`.`id_instansi_mahasiswa` = `pm`.`id_instansi_mahasiswa`
LEFT JOIN `m_instansi_pendidikan` as `ip` ON `ip`.`id_instansi_pendidikan` = `im`.`id_instansi_pendidikan`
LEFT JOIN `m_prodi` as `pr` ON `pr`.`id_prodi` = `im`.`id_prodi`
WHERE `pn`.`id_bidang` = \'5\'
ORDER BY `pn`.`created_at` DESC')
 4 SYSTEMPATH\Database\BaseBuilder.php(1647): CodeIgniter\Database\BaseConnection->query('SELECT `pn`.`id_penempatan_magang`, `pn`.`id_bidang`, `pn`.`id_persetujuan_magang`, `pn`.`id_mahasiswa`, `pn`.`catatan`, `pn`.`status_penempatan`, `pn`.`is_log_book`, `pn`.`created_at`, `mhs`.`nim`, `mhs`.`nik`, `mhs`.`nama_mahasiswa`, `mhs`.`jenis_kelamin`, `mhs`.`email`, `mhs`.`no_telp`, `mhs`.`semester`, `bd`.`bidang`, `pm`.`deskripsi_keahlian`, `pm`.`deskripsi_magang`, `pm`.`tgl_mulai`, `pm`.`tgl_selesai`, `pm`.`created_at` as `tgl_pengajuan`, `jp`.`jenis_permohonan`, `ip`.`instansi_pendidikan`, `pr`.`prodi`
FROM `t_penempatan_magang` as `pn`
LEFT JOIN `m_mahasiswa` as `mhs` ON `mhs`.`id_mahasiswa` = `pn`.`id_mahasiswa`
LEFT JOIN `m_bidang` as `bd` ON `bd`.`id_bidang` = `pn`.`id_bidang`
LEFT JOIN `t_persetujuan_magang` as `ps` ON `ps`.`id_persetujuan_magang` = `pn`.`id_persetujuan_magang`
LEFT JOIN `t_permohonan_magang` as `pm` ON `pm`.`id_permohonan_magang` = `ps`.`id_permohonan_magang`
LEFT JOIN `m_jenis_permohonan` as `jp` ON `jp`.`id_jenis_permohonan` = `pm`.`id_jenis_permohonan`
LEFT JOIN `t_instansi_mahasiswa` as `im` ON `im`.`id_instansi_mahasiswa` = `pm`.`id_instansi_mahasiswa`
LEFT JOIN `m_instansi_pendidikan` as `ip` ON `ip`.`id_instansi_pendidikan` = `im`.`id_instansi_pendidikan`
LEFT JOIN `m_prodi` as `pr` ON `pr`.`id_prodi` = `im`.`id_prodi`
WHERE `pn`.`id_bidang` = :pn.id_bidang:
ORDER BY `pn`.`created_at` DESC', [...], false)
 5 APPPATH\Models\Kabid\M_Penempatan.php(87): CodeIgniter\Database\BaseBuilder->get()
 6 APPPATH\Controllers\Kabid\C_DisposisiMasuk.php(44): App\Models\Kabid\M_Penempatan->getSemuaPenempatan('5')
 7 SYSTEMPATH\CodeIgniter.php(974): App\Controllers\Kabid\C_DisposisiMasuk->index()
 8 SYSTEMPATH\CodeIgniter.php(520): CodeIgniter\CodeIgniter->runController(Object(App\Controllers\Kabid\C_DisposisiMasuk))
 9 SYSTEMPATH\CodeIgniter.php(363): CodeIgniter\CodeIgniter->handleRequest(null, Object(Config\Cache), false)
10 SYSTEMPATH\Boot.php(417): CodeIgniter\CodeIgniter->run()
11 SYSTEMPATH\Boot.php(68): CodeIgniter\Boot::runCodeIgniter(Object(CodeIgniter\CodeIgniter))
12 FCPATH\index.php(59): CodeIgniter\Boot::bootWeb(Object(Config\Paths))
13 SYSTEMPATH\rewrite.php(44): require_once('C:\\Users\\lenovo\\Downloads\\Projectmagang_antigravity\\public\\index.php')
CRITICAL - 2026-07-26 05:22:10 --> CodeIgniter\Database\Exceptions\DatabaseException: Unknown column 'mhs.semester' in 'field list'
[Method: GET, Route: kabid/disposisi]
in SYSTEMPATH\Database\BaseConnection.php on line 863.
 1 SYSTEMPATH\Database\BaseBuilder.php(1647): CodeIgniter\Database\BaseConnection->query('SELECT `pn`.`id_penempatan_magang`, `pn`.`id_bidang`, `pn`.`id_persetujuan_magang`, `pn`.`id_mahasiswa`, `pn`.`catatan`, `pn`.`status_penempatan`, `pn`.`is_log_book`, `pn`.`created_at`, `mhs`.`nim`, `mhs`.`nik`, `mhs`.`nama_mahasiswa`, `mhs`.`jenis_kelamin`, `mhs`.`email`, `mhs`.`no_telp`, `mhs`.`semester`, `bd`.`bidang`, `pm`.`deskripsi_keahlian`, `pm`.`deskripsi_magang`, `pm`.`tgl_mulai`, `pm`.`tgl_selesai`, `pm`.`created_at` as `tgl_pengajuan`, `jp`.`jenis_permohonan`, `ip`.`instansi_pendidikan`, `pr`.`prodi`
FROM `t_penempatan_magang` as `pn`
LEFT JOIN `m_mahasiswa` as `mhs` ON `mhs`.`id_mahasiswa` = `pn`.`id_mahasiswa`
LEFT JOIN `m_bidang` as `bd` ON `bd`.`id_bidang` = `pn`.`id_bidang`
LEFT JOIN `t_persetujuan_magang` as `ps` ON `ps`.`id_persetujuan_magang` = `pn`.`id_persetujuan_magang`
LEFT JOIN `t_permohonan_magang` as `pm` ON `pm`.`id_permohonan_magang` = `ps`.`id_permohonan_magang`
LEFT JOIN `m_jenis_permohonan` as `jp` ON `jp`.`id_jenis_permohonan` = `pm`.`id_jenis_permohonan`
LEFT JOIN `t_instansi_mahasiswa` as `im` ON `im`.`id_instansi_mahasiswa` = `pm`.`id_instansi_mahasiswa`
LEFT JOIN `m_instansi_pendidikan` as `ip` ON `ip`.`id_instansi_pendidikan` = `im`.`id_instansi_pendidikan`
LEFT JOIN `m_prodi` as `pr` ON `pr`.`id_prodi` = `im`.`id_prodi`
WHERE `pn`.`id_bidang` = :pn.id_bidang:
ORDER BY `pn`.`created_at` DESC', [...], false)
 2 APPPATH\Models\Kabid\M_Penempatan.php(87): CodeIgniter\Database\BaseBuilder->get()
 3 APPPATH\Controllers\Kabid\C_DisposisiMasuk.php(44): App\Models\Kabid\M_Penempatan->getSemuaPenempatan('5')
 4 SYSTEMPATH\CodeIgniter.php(974): App\Controllers\Kabid\C_DisposisiMasuk->index()
 5 SYSTEMPATH\CodeIgniter.php(520): CodeIgniter\CodeIgniter->runController(Object(App\Controllers\Kabid\C_DisposisiMasuk))
 6 SYSTEMPATH\CodeIgniter.php(363): CodeIgniter\CodeIgniter->handleRequest(null, Object(Config\Cache), false)
 7 SYSTEMPATH\Boot.php(417): CodeIgniter\CodeIgniter->run()
 8 SYSTEMPATH\Boot.php(68): CodeIgniter\Boot::runCodeIgniter(Object(CodeIgniter\CodeIgniter))
 9 FCPATH\index.php(59): CodeIgniter\Boot::bootWeb(Object(Config\Paths))
10 SYSTEMPATH\rewrite.php(44): require_once('C:\\Users\\lenovo\\Downloads\\Projectmagang_antigravity\\public\\index.php')
CRITICAL - 2026-07-26 05:22:10 --> [Caused by] CodeIgniter\Database\Exceptions\DatabaseException: Unknown column 'mhs.semester' in 'field list'
in SYSTEMPATH\Database\MySQLi\Connection.php on line 310.
 1 SYSTEMPATH\Database\BaseConnection.php(908): CodeIgniter\Database\MySQLi\Connection->execute('SELECT `pn`.`id_penempatan_magang`, `pn`.`id_bidang`, `pn`.`id_persetujuan_magang`, `pn`.`id_mahasiswa`, `pn`.`catatan`, `pn`.`status_penempatan`, `pn`.`is_log_book`, `pn`.`created_at`, `mhs`.`nim`, `mhs`.`nik`, `mhs`.`nama_mahasiswa`, `mhs`.`jenis_kelamin`, `mhs`.`email`, `mhs`.`no_telp`, `mhs`.`semester`, `bd`.`bidang`, `pm`.`deskripsi_keahlian`, `pm`.`deskripsi_magang`, `pm`.`tgl_mulai`, `pm`.`tgl_selesai`, `pm`.`created_at` as `tgl_pengajuan`, `jp`.`jenis_permohonan`, `ip`.`instansi_pendidikan`, `pr`.`prodi`
FROM `t_penempatan_magang` as `pn`
LEFT JOIN `m_mahasiswa` as `mhs` ON `mhs`.`id_mahasiswa` = `pn`.`id_mahasiswa`
LEFT JOIN `m_bidang` as `bd` ON `bd`.`id_bidang` = `pn`.`id_bidang`
LEFT JOIN `t_persetujuan_magang` as `ps` ON `ps`.`id_persetujuan_magang` = `pn`.`id_persetujuan_magang`
LEFT JOIN `t_permohonan_magang` as `pm` ON `pm`.`id_permohonan_magang` = `ps`.`id_permohonan_magang`
LEFT JOIN `m_jenis_permohonan` as `jp` ON `jp`.`id_jenis_permohonan` = `pm`.`id_jenis_permohonan`
LEFT JOIN `t_instansi_mahasiswa` as `im` ON `im`.`id_instansi_mahasiswa` = `pm`.`id_instansi_mahasiswa`
LEFT JOIN `m_instansi_pendidikan` as `ip` ON `ip`.`id_instansi_pendidikan` = `im`.`id_instansi_pendidikan`
LEFT JOIN `m_prodi` as `pr` ON `pr`.`id_prodi` = `im`.`id_prodi`
WHERE `pn`.`id_bidang` = \'5\'
ORDER BY `pn`.`created_at` DESC')
 2 SYSTEMPATH\Database\BaseConnection.php(825): CodeIgniter\Database\BaseConnection->simpleQuery('SELECT `pn`.`id_penempatan_magang`, `pn`.`id_bidang`, `pn`.`id_persetujuan_magang`, `pn`.`id_mahasiswa`, `pn`.`catatan`, `pn`.`status_penempatan`, `pn`.`is_log_book`, `pn`.`created_at`, `mhs`.`nim`, `mhs`.`nik`, `mhs`.`nama_mahasiswa`, `mhs`.`jenis_kelamin`, `mhs`.`email`, `mhs`.`no_telp`, `mhs`.`semester`, `bd`.`bidang`, `pm`.`deskripsi_keahlian`, `pm`.`deskripsi_magang`, `pm`.`tgl_mulai`, `pm`.`tgl_selesai`, `pm`.`created_at` as `tgl_pengajuan`, `jp`.`jenis_permohonan`, `ip`.`instansi_pendidikan`, `pr`.`prodi`
FROM `t_penempatan_magang` as `pn`
LEFT JOIN `m_mahasiswa` as `mhs` ON `mhs`.`id_mahasiswa` = `pn`.`id_mahasiswa`
LEFT JOIN `m_bidang` as `bd` ON `bd`.`id_bidang` = `pn`.`id_bidang`
LEFT JOIN `t_persetujuan_magang` as `ps` ON `ps`.`id_persetujuan_magang` = `pn`.`id_persetujuan_magang`
LEFT JOIN `t_permohonan_magang` as `pm` ON `pm`.`id_permohonan_magang` = `ps`.`id_permohonan_magang`
LEFT JOIN `m_jenis_permohonan` as `jp` ON `jp`.`id_jenis_permohonan` = `pm`.`id_jenis_permohonan`
LEFT JOIN `t_instansi_mahasiswa` as `im` ON `im`.`id_instansi_mahasiswa` = `pm`.`id_instansi_mahasiswa`
LEFT JOIN `m_instansi_pendidikan` as `ip` ON `ip`.`id_instansi_pendidikan` = `im`.`id_instansi_pendidikan`
LEFT JOIN `m_prodi` as `pr` ON `pr`.`id_prodi` = `im`.`id_prodi`
WHERE `pn`.`id_bidang` = \'5\'
ORDER BY `pn`.`created_at` DESC')
 3 SYSTEMPATH\Database\BaseBuilder.php(1647): CodeIgniter\Database\BaseConnection->query('SELECT `pn`.`id_penempatan_magang`, `pn`.`id_bidang`, `pn`.`id_persetujuan_magang`, `pn`.`id_mahasiswa`, `pn`.`catatan`, `pn`.`status_penempatan`, `pn`.`is_log_book`, `pn`.`created_at`, `mhs`.`nim`, `mhs`.`nik`, `mhs`.`nama_mahasiswa`, `mhs`.`jenis_kelamin`, `mhs`.`email`, `mhs`.`no_telp`, `mhs`.`semester`, `bd`.`bidang`, `pm`.`deskripsi_keahlian`, `pm`.`deskripsi_magang`, `pm`.`tgl_mulai`, `pm`.`tgl_selesai`, `pm`.`created_at` as `tgl_pengajuan`, `jp`.`jenis_permohonan`, `ip`.`instansi_pendidikan`, `pr`.`prodi`
FROM `t_penempatan_magang` as `pn`
LEFT JOIN `m_mahasiswa` as `mhs` ON `mhs`.`id_mahasiswa` = `pn`.`id_mahasiswa`
LEFT JOIN `m_bidang` as `bd` ON `bd`.`id_bidang` = `pn`.`id_bidang`
LEFT JOIN `t_persetujuan_magang` as `ps` ON `ps`.`id_persetujuan_magang` = `pn`.`id_persetujuan_magang`
LEFT JOIN `t_permohonan_magang` as `pm` ON `pm`.`id_permohonan_magang` = `ps`.`id_permohonan_magang`
LEFT JOIN `m_jenis_permohonan` as `jp` ON `jp`.`id_jenis_permohonan` = `pm`.`id_jenis_permohonan`
LEFT JOIN `t_instansi_mahasiswa` as `im` ON `im`.`id_instansi_mahasiswa` = `pm`.`id_instansi_mahasiswa`
LEFT JOIN `m_instansi_pendidikan` as `ip` ON `ip`.`id_instansi_pendidikan` = `im`.`id_instansi_pendidikan`
LEFT JOIN `m_prodi` as `pr` ON `pr`.`id_prodi` = `im`.`id_prodi`
WHERE `pn`.`id_bidang` = :pn.id_bidang:
ORDER BY `pn`.`created_at` DESC', [...], false)
 4 APPPATH\Models\Kabid\M_Penempatan.php(87): CodeIgniter\Database\BaseBuilder->get()
 5 APPPATH\Controllers\Kabid\C_DisposisiMasuk.php(44): App\Models\Kabid\M_Penempatan->getSemuaPenempatan('5')
 6 SYSTEMPATH\CodeIgniter.php(974): App\Controllers\Kabid\C_DisposisiMasuk->index()
 7 SYSTEMPATH\CodeIgniter.php(520): CodeIgniter\CodeIgniter->runController(Object(App\Controllers\Kabid\C_DisposisiMasuk))
 8 SYSTEMPATH\CodeIgniter.php(363): CodeIgniter\CodeIgniter->handleRequest(null, Object(Config\Cache), false)
 9 SYSTEMPATH\Boot.php(417): CodeIgniter\CodeIgniter->run()
10 SYSTEMPATH\Boot.php(68): CodeIgniter\Boot::runCodeIgniter(Object(CodeIgniter\CodeIgniter))
11 FCPATH\index.php(59): CodeIgniter\Boot::bootWeb(Object(Config\Paths))
12 SYSTEMPATH\rewrite.php(44): require_once('C:\\Users\\lenovo\\Downloads\\Projectmagang_antigravity\\public\\index.php')
CRITICAL - 2026-07-26 05:22:10 --> [Caused by] mysqli_sql_exception: Unknown column 'mhs.semester' in 'field list'
in SYSTEMPATH\Database\MySQLi\Connection.php on line 300.
 1 SYSTEMPATH\Database\MySQLi\Connection.php(300): mysqli->query('SELECT `pn`.`id_penempatan_magang`, `pn`.`id_bidang`, `pn`.`id_persetujuan_magang`, `pn`.`id_mahasiswa`, `pn`.`catatan`, `pn`.`status_penempatan`, `pn`.`is_log_book`, `pn`.`created_at`, `mhs`.`nim`, `mhs`.`nik`, `mhs`.`nama_mahasiswa`, `mhs`.`jenis_kelamin`, `mhs`.`email`, `mhs`.`no_telp`, `mhs`.`semester`, `bd`.`bidang`, `pm`.`deskripsi_keahlian`, `pm`.`deskripsi_magang`, `pm`.`tgl_mulai`, `pm`.`tgl_selesai`, `pm`.`created_at` as `tgl_pengajuan`, `jp`.`jenis_permohonan`, `ip`.`instansi_pendidikan`, `pr`.`prodi`
FROM `t_penempatan_magang` as `pn`
LEFT JOIN `m_mahasiswa` as `mhs` ON `mhs`.`id_mahasiswa` = `pn`.`id_mahasiswa`
LEFT JOIN `m_bidang` as `bd` ON `bd`.`id_bidang` = `pn`.`id_bidang`
LEFT JOIN `t_persetujuan_magang` as `ps` ON `ps`.`id_persetujuan_magang` = `pn`.`id_persetujuan_magang`
LEFT JOIN `t_permohonan_magang` as `pm` ON `pm`.`id_permohonan_magang` = `ps`.`id_permohonan_magang`
LEFT JOIN `m_jenis_permohonan` as `jp` ON `jp`.`id_jenis_permohonan` = `pm`.`id_jenis_permohonan`
LEFT JOIN `t_instansi_mahasiswa` as `im` ON `im`.`id_instansi_mahasiswa` = `pm`.`id_instansi_mahasiswa`
LEFT JOIN `m_instansi_pendidikan` as `ip` ON `ip`.`id_instansi_pendidikan` = `im`.`id_instansi_pendidikan`
LEFT JOIN `m_prodi` as `pr` ON `pr`.`id_prodi` = `im`.`id_prodi`
WHERE `pn`.`id_bidang` = \'5\'
ORDER BY `pn`.`created_at` DESC', 0)
 2 SYSTEMPATH\Database\BaseConnection.php(908): CodeIgniter\Database\MySQLi\Connection->execute('SELECT `pn`.`id_penempatan_magang`, `pn`.`id_bidang`, `pn`.`id_persetujuan_magang`, `pn`.`id_mahasiswa`, `pn`.`catatan`, `pn`.`status_penempatan`, `pn`.`is_log_book`, `pn`.`created_at`, `mhs`.`nim`, `mhs`.`nik`, `mhs`.`nama_mahasiswa`, `mhs`.`jenis_kelamin`, `mhs`.`email`, `mhs`.`no_telp`, `mhs`.`semester`, `bd`.`bidang`, `pm`.`deskripsi_keahlian`, `pm`.`deskripsi_magang`, `pm`.`tgl_mulai`, `pm`.`tgl_selesai`, `pm`.`created_at` as `tgl_pengajuan`, `jp`.`jenis_permohonan`, `ip`.`instansi_pendidikan`, `pr`.`prodi`
FROM `t_penempatan_magang` as `pn`
LEFT JOIN `m_mahasiswa` as `mhs` ON `mhs`.`id_mahasiswa` = `pn`.`id_mahasiswa`
LEFT JOIN `m_bidang` as `bd` ON `bd`.`id_bidang` = `pn`.`id_bidang`
LEFT JOIN `t_persetujuan_magang` as `ps` ON `ps`.`id_persetujuan_magang` = `pn`.`id_persetujuan_magang`
LEFT JOIN `t_permohonan_magang` as `pm` ON `pm`.`id_permohonan_magang` = `ps`.`id_permohonan_magang`
LEFT JOIN `m_jenis_permohonan` as `jp` ON `jp`.`id_jenis_permohonan` = `pm`.`id_jenis_permohonan`
LEFT JOIN `t_instansi_mahasiswa` as `im` ON `im`.`id_instansi_mahasiswa` = `pm`.`id_instansi_mahasiswa`
LEFT JOIN `m_instansi_pendidikan` as `ip` ON `ip`.`id_instansi_pendidikan` = `im`.`id_instansi_pendidikan`
LEFT JOIN `m_prodi` as `pr` ON `pr`.`id_prodi` = `im`.`id_prodi`
WHERE `pn`.`id_bidang` = \'5\'
ORDER BY `pn`.`created_at` DESC')
 3 SYSTEMPATH\Database\BaseConnection.php(825): CodeIgniter\Database\BaseConnection->simpleQuery('SELECT `pn`.`id_penempatan_magang`, `pn`.`id_bidang`, `pn`.`id_persetujuan_magang`, `pn`.`id_mahasiswa`, `pn`.`catatan`, `pn`.`status_penempatan`, `pn`.`is_log_book`, `pn`.`created_at`, `mhs`.`nim`, `mhs`.`nik`, `mhs`.`nama_mahasiswa`, `mhs`.`jenis_kelamin`, `mhs`.`email`, `mhs`.`no_telp`, `mhs`.`semester`, `bd`.`bidang`, `pm`.`deskripsi_keahlian`, `pm`.`deskripsi_magang`, `pm`.`tgl_mulai`, `pm`.`tgl_selesai`, `pm`.`created_at` as `tgl_pengajuan`, `jp`.`jenis_permohonan`, `ip`.`instansi_pendidikan`, `pr`.`prodi`
FROM `t_penempatan_magang` as `pn`
LEFT JOIN `m_mahasiswa` as `mhs` ON `mhs`.`id_mahasiswa` = `pn`.`id_mahasiswa`
LEFT JOIN `m_bidang` as `bd` ON `bd`.`id_bidang` = `pn`.`id_bidang`
LEFT JOIN `t_persetujuan_magang` as `ps` ON `ps`.`id_persetujuan_magang` = `pn`.`id_persetujuan_magang`
LEFT JOIN `t_permohonan_magang` as `pm` ON `pm`.`id_permohonan_magang` = `ps`.`id_permohonan_magang`
LEFT JOIN `m_jenis_permohonan` as `jp` ON `jp`.`id_jenis_permohonan` = `pm`.`id_jenis_permohonan`
LEFT JOIN `t_instansi_mahasiswa` as `im` ON `im`.`id_instansi_mahasiswa` = `pm`.`id_instansi_mahasiswa`
LEFT JOIN `m_instansi_pendidikan` as `ip` ON `ip`.`id_instansi_pendidikan` = `im`.`id_instansi_pendidikan`
LEFT JOIN `m_prodi` as `pr` ON `pr`.`id_prodi` = `im`.`id_prodi`
WHERE `pn`.`id_bidang` = \'5\'
ORDER BY `pn`.`created_at` DESC')
 4 SYSTEMPATH\Database\BaseBuilder.php(1647): CodeIgniter\Database\BaseConnection->query('SELECT `pn`.`id_penempatan_magang`, `pn`.`id_bidang`, `pn`.`id_persetujuan_magang`, `pn`.`id_mahasiswa`, `pn`.`catatan`, `pn`.`status_penempatan`, `pn`.`is_log_book`, `pn`.`created_at`, `mhs`.`nim`, `mhs`.`nik`, `mhs`.`nama_mahasiswa`, `mhs`.`jenis_kelamin`, `mhs`.`email`, `mhs`.`no_telp`, `mhs`.`semester`, `bd`.`bidang`, `pm`.`deskripsi_keahlian`, `pm`.`deskripsi_magang`, `pm`.`tgl_mulai`, `pm`.`tgl_selesai`, `pm`.`created_at` as `tgl_pengajuan`, `jp`.`jenis_permohonan`, `ip`.`instansi_pendidikan`, `pr`.`prodi`
FROM `t_penempatan_magang` as `pn`
LEFT JOIN `m_mahasiswa` as `mhs` ON `mhs`.`id_mahasiswa` = `pn`.`id_mahasiswa`
LEFT JOIN `m_bidang` as `bd` ON `bd`.`id_bidang` = `pn`.`id_bidang`
LEFT JOIN `t_persetujuan_magang` as `ps` ON `ps`.`id_persetujuan_magang` = `pn`.`id_persetujuan_magang`
LEFT JOIN `t_permohonan_magang` as `pm` ON `pm`.`id_permohonan_magang` = `ps`.`id_permohonan_magang`
LEFT JOIN `m_jenis_permohonan` as `jp` ON `jp`.`id_jenis_permohonan` = `pm`.`id_jenis_permohonan`
LEFT JOIN `t_instansi_mahasiswa` as `im` ON `im`.`id_instansi_mahasiswa` = `pm`.`id_instansi_mahasiswa`
LEFT JOIN `m_instansi_pendidikan` as `ip` ON `ip`.`id_instansi_pendidikan` = `im`.`id_instansi_pendidikan`
LEFT JOIN `m_prodi` as `pr` ON `pr`.`id_prodi` = `im`.`id_prodi`
WHERE `pn`.`id_bidang` = :pn.id_bidang:
ORDER BY `pn`.`created_at` DESC', [...], false)
 5 APPPATH\Models\Kabid\M_Penempatan.php(87): CodeIgniter\Database\BaseBuilder->get()
 6 APPPATH\Controllers\Kabid\C_DisposisiMasuk.php(44): App\Models\Kabid\M_Penempatan->getSemuaPenempatan('5')
 7 SYSTEMPATH\CodeIgniter.php(974): App\Controllers\Kabid\C_DisposisiMasuk->index()
 8 SYSTEMPATH\CodeIgniter.php(520): CodeIgniter\CodeIgniter->runController(Object(App\Controllers\Kabid\C_DisposisiMasuk))
 9 SYSTEMPATH\CodeIgniter.php(363): CodeIgniter\CodeIgniter->handleRequest(null, Object(Config\Cache), false)
10 SYSTEMPATH\Boot.php(417): CodeIgniter\CodeIgniter->run()
11 SYSTEMPATH\Boot.php(68): CodeIgniter\Boot::runCodeIgniter(Object(CodeIgniter\CodeIgniter))
12 FCPATH\index.php(59): CodeIgniter\Boot::bootWeb(Object(Config\Paths))
13 SYSTEMPATH\rewrite.php(44): require_once('C:\\Users\\lenovo\\Downloads\\Projectmagang_antigravity\\public\\index.php')
DEBUG - 2026-07-26 05:22:12 --> Session: Class initialized using 'CodeIgniter\Session\Handlers\FileHandler' driver.
CRITICAL - 2026-07-26 05:22:13 --> CodeIgniter\Exceptions\BadMethodCallException: Call to undefined method App\Models\Kabid\M_Penempatan::getPenempatanMenunggu
[Method: GET, Route: kabid/dashboard]
in SYSTEMPATH\Model.php on line 763.
 1 APPPATH\Controllers\Kabid\C_DashboardKabid.php(73): CodeIgniter\Model->__call('getPenempatanMenunggu', [...])
 2 SYSTEMPATH\CodeIgniter.php(974): App\Controllers\Kabid\C_DashboardKabid->index()
 3 SYSTEMPATH\CodeIgniter.php(520): CodeIgniter\CodeIgniter->runController(Object(App\Controllers\Kabid\C_DashboardKabid))
 4 SYSTEMPATH\CodeIgniter.php(363): CodeIgniter\CodeIgniter->handleRequest(null, Object(Config\Cache), false)
 5 SYSTEMPATH\Boot.php(417): CodeIgniter\CodeIgniter->run()
 6 SYSTEMPATH\Boot.php(68): CodeIgniter\Boot::runCodeIgniter(Object(CodeIgniter\CodeIgniter))
 7 FCPATH\index.php(59): CodeIgniter\Boot::bootWeb(Object(Config\Paths))
 8 SYSTEMPATH\rewrite.php(44): require_once('C:\\Users\\lenovo\\Downloads\\Projectmagang_antigravity\\public\\index.php')
DEBUG - 2026-07-26 05:22:14 --> Session: Class initialized using 'CodeIgniter\Session\Handlers\FileHandler' driver.
ERROR - 2026-07-26 05:22:14 --> Unknown column 'mhs.semester' in 'field list'
in SYSTEMPATH\Database\MySQLi\Connection.php on line 300.
 1 SYSTEMPATH\Database\MySQLi\Connection.php(300): mysqli->query('SELECT `pn`.`id_penempatan_magang`, `pn`.`id_bidang`, `pn`.`id_persetujuan_magang`, `pn`.`id_mahasiswa`, `pn`.`catatan`, `pn`.`status_penempatan`, `pn`.`is_log_book`, `pn`.`created_at`, `mhs`.`nim`, `mhs`.`nik`, `mhs`.`nama_mahasiswa`, `mhs`.`jenis_kelamin`, `mhs`.`email`, `mhs`.`no_telp`, `mhs`.`semester`, `bd`.`bidang`, `pm`.`deskripsi_keahlian`, `pm`.`deskripsi_magang`, `pm`.`tgl_mulai`, `pm`.`tgl_selesai`, `pm`.`created_at` as `tgl_pengajuan`, `jp`.`jenis_permohonan`, `ip`.`instansi_pendidikan`, `pr`.`prodi`
FROM `t_penempatan_magang` as `pn`
LEFT JOIN `m_mahasiswa` as `mhs` ON `mhs`.`id_mahasiswa` = `pn`.`id_mahasiswa`
LEFT JOIN `m_bidang` as `bd` ON `bd`.`id_bidang` = `pn`.`id_bidang`
LEFT JOIN `t_persetujuan_magang` as `ps` ON `ps`.`id_persetujuan_magang` = `pn`.`id_persetujuan_magang`
LEFT JOIN `t_permohonan_magang` as `pm` ON `pm`.`id_permohonan_magang` = `ps`.`id_permohonan_magang`
LEFT JOIN `m_jenis_permohonan` as `jp` ON `jp`.`id_jenis_permohonan` = `pm`.`id_jenis_permohonan`
LEFT JOIN `t_instansi_mahasiswa` as `im` ON `im`.`id_instansi_mahasiswa` = `pm`.`id_instansi_mahasiswa`
LEFT JOIN `m_instansi_pendidikan` as `ip` ON `ip`.`id_instansi_pendidikan` = `im`.`id_instansi_pendidikan`
LEFT JOIN `m_prodi` as `pr` ON `pr`.`id_prodi` = `im`.`id_prodi`
WHERE `pn`.`id_bidang` = \'5\'
ORDER BY `pn`.`created_at` DESC', 0)
 2 SYSTEMPATH\Database\BaseConnection.php(908): CodeIgniter\Database\MySQLi\Connection->execute('SELECT `pn`.`id_penempatan_magang`, `pn`.`id_bidang`, `pn`.`id_persetujuan_magang`, `pn`.`id_mahasiswa`, `pn`.`catatan`, `pn`.`status_penempatan`, `pn`.`is_log_book`, `pn`.`created_at`, `mhs`.`nim`, `mhs`.`nik`, `mhs`.`nama_mahasiswa`, `mhs`.`jenis_kelamin`, `mhs`.`email`, `mhs`.`no_telp`, `mhs`.`semester`, `bd`.`bidang`, `pm`.`deskripsi_keahlian`, `pm`.`deskripsi_magang`, `pm`.`tgl_mulai`, `pm`.`tgl_selesai`, `pm`.`created_at` as `tgl_pengajuan`, `jp`.`jenis_permohonan`, `ip`.`instansi_pendidikan`, `pr`.`prodi`
FROM `t_penempatan_magang` as `pn`
LEFT JOIN `m_mahasiswa` as `mhs` ON `mhs`.`id_mahasiswa` = `pn`.`id_mahasiswa`
LEFT JOIN `m_bidang` as `bd` ON `bd`.`id_bidang` = `pn`.`id_bidang`
LEFT JOIN `t_persetujuan_magang` as `ps` ON `ps`.`id_persetujuan_magang` = `pn`.`id_persetujuan_magang`
LEFT JOIN `t_permohonan_magang` as `pm` ON `pm`.`id_permohonan_magang` = `ps`.`id_permohonan_magang`
LEFT JOIN `m_jenis_permohonan` as `jp` ON `jp`.`id_jenis_permohonan` = `pm`.`id_jenis_permohonan`
LEFT JOIN `t_instansi_mahasiswa` as `im` ON `im`.`id_instansi_mahasiswa` = `pm`.`id_instansi_mahasiswa`
LEFT JOIN `m_instansi_pendidikan` as `ip` ON `ip`.`id_instansi_pendidikan` = `im`.`id_instansi_pendidikan`
LEFT JOIN `m_prodi` as `pr` ON `pr`.`id_prodi` = `im`.`id_prodi`
WHERE `pn`.`id_bidang` = \'5\'
ORDER BY `pn`.`created_at` DESC')
 3 SYSTEMPATH\Database\BaseConnection.php(825): CodeIgniter\Database\BaseConnection->simpleQuery('SELECT `pn`.`id_penempatan_magang`, `pn`.`id_bidang`, `pn`.`id_persetujuan_magang`, `pn`.`id_mahasiswa`, `pn`.`catatan`, `pn`.`status_penempatan`, `pn`.`is_log_book`, `pn`.`created_at`, `mhs`.`nim`, `mhs`.`nik`, `mhs`.`nama_mahasiswa`, `mhs`.`jenis_kelamin`, `mhs`.`email`, `mhs`.`no_telp`, `mhs`.`semester`, `bd`.`bidang`, `pm`.`deskripsi_keahlian`, `pm`.`deskripsi_magang`, `pm`.`tgl_mulai`, `pm`.`tgl_selesai`, `pm`.`created_at` as `tgl_pengajuan`, `jp`.`jenis_permohonan`, `ip`.`instansi_pendidikan`, `pr`.`prodi`
FROM `t_penempatan_magang` as `pn`
LEFT JOIN `m_mahasiswa` as `mhs` ON `mhs`.`id_mahasiswa` = `pn`.`id_mahasiswa`
LEFT JOIN `m_bidang` as `bd` ON `bd`.`id_bidang` = `pn`.`id_bidang`
LEFT JOIN `t_persetujuan_magang` as `ps` ON `ps`.`id_persetujuan_magang` = `pn`.`id_persetujuan_magang`
LEFT JOIN `t_permohonan_magang` as `pm` ON `pm`.`id_permohonan_magang` = `ps`.`id_permohonan_magang`
LEFT JOIN `m_jenis_permohonan` as `jp` ON `jp`.`id_jenis_permohonan` = `pm`.`id_jenis_permohonan`
LEFT JOIN `t_instansi_mahasiswa` as `im` ON `im`.`id_instansi_mahasiswa` = `pm`.`id_instansi_mahasiswa`
LEFT JOIN `m_instansi_pendidikan` as `ip` ON `ip`.`id_instansi_pendidikan` = `im`.`id_instansi_pendidikan`
LEFT JOIN `m_prodi` as `pr` ON `pr`.`id_prodi` = `im`.`id_prodi`
WHERE `pn`.`id_bidang` = \'5\'
ORDER BY `pn`.`created_at` DESC')
 4 SYSTEMPATH\Database\BaseBuilder.php(1647): CodeIgniter\Database\BaseConnection->query('SELECT `pn`.`id_penempatan_magang`, `pn`.`id_bidang`, `pn`.`id_persetujuan_magang`, `pn`.`id_mahasiswa`, `pn`.`catatan`, `pn`.`status_penempatan`, `pn`.`is_log_book`, `pn`.`created_at`, `mhs`.`nim`, `mhs`.`nik`, `mhs`.`nama_mahasiswa`, `mhs`.`jenis_kelamin`, `mhs`.`email`, `mhs`.`no_telp`, `mhs`.`semester`, `bd`.`bidang`, `pm`.`deskripsi_keahlian`, `pm`.`deskripsi_magang`, `pm`.`tgl_mulai`, `pm`.`tgl_selesai`, `pm`.`created_at` as `tgl_pengajuan`, `jp`.`jenis_permohonan`, `ip`.`instansi_pendidikan`, `pr`.`prodi`
FROM `t_penempatan_magang` as `pn`
LEFT JOIN `m_mahasiswa` as `mhs` ON `mhs`.`id_mahasiswa` = `pn`.`id_mahasiswa`
LEFT JOIN `m_bidang` as `bd` ON `bd`.`id_bidang` = `pn`.`id_bidang`
LEFT JOIN `t_persetujuan_magang` as `ps` ON `ps`.`id_persetujuan_magang` = `pn`.`id_persetujuan_magang`
LEFT JOIN `t_permohonan_magang` as `pm` ON `pm`.`id_permohonan_magang` = `ps`.`id_permohonan_magang`
LEFT JOIN `m_jenis_permohonan` as `jp` ON `jp`.`id_jenis_permohonan` = `pm`.`id_jenis_permohonan`
LEFT JOIN `t_instansi_mahasiswa` as `im` ON `im`.`id_instansi_mahasiswa` = `pm`.`id_instansi_mahasiswa`
LEFT JOIN `m_instansi_pendidikan` as `ip` ON `ip`.`id_instansi_pendidikan` = `im`.`id_instansi_pendidikan`
LEFT JOIN `m_prodi` as `pr` ON `pr`.`id_prodi` = `im`.`id_prodi`
WHERE `pn`.`id_bidang` = :pn.id_bidang:
ORDER BY `pn`.`created_at` DESC', [...], false)
 5 APPPATH\Models\Kabid\M_Penempatan.php(87): CodeIgniter\Database\BaseBuilder->get()
 6 APPPATH\Controllers\Kabid\C_DisposisiMasuk.php(44): App\Models\Kabid\M_Penempatan->getSemuaPenempatan('5')
 7 SYSTEMPATH\CodeIgniter.php(974): App\Controllers\Kabid\C_DisposisiMasuk->index()
 8 SYSTEMPATH\CodeIgniter.php(520): CodeIgniter\CodeIgniter->runController(Object(App\Controllers\Kabid\C_DisposisiMasuk))
 9 SYSTEMPATH\CodeIgniter.php(363): CodeIgniter\CodeIgniter->handleRequest(null, Object(Config\Cache), false)
10 SYSTEMPATH\Boot.php(417): CodeIgniter\CodeIgniter->run()
11 SYSTEMPATH\Boot.php(68): CodeIgniter\Boot::runCodeIgniter(Object(CodeIgniter\CodeIgniter))
12 FCPATH\index.php(59): CodeIgniter\Boot::bootWeb(Object(Config\Paths))
13 SYSTEMPATH\rewrite.php(44): require_once('C:\\Users\\lenovo\\Downloads\\Projectmagang_antigravity\\public\\index.php')
CRITICAL - 2026-07-26 05:22:14 --> CodeIgniter\Database\Exceptions\DatabaseException: Unknown column 'mhs.semester' in 'field list'
[Method: GET, Route: kabid/disposisi]
in SYSTEMPATH\Database\BaseConnection.php on line 863.
 1 SYSTEMPATH\Database\BaseBuilder.php(1647): CodeIgniter\Database\BaseConnection->query('SELECT `pn`.`id_penempatan_magang`, `pn`.`id_bidang`, `pn`.`id_persetujuan_magang`, `pn`.`id_mahasiswa`, `pn`.`catatan`, `pn`.`status_penempatan`, `pn`.`is_log_book`, `pn`.`created_at`, `mhs`.`nim`, `mhs`.`nik`, `mhs`.`nama_mahasiswa`, `mhs`.`jenis_kelamin`, `mhs`.`email`, `mhs`.`no_telp`, `mhs`.`semester`, `bd`.`bidang`, `pm`.`deskripsi_keahlian`, `pm`.`deskripsi_magang`, `pm`.`tgl_mulai`, `pm`.`tgl_selesai`, `pm`.`created_at` as `tgl_pengajuan`, `jp`.`jenis_permohonan`, `ip`.`instansi_pendidikan`, `pr`.`prodi`
FROM `t_penempatan_magang` as `pn`
LEFT JOIN `m_mahasiswa` as `mhs` ON `mhs`.`id_mahasiswa` = `pn`.`id_mahasiswa`
LEFT JOIN `m_bidang` as `bd` ON `bd`.`id_bidang` = `pn`.`id_bidang`
LEFT JOIN `t_persetujuan_magang` as `ps` ON `ps`.`id_persetujuan_magang` = `pn`.`id_persetujuan_magang`
LEFT JOIN `t_permohonan_magang` as `pm` ON `pm`.`id_permohonan_magang` = `ps`.`id_permohonan_magang`
LEFT JOIN `m_jenis_permohonan` as `jp` ON `jp`.`id_jenis_permohonan` = `pm`.`id_jenis_permohonan`
LEFT JOIN `t_instansi_mahasiswa` as `im` ON `im`.`id_instansi_mahasiswa` = `pm`.`id_instansi_mahasiswa`
LEFT JOIN `m_instansi_pendidikan` as `ip` ON `ip`.`id_instansi_pendidikan` = `im`.`id_instansi_pendidikan`
LEFT JOIN `m_prodi` as `pr` ON `pr`.`id_prodi` = `im`.`id_prodi`
WHERE `pn`.`id_bidang` = :pn.id_bidang:
ORDER BY `pn`.`created_at` DESC', [...], false)
 2 APPPATH\Models\Kabid\M_Penempatan.php(87): CodeIgniter\Database\BaseBuilder->get()
 3 APPPATH\Controllers\Kabid\C_DisposisiMasuk.php(44): App\Models\Kabid\M_Penempatan->getSemuaPenempatan('5')
 4 SYSTEMPATH\CodeIgniter.php(974): App\Controllers\Kabid\C_DisposisiMasuk->index()
 5 SYSTEMPATH\CodeIgniter.php(520): CodeIgniter\CodeIgniter->runController(Object(App\Controllers\Kabid\C_DisposisiMasuk))
 6 SYSTEMPATH\CodeIgniter.php(363): CodeIgniter\CodeIgniter->handleRequest(null, Object(Config\Cache), false)
 7 SYSTEMPATH\Boot.php(417): CodeIgniter\CodeIgniter->run()
 8 SYSTEMPATH\Boot.php(68): CodeIgniter\Boot::runCodeIgniter(Object(CodeIgniter\CodeIgniter))
 9 FCPATH\index.php(59): CodeIgniter\Boot::bootWeb(Object(Config\Paths))
10 SYSTEMPATH\rewrite.php(44): require_once('C:\\Users\\lenovo\\Downloads\\Projectmagang_antigravity\\public\\index.php')
CRITICAL - 2026-07-26 05:22:14 --> [Caused by] CodeIgniter\Database\Exceptions\DatabaseException: Unknown column 'mhs.semester' in 'field list'
in SYSTEMPATH\Database\MySQLi\Connection.php on line 310.
 1 SYSTEMPATH\Database\BaseConnection.php(908): CodeIgniter\Database\MySQLi\Connection->execute('SELECT `pn`.`id_penempatan_magang`, `pn`.`id_bidang`, `pn`.`id_persetujuan_magang`, `pn`.`id_mahasiswa`, `pn`.`catatan`, `pn`.`status_penempatan`, `pn`.`is_log_book`, `pn`.`created_at`, `mhs`.`nim`, `mhs`.`nik`, `mhs`.`nama_mahasiswa`, `mhs`.`jenis_kelamin`, `mhs`.`email`, `mhs`.`no_telp`, `mhs`.`semester`, `bd`.`bidang`, `pm`.`deskripsi_keahlian`, `pm`.`deskripsi_magang`, `pm`.`tgl_mulai`, `pm`.`tgl_selesai`, `pm`.`created_at` as `tgl_pengajuan`, `jp`.`jenis_permohonan`, `ip`.`instansi_pendidikan`, `pr`.`prodi`
FROM `t_penempatan_magang` as `pn`
LEFT JOIN `m_mahasiswa` as `mhs` ON `mhs`.`id_mahasiswa` = `pn`.`id_mahasiswa`
LEFT JOIN `m_bidang` as `bd` ON `bd`.`id_bidang` = `pn`.`id_bidang`
LEFT JOIN `t_persetujuan_magang` as `ps` ON `ps`.`id_persetujuan_magang` = `pn`.`id_persetujuan_magang`
LEFT JOIN `t_permohonan_magang` as `pm` ON `pm`.`id_permohonan_magang` = `ps`.`id_permohonan_magang`
LEFT JOIN `m_jenis_permohonan` as `jp` ON `jp`.`id_jenis_permohonan` = `pm`.`id_jenis_permohonan`
LEFT JOIN `t_instansi_mahasiswa` as `im` ON `im`.`id_instansi_mahasiswa` = `pm`.`id_instansi_mahasiswa`
LEFT JOIN `m_instansi_pendidikan` as `ip` ON `ip`.`id_instansi_pendidikan` = `im`.`id_instansi_pendidikan`
LEFT JOIN `m_prodi` as `pr` ON `pr`.`id_prodi` = `im`.`id_prodi`
WHERE `pn`.`id_bidang` = \'5\'
ORDER BY `pn`.`created_at` DESC')
 2 SYSTEMPATH\Database\BaseConnection.php(825): CodeIgniter\Database\BaseConnection->simpleQuery('SELECT `pn`.`id_penempatan_magang`, `pn`.`id_bidang`, `pn`.`id_persetujuan_magang`, `pn`.`id_mahasiswa`, `pn`.`catatan`, `pn`.`status_penempatan`, `pn`.`is_log_book`, `pn`.`created_at`, `mhs`.`nim`, `mhs`.`nik`, `mhs`.`nama_mahasiswa`, `mhs`.`jenis_kelamin`, `mhs`.`email`, `mhs`.`no_telp`, `mhs`.`semester`, `bd`.`bidang`, `pm`.`deskripsi_keahlian`, `pm`.`deskripsi_magang`, `pm`.`tgl_mulai`, `pm`.`tgl_selesai`, `pm`.`created_at` as `tgl_pengajuan`, `jp`.`jenis_permohonan`, `ip`.`instansi_pendidikan`, `pr`.`prodi`
FROM `t_penempatan_magang` as `pn`
LEFT JOIN `m_mahasiswa` as `mhs` ON `mhs`.`id_mahasiswa` = `pn`.`id_mahasiswa`
LEFT JOIN `m_bidang` as `bd` ON `bd`.`id_bidang` = `pn`.`id_bidang`
LEFT JOIN `t_persetujuan_magang` as `ps` ON `ps`.`id_persetujuan_magang` = `pn`.`id_persetujuan_magang`
LEFT JOIN `t_permohonan_magang` as `pm` ON `pm`.`id_permohonan_magang` = `ps`.`id_permohonan_magang`
LEFT JOIN `m_jenis_permohonan` as `jp` ON `jp`.`id_jenis_permohonan` = `pm`.`id_jenis_permohonan`
LEFT JOIN `t_instansi_mahasiswa` as `im` ON `im`.`id_instansi_mahasiswa` = `pm`.`id_instansi_mahasiswa`
LEFT JOIN `m_instansi_pendidikan` as `ip` ON `ip`.`id_instansi_pendidikan` = `im`.`id_instansi_pendidikan`
LEFT JOIN `m_prodi` as `pr` ON `pr`.`id_prodi` = `im`.`id_prodi`
WHERE `pn`.`id_bidang` = \'5\'
ORDER BY `pn`.`created_at` DESC')
 3 SYSTEMPATH\Database\BaseBuilder.php(1647): CodeIgniter\Database\BaseConnection->query('SELECT `pn`.`id_penempatan_magang`, `pn`.`id_bidang`, `pn`.`id_persetujuan_magang`, `pn`.`id_mahasiswa`, `pn`.`catatan`, `pn`.`status_penempatan`, `pn`.`is_log_book`, `pn`.`created_at`, `mhs`.`nim`, `mhs`.`nik`, `mhs`.`nama_mahasiswa`, `mhs`.`jenis_kelamin`, `mhs`.`email`, `mhs`.`no_telp`, `mhs`.`semester`, `bd`.`bidang`, `pm`.`deskripsi_keahlian`, `pm`.`deskripsi_magang`, `pm`.`tgl_mulai`, `pm`.`tgl_selesai`, `pm`.`created_at` as `tgl_pengajuan`, `jp`.`jenis_permohonan`, `ip`.`instansi_pendidikan`, `pr`.`prodi`
FROM `t_penempatan_magang` as `pn`
LEFT JOIN `m_mahasiswa` as `mhs` ON `mhs`.`id_mahasiswa` = `pn`.`id_mahasiswa`
LEFT JOIN `m_bidang` as `bd` ON `bd`.`id_bidang` = `pn`.`id_bidang`
LEFT JOIN `t_persetujuan_magang` as `ps` ON `ps`.`id_persetujuan_magang` = `pn`.`id_persetujuan_magang`
LEFT JOIN `t_permohonan_magang` as `pm` ON `pm`.`id_permohonan_magang` = `ps`.`id_permohonan_magang`
LEFT JOIN `m_jenis_permohonan` as `jp` ON `jp`.`id_jenis_permohonan` = `pm`.`id_jenis_permohonan`
LEFT JOIN `t_instansi_mahasiswa` as `im` ON `im`.`id_instansi_mahasiswa` = `pm`.`id_instansi_mahasiswa`
LEFT JOIN `m_instansi_pendidikan` as `ip` ON `ip`.`id_instansi_pendidikan` = `im`.`id_instansi_pendidikan`
LEFT JOIN `m_prodi` as `pr` ON `pr`.`id_prodi` = `im`.`id_prodi`
WHERE `pn`.`id_bidang` = :pn.id_bidang:
ORDER BY `pn`.`created_at` DESC', [...], false)
 4 APPPATH\Models\Kabid\M_Penempatan.php(87): CodeIgniter\Database\BaseBuilder->get()
 5 APPPATH\Controllers\Kabid\C_DisposisiMasuk.php(44): App\Models\Kabid\M_Penempatan->getSemuaPenempatan('5')
 6 SYSTEMPATH\CodeIgniter.php(974): App\Controllers\Kabid\C_DisposisiMasuk->index()
 7 SYSTEMPATH\CodeIgniter.php(520): CodeIgniter\CodeIgniter->runController(Object(App\Controllers\Kabid\C_DisposisiMasuk))
 8 SYSTEMPATH\CodeIgniter.php(363): CodeIgniter\CodeIgniter->handleRequest(null, Object(Config\Cache), false)
 9 SYSTEMPATH\Boot.php(417): CodeIgniter\CodeIgniter->run()
10 SYSTEMPATH\Boot.php(68): CodeIgniter\Boot::runCodeIgniter(Object(CodeIgniter\CodeIgniter))
11 FCPATH\index.php(59): CodeIgniter\Boot::bootWeb(Object(Config\Paths))
12 SYSTEMPATH\rewrite.php(44): require_once('C:\\Users\\lenovo\\Downloads\\Projectmagang_antigravity\\public\\index.php')
CRITICAL - 2026-07-26 05:22:14 --> [Caused by] mysqli_sql_exception: Unknown column 'mhs.semester' in 'field list'
in SYSTEMPATH\Database\MySQLi\Connection.php on line 300.
 1 SYSTEMPATH\Database\MySQLi\Connection.php(300): mysqli->query('SELECT `pn`.`id_penempatan_magang`, `pn`.`id_bidang`, `pn`.`id_persetujuan_magang`, `pn`.`id_mahasiswa`, `pn`.`catatan`, `pn`.`status_penempatan`, `pn`.`is_log_book`, `pn`.`created_at`, `mhs`.`nim`, `mhs`.`nik`, `mhs`.`nama_mahasiswa`, `mhs`.`jenis_kelamin`, `mhs`.`email`, `mhs`.`no_telp`, `mhs`.`semester`, `bd`.`bidang`, `pm`.`deskripsi_keahlian`, `pm`.`deskripsi_magang`, `pm`.`tgl_mulai`, `pm`.`tgl_selesai`, `pm`.`created_at` as `tgl_pengajuan`, `jp`.`jenis_permohonan`, `ip`.`instansi_pendidikan`, `pr`.`prodi`
FROM `t_penempatan_magang` as `pn`
LEFT JOIN `m_mahasiswa` as `mhs` ON `mhs`.`id_mahasiswa` = `pn`.`id_mahasiswa`
LEFT JOIN `m_bidang` as `bd` ON `bd`.`id_bidang` = `pn`.`id_bidang`
LEFT JOIN `t_persetujuan_magang` as `ps` ON `ps`.`id_persetujuan_magang` = `pn`.`id_persetujuan_magang`
LEFT JOIN `t_permohonan_magang` as `pm` ON `pm`.`id_permohonan_magang` = `ps`.`id_permohonan_magang`
LEFT JOIN `m_jenis_permohonan` as `jp` ON `jp`.`id_jenis_permohonan` = `pm`.`id_jenis_permohonan`
LEFT JOIN `t_instansi_mahasiswa` as `im` ON `im`.`id_instansi_mahasiswa` = `pm`.`id_instansi_mahasiswa`
LEFT JOIN `m_instansi_pendidikan` as `ip` ON `ip`.`id_instansi_pendidikan` = `im`.`id_instansi_pendidikan`
LEFT JOIN `m_prodi` as `pr` ON `pr`.`id_prodi` = `im`.`id_prodi`
WHERE `pn`.`id_bidang` = \'5\'
ORDER BY `pn`.`created_at` DESC', 0)
 2 SYSTEMPATH\Database\BaseConnection.php(908): CodeIgniter\Database\MySQLi\Connection->execute('SELECT `pn`.`id_penempatan_magang`, `pn`.`id_bidang`, `pn`.`id_persetujuan_magang`, `pn`.`id_mahasiswa`, `pn`.`catatan`, `pn`.`status_penempatan`, `pn`.`is_log_book`, `pn`.`created_at`, `mhs`.`nim`, `mhs`.`nik`, `mhs`.`nama_mahasiswa`, `mhs`.`jenis_kelamin`, `mhs`.`email`, `mhs`.`no_telp`, `mhs`.`semester`, `bd`.`bidang`, `pm`.`deskripsi_keahlian`, `pm`.`deskripsi_magang`, `pm`.`tgl_mulai`, `pm`.`tgl_selesai`, `pm`.`created_at` as `tgl_pengajuan`, `jp`.`jenis_permohonan`, `ip`.`instansi_pendidikan`, `pr`.`prodi`
FROM `t_penempatan_magang` as `pn`
LEFT JOIN `m_mahasiswa` as `mhs` ON `mhs`.`id_mahasiswa` = `pn`.`id_mahasiswa`
LEFT JOIN `m_bidang` as `bd` ON `bd`.`id_bidang` = `pn`.`id_bidang`
LEFT JOIN `t_persetujuan_magang` as `ps` ON `ps`.`id_persetujuan_magang` = `pn`.`id_persetujuan_magang`
LEFT JOIN `t_permohonan_magang` as `pm` ON `pm`.`id_permohonan_magang` = `ps`.`id_permohonan_magang`
LEFT JOIN `m_jenis_permohonan` as `jp` ON `jp`.`id_jenis_permohonan` = `pm`.`id_jenis_permohonan`
LEFT JOIN `t_instansi_mahasiswa` as `im` ON `im`.`id_instansi_mahasiswa` = `pm`.`id_instansi_mahasiswa`
LEFT JOIN `m_instansi_pendidikan` as `ip` ON `ip`.`id_instansi_pendidikan` = `im`.`id_instansi_pendidikan`
LEFT JOIN `m_prodi` as `pr` ON `pr`.`id_prodi` = `im`.`id_prodi`
WHERE `pn`.`id_bidang` = \'5\'
ORDER BY `pn`.`created_at` DESC')
 3 SYSTEMPATH\Database\BaseConnection.php(825): CodeIgniter\Database\BaseConnection->simpleQuery('SELECT `pn`.`id_penempatan_magang`, `pn`.`id_bidang`, `pn`.`id_persetujuan_magang`, `pn`.`id_mahasiswa`, `pn`.`catatan`, `pn`.`status_penempatan`, `pn`.`is_log_book`, `pn`.`created_at`, `mhs`.`nim`, `mhs`.`nik`, `mhs`.`nama_mahasiswa`, `mhs`.`jenis_kelamin`, `mhs`.`email`, `mhs`.`no_telp`, `mhs`.`semester`, `bd`.`bidang`, `pm`.`deskripsi_keahlian`, `pm`.`deskripsi_magang`, `pm`.`tgl_mulai`, `pm`.`tgl_selesai`, `pm`.`created_at` as `tgl_pengajuan`, `jp`.`jenis_permohonan`, `ip`.`instansi_pendidikan`, `pr`.`prodi`
FROM `t_penempatan_magang` as `pn`
LEFT JOIN `m_mahasiswa` as `mhs` ON `mhs`.`id_mahasiswa` = `pn`.`id_mahasiswa`
LEFT JOIN `m_bidang` as `bd` ON `bd`.`id_bidang` = `pn`.`id_bidang`
LEFT JOIN `t_persetujuan_magang` as `ps` ON `ps`.`id_persetujuan_magang` = `pn`.`id_persetujuan_magang`
LEFT JOIN `t_permohonan_magang` as `pm` ON `pm`.`id_permohonan_magang` = `ps`.`id_permohonan_magang`
LEFT JOIN `m_jenis_permohonan` as `jp` ON `jp`.`id_jenis_permohonan` = `pm`.`id_jenis_permohonan`
LEFT JOIN `t_instansi_mahasiswa` as `im` ON `im`.`id_instansi_mahasiswa` = `pm`.`id_instansi_mahasiswa`
LEFT JOIN `m_instansi_pendidikan` as `ip` ON `ip`.`id_instansi_pendidikan` = `im`.`id_instansi_pendidikan`
LEFT JOIN `m_prodi` as `pr` ON `pr`.`id_prodi` = `im`.`id_prodi`
WHERE `pn`.`id_bidang` = \'5\'
ORDER BY `pn`.`created_at` DESC')
 4 SYSTEMPATH\Database\BaseBuilder.php(1647): CodeIgniter\Database\BaseConnection->query('SELECT `pn`.`id_penempatan_magang`, `pn`.`id_bidang`, `pn`.`id_persetujuan_magang`, `pn`.`id_mahasiswa`, `pn`.`catatan`, `pn`.`status_penempatan`, `pn`.`is_log_book`, `pn`.`created_at`, `mhs`.`nim`, `mhs`.`nik`, `mhs`.`nama_mahasiswa`, `mhs`.`jenis_kelamin`, `mhs`.`email`, `mhs`.`no_telp`, `mhs`.`semester`, `bd`.`bidang`, `pm`.`deskripsi_keahlian`, `pm`.`deskripsi_magang`, `pm`.`tgl_mulai`, `pm`.`tgl_selesai`, `pm`.`created_at` as `tgl_pengajuan`, `jp`.`jenis_permohonan`, `ip`.`instansi_pendidikan`, `pr`.`prodi`
FROM `t_penempatan_magang` as `pn`
LEFT JOIN `m_mahasiswa` as `mhs` ON `mhs`.`id_mahasiswa` = `pn`.`id_mahasiswa`
LEFT JOIN `m_bidang` as `bd` ON `bd`.`id_bidang` = `pn`.`id_bidang`
LEFT JOIN `t_persetujuan_magang` as `ps` ON `ps`.`id_persetujuan_magang` = `pn`.`id_persetujuan_magang`
LEFT JOIN `t_permohonan_magang` as `pm` ON `pm`.`id_permohonan_magang` = `ps`.`id_permohonan_magang`
LEFT JOIN `m_jenis_permohonan` as `jp` ON `jp`.`id_jenis_permohonan` = `pm`.`id_jenis_permohonan`
LEFT JOIN `t_instansi_mahasiswa` as `im` ON `im`.`id_instansi_mahasiswa` = `pm`.`id_instansi_mahasiswa`
LEFT JOIN `m_instansi_pendidikan` as `ip` ON `ip`.`id_instansi_pendidikan` = `im`.`id_instansi_pendidikan`
LEFT JOIN `m_prodi` as `pr` ON `pr`.`id_prodi` = `im`.`id_prodi`
WHERE `pn`.`id_bidang` = :pn.id_bidang:
ORDER BY `pn`.`created_at` DESC', [...], false)
 5 APPPATH\Models\Kabid\M_Penempatan.php(87): CodeIgniter\Database\BaseBuilder->get()
 6 APPPATH\Controllers\Kabid\C_DisposisiMasuk.php(44): App\Models\Kabid\M_Penempatan->getSemuaPenempatan('5')
 7 SYSTEMPATH\CodeIgniter.php(974): App\Controllers\Kabid\C_DisposisiMasuk->index()
 8 SYSTEMPATH\CodeIgniter.php(520): CodeIgniter\CodeIgniter->runController(Object(App\Controllers\Kabid\C_DisposisiMasuk))
 9 SYSTEMPATH\CodeIgniter.php(363): CodeIgniter\CodeIgniter->handleRequest(null, Object(Config\Cache), false)
10 SYSTEMPATH\Boot.php(417): CodeIgniter\CodeIgniter->run()
11 SYSTEMPATH\Boot.php(68): CodeIgniter\Boot::runCodeIgniter(Object(CodeIgniter\CodeIgniter))
12 FCPATH\index.php(59): CodeIgniter\Boot::bootWeb(Object(Config\Paths))
13 SYSTEMPATH\rewrite.php(44): require_once('C:\\Users\\lenovo\\Downloads\\Projectmagang_antigravity\\public\\index.php')
DEBUG - 2026-07-26 05:22:20 --> Session: Class initialized using 'CodeIgniter\Session\Handlers\FileHandler' driver.
CRITICAL - 2026-07-26 05:22:20 --> CodeIgniter\Exceptions\BadMethodCallException: Call to undefined method App\Models\Kabid\M_Penempatan::getPenempatanMenunggu
[Method: GET, Route: kabid/dashboard]
in SYSTEMPATH\Model.php on line 763.
 1 APPPATH\Controllers\Kabid\C_DashboardKabid.php(73): CodeIgniter\Model->__call('getPenempatanMenunggu', [...])
 2 SYSTEMPATH\CodeIgniter.php(974): App\Controllers\Kabid\C_DashboardKabid->index()
 3 SYSTEMPATH\CodeIgniter.php(520): CodeIgniter\CodeIgniter->runController(Object(App\Controllers\Kabid\C_DashboardKabid))
 4 SYSTEMPATH\CodeIgniter.php(363): CodeIgniter\CodeIgniter->handleRequest(null, Object(Config\Cache), false)
 5 SYSTEMPATH\Boot.php(417): CodeIgniter\CodeIgniter->run()
 6 SYSTEMPATH\Boot.php(68): CodeIgniter\Boot::runCodeIgniter(Object(CodeIgniter\CodeIgniter))
 7 FCPATH\index.php(59): CodeIgniter\Boot::bootWeb(Object(Config\Paths))
 8 SYSTEMPATH\rewrite.php(44): require_once('C:\\Users\\lenovo\\Downloads\\Projectmagang_antigravity\\public\\index.php')
DEBUG - 2026-07-26 05:22:32 --> Session: Class initialized using 'CodeIgniter\Session\Handlers\FileHandler' driver.
ERROR - 2026-07-26 05:22:32 --> Unknown column 'mhs.semester' in 'field list'
in SYSTEMPATH\Database\MySQLi\Connection.php on line 300.
 1 SYSTEMPATH\Database\MySQLi\Connection.php(300): mysqli->query('SELECT `pn`.`id_penempatan_magang`, `pn`.`id_bidang`, `pn`.`id_persetujuan_magang`, `pn`.`id_mahasiswa`, `pn`.`catatan`, `pn`.`status_penempatan`, `pn`.`is_log_book`, `pn`.`created_at`, `mhs`.`nim`, `mhs`.`nik`, `mhs`.`nama_mahasiswa`, `mhs`.`jenis_kelamin`, `mhs`.`email`, `mhs`.`no_telp`, `mhs`.`semester`, `bd`.`bidang`, `pm`.`deskripsi_keahlian`, `pm`.`deskripsi_magang`, `pm`.`tgl_mulai`, `pm`.`tgl_selesai`, `pm`.`created_at` as `tgl_pengajuan`, `jp`.`jenis_permohonan`, `ip`.`instansi_pendidikan`, `pr`.`prodi`
FROM `t_penempatan_magang` as `pn`
LEFT JOIN `m_mahasiswa` as `mhs` ON `mhs`.`id_mahasiswa` = `pn`.`id_mahasiswa`
LEFT JOIN `m_bidang` as `bd` ON `bd`.`id_bidang` = `pn`.`id_bidang`
LEFT JOIN `t_persetujuan_magang` as `ps` ON `ps`.`id_persetujuan_magang` = `pn`.`id_persetujuan_magang`
LEFT JOIN `t_permohonan_magang` as `pm` ON `pm`.`id_permohonan_magang` = `ps`.`id_permohonan_magang`
LEFT JOIN `m_jenis_permohonan` as `jp` ON `jp`.`id_jenis_permohonan` = `pm`.`id_jenis_permohonan`
LEFT JOIN `t_instansi_mahasiswa` as `im` ON `im`.`id_instansi_mahasiswa` = `pm`.`id_instansi_mahasiswa`
LEFT JOIN `m_instansi_pendidikan` as `ip` ON `ip`.`id_instansi_pendidikan` = `im`.`id_instansi_pendidikan`
LEFT JOIN `m_prodi` as `pr` ON `pr`.`id_prodi` = `im`.`id_prodi`
WHERE `pn`.`id_bidang` = \'5\'
ORDER BY `pn`.`created_at` DESC', 0)
 2 SYSTEMPATH\Database\BaseConnection.php(908): CodeIgniter\Database\MySQLi\Connection->execute('SELECT `pn`.`id_penempatan_magang`, `pn`.`id_bidang`, `pn`.`id_persetujuan_magang`, `pn`.`id_mahasiswa`, `pn`.`catatan`, `pn`.`status_penempatan`, `pn`.`is_log_book`, `pn`.`created_at`, `mhs`.`nim`, `mhs`.`nik`, `mhs`.`nama_mahasiswa`, `mhs`.`jenis_kelamin`, `mhs`.`email`, `mhs`.`no_telp`, `mhs`.`semester`, `bd`.`bidang`, `pm`.`deskripsi_keahlian`, `pm`.`deskripsi_magang`, `pm`.`tgl_mulai`, `pm`.`tgl_selesai`, `pm`.`created_at` as `tgl_pengajuan`, `jp`.`jenis_permohonan`, `ip`.`instansi_pendidikan`, `pr`.`prodi`
FROM `t_penempatan_magang` as `pn`
LEFT JOIN `m_mahasiswa` as `mhs` ON `mhs`.`id_mahasiswa` = `pn`.`id_mahasiswa`
LEFT JOIN `m_bidang` as `bd` ON `bd`.`id_bidang` = `pn`.`id_bidang`
LEFT JOIN `t_persetujuan_magang` as `ps` ON `ps`.`id_persetujuan_magang` = `pn`.`id_persetujuan_magang`
LEFT JOIN `t_permohonan_magang` as `pm` ON `pm`.`id_permohonan_magang` = `ps`.`id_permohonan_magang`
LEFT JOIN `m_jenis_permohonan` as `jp` ON `jp`.`id_jenis_permohonan` = `pm`.`id_jenis_permohonan`
LEFT JOIN `t_instansi_mahasiswa` as `im` ON `im`.`id_instansi_mahasiswa` = `pm`.`id_instansi_mahasiswa`
LEFT JOIN `m_instansi_pendidikan` as `ip` ON `ip`.`id_instansi_pendidikan` = `im`.`id_instansi_pendidikan`
LEFT JOIN `m_prodi` as `pr` ON `pr`.`id_prodi` = `im`.`id_prodi`
WHERE `pn`.`id_bidang` = \'5\'
ORDER BY `pn`.`created_at` DESC')
 3 SYSTEMPATH\Database\BaseConnection.php(825): CodeIgniter\Database\BaseConnection->simpleQuery('SELECT `pn`.`id_penempatan_magang`, `pn`.`id_bidang`, `pn`.`id_persetujuan_magang`, `pn`.`id_mahasiswa`, `pn`.`catatan`, `pn`.`status_penempatan`, `pn`.`is_log_book`, `pn`.`created_at`, `mhs`.`nim`, `mhs`.`nik`, `mhs`.`nama_mahasiswa`, `mhs`.`jenis_kelamin`, `mhs`.`email`, `mhs`.`no_telp`, `mhs`.`semester`, `bd`.`bidang`, `pm`.`deskripsi_keahlian`, `pm`.`deskripsi_magang`, `pm`.`tgl_mulai`, `pm`.`tgl_selesai`, `pm`.`created_at` as `tgl_pengajuan`, `jp`.`jenis_permohonan`, `ip`.`instansi_pendidikan`, `pr`.`prodi`
FROM `t_penempatan_magang` as `pn`
LEFT JOIN `m_mahasiswa` as `mhs` ON `mhs`.`id_mahasiswa` = `pn`.`id_mahasiswa`
LEFT JOIN `m_bidang` as `bd` ON `bd`.`id_bidang` = `pn`.`id_bidang`
LEFT JOIN `t_persetujuan_magang` as `ps` ON `ps`.`id_persetujuan_magang` = `pn`.`id_persetujuan_magang`
LEFT JOIN `t_permohonan_magang` as `pm` ON `pm`.`id_permohonan_magang` = `ps`.`id_permohonan_magang`
LEFT JOIN `m_jenis_permohonan` as `jp` ON `jp`.`id_jenis_permohonan` = `pm`.`id_jenis_permohonan`
LEFT JOIN `t_instansi_mahasiswa` as `im` ON `im`.`id_instansi_mahasiswa` = `pm`.`id_instansi_mahasiswa`
LEFT JOIN `m_instansi_pendidikan` as `ip` ON `ip`.`id_instansi_pendidikan` = `im`.`id_instansi_pendidikan`
LEFT JOIN `m_prodi` as `pr` ON `pr`.`id_prodi` = `im`.`id_prodi`
WHERE `pn`.`id_bidang` = \'5\'
ORDER BY `pn`.`created_at` DESC')
 4 SYSTEMPATH\Database\BaseBuilder.php(1647): CodeIgniter\Database\BaseConnection->query('SELECT `pn`.`id_penempatan_magang`, `pn`.`id_bidang`, `pn`.`id_persetujuan_magang`, `pn`.`id_mahasiswa`, `pn`.`catatan`, `pn`.`status_penempatan`, `pn`.`is_log_book`, `pn`.`created_at`, `mhs`.`nim`, `mhs`.`nik`, `mhs`.`nama_mahasiswa`, `mhs`.`jenis_kelamin`, `mhs`.`email`, `mhs`.`no_telp`, `mhs`.`semester`, `bd`.`bidang`, `pm`.`deskripsi_keahlian`, `pm`.`deskripsi_magang`, `pm`.`tgl_mulai`, `pm`.`tgl_selesai`, `pm`.`created_at` as `tgl_pengajuan`, `jp`.`jenis_permohonan`, `ip`.`instansi_pendidikan`, `pr`.`prodi`
FROM `t_penempatan_magang` as `pn`
LEFT JOIN `m_mahasiswa` as `mhs` ON `mhs`.`id_mahasiswa` = `pn`.`id_mahasiswa`
LEFT JOIN `m_bidang` as `bd` ON `bd`.`id_bidang` = `pn`.`id_bidang`
LEFT JOIN `t_persetujuan_magang` as `ps` ON `ps`.`id_persetujuan_magang` = `pn`.`id_persetujuan_magang`
LEFT JOIN `t_permohonan_magang` as `pm` ON `pm`.`id_permohonan_magang` = `ps`.`id_permohonan_magang`
LEFT JOIN `m_jenis_permohonan` as `jp` ON `jp`.`id_jenis_permohonan` = `pm`.`id_jenis_permohonan`
LEFT JOIN `t_instansi_mahasiswa` as `im` ON `im`.`id_instansi_mahasiswa` = `pm`.`id_instansi_mahasiswa`
LEFT JOIN `m_instansi_pendidikan` as `ip` ON `ip`.`id_instansi_pendidikan` = `im`.`id_instansi_pendidikan`
LEFT JOIN `m_prodi` as `pr` ON `pr`.`id_prodi` = `im`.`id_prodi`
WHERE `pn`.`id_bidang` = :pn.id_bidang:
ORDER BY `pn`.`created_at` DESC', [...], false)
 5 APPPATH\Models\Kabid\M_Penempatan.php(87): CodeIgniter\Database\BaseBuilder->get()
 6 APPPATH\Controllers\Kabid\C_DisposisiMasuk.php(44): App\Models\Kabid\M_Penempatan->getSemuaPenempatan('5')
 7 SYSTEMPATH\CodeIgniter.php(974): App\Controllers\Kabid\C_DisposisiMasuk->index()
 8 SYSTEMPATH\CodeIgniter.php(520): CodeIgniter\CodeIgniter->runController(Object(App\Controllers\Kabid\C_DisposisiMasuk))
 9 SYSTEMPATH\CodeIgniter.php(363): CodeIgniter\CodeIgniter->handleRequest(null, Object(Config\Cache), false)
10 SYSTEMPATH\Boot.php(417): CodeIgniter\CodeIgniter->run()
11 SYSTEMPATH\Boot.php(68): CodeIgniter\Boot::runCodeIgniter(Object(CodeIgniter\CodeIgniter))
12 FCPATH\index.php(59): CodeIgniter\Boot::bootWeb(Object(Config\Paths))
13 SYSTEMPATH\rewrite.php(44): require_once('C:\\Users\\lenovo\\Downloads\\Projectmagang_antigravity\\public\\index.php')
CRITICAL - 2026-07-26 05:22:32 --> CodeIgniter\Database\Exceptions\DatabaseException: Unknown column 'mhs.semester' in 'field list'
[Method: GET, Route: kabid/disposisi]
in SYSTEMPATH\Database\BaseConnection.php on line 863.
 1 SYSTEMPATH\Database\BaseBuilder.php(1647): CodeIgniter\Database\BaseConnection->query('SELECT `pn`.`id_penempatan_magang`, `pn`.`id_bidang`, `pn`.`id_persetujuan_magang`, `pn`.`id_mahasiswa`, `pn`.`catatan`, `pn`.`status_penempatan`, `pn`.`is_log_book`, `pn`.`created_at`, `mhs`.`nim`, `mhs`.`nik`, `mhs`.`nama_mahasiswa`, `mhs`.`jenis_kelamin`, `mhs`.`email`, `mhs`.`no_telp`, `mhs`.`semester`, `bd`.`bidang`, `pm`.`deskripsi_keahlian`, `pm`.`deskripsi_magang`, `pm`.`tgl_mulai`, `pm`.`tgl_selesai`, `pm`.`created_at` as `tgl_pengajuan`, `jp`.`jenis_permohonan`, `ip`.`instansi_pendidikan`, `pr`.`prodi`
FROM `t_penempatan_magang` as `pn`
LEFT JOIN `m_mahasiswa` as `mhs` ON `mhs`.`id_mahasiswa` = `pn`.`id_mahasiswa`
LEFT JOIN `m_bidang` as `bd` ON `bd`.`id_bidang` = `pn`.`id_bidang`
LEFT JOIN `t_persetujuan_magang` as `ps` ON `ps`.`id_persetujuan_magang` = `pn`.`id_persetujuan_magang`
LEFT JOIN `t_permohonan_magang` as `pm` ON `pm`.`id_permohonan_magang` = `ps`.`id_permohonan_magang`
LEFT JOIN `m_jenis_permohonan` as `jp` ON `jp`.`id_jenis_permohonan` = `pm`.`id_jenis_permohonan`
LEFT JOIN `t_instansi_mahasiswa` as `im` ON `im`.`id_instansi_mahasiswa` = `pm`.`id_instansi_mahasiswa`
LEFT JOIN `m_instansi_pendidikan` as `ip` ON `ip`.`id_instansi_pendidikan` = `im`.`id_instansi_pendidikan`
LEFT JOIN `m_prodi` as `pr` ON `pr`.`id_prodi` = `im`.`id_prodi`
WHERE `pn`.`id_bidang` = :pn.id_bidang:
ORDER BY `pn`.`created_at` DESC', [...], false)
 2 APPPATH\Models\Kabid\M_Penempatan.php(87): CodeIgniter\Database\BaseBuilder->get()
 3 APPPATH\Controllers\Kabid\C_DisposisiMasuk.php(44): App\Models\Kabid\M_Penempatan->getSemuaPenempatan('5')
 4 SYSTEMPATH\CodeIgniter.php(974): App\Controllers\Kabid\C_DisposisiMasuk->index()
 5 SYSTEMPATH\CodeIgniter.php(520): CodeIgniter\CodeIgniter->runController(Object(App\Controllers\Kabid\C_DisposisiMasuk))
 6 SYSTEMPATH\CodeIgniter.php(363): CodeIgniter\CodeIgniter->handleRequest(null, Object(Config\Cache), false)
 7 SYSTEMPATH\Boot.php(417): CodeIgniter\CodeIgniter->run()
 8 SYSTEMPATH\Boot.php(68): CodeIgniter\Boot::runCodeIgniter(Object(CodeIgniter\CodeIgniter))
 9 FCPATH\index.php(59): CodeIgniter\Boot::bootWeb(Object(Config\Paths))
10 SYSTEMPATH\rewrite.php(44): require_once('C:\\Users\\lenovo\\Downloads\\Projectmagang_antigravity\\public\\index.php')
CRITICAL - 2026-07-26 05:22:32 --> [Caused by] CodeIgniter\Database\Exceptions\DatabaseException: Unknown column 'mhs.semester' in 'field list'
in SYSTEMPATH\Database\MySQLi\Connection.php on line 310.
 1 SYSTEMPATH\Database\BaseConnection.php(908): CodeIgniter\Database\MySQLi\Connection->execute('SELECT `pn`.`id_penempatan_magang`, `pn`.`id_bidang`, `pn`.`id_persetujuan_magang`, `pn`.`id_mahasiswa`, `pn`.`catatan`, `pn`.`status_penempatan`, `pn`.`is_log_book`, `pn`.`created_at`, `mhs`.`nim`, `mhs`.`nik`, `mhs`.`nama_mahasiswa`, `mhs`.`jenis_kelamin`, `mhs`.`email`, `mhs`.`no_telp`, `mhs`.`semester`, `bd`.`bidang`, `pm`.`deskripsi_keahlian`, `pm`.`deskripsi_magang`, `pm`.`tgl_mulai`, `pm`.`tgl_selesai`, `pm`.`created_at` as `tgl_pengajuan`, `jp`.`jenis_permohonan`, `ip`.`instansi_pendidikan`, `pr`.`prodi`
FROM `t_penempatan_magang` as `pn`
LEFT JOIN `m_mahasiswa` as `mhs` ON `mhs`.`id_mahasiswa` = `pn`.`id_mahasiswa`
LEFT JOIN `m_bidang` as `bd` ON `bd`.`id_bidang` = `pn`.`id_bidang`
LEFT JOIN `t_persetujuan_magang` as `ps` ON `ps`.`id_persetujuan_magang` = `pn`.`id_persetujuan_magang`
LEFT JOIN `t_permohonan_magang` as `pm` ON `pm`.`id_permohonan_magang` = `ps`.`id_permohonan_magang`
LEFT JOIN `m_jenis_permohonan` as `jp` ON `jp`.`id_jenis_permohonan` = `pm`.`id_jenis_permohonan`
LEFT JOIN `t_instansi_mahasiswa` as `im` ON `im`.`id_instansi_mahasiswa` = `pm`.`id_instansi_mahasiswa`
LEFT JOIN `m_instansi_pendidikan` as `ip` ON `ip`.`id_instansi_pendidikan` = `im`.`id_instansi_pendidikan`
LEFT JOIN `m_prodi` as `pr` ON `pr`.`id_prodi` = `im`.`id_prodi`
WHERE `pn`.`id_bidang` = \'5\'
ORDER BY `pn`.`created_at` DESC')
 2 SYSTEMPATH\Database\BaseConnection.php(825): CodeIgniter\Database\BaseConnection->simpleQuery('SELECT `pn`.`id_penempatan_magang`, `pn`.`id_bidang`, `pn`.`id_persetujuan_magang`, `pn`.`id_mahasiswa`, `pn`.`catatan`, `pn`.`status_penempatan`, `pn`.`is_log_book`, `pn`.`created_at`, `mhs`.`nim`, `mhs`.`nik`, `mhs`.`nama_mahasiswa`, `mhs`.`jenis_kelamin`, `mhs`.`email`, `mhs`.`no_telp`, `mhs`.`semester`, `bd`.`bidang`, `pm`.`deskripsi_keahlian`, `pm`.`deskripsi_magang`, `pm`.`tgl_mulai`, `pm`.`tgl_selesai`, `pm`.`created_at` as `tgl_pengajuan`, `jp`.`jenis_permohonan`, `ip`.`instansi_pendidikan`, `pr`.`prodi`
FROM `t_penempatan_magang` as `pn`
LEFT JOIN `m_mahasiswa` as `mhs` ON `mhs`.`id_mahasiswa` = `pn`.`id_mahasiswa`
LEFT JOIN `m_bidang` as `bd` ON `bd`.`id_bidang` = `pn`.`id_bidang`
LEFT JOIN `t_persetujuan_magang` as `ps` ON `ps`.`id_persetujuan_magang` = `pn`.`id_persetujuan_magang`
LEFT JOIN `t_permohonan_magang` as `pm` ON `pm`.`id_permohonan_magang` = `ps`.`id_permohonan_magang`
LEFT JOIN `m_jenis_permohonan` as `jp` ON `jp`.`id_jenis_permohonan` = `pm`.`id_jenis_permohonan`
LEFT JOIN `t_instansi_mahasiswa` as `im` ON `im`.`id_instansi_mahasiswa` = `pm`.`id_instansi_mahasiswa`
LEFT JOIN `m_instansi_pendidikan` as `ip` ON `ip`.`id_instansi_pendidikan` = `im`.`id_instansi_pendidikan`
LEFT JOIN `m_prodi` as `pr` ON `pr`.`id_prodi` = `im`.`id_prodi`
WHERE `pn`.`id_bidang` = \'5\'
ORDER BY `pn`.`created_at` DESC')
 3 SYSTEMPATH\Database\BaseBuilder.php(1647): CodeIgniter\Database\BaseConnection->query('SELECT `pn`.`id_penempatan_magang`, `pn`.`id_bidang`, `pn`.`id_persetujuan_magang`, `pn`.`id_mahasiswa`, `pn`.`catatan`, `pn`.`status_penempatan`, `pn`.`is_log_book`, `pn`.`created_at`, `mhs`.`nim`, `mhs`.`nik`, `mhs`.`nama_mahasiswa`, `mhs`.`jenis_kelamin`, `mhs`.`email`, `mhs`.`no_telp`, `mhs`.`semester`, `bd`.`bidang`, `pm`.`deskripsi_keahlian`, `pm`.`deskripsi_magang`, `pm`.`tgl_mulai`, `pm`.`tgl_selesai`, `pm`.`created_at` as `tgl_pengajuan`, `jp`.`jenis_permohonan`, `ip`.`instansi_pendidikan`, `pr`.`prodi`
FROM `t_penempatan_magang` as `pn`
LEFT JOIN `m_mahasiswa` as `mhs` ON `mhs`.`id_mahasiswa` = `pn`.`id_mahasiswa`
LEFT JOIN `m_bidang` as `bd` ON `bd`.`id_bidang` = `pn`.`id_bidang`
LEFT JOIN `t_persetujuan_magang` as `ps` ON `ps`.`id_persetujuan_magang` = `pn`.`id_persetujuan_magang`
LEFT JOIN `t_permohonan_magang` as `pm` ON `pm`.`id_permohonan_magang` = `ps`.`id_permohonan_magang`
LEFT JOIN `m_jenis_permohonan` as `jp` ON `jp`.`id_jenis_permohonan` = `pm`.`id_jenis_permohonan`
LEFT JOIN `t_instansi_mahasiswa` as `im` ON `im`.`id_instansi_mahasiswa` = `pm`.`id_instansi_mahasiswa`
LEFT JOIN `m_instansi_pendidikan` as `ip` ON `ip`.`id_instansi_pendidikan` = `im`.`id_instansi_pendidikan`
LEFT JOIN `m_prodi` as `pr` ON `pr`.`id_prodi` = `im`.`id_prodi`
WHERE `pn`.`id_bidang` = :pn.id_bidang:
ORDER BY `pn`.`created_at` DESC', [...], false)
 4 APPPATH\Models\Kabid\M_Penempatan.php(87): CodeIgniter\Database\BaseBuilder->get()
 5 APPPATH\Controllers\Kabid\C_DisposisiMasuk.php(44): App\Models\Kabid\M_Penempatan->getSemuaPenempatan('5')
 6 SYSTEMPATH\CodeIgniter.php(974): App\Controllers\Kabid\C_DisposisiMasuk->index()
 7 SYSTEMPATH\CodeIgniter.php(520): CodeIgniter\CodeIgniter->runController(Object(App\Controllers\Kabid\C_DisposisiMasuk))
 8 SYSTEMPATH\CodeIgniter.php(363): CodeIgniter\CodeIgniter->handleRequest(null, Object(Config\Cache), false)
 9 SYSTEMPATH\Boot.php(417): CodeIgniter\CodeIgniter->run()
10 SYSTEMPATH\Boot.php(68): CodeIgniter\Boot::runCodeIgniter(Object(CodeIgniter\CodeIgniter))
11 FCPATH\index.php(59): CodeIgniter\Boot::bootWeb(Object(Config\Paths))
12 SYSTEMPATH\rewrite.php(44): require_once('C:\\Users\\lenovo\\Downloads\\Projectmagang_antigravity\\public\\index.php')
CRITICAL - 2026-07-26 05:22:32 --> [Caused by] mysqli_sql_exception: Unknown column 'mhs.semester' in 'field list'
in SYSTEMPATH\Database\MySQLi\Connection.php on line 300.
 1 SYSTEMPATH\Database\MySQLi\Connection.php(300): mysqli->query('SELECT `pn`.`id_penempatan_magang`, `pn`.`id_bidang`, `pn`.`id_persetujuan_magang`, `pn`.`id_mahasiswa`, `pn`.`catatan`, `pn`.`status_penempatan`, `pn`.`is_log_book`, `pn`.`created_at`, `mhs`.`nim`, `mhs`.`nik`, `mhs`.`nama_mahasiswa`, `mhs`.`jenis_kelamin`, `mhs`.`email`, `mhs`.`no_telp`, `mhs`.`semester`, `bd`.`bidang`, `pm`.`deskripsi_keahlian`, `pm`.`deskripsi_magang`, `pm`.`tgl_mulai`, `pm`.`tgl_selesai`, `pm`.`created_at` as `tgl_pengajuan`, `jp`.`jenis_permohonan`, `ip`.`instansi_pendidikan`, `pr`.`prodi`
FROM `t_penempatan_magang` as `pn`
LEFT JOIN `m_mahasiswa` as `mhs` ON `mhs`.`id_mahasiswa` = `pn`.`id_mahasiswa`
LEFT JOIN `m_bidang` as `bd` ON `bd`.`id_bidang` = `pn`.`id_bidang`
LEFT JOIN `t_persetujuan_magang` as `ps` ON `ps`.`id_persetujuan_magang` = `pn`.`id_persetujuan_magang`
LEFT JOIN `t_permohonan_magang` as `pm` ON `pm`.`id_permohonan_magang` = `ps`.`id_permohonan_magang`
LEFT JOIN `m_jenis_permohonan` as `jp` ON `jp`.`id_jenis_permohonan` = `pm`.`id_jenis_permohonan`
LEFT JOIN `t_instansi_mahasiswa` as `im` ON `im`.`id_instansi_mahasiswa` = `pm`.`id_instansi_mahasiswa`
LEFT JOIN `m_instansi_pendidikan` as `ip` ON `ip`.`id_instansi_pendidikan` = `im`.`id_instansi_pendidikan`
LEFT JOIN `m_prodi` as `pr` ON `pr`.`id_prodi` = `im`.`id_prodi`
WHERE `pn`.`id_bidang` = \'5\'
ORDER BY `pn`.`created_at` DESC', 0)
 2 SYSTEMPATH\Database\BaseConnection.php(908): CodeIgniter\Database\MySQLi\Connection->execute('SELECT `pn`.`id_penempatan_magang`, `pn`.`id_bidang`, `pn`.`id_persetujuan_magang`, `pn`.`id_mahasiswa`, `pn`.`catatan`, `pn`.`status_penempatan`, `pn`.`is_log_book`, `pn`.`created_at`, `mhs`.`nim`, `mhs`.`nik`, `mhs`.`nama_mahasiswa`, `mhs`.`jenis_kelamin`, `mhs`.`email`, `mhs`.`no_telp`, `mhs`.`semester`, `bd`.`bidang`, `pm`.`deskripsi_keahlian`, `pm`.`deskripsi_magang`, `pm`.`tgl_mulai`, `pm`.`tgl_selesai`, `pm`.`created_at` as `tgl_pengajuan`, `jp`.`jenis_permohonan`, `ip`.`instansi_pendidikan`, `pr`.`prodi`
FROM `t_penempatan_magang` as `pn`
LEFT JOIN `m_mahasiswa` as `mhs` ON `mhs`.`id_mahasiswa` = `pn`.`id_mahasiswa`
LEFT JOIN `m_bidang` as `bd` ON `bd`.`id_bidang` = `pn`.`id_bidang`
LEFT JOIN `t_persetujuan_magang` as `ps` ON `ps`.`id_persetujuan_magang` = `pn`.`id_persetujuan_magang`
LEFT JOIN `t_permohonan_magang` as `pm` ON `pm`.`id_permohonan_magang` = `ps`.`id_permohonan_magang`
LEFT JOIN `m_jenis_permohonan` as `jp` ON `jp`.`id_jenis_permohonan` = `pm`.`id_jenis_permohonan`
LEFT JOIN `t_instansi_mahasiswa` as `im` ON `im`.`id_instansi_mahasiswa` = `pm`.`id_instansi_mahasiswa`
LEFT JOIN `m_instansi_pendidikan` as `ip` ON `ip`.`id_instansi_pendidikan` = `im`.`id_instansi_pendidikan`
LEFT JOIN `m_prodi` as `pr` ON `pr`.`id_prodi` = `im`.`id_prodi`
WHERE `pn`.`id_bidang` = \'5\'
ORDER BY `pn`.`created_at` DESC')
 3 SYSTEMPATH\Database\BaseConnection.php(825): CodeIgniter\Database\BaseConnection->simpleQuery('SELECT `pn`.`id_penempatan_magang`, `pn`.`id_bidang`, `pn`.`id_persetujuan_magang`, `pn`.`id_mahasiswa`, `pn`.`catatan`, `pn`.`status_penempatan`, `pn`.`is_log_book`, `pn`.`created_at`, `mhs`.`nim`, `mhs`.`nik`, `mhs`.`nama_mahasiswa`, `mhs`.`jenis_kelamin`, `mhs`.`email`, `mhs`.`no_telp`, `mhs`.`semester`, `bd`.`bidang`, `pm`.`deskripsi_keahlian`, `pm`.`deskripsi_magang`, `pm`.`tgl_mulai`, `pm`.`tgl_selesai`, `pm`.`created_at` as `tgl_pengajuan`, `jp`.`jenis_permohonan`, `ip`.`instansi_pendidikan`, `pr`.`prodi`
FROM `t_penempatan_magang` as `pn`
LEFT JOIN `m_mahasiswa` as `mhs` ON `mhs`.`id_mahasiswa` = `pn`.`id_mahasiswa`
LEFT JOIN `m_bidang` as `bd` ON `bd`.`id_bidang` = `pn`.`id_bidang`
LEFT JOIN `t_persetujuan_magang` as `ps` ON `ps`.`id_persetujuan_magang` = `pn`.`id_persetujuan_magang`
LEFT JOIN `t_permohonan_magang` as `pm` ON `pm`.`id_permohonan_magang` = `ps`.`id_permohonan_magang`
LEFT JOIN `m_jenis_permohonan` as `jp` ON `jp`.`id_jenis_permohonan` = `pm`.`id_jenis_permohonan`
LEFT JOIN `t_instansi_mahasiswa` as `im` ON `im`.`id_instansi_mahasiswa` = `pm`.`id_instansi_mahasiswa`
LEFT JOIN `m_instansi_pendidikan` as `ip` ON `ip`.`id_instansi_pendidikan` = `im`.`id_instansi_pendidikan`
LEFT JOIN `m_prodi` as `pr` ON `pr`.`id_prodi` = `im`.`id_prodi`
WHERE `pn`.`id_bidang` = \'5\'
ORDER BY `pn`.`created_at` DESC')
 4 SYSTEMPATH\Database\BaseBuilder.php(1647): CodeIgniter\Database\BaseConnection->query('SELECT `pn`.`id_penempatan_magang`, `pn`.`id_bidang`, `pn`.`id_persetujuan_magang`, `pn`.`id_mahasiswa`, `pn`.`catatan`, `pn`.`status_penempatan`, `pn`.`is_log_book`, `pn`.`created_at`, `mhs`.`nim`, `mhs`.`nik`, `mhs`.`nama_mahasiswa`, `mhs`.`jenis_kelamin`, `mhs`.`email`, `mhs`.`no_telp`, `mhs`.`semester`, `bd`.`bidang`, `pm`.`deskripsi_keahlian`, `pm`.`deskripsi_magang`, `pm`.`tgl_mulai`, `pm`.`tgl_selesai`, `pm`.`created_at` as `tgl_pengajuan`, `jp`.`jenis_permohonan`, `ip`.`instansi_pendidikan`, `pr`.`prodi`
FROM `t_penempatan_magang` as `pn`
LEFT JOIN `m_mahasiswa` as `mhs` ON `mhs`.`id_mahasiswa` = `pn`.`id_mahasiswa`
LEFT JOIN `m_bidang` as `bd` ON `bd`.`id_bidang` = `pn`.`id_bidang`
LEFT JOIN `t_persetujuan_magang` as `ps` ON `ps`.`id_persetujuan_magang` = `pn`.`id_persetujuan_magang`
LEFT JOIN `t_permohonan_magang` as `pm` ON `pm`.`id_permohonan_magang` = `ps`.`id_permohonan_magang`
LEFT JOIN `m_jenis_permohonan` as `jp` ON `jp`.`id_jenis_permohonan` = `pm`.`id_jenis_permohonan`
LEFT JOIN `t_instansi_mahasiswa` as `im` ON `im`.`id_instansi_mahasiswa` = `pm`.`id_instansi_mahasiswa`
LEFT JOIN `m_instansi_pendidikan` as `ip` ON `ip`.`id_instansi_pendidikan` = `im`.`id_instansi_pendidikan`
LEFT JOIN `m_prodi` as `pr` ON `pr`.`id_prodi` = `im`.`id_prodi`
WHERE `pn`.`id_bidang` = :pn.id_bidang:
ORDER BY `pn`.`created_at` DESC', [...], false)
 5 APPPATH\Models\Kabid\M_Penempatan.php(87): CodeIgniter\Database\BaseBuilder->get()
 6 APPPATH\Controllers\Kabid\C_DisposisiMasuk.php(44): App\Models\Kabid\M_Penempatan->getSemuaPenempatan('5')
 7 SYSTEMPATH\CodeIgniter.php(974): App\Controllers\Kabid\C_DisposisiMasuk->index()
 8 SYSTEMPATH\CodeIgniter.php(520): CodeIgniter\CodeIgniter->runController(Object(App\Controllers\Kabid\C_DisposisiMasuk))
 9 SYSTEMPATH\CodeIgniter.php(363): CodeIgniter\CodeIgniter->handleRequest(null, Object(Config\Cache), false)
10 SYSTEMPATH\Boot.php(417): CodeIgniter\CodeIgniter->run()
11 SYSTEMPATH\Boot.php(68): CodeIgniter\Boot::runCodeIgniter(Object(CodeIgniter\CodeIgniter))
12 FCPATH\index.php(59): CodeIgniter\Boot::bootWeb(Object(Config\Paths))
13 SYSTEMPATH\rewrite.php(44): require_once('C:\\Users\\lenovo\\Downloads\\Projectmagang_antigravity\\public\\index.php')
DEBUG - 2026-07-26 05:22:33 --> Session: Class initialized using 'CodeIgniter\Session\Handlers\FileHandler' driver.
CRITICAL - 2026-07-26 05:22:33 --> CodeIgniter\Exceptions\BadMethodCallException: Call to undefined method App\Models\Kabid\M_Penempatan::getPenempatanMenunggu
[Method: GET, Route: kabid/dashboard]
in SYSTEMPATH\Model.php on line 763.
 1 APPPATH\Controllers\Kabid\C_DashboardKabid.php(73): CodeIgniter\Model->__call('getPenempatanMenunggu', [...])
 2 SYSTEMPATH\CodeIgniter.php(974): App\Controllers\Kabid\C_DashboardKabid->index()
 3 SYSTEMPATH\CodeIgniter.php(520): CodeIgniter\CodeIgniter->runController(Object(App\Controllers\Kabid\C_DashboardKabid))
 4 SYSTEMPATH\CodeIgniter.php(363): CodeIgniter\CodeIgniter->handleRequest(null, Object(Config\Cache), false)
 5 SYSTEMPATH\Boot.php(417): CodeIgniter\CodeIgniter->run()
 6 SYSTEMPATH\Boot.php(68): CodeIgniter\Boot::runCodeIgniter(Object(CodeIgniter\CodeIgniter))
 7 FCPATH\index.php(59): CodeIgniter\Boot::bootWeb(Object(Config\Paths))
 8 SYSTEMPATH\rewrite.php(44): require_once('C:\\Users\\lenovo\\Downloads\\Projectmagang_antigravity\\public\\index.php')
DEBUG - 2026-07-26 05:22:34 --> Session: Class initialized using 'CodeIgniter\Session\Handlers\FileHandler' driver.
DEBUG - 2026-07-26 05:22:34 --> Session: Class initialized using 'CodeIgniter\Session\Handlers\FileHandler' driver.
CRITICAL - 2026-07-26 05:22:34 --> CodeIgniter\Exceptions\BadMethodCallException: Call to undefined method App\Models\Kabid\M_Penempatan::getPenempatanMenunggu
[Method: GET, Route: kabid/dashboard]
in SYSTEMPATH\Model.php on line 763.
 1 APPPATH\Controllers\Kabid\C_DashboardKabid.php(73): CodeIgniter\Model->__call('getPenempatanMenunggu', [...])
 2 SYSTEMPATH\CodeIgniter.php(974): App\Controllers\Kabid\C_DashboardKabid->index()
 3 SYSTEMPATH\CodeIgniter.php(520): CodeIgniter\CodeIgniter->runController(Object(App\Controllers\Kabid\C_DashboardKabid))
 4 SYSTEMPATH\CodeIgniter.php(363): CodeIgniter\CodeIgniter->handleRequest(null, Object(Config\Cache), false)
 5 SYSTEMPATH\Boot.php(417): CodeIgniter\CodeIgniter->run()
 6 SYSTEMPATH\Boot.php(68): CodeIgniter\Boot::runCodeIgniter(Object(CodeIgniter\CodeIgniter))
 7 FCPATH\index.php(59): CodeIgniter\Boot::bootWeb(Object(Config\Paths))
 8 SYSTEMPATH\rewrite.php(44): require_once('C:\\Users\\lenovo\\Downloads\\Projectmagang_antigravity\\public\\index.php')
DEBUG - 2026-07-26 05:22:43 --> Session: Class initialized using 'CodeIgniter\Session\Handlers\FileHandler' driver.
CRITICAL - 2026-07-26 05:22:43 --> CodeIgniter\Exceptions\BadMethodCallException: Call to undefined method App\Models\Kabid\M_Penempatan::getPenempatanMenunggu
[Method: GET, Route: kabid/dashboard]
in SYSTEMPATH\Model.php on line 763.
 1 APPPATH\Controllers\Kabid\C_DashboardKabid.php(73): CodeIgniter\Model->__call('getPenempatanMenunggu', [...])
 2 SYSTEMPATH\CodeIgniter.php(974): App\Controllers\Kabid\C_DashboardKabid->index()
 3 SYSTEMPATH\CodeIgniter.php(520): CodeIgniter\CodeIgniter->runController(Object(App\Controllers\Kabid\C_DashboardKabid))
 4 SYSTEMPATH\CodeIgniter.php(363): CodeIgniter\CodeIgniter->handleRequest(null, Object(Config\Cache), false)
 5 SYSTEMPATH\Boot.php(417): CodeIgniter\CodeIgniter->run()
 6 SYSTEMPATH\Boot.php(68): CodeIgniter\Boot::runCodeIgniter(Object(CodeIgniter\CodeIgniter))
 7 FCPATH\index.php(59): CodeIgniter\Boot::bootWeb(Object(Config\Paths))
 8 SYSTEMPATH\rewrite.php(44): require_once('C:\\Users\\lenovo\\Downloads\\Projectmagang_antigravity\\public\\index.php')
DEBUG - 2026-07-26 05:24:54 --> Session: Class initialized using 'CodeIgniter\Session\Handlers\FileHandler' driver.
ERROR - 2026-07-26 05:24:54 --> Unknown column 'mhs.semester' in 'field list'
in SYSTEMPATH\Database\MySQLi\Connection.php on line 300.
 1 SYSTEMPATH\Database\MySQLi\Connection.php(300): mysqli->query('SELECT `pn`.`id_penempatan_magang`, `pn`.`id_bidang`, `pn`.`id_persetujuan_magang`, `pn`.`id_mahasiswa`, `pn`.`catatan`, `pn`.`status_penempatan`, `pn`.`is_log_book`, `pn`.`created_at`, `mhs`.`nim`, `mhs`.`nik`, `mhs`.`nama_mahasiswa`, `mhs`.`jenis_kelamin`, `mhs`.`email`, `mhs`.`no_telp`, `mhs`.`semester`, `bd`.`bidang`, `pm`.`deskripsi_keahlian`, `pm`.`deskripsi_magang`, `pm`.`tgl_mulai`, `pm`.`tgl_selesai`, `pm`.`created_at` as `tgl_pengajuan`, `jp`.`jenis_permohonan`, `ip`.`instansi_pendidikan`, `pr`.`prodi`
FROM `t_penempatan_magang` as `pn`
LEFT JOIN `m_mahasiswa` as `mhs` ON `mhs`.`id_mahasiswa` = `pn`.`id_mahasiswa`
LEFT JOIN `m_bidang` as `bd` ON `bd`.`id_bidang` = `pn`.`id_bidang`
LEFT JOIN `t_persetujuan_magang` as `ps` ON `ps`.`id_persetujuan_magang` = `pn`.`id_persetujuan_magang`
LEFT JOIN `t_permohonan_magang` as `pm` ON `pm`.`id_permohonan_magang` = `ps`.`id_permohonan_magang`
LEFT JOIN `m_jenis_permohonan` as `jp` ON `jp`.`id_jenis_permohonan` = `pm`.`id_jenis_permohonan`
LEFT JOIN `t_instansi_mahasiswa` as `im` ON `im`.`id_instansi_mahasiswa` = `pm`.`id_instansi_mahasiswa`
LEFT JOIN `m_instansi_pendidikan` as `ip` ON `ip`.`id_instansi_pendidikan` = `im`.`id_instansi_pendidikan`
LEFT JOIN `m_prodi` as `pr` ON `pr`.`id_prodi` = `im`.`id_prodi`
WHERE `pn`.`id_bidang` = \'5\'
ORDER BY `pn`.`created_at` DESC', 0)
 2 SYSTEMPATH\Database\BaseConnection.php(908): CodeIgniter\Database\MySQLi\Connection->execute('SELECT `pn`.`id_penempatan_magang`, `pn`.`id_bidang`, `pn`.`id_persetujuan_magang`, `pn`.`id_mahasiswa`, `pn`.`catatan`, `pn`.`status_penempatan`, `pn`.`is_log_book`, `pn`.`created_at`, `mhs`.`nim`, `mhs`.`nik`, `mhs`.`nama_mahasiswa`, `mhs`.`jenis_kelamin`, `mhs`.`email`, `mhs`.`no_telp`, `mhs`.`semester`, `bd`.`bidang`, `pm`.`deskripsi_keahlian`, `pm`.`deskripsi_magang`, `pm`.`tgl_mulai`, `pm`.`tgl_selesai`, `pm`.`created_at` as `tgl_pengajuan`, `jp`.`jenis_permohonan`, `ip`.`instansi_pendidikan`, `pr`.`prodi`
FROM `t_penempatan_magang` as `pn`
LEFT JOIN `m_mahasiswa` as `mhs` ON `mhs`.`id_mahasiswa` = `pn`.`id_mahasiswa`
LEFT JOIN `m_bidang` as `bd` ON `bd`.`id_bidang` = `pn`.`id_bidang`
LEFT JOIN `t_persetujuan_magang` as `ps` ON `ps`.`id_persetujuan_magang` = `pn`.`id_persetujuan_magang`
LEFT JOIN `t_permohonan_magang` as `pm` ON `pm`.`id_permohonan_magang` = `ps`.`id_permohonan_magang`
LEFT JOIN `m_jenis_permohonan` as `jp` ON `jp`.`id_jenis_permohonan` = `pm`.`id_jenis_permohonan`
LEFT JOIN `t_instansi_mahasiswa` as `im` ON `im`.`id_instansi_mahasiswa` = `pm`.`id_instansi_mahasiswa`
LEFT JOIN `m_instansi_pendidikan` as `ip` ON `ip`.`id_instansi_pendidikan` = `im`.`id_instansi_pendidikan`
LEFT JOIN `m_prodi` as `pr` ON `pr`.`id_prodi` = `im`.`id_prodi`
WHERE `pn`.`id_bidang` = \'5\'
ORDER BY `pn`.`created_at` DESC')
 3 SYSTEMPATH\Database\BaseConnection.php(825): CodeIgniter\Database\BaseConnection->simpleQuery('SELECT `pn`.`id_penempatan_magang`, `pn`.`id_bidang`, `pn`.`id_persetujuan_magang`, `pn`.`id_mahasiswa`, `pn`.`catatan`, `pn`.`status_penempatan`, `pn`.`is_log_book`, `pn`.`created_at`, `mhs`.`nim`, `mhs`.`nik`, `mhs`.`nama_mahasiswa`, `mhs`.`jenis_kelamin`, `mhs`.`email`, `mhs`.`no_telp`, `mhs`.`semester`, `bd`.`bidang`, `pm`.`deskripsi_keahlian`, `pm`.`deskripsi_magang`, `pm`.`tgl_mulai`, `pm`.`tgl_selesai`, `pm`.`created_at` as `tgl_pengajuan`, `jp`.`jenis_permohonan`, `ip`.`instansi_pendidikan`, `pr`.`prodi`
FROM `t_penempatan_magang` as `pn`
LEFT JOIN `m_mahasiswa` as `mhs` ON `mhs`.`id_mahasiswa` = `pn`.`id_mahasiswa`
LEFT JOIN `m_bidang` as `bd` ON `bd`.`id_bidang` = `pn`.`id_bidang`
LEFT JOIN `t_persetujuan_magang` as `ps` ON `ps`.`id_persetujuan_magang` = `pn`.`id_persetujuan_magang`
LEFT JOIN `t_permohonan_magang` as `pm` ON `pm`.`id_permohonan_magang` = `ps`.`id_permohonan_magang`
LEFT JOIN `m_jenis_permohonan` as `jp` ON `jp`.`id_jenis_permohonan` = `pm`.`id_jenis_permohonan`
LEFT JOIN `t_instansi_mahasiswa` as `im` ON `im`.`id_instansi_mahasiswa` = `pm`.`id_instansi_mahasiswa`
LEFT JOIN `m_instansi_pendidikan` as `ip` ON `ip`.`id_instansi_pendidikan` = `im`.`id_instansi_pendidikan`
LEFT JOIN `m_prodi` as `pr` ON `pr`.`id_prodi` = `im`.`id_prodi`
WHERE `pn`.`id_bidang` = \'5\'
ORDER BY `pn`.`created_at` DESC')
 4 SYSTEMPATH\Database\BaseBuilder.php(1647): CodeIgniter\Database\BaseConnection->query('SELECT `pn`.`id_penempatan_magang`, `pn`.`id_bidang`, `pn`.`id_persetujuan_magang`, `pn`.`id_mahasiswa`, `pn`.`catatan`, `pn`.`status_penempatan`, `pn`.`is_log_book`, `pn`.`created_at`, `mhs`.`nim`, `mhs`.`nik`, `mhs`.`nama_mahasiswa`, `mhs`.`jenis_kelamin`, `mhs`.`email`, `mhs`.`no_telp`, `mhs`.`semester`, `bd`.`bidang`, `pm`.`deskripsi_keahlian`, `pm`.`deskripsi_magang`, `pm`.`tgl_mulai`, `pm`.`tgl_selesai`, `pm`.`created_at` as `tgl_pengajuan`, `jp`.`jenis_permohonan`, `ip`.`instansi_pendidikan`, `pr`.`prodi`
FROM `t_penempatan_magang` as `pn`
LEFT JOIN `m_mahasiswa` as `mhs` ON `mhs`.`id_mahasiswa` = `pn`.`id_mahasiswa`
LEFT JOIN `m_bidang` as `bd` ON `bd`.`id_bidang` = `pn`.`id_bidang`
LEFT JOIN `t_persetujuan_magang` as `ps` ON `ps`.`id_persetujuan_magang` = `pn`.`id_persetujuan_magang`
LEFT JOIN `t_permohonan_magang` as `pm` ON `pm`.`id_permohonan_magang` = `ps`.`id_permohonan_magang`
LEFT JOIN `m_jenis_permohonan` as `jp` ON `jp`.`id_jenis_permohonan` = `pm`.`id_jenis_permohonan`
LEFT JOIN `t_instansi_mahasiswa` as `im` ON `im`.`id_instansi_mahasiswa` = `pm`.`id_instansi_mahasiswa`
LEFT JOIN `m_instansi_pendidikan` as `ip` ON `ip`.`id_instansi_pendidikan` = `im`.`id_instansi_pendidikan`
LEFT JOIN `m_prodi` as `pr` ON `pr`.`id_prodi` = `im`.`id_prodi`
WHERE `pn`.`id_bidang` = :pn.id_bidang:
ORDER BY `pn`.`created_at` DESC', [...], false)
 5 APPPATH\Models\Kabid\M_Penempatan.php(87): CodeIgniter\Database\BaseBuilder->get()
 6 APPPATH\Controllers\Kabid\C_DashboardKabid.php(73): App\Models\Kabid\M_Penempatan->getSemuaPenempatan('5')
 7 SYSTEMPATH\CodeIgniter.php(974): App\Controllers\Kabid\C_DashboardKabid->index()
 8 SYSTEMPATH\CodeIgniter.php(520): CodeIgniter\CodeIgniter->runController(Object(App\Controllers\Kabid\C_DashboardKabid))
 9 SYSTEMPATH\CodeIgniter.php(363): CodeIgniter\CodeIgniter->handleRequest(null, Object(Config\Cache), false)
10 SYSTEMPATH\Boot.php(417): CodeIgniter\CodeIgniter->run()
11 SYSTEMPATH\Boot.php(68): CodeIgniter\Boot::runCodeIgniter(Object(CodeIgniter\CodeIgniter))
12 FCPATH\index.php(59): CodeIgniter\Boot::bootWeb(Object(Config\Paths))
13 SYSTEMPATH\rewrite.php(44): require_once('C:\\Users\\lenovo\\Downloads\\Projectmagang_antigravity\\public\\index.php')
CRITICAL - 2026-07-26 05:24:54 --> CodeIgniter\Database\Exceptions\DatabaseException: Unknown column 'mhs.semester' in 'field list'
[Method: GET, Route: kabid/dashboard]
in SYSTEMPATH\Database\BaseConnection.php on line 863.
 1 SYSTEMPATH\Database\BaseBuilder.php(1647): CodeIgniter\Database\BaseConnection->query('SELECT `pn`.`id_penempatan_magang`, `pn`.`id_bidang`, `pn`.`id_persetujuan_magang`, `pn`.`id_mahasiswa`, `pn`.`catatan`, `pn`.`status_penempatan`, `pn`.`is_log_book`, `pn`.`created_at`, `mhs`.`nim`, `mhs`.`nik`, `mhs`.`nama_mahasiswa`, `mhs`.`jenis_kelamin`, `mhs`.`email`, `mhs`.`no_telp`, `mhs`.`semester`, `bd`.`bidang`, `pm`.`deskripsi_keahlian`, `pm`.`deskripsi_magang`, `pm`.`tgl_mulai`, `pm`.`tgl_selesai`, `pm`.`created_at` as `tgl_pengajuan`, `jp`.`jenis_permohonan`, `ip`.`instansi_pendidikan`, `pr`.`prodi`
FROM `t_penempatan_magang` as `pn`
LEFT JOIN `m_mahasiswa` as `mhs` ON `mhs`.`id_mahasiswa` = `pn`.`id_mahasiswa`
LEFT JOIN `m_bidang` as `bd` ON `bd`.`id_bidang` = `pn`.`id_bidang`
LEFT JOIN `t_persetujuan_magang` as `ps` ON `ps`.`id_persetujuan_magang` = `pn`.`id_persetujuan_magang`
LEFT JOIN `t_permohonan_magang` as `pm` ON `pm`.`id_permohonan_magang` = `ps`.`id_permohonan_magang`
LEFT JOIN `m_jenis_permohonan` as `jp` ON `jp`.`id_jenis_permohonan` = `pm`.`id_jenis_permohonan`
LEFT JOIN `t_instansi_mahasiswa` as `im` ON `im`.`id_instansi_mahasiswa` = `pm`.`id_instansi_mahasiswa`
LEFT JOIN `m_instansi_pendidikan` as `ip` ON `ip`.`id_instansi_pendidikan` = `im`.`id_instansi_pendidikan`
LEFT JOIN `m_prodi` as `pr` ON `pr`.`id_prodi` = `im`.`id_prodi`
WHERE `pn`.`id_bidang` = :pn.id_bidang:
ORDER BY `pn`.`created_at` DESC', [...], false)
 2 APPPATH\Models\Kabid\M_Penempatan.php(87): CodeIgniter\Database\BaseBuilder->get()
 3 APPPATH\Controllers\Kabid\C_DashboardKabid.php(73): App\Models\Kabid\M_Penempatan->getSemuaPenempatan('5')
 4 SYSTEMPATH\CodeIgniter.php(974): App\Controllers\Kabid\C_DashboardKabid->index()
 5 SYSTEMPATH\CodeIgniter.php(520): CodeIgniter\CodeIgniter->runController(Object(App\Controllers\Kabid\C_DashboardKabid))
 6 SYSTEMPATH\CodeIgniter.php(363): CodeIgniter\CodeIgniter->handleRequest(null, Object(Config\Cache), false)
 7 SYSTEMPATH\Boot.php(417): CodeIgniter\CodeIgniter->run()
 8 SYSTEMPATH\Boot.php(68): CodeIgniter\Boot::runCodeIgniter(Object(CodeIgniter\CodeIgniter))
 9 FCPATH\index.php(59): CodeIgniter\Boot::bootWeb(Object(Config\Paths))
10 SYSTEMPATH\rewrite.php(44): require_once('C:\\Users\\lenovo\\Downloads\\Projectmagang_antigravity\\public\\index.php')
CRITICAL - 2026-07-26 05:24:54 --> [Caused by] CodeIgniter\Database\Exceptions\DatabaseException: Unknown column 'mhs.semester' in 'field list'
in SYSTEMPATH\Database\MySQLi\Connection.php on line 310.
 1 SYSTEMPATH\Database\BaseConnection.php(908): CodeIgniter\Database\MySQLi\Connection->execute('SELECT `pn`.`id_penempatan_magang`, `pn`.`id_bidang`, `pn`.`id_persetujuan_magang`, `pn`.`id_mahasiswa`, `pn`.`catatan`, `pn`.`status_penempatan`, `pn`.`is_log_book`, `pn`.`created_at`, `mhs`.`nim`, `mhs`.`nik`, `mhs`.`nama_mahasiswa`, `mhs`.`jenis_kelamin`, `mhs`.`email`, `mhs`.`no_telp`, `mhs`.`semester`, `bd`.`bidang`, `pm`.`deskripsi_keahlian`, `pm`.`deskripsi_magang`, `pm`.`tgl_mulai`, `pm`.`tgl_selesai`, `pm`.`created_at` as `tgl_pengajuan`, `jp`.`jenis_permohonan`, `ip`.`instansi_pendidikan`, `pr`.`prodi`
FROM `t_penempatan_magang` as `pn`
LEFT JOIN `m_mahasiswa` as `mhs` ON `mhs`.`id_mahasiswa` = `pn`.`id_mahasiswa`
LEFT JOIN `m_bidang` as `bd` ON `bd`.`id_bidang` = `pn`.`id_bidang`
LEFT JOIN `t_persetujuan_magang` as `ps` ON `ps`.`id_persetujuan_magang` = `pn`.`id_persetujuan_magang`
LEFT JOIN `t_permohonan_magang` as `pm` ON `pm`.`id_permohonan_magang` = `ps`.`id_permohonan_magang`
LEFT JOIN `m_jenis_permohonan` as `jp` ON `jp`.`id_jenis_permohonan` = `pm`.`id_jenis_permohonan`
LEFT JOIN `t_instansi_mahasiswa` as `im` ON `im`.`id_instansi_mahasiswa` = `pm`.`id_instansi_mahasiswa`
LEFT JOIN `m_instansi_pendidikan` as `ip` ON `ip`.`id_instansi_pendidikan` = `im`.`id_instansi_pendidikan`
LEFT JOIN `m_prodi` as `pr` ON `pr`.`id_prodi` = `im`.`id_prodi`
WHERE `pn`.`id_bidang` = \'5\'
ORDER BY `pn`.`created_at` DESC')
 2 SYSTEMPATH\Database\BaseConnection.php(825): CodeIgniter\Database\BaseConnection->simpleQuery('SELECT `pn`.`id_penempatan_magang`, `pn`.`id_bidang`, `pn`.`id_persetujuan_magang`, `pn`.`id_mahasiswa`, `pn`.`catatan`, `pn`.`status_penempatan`, `pn`.`is_log_book`, `pn`.`created_at`, `mhs`.`nim`, `mhs`.`nik`, `mhs`.`nama_mahasiswa`, `mhs`.`jenis_kelamin`, `mhs`.`email`, `mhs`.`no_telp`, `mhs`.`semester`, `bd`.`bidang`, `pm`.`deskripsi_keahlian`, `pm`.`deskripsi_magang`, `pm`.`tgl_mulai`, `pm`.`tgl_selesai`, `pm`.`created_at` as `tgl_pengajuan`, `jp`.`jenis_permohonan`, `ip`.`instansi_pendidikan`, `pr`.`prodi`
FROM `t_penempatan_magang` as `pn`
LEFT JOIN `m_mahasiswa` as `mhs` ON `mhs`.`id_mahasiswa` = `pn`.`id_mahasiswa`
LEFT JOIN `m_bidang` as `bd` ON `bd`.`id_bidang` = `pn`.`id_bidang`
LEFT JOIN `t_persetujuan_magang` as `ps` ON `ps`.`id_persetujuan_magang` = `pn`.`id_persetujuan_magang`
LEFT JOIN `t_permohonan_magang` as `pm` ON `pm`.`id_permohonan_magang` = `ps`.`id_permohonan_magang`
LEFT JOIN `m_jenis_permohonan` as `jp` ON `jp`.`id_jenis_permohonan` = `pm`.`id_jenis_permohonan`
LEFT JOIN `t_instansi_mahasiswa` as `im` ON `im`.`id_instansi_mahasiswa` = `pm`.`id_instansi_mahasiswa`
LEFT JOIN `m_instansi_pendidikan` as `ip` ON `ip`.`id_instansi_pendidikan` = `im`.`id_instansi_pendidikan`
LEFT JOIN `m_prodi` as `pr` ON `pr`.`id_prodi` = `im`.`id_prodi`
WHERE `pn`.`id_bidang` = \'5\'
ORDER BY `pn`.`created_at` DESC')
 3 SYSTEMPATH\Database\BaseBuilder.php(1647): CodeIgniter\Database\BaseConnection->query('SELECT `pn`.`id_penempatan_magang`, `pn`.`id_bidang`, `pn`.`id_persetujuan_magang`, `pn`.`id_mahasiswa`, `pn`.`catatan`, `pn`.`status_penempatan`, `pn`.`is_log_book`, `pn`.`created_at`, `mhs`.`nim`, `mhs`.`nik`, `mhs`.`nama_mahasiswa`, `mhs`.`jenis_kelamin`, `mhs`.`email`, `mhs`.`no_telp`, `mhs`.`semester`, `bd`.`bidang`, `pm`.`deskripsi_keahlian`, `pm`.`deskripsi_magang`, `pm`.`tgl_mulai`, `pm`.`tgl_selesai`, `pm`.`created_at` as `tgl_pengajuan`, `jp`.`jenis_permohonan`, `ip`.`instansi_pendidikan`, `pr`.`prodi`
FROM `t_penempatan_magang` as `pn`
LEFT JOIN `m_mahasiswa` as `mhs` ON `mhs`.`id_mahasiswa` = `pn`.`id_mahasiswa`
LEFT JOIN `m_bidang` as `bd` ON `bd`.`id_bidang` = `pn`.`id_bidang`
LEFT JOIN `t_persetujuan_magang` as `ps` ON `ps`.`id_persetujuan_magang` = `pn`.`id_persetujuan_magang`
LEFT JOIN `t_permohonan_magang` as `pm` ON `pm`.`id_permohonan_magang` = `ps`.`id_permohonan_magang`
LEFT JOIN `m_jenis_permohonan` as `jp` ON `jp`.`id_jenis_permohonan` = `pm`.`id_jenis_permohonan`
LEFT JOIN `t_instansi_mahasiswa` as `im` ON `im`.`id_instansi_mahasiswa` = `pm`.`id_instansi_mahasiswa`
LEFT JOIN `m_instansi_pendidikan` as `ip` ON `ip`.`id_instansi_pendidikan` = `im`.`id_instansi_pendidikan`
LEFT JOIN `m_prodi` as `pr` ON `pr`.`id_prodi` = `im`.`id_prodi`
WHERE `pn`.`id_bidang` = :pn.id_bidang:
ORDER BY `pn`.`created_at` DESC', [...], false)
 4 APPPATH\Models\Kabid\M_Penempatan.php(87): CodeIgniter\Database\BaseBuilder->get()
 5 APPPATH\Controllers\Kabid\C_DashboardKabid.php(73): App\Models\Kabid\M_Penempatan->getSemuaPenempatan('5')
 6 SYSTEMPATH\CodeIgniter.php(974): App\Controllers\Kabid\C_DashboardKabid->index()
 7 SYSTEMPATH\CodeIgniter.php(520): CodeIgniter\CodeIgniter->runController(Object(App\Controllers\Kabid\C_DashboardKabid))
 8 SYSTEMPATH\CodeIgniter.php(363): CodeIgniter\CodeIgniter->handleRequest(null, Object(Config\Cache), false)
 9 SYSTEMPATH\Boot.php(417): CodeIgniter\CodeIgniter->run()
10 SYSTEMPATH\Boot.php(68): CodeIgniter\Boot::runCodeIgniter(Object(CodeIgniter\CodeIgniter))
11 FCPATH\index.php(59): CodeIgniter\Boot::bootWeb(Object(Config\Paths))
12 SYSTEMPATH\rewrite.php(44): require_once('C:\\Users\\lenovo\\Downloads\\Projectmagang_antigravity\\public\\index.php')
CRITICAL - 2026-07-26 05:24:54 --> [Caused by] mysqli_sql_exception: Unknown column 'mhs.semester' in 'field list'
in SYSTEMPATH\Database\MySQLi\Connection.php on line 300.
 1 SYSTEMPATH\Database\MySQLi\Connection.php(300): mysqli->query('SELECT `pn`.`id_penempatan_magang`, `pn`.`id_bidang`, `pn`.`id_persetujuan_magang`, `pn`.`id_mahasiswa`, `pn`.`catatan`, `pn`.`status_penempatan`, `pn`.`is_log_book`, `pn`.`created_at`, `mhs`.`nim`, `mhs`.`nik`, `mhs`.`nama_mahasiswa`, `mhs`.`jenis_kelamin`, `mhs`.`email`, `mhs`.`no_telp`, `mhs`.`semester`, `bd`.`bidang`, `pm`.`deskripsi_keahlian`, `pm`.`deskripsi_magang`, `pm`.`tgl_mulai`, `pm`.`tgl_selesai`, `pm`.`created_at` as `tgl_pengajuan`, `jp`.`jenis_permohonan`, `ip`.`instansi_pendidikan`, `pr`.`prodi`
FROM `t_penempatan_magang` as `pn`
LEFT JOIN `m_mahasiswa` as `mhs` ON `mhs`.`id_mahasiswa` = `pn`.`id_mahasiswa`
LEFT JOIN `m_bidang` as `bd` ON `bd`.`id_bidang` = `pn`.`id_bidang`
LEFT JOIN `t_persetujuan_magang` as `ps` ON `ps`.`id_persetujuan_magang` = `pn`.`id_persetujuan_magang`
LEFT JOIN `t_permohonan_magang` as `pm` ON `pm`.`id_permohonan_magang` = `ps`.`id_permohonan_magang`
LEFT JOIN `m_jenis_permohonan` as `jp` ON `jp`.`id_jenis_permohonan` = `pm`.`id_jenis_permohonan`
LEFT JOIN `t_instansi_mahasiswa` as `im` ON `im`.`id_instansi_mahasiswa` = `pm`.`id_instansi_mahasiswa`
LEFT JOIN `m_instansi_pendidikan` as `ip` ON `ip`.`id_instansi_pendidikan` = `im`.`id_instansi_pendidikan`
LEFT JOIN `m_prodi` as `pr` ON `pr`.`id_prodi` = `im`.`id_prodi`
WHERE `pn`.`id_bidang` = \'5\'
ORDER BY `pn`.`created_at` DESC', 0)
 2 SYSTEMPATH\Database\BaseConnection.php(908): CodeIgniter\Database\MySQLi\Connection->execute('SELECT `pn`.`id_penempatan_magang`, `pn`.`id_bidang`, `pn`.`id_persetujuan_magang`, `pn`.`id_mahasiswa`, `pn`.`catatan`, `pn`.`status_penempatan`, `pn`.`is_log_book`, `pn`.`created_at`, `mhs`.`nim`, `mhs`.`nik`, `mhs`.`nama_mahasiswa`, `mhs`.`jenis_kelamin`, `mhs`.`email`, `mhs`.`no_telp`, `mhs`.`semester`, `bd`.`bidang`, `pm`.`deskripsi_keahlian`, `pm`.`deskripsi_magang`, `pm`.`tgl_mulai`, `pm`.`tgl_selesai`, `pm`.`created_at` as `tgl_pengajuan`, `jp`.`jenis_permohonan`, `ip`.`instansi_pendidikan`, `pr`.`prodi`
FROM `t_penempatan_magang` as `pn`
LEFT JOIN `m_mahasiswa` as `mhs` ON `mhs`.`id_mahasiswa` = `pn`.`id_mahasiswa`
LEFT JOIN `m_bidang` as `bd` ON `bd`.`id_bidang` = `pn`.`id_bidang`
LEFT JOIN `t_persetujuan_magang` as `ps` ON `ps`.`id_persetujuan_magang` = `pn`.`id_persetujuan_magang`
LEFT JOIN `t_permohonan_magang` as `pm` ON `pm`.`id_permohonan_magang` = `ps`.`id_permohonan_magang`
LEFT JOIN `m_jenis_permohonan` as `jp` ON `jp`.`id_jenis_permohonan` = `pm`.`id_jenis_permohonan`
LEFT JOIN `t_instansi_mahasiswa` as `im` ON `im`.`id_instansi_mahasiswa` = `pm`.`id_instansi_mahasiswa`
LEFT JOIN `m_instansi_pendidikan` as `ip` ON `ip`.`id_instansi_pendidikan` = `im`.`id_instansi_pendidikan`
LEFT JOIN `m_prodi` as `pr` ON `pr`.`id_prodi` = `im`.`id_prodi`
WHERE `pn`.`id_bidang` = \'5\'
ORDER BY `pn`.`created_at` DESC')
 3 SYSTEMPATH\Database\BaseConnection.php(825): CodeIgniter\Database\BaseConnection->simpleQuery('SELECT `pn`.`id_penempatan_magang`, `pn`.`id_bidang`, `pn`.`id_persetujuan_magang`, `pn`.`id_mahasiswa`, `pn`.`catatan`, `pn`.`status_penempatan`, `pn`.`is_log_book`, `pn`.`created_at`, `mhs`.`nim`, `mhs`.`nik`, `mhs`.`nama_mahasiswa`, `mhs`.`jenis_kelamin`, `mhs`.`email`, `mhs`.`no_telp`, `mhs`.`semester`, `bd`.`bidang`, `pm`.`deskripsi_keahlian`, `pm`.`deskripsi_magang`, `pm`.`tgl_mulai`, `pm`.`tgl_selesai`, `pm`.`created_at` as `tgl_pengajuan`, `jp`.`jenis_permohonan`, `ip`.`instansi_pendidikan`, `pr`.`prodi`
FROM `t_penempatan_magang` as `pn`
LEFT JOIN `m_mahasiswa` as `mhs` ON `mhs`.`id_mahasiswa` = `pn`.`id_mahasiswa`
LEFT JOIN `m_bidang` as `bd` ON `bd`.`id_bidang` = `pn`.`id_bidang`
LEFT JOIN `t_persetujuan_magang` as `ps` ON `ps`.`id_persetujuan_magang` = `pn`.`id_persetujuan_magang`
LEFT JOIN `t_permohonan_magang` as `pm` ON `pm`.`id_permohonan_magang` = `ps`.`id_permohonan_magang`
LEFT JOIN `m_jenis_permohonan` as `jp` ON `jp`.`id_jenis_permohonan` = `pm`.`id_jenis_permohonan`
LEFT JOIN `t_instansi_mahasiswa` as `im` ON `im`.`id_instansi_mahasiswa` = `pm`.`id_instansi_mahasiswa`
LEFT JOIN `m_instansi_pendidikan` as `ip` ON `ip`.`id_instansi_pendidikan` = `im`.`id_instansi_pendidikan`
LEFT JOIN `m_prodi` as `pr` ON `pr`.`id_prodi` = `im`.`id_prodi`
WHERE `pn`.`id_bidang` = \'5\'
ORDER BY `pn`.`created_at` DESC')
 4 SYSTEMPATH\Database\BaseBuilder.php(1647): CodeIgniter\Database\BaseConnection->query('SELECT `pn`.`id_penempatan_magang`, `pn`.`id_bidang`, `pn`.`id_persetujuan_magang`, `pn`.`id_mahasiswa`, `pn`.`catatan`, `pn`.`status_penempatan`, `pn`.`is_log_book`, `pn`.`created_at`, `mhs`.`nim`, `mhs`.`nik`, `mhs`.`nama_mahasiswa`, `mhs`.`jenis_kelamin`, `mhs`.`email`, `mhs`.`no_telp`, `mhs`.`semester`, `bd`.`bidang`, `pm`.`deskripsi_keahlian`, `pm`.`deskripsi_magang`, `pm`.`tgl_mulai`, `pm`.`tgl_selesai`, `pm`.`created_at` as `tgl_pengajuan`, `jp`.`jenis_permohonan`, `ip`.`instansi_pendidikan`, `pr`.`prodi`
FROM `t_penempatan_magang` as `pn`
LEFT JOIN `m_mahasiswa` as `mhs` ON `mhs`.`id_mahasiswa` = `pn`.`id_mahasiswa`
LEFT JOIN `m_bidang` as `bd` ON `bd`.`id_bidang` = `pn`.`id_bidang`
LEFT JOIN `t_persetujuan_magang` as `ps` ON `ps`.`id_persetujuan_magang` = `pn`.`id_persetujuan_magang`
LEFT JOIN `t_permohonan_magang` as `pm` ON `pm`.`id_permohonan_magang` = `ps`.`id_permohonan_magang`
LEFT JOIN `m_jenis_permohonan` as `jp` ON `jp`.`id_jenis_permohonan` = `pm`.`id_jenis_permohonan`
LEFT JOIN `t_instansi_mahasiswa` as `im` ON `im`.`id_instansi_mahasiswa` = `pm`.`id_instansi_mahasiswa`
LEFT JOIN `m_instansi_pendidikan` as `ip` ON `ip`.`id_instansi_pendidikan` = `im`.`id_instansi_pendidikan`
LEFT JOIN `m_prodi` as `pr` ON `pr`.`id_prodi` = `im`.`id_prodi`
WHERE `pn`.`id_bidang` = :pn.id_bidang:
ORDER BY `pn`.`created_at` DESC', [...], false)
 5 APPPATH\Models\Kabid\M_Penempatan.php(87): CodeIgniter\Database\BaseBuilder->get()
 6 APPPATH\Controllers\Kabid\C_DashboardKabid.php(73): App\Models\Kabid\M_Penempatan->getSemuaPenempatan('5')
 7 SYSTEMPATH\CodeIgniter.php(974): App\Controllers\Kabid\C_DashboardKabid->index()
 8 SYSTEMPATH\CodeIgniter.php(520): CodeIgniter\CodeIgniter->runController(Object(App\Controllers\Kabid\C_DashboardKabid))
 9 SYSTEMPATH\CodeIgniter.php(363): CodeIgniter\CodeIgniter->handleRequest(null, Object(Config\Cache), false)
10 SYSTEMPATH\Boot.php(417): CodeIgniter\CodeIgniter->run()
11 SYSTEMPATH\Boot.php(68): CodeIgniter\Boot::runCodeIgniter(Object(CodeIgniter\CodeIgniter))
12 FCPATH\index.php(59): CodeIgniter\Boot::bootWeb(Object(Config\Paths))
13 SYSTEMPATH\rewrite.php(44): require_once('C:\\Users\\lenovo\\Downloads\\Projectmagang_antigravity\\public\\index.php')
DEBUG - 2026-07-26 05:24:56 --> Session: Class initialized using 'CodeIgniter\Session\Handlers\FileHandler' driver.
DEBUG - 2026-07-26 05:24:59 --> Session: Class initialized using 'CodeIgniter\Session\Handlers\FileHandler' driver.
DEBUG - 2026-07-26 05:24:59 --> Session: Class initialized using 'CodeIgniter\Session\Handlers\FileHandler' driver.
ERROR - 2026-07-26 05:24:59 --> Unknown column 'mhs.semester' in 'field list'
in SYSTEMPATH\Database\MySQLi\Connection.php on line 300.
 1 SYSTEMPATH\Database\MySQLi\Connection.php(300): mysqli->query('SELECT `pn`.`id_penempatan_magang`, `pn`.`id_bidang`, `pn`.`id_persetujuan_magang`, `pn`.`id_mahasiswa`, `pn`.`catatan`, `pn`.`status_penempatan`, `pn`.`is_log_book`, `pn`.`created_at`, `mhs`.`nim`, `mhs`.`nik`, `mhs`.`nama_mahasiswa`, `mhs`.`jenis_kelamin`, `mhs`.`email`, `mhs`.`no_telp`, `mhs`.`semester`, `bd`.`bidang`, `pm`.`deskripsi_keahlian`, `pm`.`deskripsi_magang`, `pm`.`tgl_mulai`, `pm`.`tgl_selesai`, `pm`.`created_at` as `tgl_pengajuan`, `jp`.`jenis_permohonan`, `ip`.`instansi_pendidikan`, `pr`.`prodi`
FROM `t_penempatan_magang` as `pn`
LEFT JOIN `m_mahasiswa` as `mhs` ON `mhs`.`id_mahasiswa` = `pn`.`id_mahasiswa`
LEFT JOIN `m_bidang` as `bd` ON `bd`.`id_bidang` = `pn`.`id_bidang`
LEFT JOIN `t_persetujuan_magang` as `ps` ON `ps`.`id_persetujuan_magang` = `pn`.`id_persetujuan_magang`
LEFT JOIN `t_permohonan_magang` as `pm` ON `pm`.`id_permohonan_magang` = `ps`.`id_permohonan_magang`
LEFT JOIN `m_jenis_permohonan` as `jp` ON `jp`.`id_jenis_permohonan` = `pm`.`id_jenis_permohonan`
LEFT JOIN `t_instansi_mahasiswa` as `im` ON `im`.`id_instansi_mahasiswa` = `pm`.`id_instansi_mahasiswa`
LEFT JOIN `m_instansi_pendidikan` as `ip` ON `ip`.`id_instansi_pendidikan` = `im`.`id_instansi_pendidikan`
LEFT JOIN `m_prodi` as `pr` ON `pr`.`id_prodi` = `im`.`id_prodi`
WHERE `pn`.`id_bidang` = \'5\'
ORDER BY `pn`.`created_at` DESC', 0)
 2 SYSTEMPATH\Database\BaseConnection.php(908): CodeIgniter\Database\MySQLi\Connection->execute('SELECT `pn`.`id_penempatan_magang`, `pn`.`id_bidang`, `pn`.`id_persetujuan_magang`, `pn`.`id_mahasiswa`, `pn`.`catatan`, `pn`.`status_penempatan`, `pn`.`is_log_book`, `pn`.`created_at`, `mhs`.`nim`, `mhs`.`nik`, `mhs`.`nama_mahasiswa`, `mhs`.`jenis_kelamin`, `mhs`.`email`, `mhs`.`no_telp`, `mhs`.`semester`, `bd`.`bidang`, `pm`.`deskripsi_keahlian`, `pm`.`deskripsi_magang`, `pm`.`tgl_mulai`, `pm`.`tgl_selesai`, `pm`.`created_at` as `tgl_pengajuan`, `jp`.`jenis_permohonan`, `ip`.`instansi_pendidikan`, `pr`.`prodi`
FROM `t_penempatan_magang` as `pn`
LEFT JOIN `m_mahasiswa` as `mhs` ON `mhs`.`id_mahasiswa` = `pn`.`id_mahasiswa`
LEFT JOIN `m_bidang` as `bd` ON `bd`.`id_bidang` = `pn`.`id_bidang`
LEFT JOIN `t_persetujuan_magang` as `ps` ON `ps`.`id_persetujuan_magang` = `pn`.`id_persetujuan_magang`
LEFT JOIN `t_permohonan_magang` as `pm` ON `pm`.`id_permohonan_magang` = `ps`.`id_permohonan_magang`
LEFT JOIN `m_jenis_permohonan` as `jp` ON `jp`.`id_jenis_permohonan` = `pm`.`id_jenis_permohonan`
LEFT JOIN `t_instansi_mahasiswa` as `im` ON `im`.`id_instansi_mahasiswa` = `pm`.`id_instansi_mahasiswa`
LEFT JOIN `m_instansi_pendidikan` as `ip` ON `ip`.`id_instansi_pendidikan` = `im`.`id_instansi_pendidikan`
LEFT JOIN `m_prodi` as `pr` ON `pr`.`id_prodi` = `im`.`id_prodi`
WHERE `pn`.`id_bidang` = \'5\'
ORDER BY `pn`.`created_at` DESC')
 3 SYSTEMPATH\Database\BaseConnection.php(825): CodeIgniter\Database\BaseConnection->simpleQuery('SELECT `pn`.`id_penempatan_magang`, `pn`.`id_bidang`, `pn`.`id_persetujuan_magang`, `pn`.`id_mahasiswa`, `pn`.`catatan`, `pn`.`status_penempatan`, `pn`.`is_log_book`, `pn`.`created_at`, `mhs`.`nim`, `mhs`.`nik`, `mhs`.`nama_mahasiswa`, `mhs`.`jenis_kelamin`, `mhs`.`email`, `mhs`.`no_telp`, `mhs`.`semester`, `bd`.`bidang`, `pm`.`deskripsi_keahlian`, `pm`.`deskripsi_magang`, `pm`.`tgl_mulai`, `pm`.`tgl_selesai`, `pm`.`created_at` as `tgl_pengajuan`, `jp`.`jenis_permohonan`, `ip`.`instansi_pendidikan`, `pr`.`prodi`
FROM `t_penempatan_magang` as `pn`
LEFT JOIN `m_mahasiswa` as `mhs` ON `mhs`.`id_mahasiswa` = `pn`.`id_mahasiswa`
LEFT JOIN `m_bidang` as `bd` ON `bd`.`id_bidang` = `pn`.`id_bidang`
LEFT JOIN `t_persetujuan_magang` as `ps` ON `ps`.`id_persetujuan_magang` = `pn`.`id_persetujuan_magang`
LEFT JOIN `t_permohonan_magang` as `pm` ON `pm`.`id_permohonan_magang` = `ps`.`id_permohonan_magang`
LEFT JOIN `m_jenis_permohonan` as `jp` ON `jp`.`id_jenis_permohonan` = `pm`.`id_jenis_permohonan`
LEFT JOIN `t_instansi_mahasiswa` as `im` ON `im`.`id_instansi_mahasiswa` = `pm`.`id_instansi_mahasiswa`
LEFT JOIN `m_instansi_pendidikan` as `ip` ON `ip`.`id_instansi_pendidikan` = `im`.`id_instansi_pendidikan`
LEFT JOIN `m_prodi` as `pr` ON `pr`.`id_prodi` = `im`.`id_prodi`
WHERE `pn`.`id_bidang` = \'5\'
ORDER BY `pn`.`created_at` DESC')
 4 SYSTEMPATH\Database\BaseBuilder.php(1647): CodeIgniter\Database\BaseConnection->query('SELECT `pn`.`id_penempatan_magang`, `pn`.`id_bidang`, `pn`.`id_persetujuan_magang`, `pn`.`id_mahasiswa`, `pn`.`catatan`, `pn`.`status_penempatan`, `pn`.`is_log_book`, `pn`.`created_at`, `mhs`.`nim`, `mhs`.`nik`, `mhs`.`nama_mahasiswa`, `mhs`.`jenis_kelamin`, `mhs`.`email`, `mhs`.`no_telp`, `mhs`.`semester`, `bd`.`bidang`, `pm`.`deskripsi_keahlian`, `pm`.`deskripsi_magang`, `pm`.`tgl_mulai`, `pm`.`tgl_selesai`, `pm`.`created_at` as `tgl_pengajuan`, `jp`.`jenis_permohonan`, `ip`.`instansi_pendidikan`, `pr`.`prodi`
FROM `t_penempatan_magang` as `pn`
LEFT JOIN `m_mahasiswa` as `mhs` ON `mhs`.`id_mahasiswa` = `pn`.`id_mahasiswa`
LEFT JOIN `m_bidang` as `bd` ON `bd`.`id_bidang` = `pn`.`id_bidang`
LEFT JOIN `t_persetujuan_magang` as `ps` ON `ps`.`id_persetujuan_magang` = `pn`.`id_persetujuan_magang`
LEFT JOIN `t_permohonan_magang` as `pm` ON `pm`.`id_permohonan_magang` = `ps`.`id_permohonan_magang`
LEFT JOIN `m_jenis_permohonan` as `jp` ON `jp`.`id_jenis_permohonan` = `pm`.`id_jenis_permohonan`
LEFT JOIN `t_instansi_mahasiswa` as `im` ON `im`.`id_instansi_mahasiswa` = `pm`.`id_instansi_mahasiswa`
LEFT JOIN `m_instansi_pendidikan` as `ip` ON `ip`.`id_instansi_pendidikan` = `im`.`id_instansi_pendidikan`
LEFT JOIN `m_prodi` as `pr` ON `pr`.`id_prodi` = `im`.`id_prodi`
WHERE `pn`.`id_bidang` = :pn.id_bidang:
ORDER BY `pn`.`created_at` DESC', [...], false)
 5 APPPATH\Models\Kabid\M_Penempatan.php(87): CodeIgniter\Database\BaseBuilder->get()
 6 APPPATH\Controllers\Kabid\C_DashboardKabid.php(73): App\Models\Kabid\M_Penempatan->getSemuaPenempatan('5')
 7 SYSTEMPATH\CodeIgniter.php(974): App\Controllers\Kabid\C_DashboardKabid->index()
 8 SYSTEMPATH\CodeIgniter.php(520): CodeIgniter\CodeIgniter->runController(Object(App\Controllers\Kabid\C_DashboardKabid))
 9 SYSTEMPATH\CodeIgniter.php(363): CodeIgniter\CodeIgniter->handleRequest(null, Object(Config\Cache), false)
10 SYSTEMPATH\Boot.php(417): CodeIgniter\CodeIgniter->run()
11 SYSTEMPATH\Boot.php(68): CodeIgniter\Boot::runCodeIgniter(Object(CodeIgniter\CodeIgniter))
12 FCPATH\index.php(59): CodeIgniter\Boot::bootWeb(Object(Config\Paths))
13 SYSTEMPATH\rewrite.php(44): require_once('C:\\Users\\lenovo\\Downloads\\Projectmagang_antigravity\\public\\index.php')
CRITICAL - 2026-07-26 05:24:59 --> CodeIgniter\Database\Exceptions\DatabaseException: Unknown column 'mhs.semester' in 'field list'
[Method: GET, Route: kabid/dashboard]
in SYSTEMPATH\Database\BaseConnection.php on line 863.
 1 SYSTEMPATH\Database\BaseBuilder.php(1647): CodeIgniter\Database\BaseConnection->query('SELECT `pn`.`id_penempatan_magang`, `pn`.`id_bidang`, `pn`.`id_persetujuan_magang`, `pn`.`id_mahasiswa`, `pn`.`catatan`, `pn`.`status_penempatan`, `pn`.`is_log_book`, `pn`.`created_at`, `mhs`.`nim`, `mhs`.`nik`, `mhs`.`nama_mahasiswa`, `mhs`.`jenis_kelamin`, `mhs`.`email`, `mhs`.`no_telp`, `mhs`.`semester`, `bd`.`bidang`, `pm`.`deskripsi_keahlian`, `pm`.`deskripsi_magang`, `pm`.`tgl_mulai`, `pm`.`tgl_selesai`, `pm`.`created_at` as `tgl_pengajuan`, `jp`.`jenis_permohonan`, `ip`.`instansi_pendidikan`, `pr`.`prodi`
FROM `t_penempatan_magang` as `pn`
LEFT JOIN `m_mahasiswa` as `mhs` ON `mhs`.`id_mahasiswa` = `pn`.`id_mahasiswa`
LEFT JOIN `m_bidang` as `bd` ON `bd`.`id_bidang` = `pn`.`id_bidang`
LEFT JOIN `t_persetujuan_magang` as `ps` ON `ps`.`id_persetujuan_magang` = `pn`.`id_persetujuan_magang`
LEFT JOIN `t_permohonan_magang` as `pm` ON `pm`.`id_permohonan_magang` = `ps`.`id_permohonan_magang`
LEFT JOIN `m_jenis_permohonan` as `jp` ON `jp`.`id_jenis_permohonan` = `pm`.`id_jenis_permohonan`
LEFT JOIN `t_instansi_mahasiswa` as `im` ON `im`.`id_instansi_mahasiswa` = `pm`.`id_instansi_mahasiswa`
LEFT JOIN `m_instansi_pendidikan` as `ip` ON `ip`.`id_instansi_pendidikan` = `im`.`id_instansi_pendidikan`
LEFT JOIN `m_prodi` as `pr` ON `pr`.`id_prodi` = `im`.`id_prodi`
WHERE `pn`.`id_bidang` = :pn.id_bidang:
ORDER BY `pn`.`created_at` DESC', [...], false)
 2 APPPATH\Models\Kabid\M_Penempatan.php(87): CodeIgniter\Database\BaseBuilder->get()
 3 APPPATH\Controllers\Kabid\C_DashboardKabid.php(73): App\Models\Kabid\M_Penempatan->getSemuaPenempatan('5')
 4 SYSTEMPATH\CodeIgniter.php(974): App\Controllers\Kabid\C_DashboardKabid->index()
 5 SYSTEMPATH\CodeIgniter.php(520): CodeIgniter\CodeIgniter->runController(Object(App\Controllers\Kabid\C_DashboardKabid))
 6 SYSTEMPATH\CodeIgniter.php(363): CodeIgniter\CodeIgniter->handleRequest(null, Object(Config\Cache), false)
 7 SYSTEMPATH\Boot.php(417): CodeIgniter\CodeIgniter->run()
 8 SYSTEMPATH\Boot.php(68): CodeIgniter\Boot::runCodeIgniter(Object(CodeIgniter\CodeIgniter))
 9 FCPATH\index.php(59): CodeIgniter\Boot::bootWeb(Object(Config\Paths))
10 SYSTEMPATH\rewrite.php(44): require_once('C:\\Users\\lenovo\\Downloads\\Projectmagang_antigravity\\public\\index.php')
CRITICAL - 2026-07-26 05:24:59 --> [Caused by] CodeIgniter\Database\Exceptions\DatabaseException: Unknown column 'mhs.semester' in 'field list'
in SYSTEMPATH\Database\MySQLi\Connection.php on line 310.
 1 SYSTEMPATH\Database\BaseConnection.php(908): CodeIgniter\Database\MySQLi\Connection->execute('SELECT `pn`.`id_penempatan_magang`, `pn`.`id_bidang`, `pn`.`id_persetujuan_magang`, `pn`.`id_mahasiswa`, `pn`.`catatan`, `pn`.`status_penempatan`, `pn`.`is_log_book`, `pn`.`created_at`, `mhs`.`nim`, `mhs`.`nik`, `mhs`.`nama_mahasiswa`, `mhs`.`jenis_kelamin`, `mhs`.`email`, `mhs`.`no_telp`, `mhs`.`semester`, `bd`.`bidang`, `pm`.`deskripsi_keahlian`, `pm`.`deskripsi_magang`, `pm`.`tgl_mulai`, `pm`.`tgl_selesai`, `pm`.`created_at` as `tgl_pengajuan`, `jp`.`jenis_permohonan`, `ip`.`instansi_pendidikan`, `pr`.`prodi`
FROM `t_penempatan_magang` as `pn`
LEFT JOIN `m_mahasiswa` as `mhs` ON `mhs`.`id_mahasiswa` = `pn`.`id_mahasiswa`
LEFT JOIN `m_bidang` as `bd` ON `bd`.`id_bidang` = `pn`.`id_bidang`
LEFT JOIN `t_persetujuan_magang` as `ps` ON `ps`.`id_persetujuan_magang` = `pn`.`id_persetujuan_magang`
LEFT JOIN `t_permohonan_magang` as `pm` ON `pm`.`id_permohonan_magang` = `ps`.`id_permohonan_magang`
LEFT JOIN `m_jenis_permohonan` as `jp` ON `jp`.`id_jenis_permohonan` = `pm`.`id_jenis_permohonan`
LEFT JOIN `t_instansi_mahasiswa` as `im` ON `im`.`id_instansi_mahasiswa` = `pm`.`id_instansi_mahasiswa`
LEFT JOIN `m_instansi_pendidikan` as `ip` ON `ip`.`id_instansi_pendidikan` = `im`.`id_instansi_pendidikan`
LEFT JOIN `m_prodi` as `pr` ON `pr`.`id_prodi` = `im`.`id_prodi`
WHERE `pn`.`id_bidang` = \'5\'
ORDER BY `pn`.`created_at` DESC')
 2 SYSTEMPATH\Database\BaseConnection.php(825): CodeIgniter\Database\BaseConnection->simpleQuery('SELECT `pn`.`id_penempatan_magang`, `pn`.`id_bidang`, `pn`.`id_persetujuan_magang`, `pn`.`id_mahasiswa`, `pn`.`catatan`, `pn`.`status_penempatan`, `pn`.`is_log_book`, `pn`.`created_at`, `mhs`.`nim`, `mhs`.`nik`, `mhs`.`nama_mahasiswa`, `mhs`.`jenis_kelamin`, `mhs`.`email`, `mhs`.`no_telp`, `mhs`.`semester`, `bd`.`bidang`, `pm`.`deskripsi_keahlian`, `pm`.`deskripsi_magang`, `pm`.`tgl_mulai`, `pm`.`tgl_selesai`, `pm`.`created_at` as `tgl_pengajuan`, `jp`.`jenis_permohonan`, `ip`.`instansi_pendidikan`, `pr`.`prodi`
FROM `t_penempatan_magang` as `pn`
LEFT JOIN `m_mahasiswa` as `mhs` ON `mhs`.`id_mahasiswa` = `pn`.`id_mahasiswa`
LEFT JOIN `m_bidang` as `bd` ON `bd`.`id_bidang` = `pn`.`id_bidang`
LEFT JOIN `t_persetujuan_magang` as `ps` ON `ps`.`id_persetujuan_magang` = `pn`.`id_persetujuan_magang`
LEFT JOIN `t_permohonan_magang` as `pm` ON `pm`.`id_permohonan_magang` = `ps`.`id_permohonan_magang`
LEFT JOIN `m_jenis_permohonan` as `jp` ON `jp`.`id_jenis_permohonan` = `pm`.`id_jenis_permohonan`
LEFT JOIN `t_instansi_mahasiswa` as `im` ON `im`.`id_instansi_mahasiswa` = `pm`.`id_instansi_mahasiswa`
LEFT JOIN `m_instansi_pendidikan` as `ip` ON `ip`.`id_instansi_pendidikan` = `im`.`id_instansi_pendidikan`
LEFT JOIN `m_prodi` as `pr` ON `pr`.`id_prodi` = `im`.`id_prodi`
WHERE `pn`.`id_bidang` = \'5\'
ORDER BY `pn`.`created_at` DESC')
 3 SYSTEMPATH\Database\BaseBuilder.php(1647): CodeIgniter\Database\BaseConnection->query('SELECT `pn`.`id_penempatan_magang`, `pn`.`id_bidang`, `pn`.`id_persetujuan_magang`, `pn`.`id_mahasiswa`, `pn`.`catatan`, `pn`.`status_penempatan`, `pn`.`is_log_book`, `pn`.`created_at`, `mhs`.`nim`, `mhs`.`nik`, `mhs`.`nama_mahasiswa`, `mhs`.`jenis_kelamin`, `mhs`.`email`, `mhs`.`no_telp`, `mhs`.`semester`, `bd`.`bidang`, `pm`.`deskripsi_keahlian`, `pm`.`deskripsi_magang`, `pm`.`tgl_mulai`, `pm`.`tgl_selesai`, `pm`.`created_at` as `tgl_pengajuan`, `jp`.`jenis_permohonan`, `ip`.`instansi_pendidikan`, `pr`.`prodi`
FROM `t_penempatan_magang` as `pn`
LEFT JOIN `m_mahasiswa` as `mhs` ON `mhs`.`id_mahasiswa` = `pn`.`id_mahasiswa`
LEFT JOIN `m_bidang` as `bd` ON `bd`.`id_bidang` = `pn`.`id_bidang`
LEFT JOIN `t_persetujuan_magang` as `ps` ON `ps`.`id_persetujuan_magang` = `pn`.`id_persetujuan_magang`
LEFT JOIN `t_permohonan_magang` as `pm` ON `pm`.`id_permohonan_magang` = `ps`.`id_permohonan_magang`
LEFT JOIN `m_jenis_permohonan` as `jp` ON `jp`.`id_jenis_permohonan` = `pm`.`id_jenis_permohonan`
LEFT JOIN `t_instansi_mahasiswa` as `im` ON `im`.`id_instansi_mahasiswa` = `pm`.`id_instansi_mahasiswa`
LEFT JOIN `m_instansi_pendidikan` as `ip` ON `ip`.`id_instansi_pendidikan` = `im`.`id_instansi_pendidikan`
LEFT JOIN `m_prodi` as `pr` ON `pr`.`id_prodi` = `im`.`id_prodi`
WHERE `pn`.`id_bidang` = :pn.id_bidang:
ORDER BY `pn`.`created_at` DESC', [...], false)
 4 APPPATH\Models\Kabid\M_Penempatan.php(87): CodeIgniter\Database\BaseBuilder->get()
 5 APPPATH\Controllers\Kabid\C_DashboardKabid.php(73): App\Models\Kabid\M_Penempatan->getSemuaPenempatan('5')
 6 SYSTEMPATH\CodeIgniter.php(974): App\Controllers\Kabid\C_DashboardKabid->index()
 7 SYSTEMPATH\CodeIgniter.php(520): CodeIgniter\CodeIgniter->runController(Object(App\Controllers\Kabid\C_DashboardKabid))
 8 SYSTEMPATH\CodeIgniter.php(363): CodeIgniter\CodeIgniter->handleRequest(null, Object(Config\Cache), false)
 9 SYSTEMPATH\Boot.php(417): CodeIgniter\CodeIgniter->run()
10 SYSTEMPATH\Boot.php(68): CodeIgniter\Boot::runCodeIgniter(Object(CodeIgniter\CodeIgniter))
11 FCPATH\index.php(59): CodeIgniter\Boot::bootWeb(Object(Config\Paths))
12 SYSTEMPATH\rewrite.php(44): require_once('C:\\Users\\lenovo\\Downloads\\Projectmagang_antigravity\\public\\index.php')
CRITICAL - 2026-07-26 05:24:59 --> [Caused by] mysqli_sql_exception: Unknown column 'mhs.semester' in 'field list'
in SYSTEMPATH\Database\MySQLi\Connection.php on line 300.
 1 SYSTEMPATH\Database\MySQLi\Connection.php(300): mysqli->query('SELECT `pn`.`id_penempatan_magang`, `pn`.`id_bidang`, `pn`.`id_persetujuan_magang`, `pn`.`id_mahasiswa`, `pn`.`catatan`, `pn`.`status_penempatan`, `pn`.`is_log_book`, `pn`.`created_at`, `mhs`.`nim`, `mhs`.`nik`, `mhs`.`nama_mahasiswa`, `mhs`.`jenis_kelamin`, `mhs`.`email`, `mhs`.`no_telp`, `mhs`.`semester`, `bd`.`bidang`, `pm`.`deskripsi_keahlian`, `pm`.`deskripsi_magang`, `pm`.`tgl_mulai`, `pm`.`tgl_selesai`, `pm`.`created_at` as `tgl_pengajuan`, `jp`.`jenis_permohonan`, `ip`.`instansi_pendidikan`, `pr`.`prodi`
FROM `t_penempatan_magang` as `pn`
LEFT JOIN `m_mahasiswa` as `mhs` ON `mhs`.`id_mahasiswa` = `pn`.`id_mahasiswa`
LEFT JOIN `m_bidang` as `bd` ON `bd`.`id_bidang` = `pn`.`id_bidang`
LEFT JOIN `t_persetujuan_magang` as `ps` ON `ps`.`id_persetujuan_magang` = `pn`.`id_persetujuan_magang`
LEFT JOIN `t_permohonan_magang` as `pm` ON `pm`.`id_permohonan_magang` = `ps`.`id_permohonan_magang`
LEFT JOIN `m_jenis_permohonan` as `jp` ON `jp`.`id_jenis_permohonan` = `pm`.`id_jenis_permohonan`
LEFT JOIN `t_instansi_mahasiswa` as `im` ON `im`.`id_instansi_mahasiswa` = `pm`.`id_instansi_mahasiswa`
LEFT JOIN `m_instansi_pendidikan` as `ip` ON `ip`.`id_instansi_pendidikan` = `im`.`id_instansi_pendidikan`
LEFT JOIN `m_prodi` as `pr` ON `pr`.`id_prodi` = `im`.`id_prodi`
WHERE `pn`.`id_bidang` = \'5\'
ORDER BY `pn`.`created_at` DESC', 0)
 2 SYSTEMPATH\Database\BaseConnection.php(908): CodeIgniter\Database\MySQLi\Connection->execute('SELECT `pn`.`id_penempatan_magang`, `pn`.`id_bidang`, `pn`.`id_persetujuan_magang`, `pn`.`id_mahasiswa`, `pn`.`catatan`, `pn`.`status_penempatan`, `pn`.`is_log_book`, `pn`.`created_at`, `mhs`.`nim`, `mhs`.`nik`, `mhs`.`nama_mahasiswa`, `mhs`.`jenis_kelamin`, `mhs`.`email`, `mhs`.`no_telp`, `mhs`.`semester`, `bd`.`bidang`, `pm`.`deskripsi_keahlian`, `pm`.`deskripsi_magang`, `pm`.`tgl_mulai`, `pm`.`tgl_selesai`, `pm`.`created_at` as `tgl_pengajuan`, `jp`.`jenis_permohonan`, `ip`.`instansi_pendidikan`, `pr`.`prodi`
FROM `t_penempatan_magang` as `pn`
LEFT JOIN `m_mahasiswa` as `mhs` ON `mhs`.`id_mahasiswa` = `pn`.`id_mahasiswa`
LEFT JOIN `m_bidang` as `bd` ON `bd`.`id_bidang` = `pn`.`id_bidang`
LEFT JOIN `t_persetujuan_magang` as `ps` ON `ps`.`id_persetujuan_magang` = `pn`.`id_persetujuan_magang`
LEFT JOIN `t_permohonan_magang` as `pm` ON `pm`.`id_permohonan_magang` = `ps`.`id_permohonan_magang`
LEFT JOIN `m_jenis_permohonan` as `jp` ON `jp`.`id_jenis_permohonan` = `pm`.`id_jenis_permohonan`
LEFT JOIN `t_instansi_mahasiswa` as `im` ON `im`.`id_instansi_mahasiswa` = `pm`.`id_instansi_mahasiswa`
LEFT JOIN `m_instansi_pendidikan` as `ip` ON `ip`.`id_instansi_pendidikan` = `im`.`id_instansi_pendidikan`
LEFT JOIN `m_prodi` as `pr` ON `pr`.`id_prodi` = `im`.`id_prodi`
WHERE `pn`.`id_bidang` = \'5\'
ORDER BY `pn`.`created_at` DESC')
 3 SYSTEMPATH\Database\BaseConnection.php(825): CodeIgniter\Database\BaseConnection->simpleQuery('SELECT `pn`.`id_penempatan_magang`, `pn`.`id_bidang`, `pn`.`id_persetujuan_magang`, `pn`.`id_mahasiswa`, `pn`.`catatan`, `pn`.`status_penempatan`, `pn`.`is_log_book`, `pn`.`created_at`, `mhs`.`nim`, `mhs`.`nik`, `mhs`.`nama_mahasiswa`, `mhs`.`jenis_kelamin`, `mhs`.`email`, `mhs`.`no_telp`, `mhs`.`semester`, `bd`.`bidang`, `pm`.`deskripsi_keahlian`, `pm`.`deskripsi_magang`, `pm`.`tgl_mulai`, `pm`.`tgl_selesai`, `pm`.`created_at` as `tgl_pengajuan`, `jp`.`jenis_permohonan`, `ip`.`instansi_pendidikan`, `pr`.`prodi`
FROM `t_penempatan_magang` as `pn`
LEFT JOIN `m_mahasiswa` as `mhs` ON `mhs`.`id_mahasiswa` = `pn`.`id_mahasiswa`
LEFT JOIN `m_bidang` as `bd` ON `bd`.`id_bidang` = `pn`.`id_bidang`
LEFT JOIN `t_persetujuan_magang` as `ps` ON `ps`.`id_persetujuan_magang` = `pn`.`id_persetujuan_magang`
LEFT JOIN `t_permohonan_magang` as `pm` ON `pm`.`id_permohonan_magang` = `ps`.`id_permohonan_magang`
LEFT JOIN `m_jenis_permohonan` as `jp` ON `jp`.`id_jenis_permohonan` = `pm`.`id_jenis_permohonan`
LEFT JOIN `t_instansi_mahasiswa` as `im` ON `im`.`id_instansi_mahasiswa` = `pm`.`id_instansi_mahasiswa`
LEFT JOIN `m_instansi_pendidikan` as `ip` ON `ip`.`id_instansi_pendidikan` = `im`.`id_instansi_pendidikan`
LEFT JOIN `m_prodi` as `pr` ON `pr`.`id_prodi` = `im`.`id_prodi`
WHERE `pn`.`id_bidang` = \'5\'
ORDER BY `pn`.`created_at` DESC')
 4 SYSTEMPATH\Database\BaseBuilder.php(1647): CodeIgniter\Database\BaseConnection->query('SELECT `pn`.`id_penempatan_magang`, `pn`.`id_bidang`, `pn`.`id_persetujuan_magang`, `pn`.`id_mahasiswa`, `pn`.`catatan`, `pn`.`status_penempatan`, `pn`.`is_log_book`, `pn`.`created_at`, `mhs`.`nim`, `mhs`.`nik`, `mhs`.`nama_mahasiswa`, `mhs`.`jenis_kelamin`, `mhs`.`email`, `mhs`.`no_telp`, `mhs`.`semester`, `bd`.`bidang`, `pm`.`deskripsi_keahlian`, `pm`.`deskripsi_magang`, `pm`.`tgl_mulai`, `pm`.`tgl_selesai`, `pm`.`created_at` as `tgl_pengajuan`, `jp`.`jenis_permohonan`, `ip`.`instansi_pendidikan`, `pr`.`prodi`
FROM `t_penempatan_magang` as `pn`
LEFT JOIN `m_mahasiswa` as `mhs` ON `mhs`.`id_mahasiswa` = `pn`.`id_mahasiswa`
LEFT JOIN `m_bidang` as `bd` ON `bd`.`id_bidang` = `pn`.`id_bidang`
LEFT JOIN `t_persetujuan_magang` as `ps` ON `ps`.`id_persetujuan_magang` = `pn`.`id_persetujuan_magang`
LEFT JOIN `t_permohonan_magang` as `pm` ON `pm`.`id_permohonan_magang` = `ps`.`id_permohonan_magang`
LEFT JOIN `m_jenis_permohonan` as `jp` ON `jp`.`id_jenis_permohonan` = `pm`.`id_jenis_permohonan`
LEFT JOIN `t_instansi_mahasiswa` as `im` ON `im`.`id_instansi_mahasiswa` = `pm`.`id_instansi_mahasiswa`
LEFT JOIN `m_instansi_pendidikan` as `ip` ON `ip`.`id_instansi_pendidikan` = `im`.`id_instansi_pendidikan`
LEFT JOIN `m_prodi` as `pr` ON `pr`.`id_prodi` = `im`.`id_prodi`
WHERE `pn`.`id_bidang` = :pn.id_bidang:
ORDER BY `pn`.`created_at` DESC', [...], false)
 5 APPPATH\Models\Kabid\M_Penempatan.php(87): CodeIgniter\Database\BaseBuilder->get()
 6 APPPATH\Controllers\Kabid\C_DashboardKabid.php(73): App\Models\Kabid\M_Penempatan->getSemuaPenempatan('5')
 7 SYSTEMPATH\CodeIgniter.php(974): App\Controllers\Kabid\C_DashboardKabid->index()
 8 SYSTEMPATH\CodeIgniter.php(520): CodeIgniter\CodeIgniter->runController(Object(App\Controllers\Kabid\C_DashboardKabid))
 9 SYSTEMPATH\CodeIgniter.php(363): CodeIgniter\CodeIgniter->handleRequest(null, Object(Config\Cache), false)
10 SYSTEMPATH\Boot.php(417): CodeIgniter\CodeIgniter->run()
11 SYSTEMPATH\Boot.php(68): CodeIgniter\Boot::runCodeIgniter(Object(CodeIgniter\CodeIgniter))
12 FCPATH\index.php(59): CodeIgniter\Boot::bootWeb(Object(Config\Paths))
13 SYSTEMPATH\rewrite.php(44): require_once('C:\\Users\\lenovo\\Downloads\\Projectmagang_antigravity\\public\\index.php')
DEBUG - 2026-07-26 05:27:08 --> Session: Class initialized using 'CodeIgniter\Session\Handlers\FileHandler' driver.
DEBUG - 2026-07-26 05:27:17 --> Session: Class initialized using 'CodeIgniter\Session\Handlers\FileHandler' driver.
ERROR - 2026-07-26 05:27:17 --> Table 'db_elayanan_akademik_kominfo.m_jenis_file_permohonan' doesn't exist
in SYSTEMPATH\Database\MySQLi\Connection.php on line 300.
 1 SYSTEMPATH\Database\MySQLi\Connection.php(300): mysqli->query('SELECT `f`.`id_file_permohonan`, `f`.`nama_file`, `f`.`file_path`, `m`.`jenis_file`
FROM `t_file_permohonan_magang` `f`
JOIN `m_jenis_file_permohonan` `m` ON `m`.`id_jenis_file_permohonan` = `f`.`id_jenis_file_permohonan`
WHERE `f`.`id_permohonan_magang` IS NULL', 0)
 2 SYSTEMPATH\Database\BaseConnection.php(908): CodeIgniter\Database\MySQLi\Connection->execute('SELECT `f`.`id_file_permohonan`, `f`.`nama_file`, `f`.`file_path`, `m`.`jenis_file`
FROM `t_file_permohonan_magang` `f`
JOIN `m_jenis_file_permohonan` `m` ON `m`.`id_jenis_file_permohonan` = `f`.`id_jenis_file_permohonan`
WHERE `f`.`id_permohonan_magang` IS NULL')
 3 SYSTEMPATH\Database\BaseConnection.php(825): CodeIgniter\Database\BaseConnection->simpleQuery('SELECT `f`.`id_file_permohonan`, `f`.`nama_file`, `f`.`file_path`, `m`.`jenis_file`
FROM `t_file_permohonan_magang` `f`
JOIN `m_jenis_file_permohonan` `m` ON `m`.`id_jenis_file_permohonan` = `f`.`id_jenis_file_permohonan`
WHERE `f`.`id_permohonan_magang` IS NULL')
 4 SYSTEMPATH\Database\BaseBuilder.php(1647): CodeIgniter\Database\BaseConnection->query('SELECT `f`.`id_file_permohonan`, `f`.`nama_file`, `f`.`file_path`, `m`.`jenis_file`
FROM `t_file_permohonan_magang` `f`
JOIN `m_jenis_file_permohonan` `m` ON `m`.`id_jenis_file_permohonan` = `f`.`id_jenis_file_permohonan`
WHERE `f`.`id_permohonan_magang` IS NULL', [], false)
 5 APPPATH\Controllers\Kabid\C_DisposisiMasuk.php(52): CodeIgniter\Database\BaseBuilder->get()
 6 SYSTEMPATH\CodeIgniter.php(974): App\Controllers\Kabid\C_DisposisiMasuk->index()
 7 SYSTEMPATH\CodeIgniter.php(520): CodeIgniter\CodeIgniter->runController(Object(App\Controllers\Kabid\C_DisposisiMasuk))
 8 SYSTEMPATH\CodeIgniter.php(363): CodeIgniter\CodeIgniter->handleRequest(null, Object(Config\Cache), false)
 9 SYSTEMPATH\Boot.php(417): CodeIgniter\CodeIgniter->run()
10 SYSTEMPATH\Boot.php(68): CodeIgniter\Boot::runCodeIgniter(Object(CodeIgniter\CodeIgniter))
11 FCPATH\index.php(59): CodeIgniter\Boot::bootWeb(Object(Config\Paths))
12 SYSTEMPATH\rewrite.php(44): require_once('C:\\Users\\lenovo\\Downloads\\Projectmagang_antigravity\\public\\index.php')
CRITICAL - 2026-07-26 05:27:17 --> CodeIgniter\Database\Exceptions\DatabaseException: Table 'db_elayanan_akademik_kominfo.m_jenis_file_permohonan' doesn't exist
[Method: GET, Route: kabid/disposisi]
in SYSTEMPATH\Database\BaseConnection.php on line 863.
 1 SYSTEMPATH\Database\BaseBuilder.php(1647): CodeIgniter\Database\BaseConnection->query('SELECT `f`.`id_file_permohonan`, `f`.`nama_file`, `f`.`file_path`, `m`.`jenis_file`
FROM `t_file_permohonan_magang` `f`
JOIN `m_jenis_file_permohonan` `m` ON `m`.`id_jenis_file_permohonan` = `f`.`id_jenis_file_permohonan`
WHERE `f`.`id_permohonan_magang` IS NULL', [], false)
 2 APPPATH\Controllers\Kabid\C_DisposisiMasuk.php(52): CodeIgniter\Database\BaseBuilder->get()
 3 SYSTEMPATH\CodeIgniter.php(974): App\Controllers\Kabid\C_DisposisiMasuk->index()
 4 SYSTEMPATH\CodeIgniter.php(520): CodeIgniter\CodeIgniter->runController(Object(App\Controllers\Kabid\C_DisposisiMasuk))
 5 SYSTEMPATH\CodeIgniter.php(363): CodeIgniter\CodeIgniter->handleRequest(null, Object(Config\Cache), false)
 6 SYSTEMPATH\Boot.php(417): CodeIgniter\CodeIgniter->run()
 7 SYSTEMPATH\Boot.php(68): CodeIgniter\Boot::runCodeIgniter(Object(CodeIgniter\CodeIgniter))
 8 FCPATH\index.php(59): CodeIgniter\Boot::bootWeb(Object(Config\Paths))
 9 SYSTEMPATH\rewrite.php(44): require_once('C:\\Users\\lenovo\\Downloads\\Projectmagang_antigravity\\public\\index.php')
CRITICAL - 2026-07-26 05:27:17 --> [Caused by] CodeIgniter\Database\Exceptions\DatabaseException: Table 'db_elayanan_akademik_kominfo.m_jenis_file_permohonan' doesn't exist
in SYSTEMPATH\Database\MySQLi\Connection.php on line 310.
 1 SYSTEMPATH\Database\BaseConnection.php(908): CodeIgniter\Database\MySQLi\Connection->execute('SELECT `f`.`id_file_permohonan`, `f`.`nama_file`, `f`.`file_path`, `m`.`jenis_file`
FROM `t_file_permohonan_magang` `f`
JOIN `m_jenis_file_permohonan` `m` ON `m`.`id_jenis_file_permohonan` = `f`.`id_jenis_file_permohonan`
WHERE `f`.`id_permohonan_magang` IS NULL')
 2 SYSTEMPATH\Database\BaseConnection.php(825): CodeIgniter\Database\BaseConnection->simpleQuery('SELECT `f`.`id_file_permohonan`, `f`.`nama_file`, `f`.`file_path`, `m`.`jenis_file`
FROM `t_file_permohonan_magang` `f`
JOIN `m_jenis_file_permohonan` `m` ON `m`.`id_jenis_file_permohonan` = `f`.`id_jenis_file_permohonan`
WHERE `f`.`id_permohonan_magang` IS NULL')
 3 SYSTEMPATH\Database\BaseBuilder.php(1647): CodeIgniter\Database\BaseConnection->query('SELECT `f`.`id_file_permohonan`, `f`.`nama_file`, `f`.`file_path`, `m`.`jenis_file`
FROM `t_file_permohonan_magang` `f`
JOIN `m_jenis_file_permohonan` `m` ON `m`.`id_jenis_file_permohonan` = `f`.`id_jenis_file_permohonan`
WHERE `f`.`id_permohonan_magang` IS NULL', [], false)
 4 APPPATH\Controllers\Kabid\C_DisposisiMasuk.php(52): CodeIgniter\Database\BaseBuilder->get()
 5 SYSTEMPATH\CodeIgniter.php(974): App\Controllers\Kabid\C_DisposisiMasuk->index()
 6 SYSTEMPATH\CodeIgniter.php(520): CodeIgniter\CodeIgniter->runController(Object(App\Controllers\Kabid\C_DisposisiMasuk))
 7 SYSTEMPATH\CodeIgniter.php(363): CodeIgniter\CodeIgniter->handleRequest(null, Object(Config\Cache), false)
 8 SYSTEMPATH\Boot.php(417): CodeIgniter\CodeIgniter->run()
 9 SYSTEMPATH\Boot.php(68): CodeIgniter\Boot::runCodeIgniter(Object(CodeIgniter\CodeIgniter))
10 FCPATH\index.php(59): CodeIgniter\Boot::bootWeb(Object(Config\Paths))
11 SYSTEMPATH\rewrite.php(44): require_once('C:\\Users\\lenovo\\Downloads\\Projectmagang_antigravity\\public\\index.php')
CRITICAL - 2026-07-26 05:27:17 --> [Caused by] mysqli_sql_exception: Table 'db_elayanan_akademik_kominfo.m_jenis_file_permohonan' doesn't exist
in SYSTEMPATH\Database\MySQLi\Connection.php on line 300.
 1 SYSTEMPATH\Database\MySQLi\Connection.php(300): mysqli->query('SELECT `f`.`id_file_permohonan`, `f`.`nama_file`, `f`.`file_path`, `m`.`jenis_file`
FROM `t_file_permohonan_magang` `f`
JOIN `m_jenis_file_permohonan` `m` ON `m`.`id_jenis_file_permohonan` = `f`.`id_jenis_file_permohonan`
WHERE `f`.`id_permohonan_magang` IS NULL', 0)
 2 SYSTEMPATH\Database\BaseConnection.php(908): CodeIgniter\Database\MySQLi\Connection->execute('SELECT `f`.`id_file_permohonan`, `f`.`nama_file`, `f`.`file_path`, `m`.`jenis_file`
FROM `t_file_permohonan_magang` `f`
JOIN `m_jenis_file_permohonan` `m` ON `m`.`id_jenis_file_permohonan` = `f`.`id_jenis_file_permohonan`
WHERE `f`.`id_permohonan_magang` IS NULL')
 3 SYSTEMPATH\Database\BaseConnection.php(825): CodeIgniter\Database\BaseConnection->simpleQuery('SELECT `f`.`id_file_permohonan`, `f`.`nama_file`, `f`.`file_path`, `m`.`jenis_file`
FROM `t_file_permohonan_magang` `f`
JOIN `m_jenis_file_permohonan` `m` ON `m`.`id_jenis_file_permohonan` = `f`.`id_jenis_file_permohonan`
WHERE `f`.`id_permohonan_magang` IS NULL')
 4 SYSTEMPATH\Database\BaseBuilder.php(1647): CodeIgniter\Database\BaseConnection->query('SELECT `f`.`id_file_permohonan`, `f`.`nama_file`, `f`.`file_path`, `m`.`jenis_file`
FROM `t_file_permohonan_magang` `f`
JOIN `m_jenis_file_permohonan` `m` ON `m`.`id_jenis_file_permohonan` = `f`.`id_jenis_file_permohonan`
WHERE `f`.`id_permohonan_magang` IS NULL', [], false)
 5 APPPATH\Controllers\Kabid\C_DisposisiMasuk.php(52): CodeIgniter\Database\BaseBuilder->get()
 6 SYSTEMPATH\CodeIgniter.php(974): App\Controllers\Kabid\C_DisposisiMasuk->index()
 7 SYSTEMPATH\CodeIgniter.php(520): CodeIgniter\CodeIgniter->runController(Object(App\Controllers\Kabid\C_DisposisiMasuk))
 8 SYSTEMPATH\CodeIgniter.php(363): CodeIgniter\CodeIgniter->handleRequest(null, Object(Config\Cache), false)
 9 SYSTEMPATH\Boot.php(417): CodeIgniter\CodeIgniter->run()
10 SYSTEMPATH\Boot.php(68): CodeIgniter\Boot::runCodeIgniter(Object(CodeIgniter\CodeIgniter))
11 FCPATH\index.php(59): CodeIgniter\Boot::bootWeb(Object(Config\Paths))
12 SYSTEMPATH\rewrite.php(44): require_once('C:\\Users\\lenovo\\Downloads\\Projectmagang_antigravity\\public\\index.php')
DEBUG - 2026-07-26 05:30:52 --> Session: Class initialized using 'CodeIgniter\Session\Handlers\FileHandler' driver.
DEBUG - 2026-07-26 05:31:12 --> Session: Class initialized using 'CodeIgniter\Session\Handlers\FileHandler' driver.
DEBUG - 2026-07-26 05:31:13 --> Session: Class initialized using 'CodeIgniter\Session\Handlers\FileHandler' driver.
DEBUG - 2026-07-26 05:32:32 --> Session: Class initialized using 'CodeIgniter\Session\Handlers\FileHandler' driver.
DEBUG - 2026-07-26 05:32:33 --> Session: Class initialized using 'CodeIgniter\Session\Handlers\FileHandler' driver.
DEBUG - 2026-07-26 05:32:34 --> Session: Class initialized using 'CodeIgniter\Session\Handlers\FileHandler' driver.
ERROR - 2026-07-26 05:32:34 --> Unknown column 'p.id_permohonan_magang' in 'on clause'
in SYSTEMPATH\Database\MySQLi\Connection.php on line 300.
 1 SYSTEMPATH\Database\MySQLi\Connection.php(300): mysqli->query('SELECT `p`.`id_penempatan_magang`, `m`.`nama_mahasiswa`, `m`.`nim`, `ip`.`instansi_pendidikan`, `pr`.`prodi`, `pm`.`tgl_mulai`, `pm`.`tgl_selesai`
FROM `t_penempatan_magang` `p`
JOIN `t_permohonan_magang` `pm` ON `pm`.`id_permohonan_magang` = `p`.`id_permohonan_magang`
JOIN `m_mahasiswa` `m` ON `m`.`id_mahasiswa` = `pm`.`id_mahasiswa`
JOIN `t_instansi_mahasiswa` `im` ON `im`.`id_instansi_mahasiswa` = `pm`.`id_instansi_mahasiswa`
JOIN `m_instansi_pendidikan` `ip` ON `ip`.`id_instansi_pendidikan` = `im`.`id_instansi_pendidikan`
JOIN `m_prodi` `pr` ON `pr`.`id_prodi` = `im`.`id_prodi`
WHERE `p`.`id_bidang` = \'5\'
AND `p`.`status_penempatan` = \'BERJALAN\'', 0)
 2 SYSTEMPATH\Database\BaseConnection.php(908): CodeIgniter\Database\MySQLi\Connection->execute('SELECT `p`.`id_penempatan_magang`, `m`.`nama_mahasiswa`, `m`.`nim`, `ip`.`instansi_pendidikan`, `pr`.`prodi`, `pm`.`tgl_mulai`, `pm`.`tgl_selesai`
FROM `t_penempatan_magang` `p`
JOIN `t_permohonan_magang` `pm` ON `pm`.`id_permohonan_magang` = `p`.`id_permohonan_magang`
JOIN `m_mahasiswa` `m` ON `m`.`id_mahasiswa` = `pm`.`id_mahasiswa`
JOIN `t_instansi_mahasiswa` `im` ON `im`.`id_instansi_mahasiswa` = `pm`.`id_instansi_mahasiswa`
JOIN `m_instansi_pendidikan` `ip` ON `ip`.`id_instansi_pendidikan` = `im`.`id_instansi_pendidikan`
JOIN `m_prodi` `pr` ON `pr`.`id_prodi` = `im`.`id_prodi`
WHERE `p`.`id_bidang` = \'5\'
AND `p`.`status_penempatan` = \'BERJALAN\'')
 3 SYSTEMPATH\Database\BaseConnection.php(825): CodeIgniter\Database\BaseConnection->simpleQuery('SELECT `p`.`id_penempatan_magang`, `m`.`nama_mahasiswa`, `m`.`nim`, `ip`.`instansi_pendidikan`, `pr`.`prodi`, `pm`.`tgl_mulai`, `pm`.`tgl_selesai`
FROM `t_penempatan_magang` `p`
JOIN `t_permohonan_magang` `pm` ON `pm`.`id_permohonan_magang` = `p`.`id_permohonan_magang`
JOIN `m_mahasiswa` `m` ON `m`.`id_mahasiswa` = `pm`.`id_mahasiswa`
JOIN `t_instansi_mahasiswa` `im` ON `im`.`id_instansi_mahasiswa` = `pm`.`id_instansi_mahasiswa`
JOIN `m_instansi_pendidikan` `ip` ON `ip`.`id_instansi_pendidikan` = `im`.`id_instansi_pendidikan`
JOIN `m_prodi` `pr` ON `pr`.`id_prodi` = `im`.`id_prodi`
WHERE `p`.`id_bidang` = \'5\'
AND `p`.`status_penempatan` = \'BERJALAN\'')
 4 SYSTEMPATH\Database\BaseBuilder.php(1647): CodeIgniter\Database\BaseConnection->query('SELECT `p`.`id_penempatan_magang`, `m`.`nama_mahasiswa`, `m`.`nim`, `ip`.`instansi_pendidikan`, `pr`.`prodi`, `pm`.`tgl_mulai`, `pm`.`tgl_selesai`
FROM `t_penempatan_magang` `p`
JOIN `t_permohonan_magang` `pm` ON `pm`.`id_permohonan_magang` = `p`.`id_permohonan_magang`
JOIN `m_mahasiswa` `m` ON `m`.`id_mahasiswa` = `pm`.`id_mahasiswa`
JOIN `t_instansi_mahasiswa` `im` ON `im`.`id_instansi_mahasiswa` = `pm`.`id_instansi_mahasiswa`
JOIN `m_instansi_pendidikan` `ip` ON `ip`.`id_instansi_pendidikan` = `im`.`id_instansi_pendidikan`
JOIN `m_prodi` `pr` ON `pr`.`id_prodi` = `im`.`id_prodi`
WHERE `p`.`id_bidang` = :p.id_bidang:
AND `p`.`status_penempatan` = :p.status_penempatan:', [...], false)
 5 APPPATH\Models\Kabid\M_LogbookKabid.php(24): CodeIgniter\Database\BaseBuilder->get()
 6 APPPATH\Controllers\Kabid\C_LogbookKabid.php(23): App\Models\Kabid\M_LogbookKabid->getActiveMahasiswa('5')
 7 SYSTEMPATH\CodeIgniter.php(974): App\Controllers\Kabid\C_LogbookKabid->index()
 8 SYSTEMPATH\CodeIgniter.php(520): CodeIgniter\CodeIgniter->runController(Object(App\Controllers\Kabid\C_LogbookKabid))
 9 SYSTEMPATH\CodeIgniter.php(363): CodeIgniter\CodeIgniter->handleRequest(null, Object(Config\Cache), false)
10 SYSTEMPATH\Boot.php(417): CodeIgniter\CodeIgniter->run()
11 SYSTEMPATH\Boot.php(68): CodeIgniter\Boot::runCodeIgniter(Object(CodeIgniter\CodeIgniter))
12 FCPATH\index.php(59): CodeIgniter\Boot::bootWeb(Object(Config\Paths))
13 SYSTEMPATH\rewrite.php(44): require_once('C:\\Users\\lenovo\\Downloads\\Projectmagang_antigravity\\public\\index.php')
CRITICAL - 2026-07-26 05:32:34 --> CodeIgniter\Database\Exceptions\DatabaseException: Unknown column 'p.id_permohonan_magang' in 'on clause'
[Method: GET, Route: kabid/logbook]
in SYSTEMPATH\Database\BaseConnection.php on line 863.
 1 SYSTEMPATH\Database\BaseBuilder.php(1647): CodeIgniter\Database\BaseConnection->query('SELECT `p`.`id_penempatan_magang`, `m`.`nama_mahasiswa`, `m`.`nim`, `ip`.`instansi_pendidikan`, `pr`.`prodi`, `pm`.`tgl_mulai`, `pm`.`tgl_selesai`
FROM `t_penempatan_magang` `p`
JOIN `t_permohonan_magang` `pm` ON `pm`.`id_permohonan_magang` = `p`.`id_permohonan_magang`
JOIN `m_mahasiswa` `m` ON `m`.`id_mahasiswa` = `pm`.`id_mahasiswa`
JOIN `t_instansi_mahasiswa` `im` ON `im`.`id_instansi_mahasiswa` = `pm`.`id_instansi_mahasiswa`
JOIN `m_instansi_pendidikan` `ip` ON `ip`.`id_instansi_pendidikan` = `im`.`id_instansi_pendidikan`
JOIN `m_prodi` `pr` ON `pr`.`id_prodi` = `im`.`id_prodi`
WHERE `p`.`id_bidang` = :p.id_bidang:
AND `p`.`status_penempatan` = :p.status_penempatan:', [...], false)
 2 APPPATH\Models\Kabid\M_LogbookKabid.php(24): CodeIgniter\Database\BaseBuilder->get()
 3 APPPATH\Controllers\Kabid\C_LogbookKabid.php(23): App\Models\Kabid\M_LogbookKabid->getActiveMahasiswa('5')
 4 SYSTEMPATH\CodeIgniter.php(974): App\Controllers\Kabid\C_LogbookKabid->index()
 5 SYSTEMPATH\CodeIgniter.php(520): CodeIgniter\CodeIgniter->runController(Object(App\Controllers\Kabid\C_LogbookKabid))
 6 SYSTEMPATH\CodeIgniter.php(363): CodeIgniter\CodeIgniter->handleRequest(null, Object(Config\Cache), false)
 7 SYSTEMPATH\Boot.php(417): CodeIgniter\CodeIgniter->run()
 8 SYSTEMPATH\Boot.php(68): CodeIgniter\Boot::runCodeIgniter(Object(CodeIgniter\CodeIgniter))
 9 FCPATH\index.php(59): CodeIgniter\Boot::bootWeb(Object(Config\Paths))
10 SYSTEMPATH\rewrite.php(44): require_once('C:\\Users\\lenovo\\Downloads\\Projectmagang_antigravity\\public\\index.php')
CRITICAL - 2026-07-26 05:32:34 --> [Caused by] CodeIgniter\Database\Exceptions\DatabaseException: Unknown column 'p.id_permohonan_magang' in 'on clause'
in SYSTEMPATH\Database\MySQLi\Connection.php on line 310.
 1 SYSTEMPATH\Database\BaseConnection.php(908): CodeIgniter\Database\MySQLi\Connection->execute('SELECT `p`.`id_penempatan_magang`, `m`.`nama_mahasiswa`, `m`.`nim`, `ip`.`instansi_pendidikan`, `pr`.`prodi`, `pm`.`tgl_mulai`, `pm`.`tgl_selesai`
FROM `t_penempatan_magang` `p`
JOIN `t_permohonan_magang` `pm` ON `pm`.`id_permohonan_magang` = `p`.`id_permohonan_magang`
JOIN `m_mahasiswa` `m` ON `m`.`id_mahasiswa` = `pm`.`id_mahasiswa`
JOIN `t_instansi_mahasiswa` `im` ON `im`.`id_instansi_mahasiswa` = `pm`.`id_instansi_mahasiswa`
JOIN `m_instansi_pendidikan` `ip` ON `ip`.`id_instansi_pendidikan` = `im`.`id_instansi_pendidikan`
JOIN `m_prodi` `pr` ON `pr`.`id_prodi` = `im`.`id_prodi`
WHERE `p`.`id_bidang` = \'5\'
AND `p`.`status_penempatan` = \'BERJALAN\'')
 2 SYSTEMPATH\Database\BaseConnection.php(825): CodeIgniter\Database\BaseConnection->simpleQuery('SELECT `p`.`id_penempatan_magang`, `m`.`nama_mahasiswa`, `m`.`nim`, `ip`.`instansi_pendidikan`, `pr`.`prodi`, `pm`.`tgl_mulai`, `pm`.`tgl_selesai`
FROM `t_penempatan_magang` `p`
JOIN `t_permohonan_magang` `pm` ON `pm`.`id_permohonan_magang` = `p`.`id_permohonan_magang`
JOIN `m_mahasiswa` `m` ON `m`.`id_mahasiswa` = `pm`.`id_mahasiswa`
JOIN `t_instansi_mahasiswa` `im` ON `im`.`id_instansi_mahasiswa` = `pm`.`id_instansi_mahasiswa`
JOIN `m_instansi_pendidikan` `ip` ON `ip`.`id_instansi_pendidikan` = `im`.`id_instansi_pendidikan`
JOIN `m_prodi` `pr` ON `pr`.`id_prodi` = `im`.`id_prodi`
WHERE `p`.`id_bidang` = \'5\'
AND `p`.`status_penempatan` = \'BERJALAN\'')
 3 SYSTEMPATH\Database\BaseBuilder.php(1647): CodeIgniter\Database\BaseConnection->query('SELECT `p`.`id_penempatan_magang`, `m`.`nama_mahasiswa`, `m`.`nim`, `ip`.`instansi_pendidikan`, `pr`.`prodi`, `pm`.`tgl_mulai`, `pm`.`tgl_selesai`
FROM `t_penempatan_magang` `p`
JOIN `t_permohonan_magang` `pm` ON `pm`.`id_permohonan_magang` = `p`.`id_permohonan_magang`
JOIN `m_mahasiswa` `m` ON `m`.`id_mahasiswa` = `pm`.`id_mahasiswa`
JOIN `t_instansi_mahasiswa` `im` ON `im`.`id_instansi_mahasiswa` = `pm`.`id_instansi_mahasiswa`
JOIN `m_instansi_pendidikan` `ip` ON `ip`.`id_instansi_pendidikan` = `im`.`id_instansi_pendidikan`
JOIN `m_prodi` `pr` ON `pr`.`id_prodi` = `im`.`id_prodi`
WHERE `p`.`id_bidang` = :p.id_bidang:
AND `p`.`status_penempatan` = :p.status_penempatan:', [...], false)
 4 APPPATH\Models\Kabid\M_LogbookKabid.php(24): CodeIgniter\Database\BaseBuilder->get()
 5 APPPATH\Controllers\Kabid\C_LogbookKabid.php(23): App\Models\Kabid\M_LogbookKabid->getActiveMahasiswa('5')
 6 SYSTEMPATH\CodeIgniter.php(974): App\Controllers\Kabid\C_LogbookKabid->index()
 7 SYSTEMPATH\CodeIgniter.php(520): CodeIgniter\CodeIgniter->runController(Object(App\Controllers\Kabid\C_LogbookKabid))
 8 SYSTEMPATH\CodeIgniter.php(363): CodeIgniter\CodeIgniter->handleRequest(null, Object(Config\Cache), false)
 9 SYSTEMPATH\Boot.php(417): CodeIgniter\CodeIgniter->run()
10 SYSTEMPATH\Boot.php(68): CodeIgniter\Boot::runCodeIgniter(Object(CodeIgniter\CodeIgniter))
11 FCPATH\index.php(59): CodeIgniter\Boot::bootWeb(Object(Config\Paths))
12 SYSTEMPATH\rewrite.php(44): require_once('C:\\Users\\lenovo\\Downloads\\Projectmagang_antigravity\\public\\index.php')
CRITICAL - 2026-07-26 05:32:34 --> [Caused by] mysqli_sql_exception: Unknown column 'p.id_permohonan_magang' in 'on clause'
in SYSTEMPATH\Database\MySQLi\Connection.php on line 300.
 1 SYSTEMPATH\Database\MySQLi\Connection.php(300): mysqli->query('SELECT `p`.`id_penempatan_magang`, `m`.`nama_mahasiswa`, `m`.`nim`, `ip`.`instansi_pendidikan`, `pr`.`prodi`, `pm`.`tgl_mulai`, `pm`.`tgl_selesai`
FROM `t_penempatan_magang` `p`
JOIN `t_permohonan_magang` `pm` ON `pm`.`id_permohonan_magang` = `p`.`id_permohonan_magang`
JOIN `m_mahasiswa` `m` ON `m`.`id_mahasiswa` = `pm`.`id_mahasiswa`
JOIN `t_instansi_mahasiswa` `im` ON `im`.`id_instansi_mahasiswa` = `pm`.`id_instansi_mahasiswa`
JOIN `m_instansi_pendidikan` `ip` ON `ip`.`id_instansi_pendidikan` = `im`.`id_instansi_pendidikan`
JOIN `m_prodi` `pr` ON `pr`.`id_prodi` = `im`.`id_prodi`
WHERE `p`.`id_bidang` = \'5\'
AND `p`.`status_penempatan` = \'BERJALAN\'', 0)
 2 SYSTEMPATH\Database\BaseConnection.php(908): CodeIgniter\Database\MySQLi\Connection->execute('SELECT `p`.`id_penempatan_magang`, `m`.`nama_mahasiswa`, `m`.`nim`, `ip`.`instansi_pendidikan`, `pr`.`prodi`, `pm`.`tgl_mulai`, `pm`.`tgl_selesai`
FROM `t_penempatan_magang` `p`
JOIN `t_permohonan_magang` `pm` ON `pm`.`id_permohonan_magang` = `p`.`id_permohonan_magang`
JOIN `m_mahasiswa` `m` ON `m`.`id_mahasiswa` = `pm`.`id_mahasiswa`
JOIN `t_instansi_mahasiswa` `im` ON `im`.`id_instansi_mahasiswa` = `pm`.`id_instansi_mahasiswa`
JOIN `m_instansi_pendidikan` `ip` ON `ip`.`id_instansi_pendidikan` = `im`.`id_instansi_pendidikan`
JOIN `m_prodi` `pr` ON `pr`.`id_prodi` = `im`.`id_prodi`
WHERE `p`.`id_bidang` = \'5\'
AND `p`.`status_penempatan` = \'BERJALAN\'')
 3 SYSTEMPATH\Database\BaseConnection.php(825): CodeIgniter\Database\BaseConnection->simpleQuery('SELECT `p`.`id_penempatan_magang`, `m`.`nama_mahasiswa`, `m`.`nim`, `ip`.`instansi_pendidikan`, `pr`.`prodi`, `pm`.`tgl_mulai`, `pm`.`tgl_selesai`
FROM `t_penempatan_magang` `p`
JOIN `t_permohonan_magang` `pm` ON `pm`.`id_permohonan_magang` = `p`.`id_permohonan_magang`
JOIN `m_mahasiswa` `m` ON `m`.`id_mahasiswa` = `pm`.`id_mahasiswa`
JOIN `t_instansi_mahasiswa` `im` ON `im`.`id_instansi_mahasiswa` = `pm`.`id_instansi_mahasiswa`
JOIN `m_instansi_pendidikan` `ip` ON `ip`.`id_instansi_pendidikan` = `im`.`id_instansi_pendidikan`
JOIN `m_prodi` `pr` ON `pr`.`id_prodi` = `im`.`id_prodi`
WHERE `p`.`id_bidang` = \'5\'
AND `p`.`status_penempatan` = \'BERJALAN\'')
 4 SYSTEMPATH\Database\BaseBuilder.php(1647): CodeIgniter\Database\BaseConnection->query('SELECT `p`.`id_penempatan_magang`, `m`.`nama_mahasiswa`, `m`.`nim`, `ip`.`instansi_pendidikan`, `pr`.`prodi`, `pm`.`tgl_mulai`, `pm`.`tgl_selesai`
FROM `t_penempatan_magang` `p`
JOIN `t_permohonan_magang` `pm` ON `pm`.`id_permohonan_magang` = `p`.`id_permohonan_magang`
JOIN `m_mahasiswa` `m` ON `m`.`id_mahasiswa` = `pm`.`id_mahasiswa`
JOIN `t_instansi_mahasiswa` `im` ON `im`.`id_instansi_mahasiswa` = `pm`.`id_instansi_mahasiswa`
JOIN `m_instansi_pendidikan` `ip` ON `ip`.`id_instansi_pendidikan` = `im`.`id_instansi_pendidikan`
JOIN `m_prodi` `pr` ON `pr`.`id_prodi` = `im`.`id_prodi`
WHERE `p`.`id_bidang` = :p.id_bidang:
AND `p`.`status_penempatan` = :p.status_penempatan:', [...], false)
 5 APPPATH\Models\Kabid\M_LogbookKabid.php(24): CodeIgniter\Database\BaseBuilder->get()
 6 APPPATH\Controllers\Kabid\C_LogbookKabid.php(23): App\Models\Kabid\M_LogbookKabid->getActiveMahasiswa('5')
 7 SYSTEMPATH\CodeIgniter.php(974): App\Controllers\Kabid\C_LogbookKabid->index()
 8 SYSTEMPATH\CodeIgniter.php(520): CodeIgniter\CodeIgniter->runController(Object(App\Controllers\Kabid\C_LogbookKabid))
 9 SYSTEMPATH\CodeIgniter.php(363): CodeIgniter\CodeIgniter->handleRequest(null, Object(Config\Cache), false)
10 SYSTEMPATH\Boot.php(417): CodeIgniter\CodeIgniter->run()
11 SYSTEMPATH\Boot.php(68): CodeIgniter\Boot::runCodeIgniter(Object(CodeIgniter\CodeIgniter))
12 FCPATH\index.php(59): CodeIgniter\Boot::bootWeb(Object(Config\Paths))
13 SYSTEMPATH\rewrite.php(44): require_once('C:\\Users\\lenovo\\Downloads\\Projectmagang_antigravity\\public\\index.php')
DEBUG - 2026-07-26 05:33:29 --> Session: Class initialized using 'CodeIgniter\Session\Handlers\FileHandler' driver.
DEBUG - 2026-07-26 05:34:42 --> Session: Class initialized using 'CodeIgniter\Session\Handlers\FileHandler' driver.
DEBUG - 2026-07-26 05:34:54 --> Session: Class initialized using 'CodeIgniter\Session\Handlers\FileHandler' driver.
ERROR - 2026-07-26 05:34:54 --> Unknown column 'p.id_permohonan_magang' in 'on clause'
in SYSTEMPATH\Database\MySQLi\Connection.php on line 300.
 1 SYSTEMPATH\Database\MySQLi\Connection.php(300): mysqli->query('SELECT `p`.`id_penempatan_magang`, `m`.`nama_mahasiswa`, `m`.`nim`, `ip`.`instansi_pendidikan`, `pr`.`prodi`, `pm`.`tgl_mulai`, `pm`.`tgl_selesai`
FROM `t_penempatan_magang` `p`
JOIN `t_permohonan_magang` `pm` ON `pm`.`id_permohonan_magang` = `p`.`id_permohonan_magang`
JOIN `m_mahasiswa` `m` ON `m`.`id_mahasiswa` = `pm`.`id_mahasiswa`
JOIN `t_instansi_mahasiswa` `im` ON `im`.`id_instansi_mahasiswa` = `pm`.`id_instansi_mahasiswa`
JOIN `m_instansi_pendidikan` `ip` ON `ip`.`id_instansi_pendidikan` = `im`.`id_instansi_pendidikan`
JOIN `m_prodi` `pr` ON `pr`.`id_prodi` = `im`.`id_prodi`
WHERE `p`.`id_bidang` = \'5\'
AND `p`.`status_penempatan` = \'BERJALAN\'', 0)
 2 SYSTEMPATH\Database\BaseConnection.php(908): CodeIgniter\Database\MySQLi\Connection->execute('SELECT `p`.`id_penempatan_magang`, `m`.`nama_mahasiswa`, `m`.`nim`, `ip`.`instansi_pendidikan`, `pr`.`prodi`, `pm`.`tgl_mulai`, `pm`.`tgl_selesai`
FROM `t_penempatan_magang` `p`
JOIN `t_permohonan_magang` `pm` ON `pm`.`id_permohonan_magang` = `p`.`id_permohonan_magang`
JOIN `m_mahasiswa` `m` ON `m`.`id_mahasiswa` = `pm`.`id_mahasiswa`
JOIN `t_instansi_mahasiswa` `im` ON `im`.`id_instansi_mahasiswa` = `pm`.`id_instansi_mahasiswa`
JOIN `m_instansi_pendidikan` `ip` ON `ip`.`id_instansi_pendidikan` = `im`.`id_instansi_pendidikan`
JOIN `m_prodi` `pr` ON `pr`.`id_prodi` = `im`.`id_prodi`
WHERE `p`.`id_bidang` = \'5\'
AND `p`.`status_penempatan` = \'BERJALAN\'')
 3 SYSTEMPATH\Database\BaseConnection.php(825): CodeIgniter\Database\BaseConnection->simpleQuery('SELECT `p`.`id_penempatan_magang`, `m`.`nama_mahasiswa`, `m`.`nim`, `ip`.`instansi_pendidikan`, `pr`.`prodi`, `pm`.`tgl_mulai`, `pm`.`tgl_selesai`
FROM `t_penempatan_magang` `p`
JOIN `t_permohonan_magang` `pm` ON `pm`.`id_permohonan_magang` = `p`.`id_permohonan_magang`
JOIN `m_mahasiswa` `m` ON `m`.`id_mahasiswa` = `pm`.`id_mahasiswa`
JOIN `t_instansi_mahasiswa` `im` ON `im`.`id_instansi_mahasiswa` = `pm`.`id_instansi_mahasiswa`
JOIN `m_instansi_pendidikan` `ip` ON `ip`.`id_instansi_pendidikan` = `im`.`id_instansi_pendidikan`
JOIN `m_prodi` `pr` ON `pr`.`id_prodi` = `im`.`id_prodi`
WHERE `p`.`id_bidang` = \'5\'
AND `p`.`status_penempatan` = \'BERJALAN\'')
 4 SYSTEMPATH\Database\BaseBuilder.php(1647): CodeIgniter\Database\BaseConnection->query('SELECT `p`.`id_penempatan_magang`, `m`.`nama_mahasiswa`, `m`.`nim`, `ip`.`instansi_pendidikan`, `pr`.`prodi`, `pm`.`tgl_mulai`, `pm`.`tgl_selesai`
FROM `t_penempatan_magang` `p`
JOIN `t_permohonan_magang` `pm` ON `pm`.`id_permohonan_magang` = `p`.`id_permohonan_magang`
JOIN `m_mahasiswa` `m` ON `m`.`id_mahasiswa` = `pm`.`id_mahasiswa`
JOIN `t_instansi_mahasiswa` `im` ON `im`.`id_instansi_mahasiswa` = `pm`.`id_instansi_mahasiswa`
JOIN `m_instansi_pendidikan` `ip` ON `ip`.`id_instansi_pendidikan` = `im`.`id_instansi_pendidikan`
JOIN `m_prodi` `pr` ON `pr`.`id_prodi` = `im`.`id_prodi`
WHERE `p`.`id_bidang` = :p.id_bidang:
AND `p`.`status_penempatan` = :p.status_penempatan:', [...], false)
 5 APPPATH\Models\Kabid\M_LogbookKabid.php(24): CodeIgniter\Database\BaseBuilder->get()
 6 APPPATH\Controllers\Kabid\C_LogbookKabid.php(23): App\Models\Kabid\M_LogbookKabid->getActiveMahasiswa('5')
 7 SYSTEMPATH\CodeIgniter.php(974): App\Controllers\Kabid\C_LogbookKabid->index()
 8 SYSTEMPATH\CodeIgniter.php(520): CodeIgniter\CodeIgniter->runController(Object(App\Controllers\Kabid\C_LogbookKabid))
 9 SYSTEMPATH\CodeIgniter.php(363): CodeIgniter\CodeIgniter->handleRequest(null, Object(Config\Cache), false)
10 SYSTEMPATH\Boot.php(417): CodeIgniter\CodeIgniter->run()
11 SYSTEMPATH\Boot.php(68): CodeIgniter\Boot::runCodeIgniter(Object(CodeIgniter\CodeIgniter))
12 FCPATH\index.php(59): CodeIgniter\Boot::bootWeb(Object(Config\Paths))
13 SYSTEMPATH\rewrite.php(44): require_once('C:\\Users\\lenovo\\Downloads\\Projectmagang_antigravity\\public\\index.php')
CRITICAL - 2026-07-26 05:34:54 --> CodeIgniter\Database\Exceptions\DatabaseException: Unknown column 'p.id_permohonan_magang' in 'on clause'
[Method: GET, Route: kabid/logbook]
in SYSTEMPATH\Database\BaseConnection.php on line 863.
 1 SYSTEMPATH\Database\BaseBuilder.php(1647): CodeIgniter\Database\BaseConnection->query('SELECT `p`.`id_penempatan_magang`, `m`.`nama_mahasiswa`, `m`.`nim`, `ip`.`instansi_pendidikan`, `pr`.`prodi`, `pm`.`tgl_mulai`, `pm`.`tgl_selesai`
FROM `t_penempatan_magang` `p`
JOIN `t_permohonan_magang` `pm` ON `pm`.`id_permohonan_magang` = `p`.`id_permohonan_magang`
JOIN `m_mahasiswa` `m` ON `m`.`id_mahasiswa` = `pm`.`id_mahasiswa`
JOIN `t_instansi_mahasiswa` `im` ON `im`.`id_instansi_mahasiswa` = `pm`.`id_instansi_mahasiswa`
JOIN `m_instansi_pendidikan` `ip` ON `ip`.`id_instansi_pendidikan` = `im`.`id_instansi_pendidikan`
JOIN `m_prodi` `pr` ON `pr`.`id_prodi` = `im`.`id_prodi`
WHERE `p`.`id_bidang` = :p.id_bidang:
AND `p`.`status_penempatan` = :p.status_penempatan:', [...], false)
 2 APPPATH\Models\Kabid\M_LogbookKabid.php(24): CodeIgniter\Database\BaseBuilder->get()
 3 APPPATH\Controllers\Kabid\C_LogbookKabid.php(23): App\Models\Kabid\M_LogbookKabid->getActiveMahasiswa('5')
 4 SYSTEMPATH\CodeIgniter.php(974): App\Controllers\Kabid\C_LogbookKabid->index()
 5 SYSTEMPATH\CodeIgniter.php(520): CodeIgniter\CodeIgniter->runController(Object(App\Controllers\Kabid\C_LogbookKabid))
 6 SYSTEMPATH\CodeIgniter.php(363): CodeIgniter\CodeIgniter->handleRequest(null, Object(Config\Cache), false)
 7 SYSTEMPATH\Boot.php(417): CodeIgniter\CodeIgniter->run()
 8 SYSTEMPATH\Boot.php(68): CodeIgniter\Boot::runCodeIgniter(Object(CodeIgniter\CodeIgniter))
 9 FCPATH\index.php(59): CodeIgniter\Boot::bootWeb(Object(Config\Paths))
10 SYSTEMPATH\rewrite.php(44): require_once('C:\\Users\\lenovo\\Downloads\\Projectmagang_antigravity\\public\\index.php')
CRITICAL - 2026-07-26 05:34:54 --> [Caused by] CodeIgniter\Database\Exceptions\DatabaseException: Unknown column 'p.id_permohonan_magang' in 'on clause'
in SYSTEMPATH\Database\MySQLi\Connection.php on line 310.
 1 SYSTEMPATH\Database\BaseConnection.php(908): CodeIgniter\Database\MySQLi\Connection->execute('SELECT `p`.`id_penempatan_magang`, `m`.`nama_mahasiswa`, `m`.`nim`, `ip`.`instansi_pendidikan`, `pr`.`prodi`, `pm`.`tgl_mulai`, `pm`.`tgl_selesai`
FROM `t_penempatan_magang` `p`
JOIN `t_permohonan_magang` `pm` ON `pm`.`id_permohonan_magang` = `p`.`id_permohonan_magang`
JOIN `m_mahasiswa` `m` ON `m`.`id_mahasiswa` = `pm`.`id_mahasiswa`
JOIN `t_instansi_mahasiswa` `im` ON `im`.`id_instansi_mahasiswa` = `pm`.`id_instansi_mahasiswa`
JOIN `m_instansi_pendidikan` `ip` ON `ip`.`id_instansi_pendidikan` = `im`.`id_instansi_pendidikan`
JOIN `m_prodi` `pr` ON `pr`.`id_prodi` = `im`.`id_prodi`
WHERE `p`.`id_bidang` = \'5\'
AND `p`.`status_penempatan` = \'BERJALAN\'')
 2 SYSTEMPATH\Database\BaseConnection.php(825): CodeIgniter\Database\BaseConnection->simpleQuery('SELECT `p`.`id_penempatan_magang`, `m`.`nama_mahasiswa`, `m`.`nim`, `ip`.`instansi_pendidikan`, `pr`.`prodi`, `pm`.`tgl_mulai`, `pm`.`tgl_selesai`
FROM `t_penempatan_magang` `p`
JOIN `t_permohonan_magang` `pm` ON `pm`.`id_permohonan_magang` = `p`.`id_permohonan_magang`
JOIN `m_mahasiswa` `m` ON `m`.`id_mahasiswa` = `pm`.`id_mahasiswa`
JOIN `t_instansi_mahasiswa` `im` ON `im`.`id_instansi_mahasiswa` = `pm`.`id_instansi_mahasiswa`
JOIN `m_instansi_pendidikan` `ip` ON `ip`.`id_instansi_pendidikan` = `im`.`id_instansi_pendidikan`
JOIN `m_prodi` `pr` ON `pr`.`id_prodi` = `im`.`id_prodi`
WHERE `p`.`id_bidang` = \'5\'
AND `p`.`status_penempatan` = \'BERJALAN\'')
 3 SYSTEMPATH\Database\BaseBuilder.php(1647): CodeIgniter\Database\BaseConnection->query('SELECT `p`.`id_penempatan_magang`, `m`.`nama_mahasiswa`, `m`.`nim`, `ip`.`instansi_pendidikan`, `pr`.`prodi`, `pm`.`tgl_mulai`, `pm`.`tgl_selesai`
FROM `t_penempatan_magang` `p`
JOIN `t_permohonan_magang` `pm` ON `pm`.`id_permohonan_magang` = `p`.`id_permohonan_magang`
JOIN `m_mahasiswa` `m` ON `m`.`id_mahasiswa` = `pm`.`id_mahasiswa`
JOIN `t_instansi_mahasiswa` `im` ON `im`.`id_instansi_mahasiswa` = `pm`.`id_instansi_mahasiswa`
JOIN `m_instansi_pendidikan` `ip` ON `ip`.`id_instansi_pendidikan` = `im`.`id_instansi_pendidikan`
JOIN `m_prodi` `pr` ON `pr`.`id_prodi` = `im`.`id_prodi`
WHERE `p`.`id_bidang` = :p.id_bidang:
AND `p`.`status_penempatan` = :p.status_penempatan:', [...], false)
 4 APPPATH\Models\Kabid\M_LogbookKabid.php(24): CodeIgniter\Database\BaseBuilder->get()
 5 APPPATH\Controllers\Kabid\C_LogbookKabid.php(23): App\Models\Kabid\M_LogbookKabid->getActiveMahasiswa('5')
 6 SYSTEMPATH\CodeIgniter.php(974): App\Controllers\Kabid\C_LogbookKabid->index()
 7 SYSTEMPATH\CodeIgniter.php(520): CodeIgniter\CodeIgniter->runController(Object(App\Controllers\Kabid\C_LogbookKabid))
 8 SYSTEMPATH\CodeIgniter.php(363): CodeIgniter\CodeIgniter->handleRequest(null, Object(Config\Cache), false)
 9 SYSTEMPATH\Boot.php(417): CodeIgniter\CodeIgniter->run()
10 SYSTEMPATH\Boot.php(68): CodeIgniter\Boot::runCodeIgniter(Object(CodeIgniter\CodeIgniter))
11 FCPATH\index.php(59): CodeIgniter\Boot::bootWeb(Object(Config\Paths))
12 SYSTEMPATH\rewrite.php(44): require_once('C:\\Users\\lenovo\\Downloads\\Projectmagang_antigravity\\public\\index.php')
CRITICAL - 2026-07-26 05:34:54 --> [Caused by] mysqli_sql_exception: Unknown column 'p.id_permohonan_magang' in 'on clause'
in SYSTEMPATH\Database\MySQLi\Connection.php on line 300.
 1 SYSTEMPATH\Database\MySQLi\Connection.php(300): mysqli->query('SELECT `p`.`id_penempatan_magang`, `m`.`nama_mahasiswa`, `m`.`nim`, `ip`.`instansi_pendidikan`, `pr`.`prodi`, `pm`.`tgl_mulai`, `pm`.`tgl_selesai`
FROM `t_penempatan_magang` `p`
JOIN `t_permohonan_magang` `pm` ON `pm`.`id_permohonan_magang` = `p`.`id_permohonan_magang`
JOIN `m_mahasiswa` `m` ON `m`.`id_mahasiswa` = `pm`.`id_mahasiswa`
JOIN `t_instansi_mahasiswa` `im` ON `im`.`id_instansi_mahasiswa` = `pm`.`id_instansi_mahasiswa`
JOIN `m_instansi_pendidikan` `ip` ON `ip`.`id_instansi_pendidikan` = `im`.`id_instansi_pendidikan`
JOIN `m_prodi` `pr` ON `pr`.`id_prodi` = `im`.`id_prodi`
WHERE `p`.`id_bidang` = \'5\'
AND `p`.`status_penempatan` = \'BERJALAN\'', 0)
 2 SYSTEMPATH\Database\BaseConnection.php(908): CodeIgniter\Database\MySQLi\Connection->execute('SELECT `p`.`id_penempatan_magang`, `m`.`nama_mahasiswa`, `m`.`nim`, `ip`.`instansi_pendidikan`, `pr`.`prodi`, `pm`.`tgl_mulai`, `pm`.`tgl_selesai`
FROM `t_penempatan_magang` `p`
JOIN `t_permohonan_magang` `pm` ON `pm`.`id_permohonan_magang` = `p`.`id_permohonan_magang`
JOIN `m_mahasiswa` `m` ON `m`.`id_mahasiswa` = `pm`.`id_mahasiswa`
JOIN `t_instansi_mahasiswa` `im` ON `im`.`id_instansi_mahasiswa` = `pm`.`id_instansi_mahasiswa`
JOIN `m_instansi_pendidikan` `ip` ON `ip`.`id_instansi_pendidikan` = `im`.`id_instansi_pendidikan`
JOIN `m_prodi` `pr` ON `pr`.`id_prodi` = `im`.`id_prodi`
WHERE `p`.`id_bidang` = \'5\'
AND `p`.`status_penempatan` = \'BERJALAN\'')
 3 SYSTEMPATH\Database\BaseConnection.php(825): CodeIgniter\Database\BaseConnection->simpleQuery('SELECT `p`.`id_penempatan_magang`, `m`.`nama_mahasiswa`, `m`.`nim`, `ip`.`instansi_pendidikan`, `pr`.`prodi`, `pm`.`tgl_mulai`, `pm`.`tgl_selesai`
FROM `t_penempatan_magang` `p`
JOIN `t_permohonan_magang` `pm` ON `pm`.`id_permohonan_magang` = `p`.`id_permohonan_magang`
JOIN `m_mahasiswa` `m` ON `m`.`id_mahasiswa` = `pm`.`id_mahasiswa`
JOIN `t_instansi_mahasiswa` `im` ON `im`.`id_instansi_mahasiswa` = `pm`.`id_instansi_mahasiswa`
JOIN `m_instansi_pendidikan` `ip` ON `ip`.`id_instansi_pendidikan` = `im`.`id_instansi_pendidikan`
JOIN `m_prodi` `pr` ON `pr`.`id_prodi` = `im`.`id_prodi`
WHERE `p`.`id_bidang` = \'5\'
AND `p`.`status_penempatan` = \'BERJALAN\'')
 4 SYSTEMPATH\Database\BaseBuilder.php(1647): CodeIgniter\Database\BaseConnection->query('SELECT `p`.`id_penempatan_magang`, `m`.`nama_mahasiswa`, `m`.`nim`, `ip`.`instansi_pendidikan`, `pr`.`prodi`, `pm`.`tgl_mulai`, `pm`.`tgl_selesai`
FROM `t_penempatan_magang` `p`
JOIN `t_permohonan_magang` `pm` ON `pm`.`id_permohonan_magang` = `p`.`id_permohonan_magang`
JOIN `m_mahasiswa` `m` ON `m`.`id_mahasiswa` = `pm`.`id_mahasiswa`
JOIN `t_instansi_mahasiswa` `im` ON `im`.`id_instansi_mahasiswa` = `pm`.`id_instansi_mahasiswa`
JOIN `m_instansi_pendidikan` `ip` ON `ip`.`id_instansi_pendidikan` = `im`.`id_instansi_pendidikan`
JOIN `m_prodi` `pr` ON `pr`.`id_prodi` = `im`.`id_prodi`
WHERE `p`.`id_bidang` = :p.id_bidang:
AND `p`.`status_penempatan` = :p.status_penempatan:', [...], false)
 5 APPPATH\Models\Kabid\M_LogbookKabid.php(24): CodeIgniter\Database\BaseBuilder->get()
 6 APPPATH\Controllers\Kabid\C_LogbookKabid.php(23): App\Models\Kabid\M_LogbookKabid->getActiveMahasiswa('5')
 7 SYSTEMPATH\CodeIgniter.php(974): App\Controllers\Kabid\C_LogbookKabid->index()
 8 SYSTEMPATH\CodeIgniter.php(520): CodeIgniter\CodeIgniter->runController(Object(App\Controllers\Kabid\C_LogbookKabid))
 9 SYSTEMPATH\CodeIgniter.php(363): CodeIgniter\CodeIgniter->handleRequest(null, Object(Config\Cache), false)
10 SYSTEMPATH\Boot.php(417): CodeIgniter\CodeIgniter->run()
11 SYSTEMPATH\Boot.php(68): CodeIgniter\Boot::runCodeIgniter(Object(CodeIgniter\CodeIgniter))
12 FCPATH\index.php(59): CodeIgniter\Boot::bootWeb(Object(Config\Paths))
13 SYSTEMPATH\rewrite.php(44): require_once('C:\\Users\\lenovo\\Downloads\\Projectmagang_antigravity\\public\\index.php')
DEBUG - 2026-07-26 05:34:56 --> Session: Class initialized using 'CodeIgniter\Session\Handlers\FileHandler' driver.
DEBUG - 2026-07-26 05:34:59 --> Session: Class initialized using 'CodeIgniter\Session\Handlers\FileHandler' driver.
DEBUG - 2026-07-26 05:35:02 --> Session: Class initialized using 'CodeIgniter\Session\Handlers\FileHandler' driver.
DEBUG - 2026-07-26 05:35:04 --> Session: Class initialized using 'CodeIgniter\Session\Handlers\FileHandler' driver.
DEBUG - 2026-07-26 05:35:43 --> Session: Class initialized using 'CodeIgniter\Session\Handlers\FileHandler' driver.
DEBUG - 2026-07-26 05:35:46 --> Session: Class initialized using 'CodeIgniter\Session\Handlers\FileHandler' driver.
DEBUG - 2026-07-26 05:35:48 --> Session: Class initialized using 'CodeIgniter\Session\Handlers\FileHandler' driver.
DEBUG - 2026-07-26 05:35:50 --> Session: Class initialized using 'CodeIgniter\Session\Handlers\FileHandler' driver.
DEBUG - 2026-07-26 05:35:51 --> Session: Class initialized using 'CodeIgniter\Session\Handlers\FileHandler' driver.
DEBUG - 2026-07-26 05:37:50 --> Session: Class initialized using 'CodeIgniter\Session\Handlers\FileHandler' driver.
DEBUG - 2026-07-26 05:37:52 --> Session: Class initialized using 'CodeIgniter\Session\Handlers\FileHandler' driver.
DEBUG - 2026-07-26 05:38:06 --> Session: Class initialized using 'CodeIgniter\Session\Handlers\FileHandler' driver.
ERROR - 2026-07-26 05:38:06 --> Unknown column 'p.id_permohonan_magang' in 'on clause'
in SYSTEMPATH\Database\MySQLi\Connection.php on line 300.
 1 SYSTEMPATH\Database\MySQLi\Connection.php(300): mysqli->query('SELECT `p`.`id_penempatan_magang`, `m`.`nama_mahasiswa`, `m`.`nim`, `ip`.`instansi_pendidikan`, `pr`.`prodi`, `pm`.`tgl_mulai`, `pm`.`tgl_selesai`
FROM `t_penempatan_magang` `p`
JOIN `t_permohonan_magang` `pm` ON `pm`.`id_permohonan_magang` = `p`.`id_permohonan_magang`
JOIN `m_mahasiswa` `m` ON `m`.`id_mahasiswa` = `pm`.`id_mahasiswa`
JOIN `t_instansi_mahasiswa` `im` ON `im`.`id_instansi_mahasiswa` = `pm`.`id_instansi_mahasiswa`
JOIN `m_instansi_pendidikan` `ip` ON `ip`.`id_instansi_pendidikan` = `im`.`id_instansi_pendidikan`
JOIN `m_prodi` `pr` ON `pr`.`id_prodi` = `im`.`id_prodi`
WHERE `p`.`id_bidang` = \'5\'
AND `p`.`status_penempatan` = \'BERJALAN\'', 0)
 2 SYSTEMPATH\Database\BaseConnection.php(908): CodeIgniter\Database\MySQLi\Connection->execute('SELECT `p`.`id_penempatan_magang`, `m`.`nama_mahasiswa`, `m`.`nim`, `ip`.`instansi_pendidikan`, `pr`.`prodi`, `pm`.`tgl_mulai`, `pm`.`tgl_selesai`
FROM `t_penempatan_magang` `p`
JOIN `t_permohonan_magang` `pm` ON `pm`.`id_permohonan_magang` = `p`.`id_permohonan_magang`
JOIN `m_mahasiswa` `m` ON `m`.`id_mahasiswa` = `pm`.`id_mahasiswa`
JOIN `t_instansi_mahasiswa` `im` ON `im`.`id_instansi_mahasiswa` = `pm`.`id_instansi_mahasiswa`
JOIN `m_instansi_pendidikan` `ip` ON `ip`.`id_instansi_pendidikan` = `im`.`id_instansi_pendidikan`
JOIN `m_prodi` `pr` ON `pr`.`id_prodi` = `im`.`id_prodi`
WHERE `p`.`id_bidang` = \'5\'
AND `p`.`status_penempatan` = \'BERJALAN\'')
 3 SYSTEMPATH\Database\BaseConnection.php(825): CodeIgniter\Database\BaseConnection->simpleQuery('SELECT `p`.`id_penempatan_magang`, `m`.`nama_mahasiswa`, `m`.`nim`, `ip`.`instansi_pendidikan`, `pr`.`prodi`, `pm`.`tgl_mulai`, `pm`.`tgl_selesai`
FROM `t_penempatan_magang` `p`
JOIN `t_permohonan_magang` `pm` ON `pm`.`id_permohonan_magang` = `p`.`id_permohonan_magang`
JOIN `m_mahasiswa` `m` ON `m`.`id_mahasiswa` = `pm`.`id_mahasiswa`
JOIN `t_instansi_mahasiswa` `im` ON `im`.`id_instansi_mahasiswa` = `pm`.`id_instansi_mahasiswa`
JOIN `m_instansi_pendidikan` `ip` ON `ip`.`id_instansi_pendidikan` = `im`.`id_instansi_pendidikan`
JOIN `m_prodi` `pr` ON `pr`.`id_prodi` = `im`.`id_prodi`
WHERE `p`.`id_bidang` = \'5\'
AND `p`.`status_penempatan` = \'BERJALAN\'')
 4 SYSTEMPATH\Database\BaseBuilder.php(1647): CodeIgniter\Database\BaseConnection->query('SELECT `p`.`id_penempatan_magang`, `m`.`nama_mahasiswa`, `m`.`nim`, `ip`.`instansi_pendidikan`, `pr`.`prodi`, `pm`.`tgl_mulai`, `pm`.`tgl_selesai`
FROM `t_penempatan_magang` `p`
JOIN `t_permohonan_magang` `pm` ON `pm`.`id_permohonan_magang` = `p`.`id_permohonan_magang`
JOIN `m_mahasiswa` `m` ON `m`.`id_mahasiswa` = `pm`.`id_mahasiswa`
JOIN `t_instansi_mahasiswa` `im` ON `im`.`id_instansi_mahasiswa` = `pm`.`id_instansi_mahasiswa`
JOIN `m_instansi_pendidikan` `ip` ON `ip`.`id_instansi_pendidikan` = `im`.`id_instansi_pendidikan`
JOIN `m_prodi` `pr` ON `pr`.`id_prodi` = `im`.`id_prodi`
WHERE `p`.`id_bidang` = :p.id_bidang:
AND `p`.`status_penempatan` = :p.status_penempatan:', [...], false)
 5 APPPATH\Models\Kabid\M_LogbookKabid.php(24): CodeIgniter\Database\BaseBuilder->get()
 6 APPPATH\Controllers\Kabid\C_LogbookKabid.php(23): App\Models\Kabid\M_LogbookKabid->getActiveMahasiswa('5')
 7 SYSTEMPATH\CodeIgniter.php(974): App\Controllers\Kabid\C_LogbookKabid->index()
 8 SYSTEMPATH\CodeIgniter.php(520): CodeIgniter\CodeIgniter->runController(Object(App\Controllers\Kabid\C_LogbookKabid))
 9 SYSTEMPATH\CodeIgniter.php(363): CodeIgniter\CodeIgniter->handleRequest(null, Object(Config\Cache), false)
10 SYSTEMPATH\Boot.php(417): CodeIgniter\CodeIgniter->run()
11 SYSTEMPATH\Boot.php(68): CodeIgniter\Boot::runCodeIgniter(Object(CodeIgniter\CodeIgniter))
12 FCPATH\index.php(59): CodeIgniter\Boot::bootWeb(Object(Config\Paths))
13 SYSTEMPATH\rewrite.php(44): require_once('C:\\Users\\lenovo\\Downloads\\Projectmagang_antigravity\\public\\index.php')
CRITICAL - 2026-07-26 05:38:06 --> CodeIgniter\Database\Exceptions\DatabaseException: Unknown column 'p.id_permohonan_magang' in 'on clause'
[Method: GET, Route: kabid/logbook]
in SYSTEMPATH\Database\BaseConnection.php on line 863.
 1 SYSTEMPATH\Database\BaseBuilder.php(1647): CodeIgniter\Database\BaseConnection->query('SELECT `p`.`id_penempatan_magang`, `m`.`nama_mahasiswa`, `m`.`nim`, `ip`.`instansi_pendidikan`, `pr`.`prodi`, `pm`.`tgl_mulai`, `pm`.`tgl_selesai`
FROM `t_penempatan_magang` `p`
JOIN `t_permohonan_magang` `pm` ON `pm`.`id_permohonan_magang` = `p`.`id_permohonan_magang`
JOIN `m_mahasiswa` `m` ON `m`.`id_mahasiswa` = `pm`.`id_mahasiswa`
JOIN `t_instansi_mahasiswa` `im` ON `im`.`id_instansi_mahasiswa` = `pm`.`id_instansi_mahasiswa`
JOIN `m_instansi_pendidikan` `ip` ON `ip`.`id_instansi_pendidikan` = `im`.`id_instansi_pendidikan`
JOIN `m_prodi` `pr` ON `pr`.`id_prodi` = `im`.`id_prodi`
WHERE `p`.`id_bidang` = :p.id_bidang:
AND `p`.`status_penempatan` = :p.status_penempatan:', [...], false)
 2 APPPATH\Models\Kabid\M_LogbookKabid.php(24): CodeIgniter\Database\BaseBuilder->get()
 3 APPPATH\Controllers\Kabid\C_LogbookKabid.php(23): App\Models\Kabid\M_LogbookKabid->getActiveMahasiswa('5')
 4 SYSTEMPATH\CodeIgniter.php(974): App\Controllers\Kabid\C_LogbookKabid->index()
 5 SYSTEMPATH\CodeIgniter.php(520): CodeIgniter\CodeIgniter->runController(Object(App\Controllers\Kabid\C_LogbookKabid))
 6 SYSTEMPATH\CodeIgniter.php(363): CodeIgniter\CodeIgniter->handleRequest(null, Object(Config\Cache), false)
 7 SYSTEMPATH\Boot.php(417): CodeIgniter\CodeIgniter->run()
 8 SYSTEMPATH\Boot.php(68): CodeIgniter\Boot::runCodeIgniter(Object(CodeIgniter\CodeIgniter))
 9 FCPATH\index.php(59): CodeIgniter\Boot::bootWeb(Object(Config\Paths))
10 SYSTEMPATH\rewrite.php(44): require_once('C:\\Users\\lenovo\\Downloads\\Projectmagang_antigravity\\public\\index.php')
CRITICAL - 2026-07-26 05:38:06 --> [Caused by] CodeIgniter\Database\Exceptions\DatabaseException: Unknown column 'p.id_permohonan_magang' in 'on clause'
in SYSTEMPATH\Database\MySQLi\Connection.php on line 310.
 1 SYSTEMPATH\Database\BaseConnection.php(908): CodeIgniter\Database\MySQLi\Connection->execute('SELECT `p`.`id_penempatan_magang`, `m`.`nama_mahasiswa`, `m`.`nim`, `ip`.`instansi_pendidikan`, `pr`.`prodi`, `pm`.`tgl_mulai`, `pm`.`tgl_selesai`
FROM `t_penempatan_magang` `p`
JOIN `t_permohonan_magang` `pm` ON `pm`.`id_permohonan_magang` = `p`.`id_permohonan_magang`
JOIN `m_mahasiswa` `m` ON `m`.`id_mahasiswa` = `pm`.`id_mahasiswa`
JOIN `t_instansi_mahasiswa` `im` ON `im`.`id_instansi_mahasiswa` = `pm`.`id_instansi_mahasiswa`
JOIN `m_instansi_pendidikan` `ip` ON `ip`.`id_instansi_pendidikan` = `im`.`id_instansi_pendidikan`
JOIN `m_prodi` `pr` ON `pr`.`id_prodi` = `im`.`id_prodi`
WHERE `p`.`id_bidang` = \'5\'
AND `p`.`status_penempatan` = \'BERJALAN\'')
 2 SYSTEMPATH\Database\BaseConnection.php(825): CodeIgniter\Database\BaseConnection->simpleQuery('SELECT `p`.`id_penempatan_magang`, `m`.`nama_mahasiswa`, `m`.`nim`, `ip`.`instansi_pendidikan`, `pr`.`prodi`, `pm`.`tgl_mulai`, `pm`.`tgl_selesai`
FROM `t_penempatan_magang` `p`
JOIN `t_permohonan_magang` `pm` ON `pm`.`id_permohonan_magang` = `p`.`id_permohonan_magang`
JOIN `m_mahasiswa` `m` ON `m`.`id_mahasiswa` = `pm`.`id_mahasiswa`
JOIN `t_instansi_mahasiswa` `im` ON `im`.`id_instansi_mahasiswa` = `pm`.`id_instansi_mahasiswa`
JOIN `m_instansi_pendidikan` `ip` ON `ip`.`id_instansi_pendidikan` = `im`.`id_instansi_pendidikan`
JOIN `m_prodi` `pr` ON `pr`.`id_prodi` = `im`.`id_prodi`
WHERE `p`.`id_bidang` = \'5\'
AND `p`.`status_penempatan` = \'BERJALAN\'')
 3 SYSTEMPATH\Database\BaseBuilder.php(1647): CodeIgniter\Database\BaseConnection->query('SELECT `p`.`id_penempatan_magang`, `m`.`nama_mahasiswa`, `m`.`nim`, `ip`.`instansi_pendidikan`, `pr`.`prodi`, `pm`.`tgl_mulai`, `pm`.`tgl_selesai`
FROM `t_penempatan_magang` `p`
JOIN `t_permohonan_magang` `pm` ON `pm`.`id_permohonan_magang` = `p`.`id_permohonan_magang`
JOIN `m_mahasiswa` `m` ON `m`.`id_mahasiswa` = `pm`.`id_mahasiswa`
JOIN `t_instansi_mahasiswa` `im` ON `im`.`id_instansi_mahasiswa` = `pm`.`id_instansi_mahasiswa`
JOIN `m_instansi_pendidikan` `ip` ON `ip`.`id_instansi_pendidikan` = `im`.`id_instansi_pendidikan`
JOIN `m_prodi` `pr` ON `pr`.`id_prodi` = `im`.`id_prodi`
WHERE `p`.`id_bidang` = :p.id_bidang:
AND `p`.`status_penempatan` = :p.status_penempatan:', [...], false)
 4 APPPATH\Models\Kabid\M_LogbookKabid.php(24): CodeIgniter\Database\BaseBuilder->get()
 5 APPPATH\Controllers\Kabid\C_LogbookKabid.php(23): App\Models\Kabid\M_LogbookKabid->getActiveMahasiswa('5')
 6 SYSTEMPATH\CodeIgniter.php(974): App\Controllers\Kabid\C_LogbookKabid->index()
 7 SYSTEMPATH\CodeIgniter.php(520): CodeIgniter\CodeIgniter->runController(Object(App\Controllers\Kabid\C_LogbookKabid))
 8 SYSTEMPATH\CodeIgniter.php(363): CodeIgniter\CodeIgniter->handleRequest(null, Object(Config\Cache), false)
 9 SYSTEMPATH\Boot.php(417): CodeIgniter\CodeIgniter->run()
10 SYSTEMPATH\Boot.php(68): CodeIgniter\Boot::runCodeIgniter(Object(CodeIgniter\CodeIgniter))
11 FCPATH\index.php(59): CodeIgniter\Boot::bootWeb(Object(Config\Paths))
12 SYSTEMPATH\rewrite.php(44): require_once('C:\\Users\\lenovo\\Downloads\\Projectmagang_antigravity\\public\\index.php')
CRITICAL - 2026-07-26 05:38:06 --> [Caused by] mysqli_sql_exception: Unknown column 'p.id_permohonan_magang' in 'on clause'
in SYSTEMPATH\Database\MySQLi\Connection.php on line 300.
 1 SYSTEMPATH\Database\MySQLi\Connection.php(300): mysqli->query('SELECT `p`.`id_penempatan_magang`, `m`.`nama_mahasiswa`, `m`.`nim`, `ip`.`instansi_pendidikan`, `pr`.`prodi`, `pm`.`tgl_mulai`, `pm`.`tgl_selesai`
FROM `t_penempatan_magang` `p`
JOIN `t_permohonan_magang` `pm` ON `pm`.`id_permohonan_magang` = `p`.`id_permohonan_magang`
JOIN `m_mahasiswa` `m` ON `m`.`id_mahasiswa` = `pm`.`id_mahasiswa`
JOIN `t_instansi_mahasiswa` `im` ON `im`.`id_instansi_mahasiswa` = `pm`.`id_instansi_mahasiswa`
JOIN `m_instansi_pendidikan` `ip` ON `ip`.`id_instansi_pendidikan` = `im`.`id_instansi_pendidikan`
JOIN `m_prodi` `pr` ON `pr`.`id_prodi` = `im`.`id_prodi`
WHERE `p`.`id_bidang` = \'5\'
AND `p`.`status_penempatan` = \'BERJALAN\'', 0)
 2 SYSTEMPATH\Database\BaseConnection.php(908): CodeIgniter\Database\MySQLi\Connection->execute('SELECT `p`.`id_penempatan_magang`, `m`.`nama_mahasiswa`, `m`.`nim`, `ip`.`instansi_pendidikan`, `pr`.`prodi`, `pm`.`tgl_mulai`, `pm`.`tgl_selesai`
FROM `t_penempatan_magang` `p`
JOIN `t_permohonan_magang` `pm` ON `pm`.`id_permohonan_magang` = `p`.`id_permohonan_magang`
JOIN `m_mahasiswa` `m` ON `m`.`id_mahasiswa` = `pm`.`id_mahasiswa`
JOIN `t_instansi_mahasiswa` `im` ON `im`.`id_instansi_mahasiswa` = `pm`.`id_instansi_mahasiswa`
JOIN `m_instansi_pendidikan` `ip` ON `ip`.`id_instansi_pendidikan` = `im`.`id_instansi_pendidikan`
JOIN `m_prodi` `pr` ON `pr`.`id_prodi` = `im`.`id_prodi`
WHERE `p`.`id_bidang` = \'5\'
AND `p`.`status_penempatan` = \'BERJALAN\'')
 3 SYSTEMPATH\Database\BaseConnection.php(825): CodeIgniter\Database\BaseConnection->simpleQuery('SELECT `p`.`id_penempatan_magang`, `m`.`nama_mahasiswa`, `m`.`nim`, `ip`.`instansi_pendidikan`, `pr`.`prodi`, `pm`.`tgl_mulai`, `pm`.`tgl_selesai`
FROM `t_penempatan_magang` `p`
JOIN `t_permohonan_magang` `pm` ON `pm`.`id_permohonan_magang` = `p`.`id_permohonan_magang`
JOIN `m_mahasiswa` `m` ON `m`.`id_mahasiswa` = `pm`.`id_mahasiswa`
JOIN `t_instansi_mahasiswa` `im` ON `im`.`id_instansi_mahasiswa` = `pm`.`id_instansi_mahasiswa`
JOIN `m_instansi_pendidikan` `ip` ON `ip`.`id_instansi_pendidikan` = `im`.`id_instansi_pendidikan`
JOIN `m_prodi` `pr` ON `pr`.`id_prodi` = `im`.`id_prodi`
WHERE `p`.`id_bidang` = \'5\'
AND `p`.`status_penempatan` = \'BERJALAN\'')
 4 SYSTEMPATH\Database\BaseBuilder.php(1647): CodeIgniter\Database\BaseConnection->query('SELECT `p`.`id_penempatan_magang`, `m`.`nama_mahasiswa`, `m`.`nim`, `ip`.`instansi_pendidikan`, `pr`.`prodi`, `pm`.`tgl_mulai`, `pm`.`tgl_selesai`
FROM `t_penempatan_magang` `p`
JOIN `t_permohonan_magang` `pm` ON `pm`.`id_permohonan_magang` = `p`.`id_permohonan_magang`
JOIN `m_mahasiswa` `m` ON `m`.`id_mahasiswa` = `pm`.`id_mahasiswa`
JOIN `t_instansi_mahasiswa` `im` ON `im`.`id_instansi_mahasiswa` = `pm`.`id_instansi_mahasiswa`
JOIN `m_instansi_pendidikan` `ip` ON `ip`.`id_instansi_pendidikan` = `im`.`id_instansi_pendidikan`
JOIN `m_prodi` `pr` ON `pr`.`id_prodi` = `im`.`id_prodi`
WHERE `p`.`id_bidang` = :p.id_bidang:
AND `p`.`status_penempatan` = :p.status_penempatan:', [...], false)
 5 APPPATH\Models\Kabid\M_LogbookKabid.php(24): CodeIgniter\Database\BaseBuilder->get()
 6 APPPATH\Controllers\Kabid\C_LogbookKabid.php(23): App\Models\Kabid\M_LogbookKabid->getActiveMahasiswa('5')
 7 SYSTEMPATH\CodeIgniter.php(974): App\Controllers\Kabid\C_LogbookKabid->index()
 8 SYSTEMPATH\CodeIgniter.php(520): CodeIgniter\CodeIgniter->runController(Object(App\Controllers\Kabid\C_LogbookKabid))
 9 SYSTEMPATH\CodeIgniter.php(363): CodeIgniter\CodeIgniter->handleRequest(null, Object(Config\Cache), false)
10 SYSTEMPATH\Boot.php(417): CodeIgniter\CodeIgniter->run()
11 SYSTEMPATH\Boot.php(68): CodeIgniter\Boot::runCodeIgniter(Object(CodeIgniter\CodeIgniter))
12 FCPATH\index.php(59): CodeIgniter\Boot::bootWeb(Object(Config\Paths))
13 SYSTEMPATH\rewrite.php(44): require_once('C:\\Users\\lenovo\\Downloads\\Projectmagang_antigravity\\public\\index.php')
DEBUG - 2026-07-26 05:38:08 --> Session: Class initialized using 'CodeIgniter\Session\Handlers\FileHandler' driver.
DEBUG - 2026-07-26 05:38:11 --> Session: Class initialized using 'CodeIgniter\Session\Handlers\FileHandler' driver.
DEBUG - 2026-07-26 05:38:11 --> Session: Class initialized using 'CodeIgniter\Session\Handlers\FileHandler' driver.
DEBUG - 2026-07-26 05:39:25 --> Session: Class initialized using 'CodeIgniter\Session\Handlers\FileHandler' driver.
DEBUG - 2026-07-26 05:39:26 --> Session: Class initialized using 'CodeIgniter\Session\Handlers\FileHandler' driver.
DEBUG - 2026-07-26 05:40:20 --> Session: Class initialized using 'CodeIgniter\Session\Handlers\FileHandler' driver.
DEBUG - 2026-07-26 05:46:25 --> Session: Class initialized using 'CodeIgniter\Session\Handlers\FileHandler' driver.
DEBUG - 2026-07-26 05:46:36 --> Session: Class initialized using 'CodeIgniter\Session\Handlers\FileHandler' driver.
DEBUG - 2026-07-26 05:46:37 --> Session: Class initialized using 'CodeIgniter\Session\Handlers\FileHandler' driver.
DEBUG - 2026-07-26 05:50:28 --> Session: Class initialized using 'CodeIgniter\Session\Handlers\FileHandler' driver.
DEBUG - 2026-07-26 05:55:22 --> Session: Class initialized using 'CodeIgniter\Session\Handlers\FileHandler' driver.
ERROR - 2026-07-26 05:55:23 --> Unknown column 'p.id_permohonan_magang' in 'on clause'
in SYSTEMPATH\Database\MySQLi\Connection.php on line 300.
 1 SYSTEMPATH\Database\MySQLi\Connection.php(300): mysqli->query('SELECT `l`.`id_logbook_magang`, `l`.`tgl_logbook`, `l`.`logbook_magang`, `m`.`nama_mahasiswa`
FROM `t_logbook_magang` `l`
JOIN `t_penempatan_magang` `p` ON `p`.`id_penempatan_magang` = `l`.`id_penempatan_magang`
JOIN `t_permohonan_magang` `pm` ON `pm`.`id_permohonan_magang` = `p`.`id_permohonan_magang`
JOIN `m_mahasiswa` `m` ON `m`.`id_mahasiswa` = `pm`.`id_mahasiswa`
WHERE `p`.`id_bidang` = \'5\'
AND `l`.`disetujui_oleh` IS NULL
ORDER BY `l`.`tgl_logbook` ASC
 LIMIT 5', 0)
 2 SYSTEMPATH\Database\BaseConnection.php(908): CodeIgniter\Database\MySQLi\Connection->execute('SELECT `l`.`id_logbook_magang`, `l`.`tgl_logbook`, `l`.`logbook_magang`, `m`.`nama_mahasiswa`
FROM `t_logbook_magang` `l`
JOIN `t_penempatan_magang` `p` ON `p`.`id_penempatan_magang` = `l`.`id_penempatan_magang`
JOIN `t_permohonan_magang` `pm` ON `pm`.`id_permohonan_magang` = `p`.`id_permohonan_magang`
JOIN `m_mahasiswa` `m` ON `m`.`id_mahasiswa` = `pm`.`id_mahasiswa`
WHERE `p`.`id_bidang` = \'5\'
AND `l`.`disetujui_oleh` IS NULL
ORDER BY `l`.`tgl_logbook` ASC
 LIMIT 5')
 3 SYSTEMPATH\Database\BaseConnection.php(825): CodeIgniter\Database\BaseConnection->simpleQuery('SELECT `l`.`id_logbook_magang`, `l`.`tgl_logbook`, `l`.`logbook_magang`, `m`.`nama_mahasiswa`
FROM `t_logbook_magang` `l`
JOIN `t_penempatan_magang` `p` ON `p`.`id_penempatan_magang` = `l`.`id_penempatan_magang`
JOIN `t_permohonan_magang` `pm` ON `pm`.`id_permohonan_magang` = `p`.`id_permohonan_magang`
JOIN `m_mahasiswa` `m` ON `m`.`id_mahasiswa` = `pm`.`id_mahasiswa`
WHERE `p`.`id_bidang` = \'5\'
AND `l`.`disetujui_oleh` IS NULL
ORDER BY `l`.`tgl_logbook` ASC
 LIMIT 5')
 4 SYSTEMPATH\Database\BaseBuilder.php(1647): CodeIgniter\Database\BaseConnection->query('SELECT `l`.`id_logbook_magang`, `l`.`tgl_logbook`, `l`.`logbook_magang`, `m`.`nama_mahasiswa`
FROM `t_logbook_magang` `l`
JOIN `t_penempatan_magang` `p` ON `p`.`id_penempatan_magang` = `l`.`id_penempatan_magang`
JOIN `t_permohonan_magang` `pm` ON `pm`.`id_permohonan_magang` = `p`.`id_permohonan_magang`
JOIN `m_mahasiswa` `m` ON `m`.`id_mahasiswa` = `pm`.`id_mahasiswa`
WHERE `p`.`id_bidang` = :p.id_bidang:
AND `l`.`disetujui_oleh` IS NULL
ORDER BY `l`.`tgl_logbook` ASC
 LIMIT 5', [...], false)
 5 APPPATH\Controllers\Kabid\C_DashboardKabid.php(89): CodeIgniter\Database\BaseBuilder->get()
 6 SYSTEMPATH\CodeIgniter.php(974): App\Controllers\Kabid\C_DashboardKabid->index()
 7 SYSTEMPATH\CodeIgniter.php(520): CodeIgniter\CodeIgniter->runController(Object(App\Controllers\Kabid\C_DashboardKabid))
 8 SYSTEMPATH\CodeIgniter.php(363): CodeIgniter\CodeIgniter->handleRequest(null, Object(Config\Cache), false)
 9 SYSTEMPATH\Boot.php(417): CodeIgniter\CodeIgniter->run()
10 SYSTEMPATH\Boot.php(68): CodeIgniter\Boot::runCodeIgniter(Object(CodeIgniter\CodeIgniter))
11 FCPATH\index.php(59): CodeIgniter\Boot::bootWeb(Object(Config\Paths))
12 SYSTEMPATH\rewrite.php(44): require_once('C:\\Users\\lenovo\\Downloads\\Projectmagang_antigravity\\public\\index.php')
CRITICAL - 2026-07-26 05:55:23 --> CodeIgniter\Database\Exceptions\DatabaseException: Unknown column 'p.id_permohonan_magang' in 'on clause'
[Method: GET, Route: kabid/dashboard]
in SYSTEMPATH\Database\BaseConnection.php on line 863.
 1 SYSTEMPATH\Database\BaseBuilder.php(1647): CodeIgniter\Database\BaseConnection->query('SELECT `l`.`id_logbook_magang`, `l`.`tgl_logbook`, `l`.`logbook_magang`, `m`.`nama_mahasiswa`
FROM `t_logbook_magang` `l`
JOIN `t_penempatan_magang` `p` ON `p`.`id_penempatan_magang` = `l`.`id_penempatan_magang`
JOIN `t_permohonan_magang` `pm` ON `pm`.`id_permohonan_magang` = `p`.`id_permohonan_magang`
JOIN `m_mahasiswa` `m` ON `m`.`id_mahasiswa` = `pm`.`id_mahasiswa`
WHERE `p`.`id_bidang` = :p.id_bidang:
AND `l`.`disetujui_oleh` IS NULL
ORDER BY `l`.`tgl_logbook` ASC
 LIMIT 5', [...], false)
 2 APPPATH\Controllers\Kabid\C_DashboardKabid.php(89): CodeIgniter\Database\BaseBuilder->get()
 3 SYSTEMPATH\CodeIgniter.php(974): App\Controllers\Kabid\C_DashboardKabid->index()
 4 SYSTEMPATH\CodeIgniter.php(520): CodeIgniter\CodeIgniter->runController(Object(App\Controllers\Kabid\C_DashboardKabid))
 5 SYSTEMPATH\CodeIgniter.php(363): CodeIgniter\CodeIgniter->handleRequest(null, Object(Config\Cache), false)
 6 SYSTEMPATH\Boot.php(417): CodeIgniter\CodeIgniter->run()
 7 SYSTEMPATH\Boot.php(68): CodeIgniter\Boot::runCodeIgniter(Object(CodeIgniter\CodeIgniter))
 8 FCPATH\index.php(59): CodeIgniter\Boot::bootWeb(Object(Config\Paths))
 9 SYSTEMPATH\rewrite.php(44): require_once('C:\\Users\\lenovo\\Downloads\\Projectmagang_antigravity\\public\\index.php')
CRITICAL - 2026-07-26 05:55:23 --> [Caused by] CodeIgniter\Database\Exceptions\DatabaseException: Unknown column 'p.id_permohonan_magang' in 'on clause'
in SYSTEMPATH\Database\MySQLi\Connection.php on line 310.
 1 SYSTEMPATH\Database\BaseConnection.php(908): CodeIgniter\Database\MySQLi\Connection->execute('SELECT `l`.`id_logbook_magang`, `l`.`tgl_logbook`, `l`.`logbook_magang`, `m`.`nama_mahasiswa`
FROM `t_logbook_magang` `l`
JOIN `t_penempatan_magang` `p` ON `p`.`id_penempatan_magang` = `l`.`id_penempatan_magang`
JOIN `t_permohonan_magang` `pm` ON `pm`.`id_permohonan_magang` = `p`.`id_permohonan_magang`
JOIN `m_mahasiswa` `m` ON `m`.`id_mahasiswa` = `pm`.`id_mahasiswa`
WHERE `p`.`id_bidang` = \'5\'
AND `l`.`disetujui_oleh` IS NULL
ORDER BY `l`.`tgl_logbook` ASC
 LIMIT 5')
 2 SYSTEMPATH\Database\BaseConnection.php(825): CodeIgniter\Database\BaseConnection->simpleQuery('SELECT `l`.`id_logbook_magang`, `l`.`tgl_logbook`, `l`.`logbook_magang`, `m`.`nama_mahasiswa`
FROM `t_logbook_magang` `l`
JOIN `t_penempatan_magang` `p` ON `p`.`id_penempatan_magang` = `l`.`id_penempatan_magang`
JOIN `t_permohonan_magang` `pm` ON `pm`.`id_permohonan_magang` = `p`.`id_permohonan_magang`
JOIN `m_mahasiswa` `m` ON `m`.`id_mahasiswa` = `pm`.`id_mahasiswa`
WHERE `p`.`id_bidang` = \'5\'
AND `l`.`disetujui_oleh` IS NULL
ORDER BY `l`.`tgl_logbook` ASC
 LIMIT 5')
 3 SYSTEMPATH\Database\BaseBuilder.php(1647): CodeIgniter\Database\BaseConnection->query('SELECT `l`.`id_logbook_magang`, `l`.`tgl_logbook`, `l`.`logbook_magang`, `m`.`nama_mahasiswa`
FROM `t_logbook_magang` `l`
JOIN `t_penempatan_magang` `p` ON `p`.`id_penempatan_magang` = `l`.`id_penempatan_magang`
JOIN `t_permohonan_magang` `pm` ON `pm`.`id_permohonan_magang` = `p`.`id_permohonan_magang`
JOIN `m_mahasiswa` `m` ON `m`.`id_mahasiswa` = `pm`.`id_mahasiswa`
WHERE `p`.`id_bidang` = :p.id_bidang:
AND `l`.`disetujui_oleh` IS NULL
ORDER BY `l`.`tgl_logbook` ASC
 LIMIT 5', [...], false)
 4 APPPATH\Controllers\Kabid\C_DashboardKabid.php(89): CodeIgniter\Database\BaseBuilder->get()
 5 SYSTEMPATH\CodeIgniter.php(974): App\Controllers\Kabid\C_DashboardKabid->index()
 6 SYSTEMPATH\CodeIgniter.php(520): CodeIgniter\CodeIgniter->runController(Object(App\Controllers\Kabid\C_DashboardKabid))
 7 SYSTEMPATH\CodeIgniter.php(363): CodeIgniter\CodeIgniter->handleRequest(null, Object(Config\Cache), false)
 8 SYSTEMPATH\Boot.php(417): CodeIgniter\CodeIgniter->run()
 9 SYSTEMPATH\Boot.php(68): CodeIgniter\Boot::runCodeIgniter(Object(CodeIgniter\CodeIgniter))
10 FCPATH\index.php(59): CodeIgniter\Boot::bootWeb(Object(Config\Paths))
11 SYSTEMPATH\rewrite.php(44): require_once('C:\\Users\\lenovo\\Downloads\\Projectmagang_antigravity\\public\\index.php')
CRITICAL - 2026-07-26 05:55:23 --> [Caused by] mysqli_sql_exception: Unknown column 'p.id_permohonan_magang' in 'on clause'
in SYSTEMPATH\Database\MySQLi\Connection.php on line 300.
 1 SYSTEMPATH\Database\MySQLi\Connection.php(300): mysqli->query('SELECT `l`.`id_logbook_magang`, `l`.`tgl_logbook`, `l`.`logbook_magang`, `m`.`nama_mahasiswa`
FROM `t_logbook_magang` `l`
JOIN `t_penempatan_magang` `p` ON `p`.`id_penempatan_magang` = `l`.`id_penempatan_magang`
JOIN `t_permohonan_magang` `pm` ON `pm`.`id_permohonan_magang` = `p`.`id_permohonan_magang`
JOIN `m_mahasiswa` `m` ON `m`.`id_mahasiswa` = `pm`.`id_mahasiswa`
WHERE `p`.`id_bidang` = \'5\'
AND `l`.`disetujui_oleh` IS NULL
ORDER BY `l`.`tgl_logbook` ASC
 LIMIT 5', 0)
 2 SYSTEMPATH\Database\BaseConnection.php(908): CodeIgniter\Database\MySQLi\Connection->execute('SELECT `l`.`id_logbook_magang`, `l`.`tgl_logbook`, `l`.`logbook_magang`, `m`.`nama_mahasiswa`
FROM `t_logbook_magang` `l`
JOIN `t_penempatan_magang` `p` ON `p`.`id_penempatan_magang` = `l`.`id_penempatan_magang`
JOIN `t_permohonan_magang` `pm` ON `pm`.`id_permohonan_magang` = `p`.`id_permohonan_magang`
JOIN `m_mahasiswa` `m` ON `m`.`id_mahasiswa` = `pm`.`id_mahasiswa`
WHERE `p`.`id_bidang` = \'5\'
AND `l`.`disetujui_oleh` IS NULL
ORDER BY `l`.`tgl_logbook` ASC
 LIMIT 5')
 3 SYSTEMPATH\Database\BaseConnection.php(825): CodeIgniter\Database\BaseConnection->simpleQuery('SELECT `l`.`id_logbook_magang`, `l`.`tgl_logbook`, `l`.`logbook_magang`, `m`.`nama_mahasiswa`
FROM `t_logbook_magang` `l`
JOIN `t_penempatan_magang` `p` ON `p`.`id_penempatan_magang` = `l`.`id_penempatan_magang`
JOIN `t_permohonan_magang` `pm` ON `pm`.`id_permohonan_magang` = `p`.`id_permohonan_magang`
JOIN `m_mahasiswa` `m` ON `m`.`id_mahasiswa` = `pm`.`id_mahasiswa`
WHERE `p`.`id_bidang` = \'5\'
AND `l`.`disetujui_oleh` IS NULL
ORDER BY `l`.`tgl_logbook` ASC
 LIMIT 5')
 4 SYSTEMPATH\Database\BaseBuilder.php(1647): CodeIgniter\Database\BaseConnection->query('SELECT `l`.`id_logbook_magang`, `l`.`tgl_logbook`, `l`.`logbook_magang`, `m`.`nama_mahasiswa`
FROM `t_logbook_magang` `l`
JOIN `t_penempatan_magang` `p` ON `p`.`id_penempatan_magang` = `l`.`id_penempatan_magang`
JOIN `t_permohonan_magang` `pm` ON `pm`.`id_permohonan_magang` = `p`.`id_permohonan_magang`
JOIN `m_mahasiswa` `m` ON `m`.`id_mahasiswa` = `pm`.`id_mahasiswa`
WHERE `p`.`id_bidang` = :p.id_bidang:
AND `l`.`disetujui_oleh` IS NULL
ORDER BY `l`.`tgl_logbook` ASC
 LIMIT 5', [...], false)
 5 APPPATH\Controllers\Kabid\C_DashboardKabid.php(89): CodeIgniter\Database\BaseBuilder->get()
 6 SYSTEMPATH\CodeIgniter.php(974): App\Controllers\Kabid\C_DashboardKabid->index()
 7 SYSTEMPATH\CodeIgniter.php(520): CodeIgniter\CodeIgniter->runController(Object(App\Controllers\Kabid\C_DashboardKabid))
 8 SYSTEMPATH\CodeIgniter.php(363): CodeIgniter\CodeIgniter->handleRequest(null, Object(Config\Cache), false)
 9 SYSTEMPATH\Boot.php(417): CodeIgniter\CodeIgniter->run()
10 SYSTEMPATH\Boot.php(68): CodeIgniter\Boot::runCodeIgniter(Object(CodeIgniter\CodeIgniter))
11 FCPATH\index.php(59): CodeIgniter\Boot::bootWeb(Object(Config\Paths))
12 SYSTEMPATH\rewrite.php(44): require_once('C:\\Users\\lenovo\\Downloads\\Projectmagang_antigravity\\public\\index.php')
DEBUG - 2026-07-26 05:59:55 --> Session: Class initialized using 'CodeIgniter\Session\Handlers\FileHandler' driver.
DEBUG - 2026-07-26 06:00:22 --> Session: Class initialized using 'CodeIgniter\Session\Handlers\FileHandler' driver.
DEBUG - 2026-07-26 06:00:25 --> Session: Class initialized using 'CodeIgniter\Session\Handlers\FileHandler' driver.
DEBUG - 2026-07-26 06:00:31 --> Session: Class initialized using 'CodeIgniter\Session\Handlers\FileHandler' driver.
ERROR - 2026-07-26 06:00:31 --> Unknown column 'p.id_permohonan_magang' in 'on clause'
in SYSTEMPATH\Database\MySQLi\Connection.php on line 300.
 1 SYSTEMPATH\Database\MySQLi\Connection.php(300): mysqli->query('SELECT `p`.`id_penempatan_magang`, `m`.`nama_mahasiswa`, `m`.`nim`, `ip`.`instansi_pendidikan`, `pr`.`prodi`, `pm`.`tgl_mulai`, `pm`.`tgl_selesai`
FROM `t_penempatan_magang` `p`
JOIN `t_permohonan_magang` `pm` ON `pm`.`id_permohonan_magang` = `p`.`id_permohonan_magang`
JOIN `m_mahasiswa` `m` ON `m`.`id_mahasiswa` = `pm`.`id_mahasiswa`
JOIN `t_instansi_mahasiswa` `im` ON `im`.`id_instansi_mahasiswa` = `pm`.`id_instansi_mahasiswa`
JOIN `m_instansi_pendidikan` `ip` ON `ip`.`id_instansi_pendidikan` = `im`.`id_instansi_pendidikan`
JOIN `m_prodi` `pr` ON `pr`.`id_prodi` = `im`.`id_prodi`
WHERE `p`.`id_bidang` = \'5\'
AND `p`.`status_penempatan` = \'BERJALAN\'', 0)
 2 SYSTEMPATH\Database\BaseConnection.php(908): CodeIgniter\Database\MySQLi\Connection->execute('SELECT `p`.`id_penempatan_magang`, `m`.`nama_mahasiswa`, `m`.`nim`, `ip`.`instansi_pendidikan`, `pr`.`prodi`, `pm`.`tgl_mulai`, `pm`.`tgl_selesai`
FROM `t_penempatan_magang` `p`
JOIN `t_permohonan_magang` `pm` ON `pm`.`id_permohonan_magang` = `p`.`id_permohonan_magang`
JOIN `m_mahasiswa` `m` ON `m`.`id_mahasiswa` = `pm`.`id_mahasiswa`
JOIN `t_instansi_mahasiswa` `im` ON `im`.`id_instansi_mahasiswa` = `pm`.`id_instansi_mahasiswa`
JOIN `m_instansi_pendidikan` `ip` ON `ip`.`id_instansi_pendidikan` = `im`.`id_instansi_pendidikan`
JOIN `m_prodi` `pr` ON `pr`.`id_prodi` = `im`.`id_prodi`
WHERE `p`.`id_bidang` = \'5\'
AND `p`.`status_penempatan` = \'BERJALAN\'')
 3 SYSTEMPATH\Database\BaseConnection.php(825): CodeIgniter\Database\BaseConnection->simpleQuery('SELECT `p`.`id_penempatan_magang`, `m`.`nama_mahasiswa`, `m`.`nim`, `ip`.`instansi_pendidikan`, `pr`.`prodi`, `pm`.`tgl_mulai`, `pm`.`tgl_selesai`
FROM `t_penempatan_magang` `p`
JOIN `t_permohonan_magang` `pm` ON `pm`.`id_permohonan_magang` = `p`.`id_permohonan_magang`
JOIN `m_mahasiswa` `m` ON `m`.`id_mahasiswa` = `pm`.`id_mahasiswa`
JOIN `t_instansi_mahasiswa` `im` ON `im`.`id_instansi_mahasiswa` = `pm`.`id_instansi_mahasiswa`
JOIN `m_instansi_pendidikan` `ip` ON `ip`.`id_instansi_pendidikan` = `im`.`id_instansi_pendidikan`
JOIN `m_prodi` `pr` ON `pr`.`id_prodi` = `im`.`id_prodi`
WHERE `p`.`id_bidang` = \'5\'
AND `p`.`status_penempatan` = \'BERJALAN\'')
 4 SYSTEMPATH\Database\BaseBuilder.php(1647): CodeIgniter\Database\BaseConnection->query('SELECT `p`.`id_penempatan_magang`, `m`.`nama_mahasiswa`, `m`.`nim`, `ip`.`instansi_pendidikan`, `pr`.`prodi`, `pm`.`tgl_mulai`, `pm`.`tgl_selesai`
FROM `t_penempatan_magang` `p`
JOIN `t_permohonan_magang` `pm` ON `pm`.`id_permohonan_magang` = `p`.`id_permohonan_magang`
JOIN `m_mahasiswa` `m` ON `m`.`id_mahasiswa` = `pm`.`id_mahasiswa`
JOIN `t_instansi_mahasiswa` `im` ON `im`.`id_instansi_mahasiswa` = `pm`.`id_instansi_mahasiswa`
JOIN `m_instansi_pendidikan` `ip` ON `ip`.`id_instansi_pendidikan` = `im`.`id_instansi_pendidikan`
JOIN `m_prodi` `pr` ON `pr`.`id_prodi` = `im`.`id_prodi`
WHERE `p`.`id_bidang` = :p.id_bidang:
AND `p`.`status_penempatan` = :p.status_penempatan:', [...], false)
 5 APPPATH\Models\Kabid\M_LogbookKabid.php(24): CodeIgniter\Database\BaseBuilder->get()
 6 APPPATH\Controllers\Kabid\C_LogbookKabid.php(23): App\Models\Kabid\M_LogbookKabid->getActiveMahasiswa('5')
 7 SYSTEMPATH\CodeIgniter.php(974): App\Controllers\Kabid\C_LogbookKabid->index()
 8 SYSTEMPATH\CodeIgniter.php(520): CodeIgniter\CodeIgniter->runController(Object(App\Controllers\Kabid\C_LogbookKabid))
 9 SYSTEMPATH\CodeIgniter.php(363): CodeIgniter\CodeIgniter->handleRequest(null, Object(Config\Cache), false)
10 SYSTEMPATH\Boot.php(417): CodeIgniter\CodeIgniter->run()
11 SYSTEMPATH\Boot.php(68): CodeIgniter\Boot::runCodeIgniter(Object(CodeIgniter\CodeIgniter))
12 FCPATH\index.php(59): CodeIgniter\Boot::bootWeb(Object(Config\Paths))
13 SYSTEMPATH\rewrite.php(44): require_once('C:\\Users\\lenovo\\Downloads\\Projectmagang_antigravity\\public\\index.php')
CRITICAL - 2026-07-26 06:00:31 --> CodeIgniter\Database\Exceptions\DatabaseException: Unknown column 'p.id_permohonan_magang' in 'on clause'
[Method: GET, Route: kabid/logbook]
in SYSTEMPATH\Database\BaseConnection.php on line 863.
 1 SYSTEMPATH\Database\BaseBuilder.php(1647): CodeIgniter\Database\BaseConnection->query('SELECT `p`.`id_penempatan_magang`, `m`.`nama_mahasiswa`, `m`.`nim`, `ip`.`instansi_pendidikan`, `pr`.`prodi`, `pm`.`tgl_mulai`, `pm`.`tgl_selesai`
FROM `t_penempatan_magang` `p`
JOIN `t_permohonan_magang` `pm` ON `pm`.`id_permohonan_magang` = `p`.`id_permohonan_magang`
JOIN `m_mahasiswa` `m` ON `m`.`id_mahasiswa` = `pm`.`id_mahasiswa`
JOIN `t_instansi_mahasiswa` `im` ON `im`.`id_instansi_mahasiswa` = `pm`.`id_instansi_mahasiswa`
JOIN `m_instansi_pendidikan` `ip` ON `ip`.`id_instansi_pendidikan` = `im`.`id_instansi_pendidikan`
JOIN `m_prodi` `pr` ON `pr`.`id_prodi` = `im`.`id_prodi`
WHERE `p`.`id_bidang` = :p.id_bidang:
AND `p`.`status_penempatan` = :p.status_penempatan:', [...], false)
 2 APPPATH\Models\Kabid\M_LogbookKabid.php(24): CodeIgniter\Database\BaseBuilder->get()
 3 APPPATH\Controllers\Kabid\C_LogbookKabid.php(23): App\Models\Kabid\M_LogbookKabid->getActiveMahasiswa('5')
 4 SYSTEMPATH\CodeIgniter.php(974): App\Controllers\Kabid\C_LogbookKabid->index()
 5 SYSTEMPATH\CodeIgniter.php(520): CodeIgniter\CodeIgniter->runController(Object(App\Controllers\Kabid\C_LogbookKabid))
 6 SYSTEMPATH\CodeIgniter.php(363): CodeIgniter\CodeIgniter->handleRequest(null, Object(Config\Cache), false)
 7 SYSTEMPATH\Boot.php(417): CodeIgniter\CodeIgniter->run()
 8 SYSTEMPATH\Boot.php(68): CodeIgniter\Boot::runCodeIgniter(Object(CodeIgniter\CodeIgniter))
 9 FCPATH\index.php(59): CodeIgniter\Boot::bootWeb(Object(Config\Paths))
10 SYSTEMPATH\rewrite.php(44): require_once('C:\\Users\\lenovo\\Downloads\\Projectmagang_antigravity\\public\\index.php')
CRITICAL - 2026-07-26 06:00:31 --> [Caused by] CodeIgniter\Database\Exceptions\DatabaseException: Unknown column 'p.id_permohonan_magang' in 'on clause'
in SYSTEMPATH\Database\MySQLi\Connection.php on line 310.
 1 SYSTEMPATH\Database\BaseConnection.php(908): CodeIgniter\Database\MySQLi\Connection->execute('SELECT `p`.`id_penempatan_magang`, `m`.`nama_mahasiswa`, `m`.`nim`, `ip`.`instansi_pendidikan`, `pr`.`prodi`, `pm`.`tgl_mulai`, `pm`.`tgl_selesai`
FROM `t_penempatan_magang` `p`
JOIN `t_permohonan_magang` `pm` ON `pm`.`id_permohonan_magang` = `p`.`id_permohonan_magang`
JOIN `m_mahasiswa` `m` ON `m`.`id_mahasiswa` = `pm`.`id_mahasiswa`
JOIN `t_instansi_mahasiswa` `im` ON `im`.`id_instansi_mahasiswa` = `pm`.`id_instansi_mahasiswa`
JOIN `m_instansi_pendidikan` `ip` ON `ip`.`id_instansi_pendidikan` = `im`.`id_instansi_pendidikan`
JOIN `m_prodi` `pr` ON `pr`.`id_prodi` = `im`.`id_prodi`
WHERE `p`.`id_bidang` = \'5\'
AND `p`.`status_penempatan` = \'BERJALAN\'')
 2 SYSTEMPATH\Database\BaseConnection.php(825): CodeIgniter\Database\BaseConnection->simpleQuery('SELECT `p`.`id_penempatan_magang`, `m`.`nama_mahasiswa`, `m`.`nim`, `ip`.`instansi_pendidikan`, `pr`.`prodi`, `pm`.`tgl_mulai`, `pm`.`tgl_selesai`
FROM `t_penempatan_magang` `p`
JOIN `t_permohonan_magang` `pm` ON `pm`.`id_permohonan_magang` = `p`.`id_permohonan_magang`
JOIN `m_mahasiswa` `m` ON `m`.`id_mahasiswa` = `pm`.`id_mahasiswa`
JOIN `t_instansi_mahasiswa` `im` ON `im`.`id_instansi_mahasiswa` = `pm`.`id_instansi_mahasiswa`
JOIN `m_instansi_pendidikan` `ip` ON `ip`.`id_instansi_pendidikan` = `im`.`id_instansi_pendidikan`
JOIN `m_prodi` `pr` ON `pr`.`id_prodi` = `im`.`id_prodi`
WHERE `p`.`id_bidang` = \'5\'
AND `p`.`status_penempatan` = \'BERJALAN\'')
 3 SYSTEMPATH\Database\BaseBuilder.php(1647): CodeIgniter\Database\BaseConnection->query('SELECT `p`.`id_penempatan_magang`, `m`.`nama_mahasiswa`, `m`.`nim`, `ip`.`instansi_pendidikan`, `pr`.`prodi`, `pm`.`tgl_mulai`, `pm`.`tgl_selesai`
FROM `t_penempatan_magang` `p`
JOIN `t_permohonan_magang` `pm` ON `pm`.`id_permohonan_magang` = `p`.`id_permohonan_magang`
JOIN `m_mahasiswa` `m` ON `m`.`id_mahasiswa` = `pm`.`id_mahasiswa`
JOIN `t_instansi_mahasiswa` `im` ON `im`.`id_instansi_mahasiswa` = `pm`.`id_instansi_mahasiswa`
JOIN `m_instansi_pendidikan` `ip` ON `ip`.`id_instansi_pendidikan` = `im`.`id_instansi_pendidikan`
JOIN `m_prodi` `pr` ON `pr`.`id_prodi` = `im`.`id_prodi`
WHERE `p`.`id_bidang` = :p.id_bidang:
AND `p`.`status_penempatan` = :p.status_penempatan:', [...], false)
 4 APPPATH\Models\Kabid\M_LogbookKabid.php(24): CodeIgniter\Database\BaseBuilder->get()
 5 APPPATH\Controllers\Kabid\C_LogbookKabid.php(23): App\Models\Kabid\M_LogbookKabid->getActiveMahasiswa('5')
 6 SYSTEMPATH\CodeIgniter.php(974): App\Controllers\Kabid\C_LogbookKabid->index()
 7 SYSTEMPATH\CodeIgniter.php(520): CodeIgniter\CodeIgniter->runController(Object(App\Controllers\Kabid\C_LogbookKabid))
 8 SYSTEMPATH\CodeIgniter.php(363): CodeIgniter\CodeIgniter->handleRequest(null, Object(Config\Cache), false)
 9 SYSTEMPATH\Boot.php(417): CodeIgniter\CodeIgniter->run()
10 SYSTEMPATH\Boot.php(68): CodeIgniter\Boot::runCodeIgniter(Object(CodeIgniter\CodeIgniter))
11 FCPATH\index.php(59): CodeIgniter\Boot::bootWeb(Object(Config\Paths))
12 SYSTEMPATH\rewrite.php(44): require_once('C:\\Users\\lenovo\\Downloads\\Projectmagang_antigravity\\public\\index.php')
CRITICAL - 2026-07-26 06:00:31 --> [Caused by] mysqli_sql_exception: Unknown column 'p.id_permohonan_magang' in 'on clause'
in SYSTEMPATH\Database\MySQLi\Connection.php on line 300.
 1 SYSTEMPATH\Database\MySQLi\Connection.php(300): mysqli->query('SELECT `p`.`id_penempatan_magang`, `m`.`nama_mahasiswa`, `m`.`nim`, `ip`.`instansi_pendidikan`, `pr`.`prodi`, `pm`.`tgl_mulai`, `pm`.`tgl_selesai`
FROM `t_penempatan_magang` `p`
JOIN `t_permohonan_magang` `pm` ON `pm`.`id_permohonan_magang` = `p`.`id_permohonan_magang`
JOIN `m_mahasiswa` `m` ON `m`.`id_mahasiswa` = `pm`.`id_mahasiswa`
JOIN `t_instansi_mahasiswa` `im` ON `im`.`id_instansi_mahasiswa` = `pm`.`id_instansi_mahasiswa`
JOIN `m_instansi_pendidikan` `ip` ON `ip`.`id_instansi_pendidikan` = `im`.`id_instansi_pendidikan`
JOIN `m_prodi` `pr` ON `pr`.`id_prodi` = `im`.`id_prodi`
WHERE `p`.`id_bidang` = \'5\'
AND `p`.`status_penempatan` = \'BERJALAN\'', 0)
 2 SYSTEMPATH\Database\BaseConnection.php(908): CodeIgniter\Database\MySQLi\Connection->execute('SELECT `p`.`id_penempatan_magang`, `m`.`nama_mahasiswa`, `m`.`nim`, `ip`.`instansi_pendidikan`, `pr`.`prodi`, `pm`.`tgl_mulai`, `pm`.`tgl_selesai`
FROM `t_penempatan_magang` `p`
JOIN `t_permohonan_magang` `pm` ON `pm`.`id_permohonan_magang` = `p`.`id_permohonan_magang`
JOIN `m_mahasiswa` `m` ON `m`.`id_mahasiswa` = `pm`.`id_mahasiswa`
JOIN `t_instansi_mahasiswa` `im` ON `im`.`id_instansi_mahasiswa` = `pm`.`id_instansi_mahasiswa`
JOIN `m_instansi_pendidikan` `ip` ON `ip`.`id_instansi_pendidikan` = `im`.`id_instansi_pendidikan`
JOIN `m_prodi` `pr` ON `pr`.`id_prodi` = `im`.`id_prodi`
WHERE `p`.`id_bidang` = \'5\'
AND `p`.`status_penempatan` = \'BERJALAN\'')
 3 SYSTEMPATH\Database\BaseConnection.php(825): CodeIgniter\Database\BaseConnection->simpleQuery('SELECT `p`.`id_penempatan_magang`, `m`.`nama_mahasiswa`, `m`.`nim`, `ip`.`instansi_pendidikan`, `pr`.`prodi`, `pm`.`tgl_mulai`, `pm`.`tgl_selesai`
FROM `t_penempatan_magang` `p`
JOIN `t_permohonan_magang` `pm` ON `pm`.`id_permohonan_magang` = `p`.`id_permohonan_magang`
JOIN `m_mahasiswa` `m` ON `m`.`id_mahasiswa` = `pm`.`id_mahasiswa`
JOIN `t_instansi_mahasiswa` `im` ON `im`.`id_instansi_mahasiswa` = `pm`.`id_instansi_mahasiswa`
JOIN `m_instansi_pendidikan` `ip` ON `ip`.`id_instansi_pendidikan` = `im`.`id_instansi_pendidikan`
JOIN `m_prodi` `pr` ON `pr`.`id_prodi` = `im`.`id_prodi`
WHERE `p`.`id_bidang` = \'5\'
AND `p`.`status_penempatan` = \'BERJALAN\'')
 4 SYSTEMPATH\Database\BaseBuilder.php(1647): CodeIgniter\Database\BaseConnection->query('SELECT `p`.`id_penempatan_magang`, `m`.`nama_mahasiswa`, `m`.`nim`, `ip`.`instansi_pendidikan`, `pr`.`prodi`, `pm`.`tgl_mulai`, `pm`.`tgl_selesai`
FROM `t_penempatan_magang` `p`
JOIN `t_permohonan_magang` `pm` ON `pm`.`id_permohonan_magang` = `p`.`id_permohonan_magang`
JOIN `m_mahasiswa` `m` ON `m`.`id_mahasiswa` = `pm`.`id_mahasiswa`
JOIN `t_instansi_mahasiswa` `im` ON `im`.`id_instansi_mahasiswa` = `pm`.`id_instansi_mahasiswa`
JOIN `m_instansi_pendidikan` `ip` ON `ip`.`id_instansi_pendidikan` = `im`.`id_instansi_pendidikan`
JOIN `m_prodi` `pr` ON `pr`.`id_prodi` = `im`.`id_prodi`
WHERE `p`.`id_bidang` = :p.id_bidang:
AND `p`.`status_penempatan` = :p.status_penempatan:', [...], false)
 5 APPPATH\Models\Kabid\M_LogbookKabid.php(24): CodeIgniter\Database\BaseBuilder->get()
 6 APPPATH\Controllers\Kabid\C_LogbookKabid.php(23): App\Models\Kabid\M_LogbookKabid->getActiveMahasiswa('5')
 7 SYSTEMPATH\CodeIgniter.php(974): App\Controllers\Kabid\C_LogbookKabid->index()
 8 SYSTEMPATH\CodeIgniter.php(520): CodeIgniter\CodeIgniter->runController(Object(App\Controllers\Kabid\C_LogbookKabid))
 9 SYSTEMPATH\CodeIgniter.php(363): CodeIgniter\CodeIgniter->handleRequest(null, Object(Config\Cache), false)
10 SYSTEMPATH\Boot.php(417): CodeIgniter\CodeIgniter->run()
11 SYSTEMPATH\Boot.php(68): CodeIgniter\Boot::runCodeIgniter(Object(CodeIgniter\CodeIgniter))
12 FCPATH\index.php(59): CodeIgniter\Boot::bootWeb(Object(Config\Paths))
13 SYSTEMPATH\rewrite.php(44): require_once('C:\\Users\\lenovo\\Downloads\\Projectmagang_antigravity\\public\\index.php')
DEBUG - 2026-07-26 06:00:33 --> Session: Class initialized using 'CodeIgniter\Session\Handlers\FileHandler' driver.
DEBUG - 2026-07-26 06:01:31 --> Session: Class initialized using 'CodeIgniter\Session\Handlers\FileHandler' driver.
DEBUG - 2026-07-26 06:02:23 --> Session: Class initialized using 'CodeIgniter\Session\Handlers\FileHandler' driver.
DEBUG - 2026-07-26 06:03:05 --> Session: Class initialized using 'CodeIgniter\Session\Handlers\FileHandler' driver.
DEBUG - 2026-07-26 06:05:12 --> Session: Class initialized using 'CodeIgniter\Session\Handlers\FileHandler' driver.
DEBUG - 2026-07-26 06:09:10 --> Session: Class initialized using 'CodeIgniter\Session\Handlers\FileHandler' driver.
DEBUG - 2026-07-26 06:10:24 --> Session: Class initialized using 'CodeIgniter\Session\Handlers\FileHandler' driver.
DEBUG - 2026-07-26 06:10:29 --> Session: Class initialized using 'CodeIgniter\Session\Handlers\FileHandler' driver.
DEBUG - 2026-07-26 06:10:31 --> Session: Class initialized using 'CodeIgniter\Session\Handlers\FileHandler' driver.
ERROR - 2026-07-26 06:10:31 --> Unknown column 'p.id_permohonan_magang' in 'on clause'
in SYSTEMPATH\Database\MySQLi\Connection.php on line 300.
 1 SYSTEMPATH\Database\MySQLi\Connection.php(300): mysqli->query('SELECT `p`.`id_penempatan_magang`, `m`.`nama_mahasiswa`, `m`.`nim`, `ip`.`instansi_pendidikan`, `pr`.`prodi`, `pm`.`tgl_mulai`, `pm`.`tgl_selesai`
FROM `t_penempatan_magang` `p`
JOIN `t_permohonan_magang` `pm` ON `pm`.`id_permohonan_magang` = `p`.`id_permohonan_magang`
JOIN `m_mahasiswa` `m` ON `m`.`id_mahasiswa` = `pm`.`id_mahasiswa`
JOIN `t_instansi_mahasiswa` `im` ON `im`.`id_instansi_mahasiswa` = `pm`.`id_instansi_mahasiswa`
JOIN `m_instansi_pendidikan` `ip` ON `ip`.`id_instansi_pendidikan` = `im`.`id_instansi_pendidikan`
JOIN `m_prodi` `pr` ON `pr`.`id_prodi` = `im`.`id_prodi`
WHERE `p`.`id_bidang` = \'5\'
AND `p`.`status_penempatan` = \'BERJALAN\'', 0)
 2 SYSTEMPATH\Database\BaseConnection.php(908): CodeIgniter\Database\MySQLi\Connection->execute('SELECT `p`.`id_penempatan_magang`, `m`.`nama_mahasiswa`, `m`.`nim`, `ip`.`instansi_pendidikan`, `pr`.`prodi`, `pm`.`tgl_mulai`, `pm`.`tgl_selesai`
FROM `t_penempatan_magang` `p`
JOIN `t_permohonan_magang` `pm` ON `pm`.`id_permohonan_magang` = `p`.`id_permohonan_magang`
JOIN `m_mahasiswa` `m` ON `m`.`id_mahasiswa` = `pm`.`id_mahasiswa`
JOIN `t_instansi_mahasiswa` `im` ON `im`.`id_instansi_mahasiswa` = `pm`.`id_instansi_mahasiswa`
JOIN `m_instansi_pendidikan` `ip` ON `ip`.`id_instansi_pendidikan` = `im`.`id_instansi_pendidikan`
JOIN `m_prodi` `pr` ON `pr`.`id_prodi` = `im`.`id_prodi`
WHERE `p`.`id_bidang` = \'5\'
AND `p`.`status_penempatan` = \'BERJALAN\'')
 3 SYSTEMPATH\Database\BaseConnection.php(825): CodeIgniter\Database\BaseConnection->simpleQuery('SELECT `p`.`id_penempatan_magang`, `m`.`nama_mahasiswa`, `m`.`nim`, `ip`.`instansi_pendidikan`, `pr`.`prodi`, `pm`.`tgl_mulai`, `pm`.`tgl_selesai`
FROM `t_penempatan_magang` `p`
JOIN `t_permohonan_magang` `pm` ON `pm`.`id_permohonan_magang` = `p`.`id_permohonan_magang`
JOIN `m_mahasiswa` `m` ON `m`.`id_mahasiswa` = `pm`.`id_mahasiswa`
JOIN `t_instansi_mahasiswa` `im` ON `im`.`id_instansi_mahasiswa` = `pm`.`id_instansi_mahasiswa`
JOIN `m_instansi_pendidikan` `ip` ON `ip`.`id_instansi_pendidikan` = `im`.`id_instansi_pendidikan`
JOIN `m_prodi` `pr` ON `pr`.`id_prodi` = `im`.`id_prodi`
WHERE `p`.`id_bidang` = \'5\'
AND `p`.`status_penempatan` = \'BERJALAN\'')
 4 SYSTEMPATH\Database\BaseBuilder.php(1647): CodeIgniter\Database\BaseConnection->query('SELECT `p`.`id_penempatan_magang`, `m`.`nama_mahasiswa`, `m`.`nim`, `ip`.`instansi_pendidikan`, `pr`.`prodi`, `pm`.`tgl_mulai`, `pm`.`tgl_selesai`
FROM `t_penempatan_magang` `p`
JOIN `t_permohonan_magang` `pm` ON `pm`.`id_permohonan_magang` = `p`.`id_permohonan_magang`
JOIN `m_mahasiswa` `m` ON `m`.`id_mahasiswa` = `pm`.`id_mahasiswa`
JOIN `t_instansi_mahasiswa` `im` ON `im`.`id_instansi_mahasiswa` = `pm`.`id_instansi_mahasiswa`
JOIN `m_instansi_pendidikan` `ip` ON `ip`.`id_instansi_pendidikan` = `im`.`id_instansi_pendidikan`
JOIN `m_prodi` `pr` ON `pr`.`id_prodi` = `im`.`id_prodi`
WHERE `p`.`id_bidang` = :p.id_bidang:
AND `p`.`status_penempatan` = :p.status_penempatan:', [...], false)
 5 APPPATH\Models\Kabid\M_LogbookKabid.php(24): CodeIgniter\Database\BaseBuilder->get()
 6 APPPATH\Controllers\Kabid\C_LogbookKabid.php(23): App\Models\Kabid\M_LogbookKabid->getActiveMahasiswa('5')
 7 SYSTEMPATH\CodeIgniter.php(974): App\Controllers\Kabid\C_LogbookKabid->index()
 8 SYSTEMPATH\CodeIgniter.php(520): CodeIgniter\CodeIgniter->runController(Object(App\Controllers\Kabid\C_LogbookKabid))
 9 SYSTEMPATH\CodeIgniter.php(363): CodeIgniter\CodeIgniter->handleRequest(null, Object(Config\Cache), false)
10 SYSTEMPATH\Boot.php(417): CodeIgniter\CodeIgniter->run()
11 SYSTEMPATH\Boot.php(68): CodeIgniter\Boot::runCodeIgniter(Object(CodeIgniter\CodeIgniter))
12 FCPATH\index.php(59): CodeIgniter\Boot::bootWeb(Object(Config\Paths))
13 SYSTEMPATH\rewrite.php(44): require_once('C:\\Users\\lenovo\\Downloads\\Projectmagang_antigravity\\public\\index.php')
CRITICAL - 2026-07-26 06:10:31 --> CodeIgniter\Database\Exceptions\DatabaseException: Unknown column 'p.id_permohonan_magang' in 'on clause'
[Method: GET, Route: kabid/logbook]
in SYSTEMPATH\Database\BaseConnection.php on line 863.
 1 SYSTEMPATH\Database\BaseBuilder.php(1647): CodeIgniter\Database\BaseConnection->query('SELECT `p`.`id_penempatan_magang`, `m`.`nama_mahasiswa`, `m`.`nim`, `ip`.`instansi_pendidikan`, `pr`.`prodi`, `pm`.`tgl_mulai`, `pm`.`tgl_selesai`
FROM `t_penempatan_magang` `p`
JOIN `t_permohonan_magang` `pm` ON `pm`.`id_permohonan_magang` = `p`.`id_permohonan_magang`
JOIN `m_mahasiswa` `m` ON `m`.`id_mahasiswa` = `pm`.`id_mahasiswa`
JOIN `t_instansi_mahasiswa` `im` ON `im`.`id_instansi_mahasiswa` = `pm`.`id_instansi_mahasiswa`
JOIN `m_instansi_pendidikan` `ip` ON `ip`.`id_instansi_pendidikan` = `im`.`id_instansi_pendidikan`
JOIN `m_prodi` `pr` ON `pr`.`id_prodi` = `im`.`id_prodi`
WHERE `p`.`id_bidang` = :p.id_bidang:
AND `p`.`status_penempatan` = :p.status_penempatan:', [...], false)
 2 APPPATH\Models\Kabid\M_LogbookKabid.php(24): CodeIgniter\Database\BaseBuilder->get()
 3 APPPATH\Controllers\Kabid\C_LogbookKabid.php(23): App\Models\Kabid\M_LogbookKabid->getActiveMahasiswa('5')
 4 SYSTEMPATH\CodeIgniter.php(974): App\Controllers\Kabid\C_LogbookKabid->index()
 5 SYSTEMPATH\CodeIgniter.php(520): CodeIgniter\CodeIgniter->runController(Object(App\Controllers\Kabid\C_LogbookKabid))
 6 SYSTEMPATH\CodeIgniter.php(363): CodeIgniter\CodeIgniter->handleRequest(null, Object(Config\Cache), false)
 7 SYSTEMPATH\Boot.php(417): CodeIgniter\CodeIgniter->run()
 8 SYSTEMPATH\Boot.php(68): CodeIgniter\Boot::runCodeIgniter(Object(CodeIgniter\CodeIgniter))
 9 FCPATH\index.php(59): CodeIgniter\Boot::bootWeb(Object(Config\Paths))
10 SYSTEMPATH\rewrite.php(44): require_once('C:\\Users\\lenovo\\Downloads\\Projectmagang_antigravity\\public\\index.php')
CRITICAL - 2026-07-26 06:10:31 --> [Caused by] CodeIgniter\Database\Exceptions\DatabaseException: Unknown column 'p.id_permohonan_magang' in 'on clause'
in SYSTEMPATH\Database\MySQLi\Connection.php on line 310.
 1 SYSTEMPATH\Database\BaseConnection.php(908): CodeIgniter\Database\MySQLi\Connection->execute('SELECT `p`.`id_penempatan_magang`, `m`.`nama_mahasiswa`, `m`.`nim`, `ip`.`instansi_pendidikan`, `pr`.`prodi`, `pm`.`tgl_mulai`, `pm`.`tgl_selesai`
FROM `t_penempatan_magang` `p`
JOIN `t_permohonan_magang` `pm` ON `pm`.`id_permohonan_magang` = `p`.`id_permohonan_magang`
JOIN `m_mahasiswa` `m` ON `m`.`id_mahasiswa` = `pm`.`id_mahasiswa`
JOIN `t_instansi_mahasiswa` `im` ON `im`.`id_instansi_mahasiswa` = `pm`.`id_instansi_mahasiswa`
JOIN `m_instansi_pendidikan` `ip` ON `ip`.`id_instansi_pendidikan` = `im`.`id_instansi_pendidikan`
JOIN `m_prodi` `pr` ON `pr`.`id_prodi` = `im`.`id_prodi`
WHERE `p`.`id_bidang` = \'5\'
AND `p`.`status_penempatan` = \'BERJALAN\'')
 2 SYSTEMPATH\Database\BaseConnection.php(825): CodeIgniter\Database\BaseConnection->simpleQuery('SELECT `p`.`id_penempatan_magang`, `m`.`nama_mahasiswa`, `m`.`nim`, `ip`.`instansi_pendidikan`, `pr`.`prodi`, `pm`.`tgl_mulai`, `pm`.`tgl_selesai`
FROM `t_penempatan_magang` `p`
JOIN `t_permohonan_magang` `pm` ON `pm`.`id_permohonan_magang` = `p`.`id_permohonan_magang`
JOIN `m_mahasiswa` `m` ON `m`.`id_mahasiswa` = `pm`.`id_mahasiswa`
JOIN `t_instansi_mahasiswa` `im` ON `im`.`id_instansi_mahasiswa` = `pm`.`id_instansi_mahasiswa`
JOIN `m_instansi_pendidikan` `ip` ON `ip`.`id_instansi_pendidikan` = `im`.`id_instansi_pendidikan`
JOIN `m_prodi` `pr` ON `pr`.`id_prodi` = `im`.`id_prodi`
WHERE `p`.`id_bidang` = \'5\'
AND `p`.`status_penempatan` = \'BERJALAN\'')
 3 SYSTEMPATH\Database\BaseBuilder.php(1647): CodeIgniter\Database\BaseConnection->query('SELECT `p`.`id_penempatan_magang`, `m`.`nama_mahasiswa`, `m`.`nim`, `ip`.`instansi_pendidikan`, `pr`.`prodi`, `pm`.`tgl_mulai`, `pm`.`tgl_selesai`
FROM `t_penempatan_magang` `p`
JOIN `t_permohonan_magang` `pm` ON `pm`.`id_permohonan_magang` = `p`.`id_permohonan_magang`
JOIN `m_mahasiswa` `m` ON `m`.`id_mahasiswa` = `pm`.`id_mahasiswa`
JOIN `t_instansi_mahasiswa` `im` ON `im`.`id_instansi_mahasiswa` = `pm`.`id_instansi_mahasiswa`
JOIN `m_instansi_pendidikan` `ip` ON `ip`.`id_instansi_pendidikan` = `im`.`id_instansi_pendidikan`
JOIN `m_prodi` `pr` ON `pr`.`id_prodi` = `im`.`id_prodi`
WHERE `p`.`id_bidang` = :p.id_bidang:
AND `p`.`status_penempatan` = :p.status_penempatan:', [...], false)
 4 APPPATH\Models\Kabid\M_LogbookKabid.php(24): CodeIgniter\Database\BaseBuilder->get()
 5 APPPATH\Controllers\Kabid\C_LogbookKabid.php(23): App\Models\Kabid\M_LogbookKabid->getActiveMahasiswa('5')
 6 SYSTEMPATH\CodeIgniter.php(974): App\Controllers\Kabid\C_LogbookKabid->index()
 7 SYSTEMPATH\CodeIgniter.php(520): CodeIgniter\CodeIgniter->runController(Object(App\Controllers\Kabid\C_LogbookKabid))
 8 SYSTEMPATH\CodeIgniter.php(363): CodeIgniter\CodeIgniter->handleRequest(null, Object(Config\Cache), false)
 9 SYSTEMPATH\Boot.php(417): CodeIgniter\CodeIgniter->run()
10 SYSTEMPATH\Boot.php(68): CodeIgniter\Boot::runCodeIgniter(Object(CodeIgniter\CodeIgniter))
11 FCPATH\index.php(59): CodeIgniter\Boot::bootWeb(Object(Config\Paths))
12 SYSTEMPATH\rewrite.php(44): require_once('C:\\Users\\lenovo\\Downloads\\Projectmagang_antigravity\\public\\index.php')
CRITICAL - 2026-07-26 06:10:31 --> [Caused by] mysqli_sql_exception: Unknown column 'p.id_permohonan_magang' in 'on clause'
in SYSTEMPATH\Database\MySQLi\Connection.php on line 300.
 1 SYSTEMPATH\Database\MySQLi\Connection.php(300): mysqli->query('SELECT `p`.`id_penempatan_magang`, `m`.`nama_mahasiswa`, `m`.`nim`, `ip`.`instansi_pendidikan`, `pr`.`prodi`, `pm`.`tgl_mulai`, `pm`.`tgl_selesai`
FROM `t_penempatan_magang` `p`
JOIN `t_permohonan_magang` `pm` ON `pm`.`id_permohonan_magang` = `p`.`id_permohonan_magang`
JOIN `m_mahasiswa` `m` ON `m`.`id_mahasiswa` = `pm`.`id_mahasiswa`
JOIN `t_instansi_mahasiswa` `im` ON `im`.`id_instansi_mahasiswa` = `pm`.`id_instansi_mahasiswa`
JOIN `m_instansi_pendidikan` `ip` ON `ip`.`id_instansi_pendidikan` = `im`.`id_instansi_pendidikan`
JOIN `m_prodi` `pr` ON `pr`.`id_prodi` = `im`.`id_prodi`
WHERE `p`.`id_bidang` = \'5\'
AND `p`.`status_penempatan` = \'BERJALAN\'', 0)
 2 SYSTEMPATH\Database\BaseConnection.php(908): CodeIgniter\Database\MySQLi\Connection->execute('SELECT `p`.`id_penempatan_magang`, `m`.`nama_mahasiswa`, `m`.`nim`, `ip`.`instansi_pendidikan`, `pr`.`prodi`, `pm`.`tgl_mulai`, `pm`.`tgl_selesai`
FROM `t_penempatan_magang` `p`
JOIN `t_permohonan_magang` `pm` ON `pm`.`id_permohonan_magang` = `p`.`id_permohonan_magang`
JOIN `m_mahasiswa` `m` ON `m`.`id_mahasiswa` = `pm`.`id_mahasiswa`
JOIN `t_instansi_mahasiswa` `im` ON `im`.`id_instansi_mahasiswa` = `pm`.`id_instansi_mahasiswa`
JOIN `m_instansi_pendidikan` `ip` ON `ip`.`id_instansi_pendidikan` = `im`.`id_instansi_pendidikan`
JOIN `m_prodi` `pr` ON `pr`.`id_prodi` = `im`.`id_prodi`
WHERE `p`.`id_bidang` = \'5\'
AND `p`.`status_penempatan` = \'BERJALAN\'')
 3 SYSTEMPATH\Database\BaseConnection.php(825): CodeIgniter\Database\BaseConnection->simpleQuery('SELECT `p`.`id_penempatan_magang`, `m`.`nama_mahasiswa`, `m`.`nim`, `ip`.`instansi_pendidikan`, `pr`.`prodi`, `pm`.`tgl_mulai`, `pm`.`tgl_selesai`
FROM `t_penempatan_magang` `p`
JOIN `t_permohonan_magang` `pm` ON `pm`.`id_permohonan_magang` = `p`.`id_permohonan_magang`
JOIN `m_mahasiswa` `m` ON `m`.`id_mahasiswa` = `pm`.`id_mahasiswa`
JOIN `t_instansi_mahasiswa` `im` ON `im`.`id_instansi_mahasiswa` = `pm`.`id_instansi_mahasiswa`
JOIN `m_instansi_pendidikan` `ip` ON `ip`.`id_instansi_pendidikan` = `im`.`id_instansi_pendidikan`
JOIN `m_prodi` `pr` ON `pr`.`id_prodi` = `im`.`id_prodi`
WHERE `p`.`id_bidang` = \'5\'
AND `p`.`status_penempatan` = \'BERJALAN\'')
 4 SYSTEMPATH\Database\BaseBuilder.php(1647): CodeIgniter\Database\BaseConnection->query('SELECT `p`.`id_penempatan_magang`, `m`.`nama_mahasiswa`, `m`.`nim`, `ip`.`instansi_pendidikan`, `pr`.`prodi`, `pm`.`tgl_mulai`, `pm`.`tgl_selesai`
FROM `t_penempatan_magang` `p`
JOIN `t_permohonan_magang` `pm` ON `pm`.`id_permohonan_magang` = `p`.`id_permohonan_magang`
JOIN `m_mahasiswa` `m` ON `m`.`id_mahasiswa` = `pm`.`id_mahasiswa`
JOIN `t_instansi_mahasiswa` `im` ON `im`.`id_instansi_mahasiswa` = `pm`.`id_instansi_mahasiswa`
JOIN `m_instansi_pendidikan` `ip` ON `ip`.`id_instansi_pendidikan` = `im`.`id_instansi_pendidikan`
JOIN `m_prodi` `pr` ON `pr`.`id_prodi` = `im`.`id_prodi`
WHERE `p`.`id_bidang` = :p.id_bidang:
AND `p`.`status_penempatan` = :p.status_penempatan:', [...], false)
 5 APPPATH\Models\Kabid\M_LogbookKabid.php(24): CodeIgniter\Database\BaseBuilder->get()
 6 APPPATH\Controllers\Kabid\C_LogbookKabid.php(23): App\Models\Kabid\M_LogbookKabid->getActiveMahasiswa('5')
 7 SYSTEMPATH\CodeIgniter.php(974): App\Controllers\Kabid\C_LogbookKabid->index()
 8 SYSTEMPATH\CodeIgniter.php(520): CodeIgniter\CodeIgniter->runController(Object(App\Controllers\Kabid\C_LogbookKabid))
 9 SYSTEMPATH\CodeIgniter.php(363): CodeIgniter\CodeIgniter->handleRequest(null, Object(Config\Cache), false)
10 SYSTEMPATH\Boot.php(417): CodeIgniter\CodeIgniter->run()
11 SYSTEMPATH\Boot.php(68): CodeIgniter\Boot::runCodeIgniter(Object(CodeIgniter\CodeIgniter))
12 FCPATH\index.php(59): CodeIgniter\Boot::bootWeb(Object(Config\Paths))
13 SYSTEMPATH\rewrite.php(44): require_once('C:\\Users\\lenovo\\Downloads\\Projectmagang_antigravity\\public\\index.php')
DEBUG - 2026-07-26 06:10:38 --> Session: Class initialized using 'CodeIgniter\Session\Handlers\FileHandler' driver.
ERROR - 2026-07-26 06:10:38 --> Unknown column 'p.id_permohonan_magang' in 'on clause'
in SYSTEMPATH\Database\MySQLi\Connection.php on line 300.
 1 SYSTEMPATH\Database\MySQLi\Connection.php(300): mysqli->query('SELECT `p`.`id_penempatan_magang`, `m`.`nama_mahasiswa`, `m`.`nim`, `ip`.`instansi_pendidikan`, `pr`.`prodi`, `pm`.`tgl_mulai`, `pm`.`tgl_selesai`
FROM `t_penempatan_magang` `p`
JOIN `t_permohonan_magang` `pm` ON `pm`.`id_permohonan_magang` = `p`.`id_permohonan_magang`
JOIN `m_mahasiswa` `m` ON `m`.`id_mahasiswa` = `pm`.`id_mahasiswa`
JOIN `t_instansi_mahasiswa` `im` ON `im`.`id_instansi_mahasiswa` = `pm`.`id_instansi_mahasiswa`
JOIN `m_instansi_pendidikan` `ip` ON `ip`.`id_instansi_pendidikan` = `im`.`id_instansi_pendidikan`
JOIN `m_prodi` `pr` ON `pr`.`id_prodi` = `im`.`id_prodi`
WHERE `p`.`id_bidang` = \'5\'
AND `p`.`status_penempatan` = \'BERJALAN\'', 0)
 2 SYSTEMPATH\Database\BaseConnection.php(908): CodeIgniter\Database\MySQLi\Connection->execute('SELECT `p`.`id_penempatan_magang`, `m`.`nama_mahasiswa`, `m`.`nim`, `ip`.`instansi_pendidikan`, `pr`.`prodi`, `pm`.`tgl_mulai`, `pm`.`tgl_selesai`
FROM `t_penempatan_magang` `p`
JOIN `t_permohonan_magang` `pm` ON `pm`.`id_permohonan_magang` = `p`.`id_permohonan_magang`
JOIN `m_mahasiswa` `m` ON `m`.`id_mahasiswa` = `pm`.`id_mahasiswa`
JOIN `t_instansi_mahasiswa` `im` ON `im`.`id_instansi_mahasiswa` = `pm`.`id_instansi_mahasiswa`
JOIN `m_instansi_pendidikan` `ip` ON `ip`.`id_instansi_pendidikan` = `im`.`id_instansi_pendidikan`
JOIN `m_prodi` `pr` ON `pr`.`id_prodi` = `im`.`id_prodi`
WHERE `p`.`id_bidang` = \'5\'
AND `p`.`status_penempatan` = \'BERJALAN\'')
 3 SYSTEMPATH\Database\BaseConnection.php(825): CodeIgniter\Database\BaseConnection->simpleQuery('SELECT `p`.`id_penempatan_magang`, `m`.`nama_mahasiswa`, `m`.`nim`, `ip`.`instansi_pendidikan`, `pr`.`prodi`, `pm`.`tgl_mulai`, `pm`.`tgl_selesai`
FROM `t_penempatan_magang` `p`
JOIN `t_permohonan_magang` `pm` ON `pm`.`id_permohonan_magang` = `p`.`id_permohonan_magang`
JOIN `m_mahasiswa` `m` ON `m`.`id_mahasiswa` = `pm`.`id_mahasiswa`
JOIN `t_instansi_mahasiswa` `im` ON `im`.`id_instansi_mahasiswa` = `pm`.`id_instansi_mahasiswa`
JOIN `m_instansi_pendidikan` `ip` ON `ip`.`id_instansi_pendidikan` = `im`.`id_instansi_pendidikan`
JOIN `m_prodi` `pr` ON `pr`.`id_prodi` = `im`.`id_prodi`
WHERE `p`.`id_bidang` = \'5\'
AND `p`.`status_penempatan` = \'BERJALAN\'')
 4 SYSTEMPATH\Database\BaseBuilder.php(1647): CodeIgniter\Database\BaseConnection->query('SELECT `p`.`id_penempatan_magang`, `m`.`nama_mahasiswa`, `m`.`nim`, `ip`.`instansi_pendidikan`, `pr`.`prodi`, `pm`.`tgl_mulai`, `pm`.`tgl_selesai`
FROM `t_penempatan_magang` `p`
JOIN `t_permohonan_magang` `pm` ON `pm`.`id_permohonan_magang` = `p`.`id_permohonan_magang`
JOIN `m_mahasiswa` `m` ON `m`.`id_mahasiswa` = `pm`.`id_mahasiswa`
JOIN `t_instansi_mahasiswa` `im` ON `im`.`id_instansi_mahasiswa` = `pm`.`id_instansi_mahasiswa`
JOIN `m_instansi_pendidikan` `ip` ON `ip`.`id_instansi_pendidikan` = `im`.`id_instansi_pendidikan`
JOIN `m_prodi` `pr` ON `pr`.`id_prodi` = `im`.`id_prodi`
WHERE `p`.`id_bidang` = :p.id_bidang:
AND `p`.`status_penempatan` = :p.status_penempatan:', [...], false)
 5 APPPATH\Models\Kabid\M_LogbookKabid.php(24): CodeIgniter\Database\BaseBuilder->get()
 6 APPPATH\Controllers\Kabid\C_LogbookKabid.php(23): App\Models\Kabid\M_LogbookKabid->getActiveMahasiswa('5')
 7 SYSTEMPATH\CodeIgniter.php(974): App\Controllers\Kabid\C_LogbookKabid->index()
 8 SYSTEMPATH\CodeIgniter.php(520): CodeIgniter\CodeIgniter->runController(Object(App\Controllers\Kabid\C_LogbookKabid))
 9 SYSTEMPATH\CodeIgniter.php(363): CodeIgniter\CodeIgniter->handleRequest(null, Object(Config\Cache), false)
10 SYSTEMPATH\Boot.php(417): CodeIgniter\CodeIgniter->run()
11 SYSTEMPATH\Boot.php(68): CodeIgniter\Boot::runCodeIgniter(Object(CodeIgniter\CodeIgniter))
12 FCPATH\index.php(59): CodeIgniter\Boot::bootWeb(Object(Config\Paths))
13 SYSTEMPATH\rewrite.php(44): require_once('C:\\Users\\lenovo\\Downloads\\Projectmagang_antigravity\\public\\index.php')
CRITICAL - 2026-07-26 06:10:38 --> CodeIgniter\Database\Exceptions\DatabaseException: Unknown column 'p.id_permohonan_magang' in 'on clause'
[Method: GET, Route: kabid/logbook]
in SYSTEMPATH\Database\BaseConnection.php on line 863.
 1 SYSTEMPATH\Database\BaseBuilder.php(1647): CodeIgniter\Database\BaseConnection->query('SELECT `p`.`id_penempatan_magang`, `m`.`nama_mahasiswa`, `m`.`nim`, `ip`.`instansi_pendidikan`, `pr`.`prodi`, `pm`.`tgl_mulai`, `pm`.`tgl_selesai`
FROM `t_penempatan_magang` `p`
JOIN `t_permohonan_magang` `pm` ON `pm`.`id_permohonan_magang` = `p`.`id_permohonan_magang`
JOIN `m_mahasiswa` `m` ON `m`.`id_mahasiswa` = `pm`.`id_mahasiswa`
JOIN `t_instansi_mahasiswa` `im` ON `im`.`id_instansi_mahasiswa` = `pm`.`id_instansi_mahasiswa`
JOIN `m_instansi_pendidikan` `ip` ON `ip`.`id_instansi_pendidikan` = `im`.`id_instansi_pendidikan`
JOIN `m_prodi` `pr` ON `pr`.`id_prodi` = `im`.`id_prodi`
WHERE `p`.`id_bidang` = :p.id_bidang:
AND `p`.`status_penempatan` = :p.status_penempatan:', [...], false)
 2 APPPATH\Models\Kabid\M_LogbookKabid.php(24): CodeIgniter\Database\BaseBuilder->get()
 3 APPPATH\Controllers\Kabid\C_LogbookKabid.php(23): App\Models\Kabid\M_LogbookKabid->getActiveMahasiswa('5')
 4 SYSTEMPATH\CodeIgniter.php(974): App\Controllers\Kabid\C_LogbookKabid->index()
 5 SYSTEMPATH\CodeIgniter.php(520): CodeIgniter\CodeIgniter->runController(Object(App\Controllers\Kabid\C_LogbookKabid))
 6 SYSTEMPATH\CodeIgniter.php(363): CodeIgniter\CodeIgniter->handleRequest(null, Object(Config\Cache), false)
 7 SYSTEMPATH\Boot.php(417): CodeIgniter\CodeIgniter->run()
 8 SYSTEMPATH\Boot.php(68): CodeIgniter\Boot::runCodeIgniter(Object(CodeIgniter\CodeIgniter))
 9 FCPATH\index.php(59): CodeIgniter\Boot::bootWeb(Object(Config\Paths))
10 SYSTEMPATH\rewrite.php(44): require_once('C:\\Users\\lenovo\\Downloads\\Projectmagang_antigravity\\public\\index.php')
CRITICAL - 2026-07-26 06:10:38 --> [Caused by] CodeIgniter\Database\Exceptions\DatabaseException: Unknown column 'p.id_permohonan_magang' in 'on clause'
in SYSTEMPATH\Database\MySQLi\Connection.php on line 310.
 1 SYSTEMPATH\Database\BaseConnection.php(908): CodeIgniter\Database\MySQLi\Connection->execute('SELECT `p`.`id_penempatan_magang`, `m`.`nama_mahasiswa`, `m`.`nim`, `ip`.`instansi_pendidikan`, `pr`.`prodi`, `pm`.`tgl_mulai`, `pm`.`tgl_selesai`
FROM `t_penempatan_magang` `p`
JOIN `t_permohonan_magang` `pm` ON `pm`.`id_permohonan_magang` = `p`.`id_permohonan_magang`
JOIN `m_mahasiswa` `m` ON `m`.`id_mahasiswa` = `pm`.`id_mahasiswa`
JOIN `t_instansi_mahasiswa` `im` ON `im`.`id_instansi_mahasiswa` = `pm`.`id_instansi_mahasiswa`
JOIN `m_instansi_pendidikan` `ip` ON `ip`.`id_instansi_pendidikan` = `im`.`id_instansi_pendidikan`
JOIN `m_prodi` `pr` ON `pr`.`id_prodi` = `im`.`id_prodi`
WHERE `p`.`id_bidang` = \'5\'
AND `p`.`status_penempatan` = \'BERJALAN\'')
 2 SYSTEMPATH\Database\BaseConnection.php(825): CodeIgniter\Database\BaseConnection->simpleQuery('SELECT `p`.`id_penempatan_magang`, `m`.`nama_mahasiswa`, `m`.`nim`, `ip`.`instansi_pendidikan`, `pr`.`prodi`, `pm`.`tgl_mulai`, `pm`.`tgl_selesai`
FROM `t_penempatan_magang` `p`
JOIN `t_permohonan_magang` `pm` ON `pm`.`id_permohonan_magang` = `p`.`id_permohonan_magang`
JOIN `m_mahasiswa` `m` ON `m`.`id_mahasiswa` = `pm`.`id_mahasiswa`
JOIN `t_instansi_mahasiswa` `im` ON `im`.`id_instansi_mahasiswa` = `pm`.`id_instansi_mahasiswa`
JOIN `m_instansi_pendidikan` `ip` ON `ip`.`id_instansi_pendidikan` = `im`.`id_instansi_pendidikan`
JOIN `m_prodi` `pr` ON `pr`.`id_prodi` = `im`.`id_prodi`
WHERE `p`.`id_bidang` = \'5\'
AND `p`.`status_penempatan` = \'BERJALAN\'')
 3 SYSTEMPATH\Database\BaseBuilder.php(1647): CodeIgniter\Database\BaseConnection->query('SELECT `p`.`id_penempatan_magang`, `m`.`nama_mahasiswa`, `m`.`nim`, `ip`.`instansi_pendidikan`, `pr`.`prodi`, `pm`.`tgl_mulai`, `pm`.`tgl_selesai`
FROM `t_penempatan_magang` `p`
JOIN `t_permohonan_magang` `pm` ON `pm`.`id_permohonan_magang` = `p`.`id_permohonan_magang`
JOIN `m_mahasiswa` `m` ON `m`.`id_mahasiswa` = `pm`.`id_mahasiswa`
JOIN `t_instansi_mahasiswa` `im` ON `im`.`id_instansi_mahasiswa` = `pm`.`id_instansi_mahasiswa`
JOIN `m_instansi_pendidikan` `ip` ON `ip`.`id_instansi_pendidikan` = `im`.`id_instansi_pendidikan`
JOIN `m_prodi` `pr` ON `pr`.`id_prodi` = `im`.`id_prodi`
WHERE `p`.`id_bidang` = :p.id_bidang:
AND `p`.`status_penempatan` = :p.status_penempatan:', [...], false)
 4 APPPATH\Models\Kabid\M_LogbookKabid.php(24): CodeIgniter\Database\BaseBuilder->get()
 5 APPPATH\Controllers\Kabid\C_LogbookKabid.php(23): App\Models\Kabid\M_LogbookKabid->getActiveMahasiswa('5')
 6 SYSTEMPATH\CodeIgniter.php(974): App\Controllers\Kabid\C_LogbookKabid->index()
 7 SYSTEMPATH\CodeIgniter.php(520): CodeIgniter\CodeIgniter->runController(Object(App\Controllers\Kabid\C_LogbookKabid))
 8 SYSTEMPATH\CodeIgniter.php(363): CodeIgniter\CodeIgniter->handleRequest(null, Object(Config\Cache), false)
 9 SYSTEMPATH\Boot.php(417): CodeIgniter\CodeIgniter->run()
10 SYSTEMPATH\Boot.php(68): CodeIgniter\Boot::runCodeIgniter(Object(CodeIgniter\CodeIgniter))
11 FCPATH\index.php(59): CodeIgniter\Boot::bootWeb(Object(Config\Paths))
12 SYSTEMPATH\rewrite.php(44): require_once('C:\\Users\\lenovo\\Downloads\\Projectmagang_antigravity\\public\\index.php')
CRITICAL - 2026-07-26 06:10:38 --> [Caused by] mysqli_sql_exception: Unknown column 'p.id_permohonan_magang' in 'on clause'
in SYSTEMPATH\Database\MySQLi\Connection.php on line 300.
 1 SYSTEMPATH\Database\MySQLi\Connection.php(300): mysqli->query('SELECT `p`.`id_penempatan_magang`, `m`.`nama_mahasiswa`, `m`.`nim`, `ip`.`instansi_pendidikan`, `pr`.`prodi`, `pm`.`tgl_mulai`, `pm`.`tgl_selesai`
FROM `t_penempatan_magang` `p`
JOIN `t_permohonan_magang` `pm` ON `pm`.`id_permohonan_magang` = `p`.`id_permohonan_magang`
JOIN `m_mahasiswa` `m` ON `m`.`id_mahasiswa` = `pm`.`id_mahasiswa`
JOIN `t_instansi_mahasiswa` `im` ON `im`.`id_instansi_mahasiswa` = `pm`.`id_instansi_mahasiswa`
JOIN `m_instansi_pendidikan` `ip` ON `ip`.`id_instansi_pendidikan` = `im`.`id_instansi_pendidikan`
JOIN `m_prodi` `pr` ON `pr`.`id_prodi` = `im`.`id_prodi`
WHERE `p`.`id_bidang` = \'5\'
AND `p`.`status_penempatan` = \'BERJALAN\'', 0)
 2 SYSTEMPATH\Database\BaseConnection.php(908): CodeIgniter\Database\MySQLi\Connection->execute('SELECT `p`.`id_penempatan_magang`, `m`.`nama_mahasiswa`, `m`.`nim`, `ip`.`instansi_pendidikan`, `pr`.`prodi`, `pm`.`tgl_mulai`, `pm`.`tgl_selesai`
FROM `t_penempatan_magang` `p`
JOIN `t_permohonan_magang` `pm` ON `pm`.`id_permohonan_magang` = `p`.`id_permohonan_magang`
JOIN `m_mahasiswa` `m` ON `m`.`id_mahasiswa` = `pm`.`id_mahasiswa`
JOIN `t_instansi_mahasiswa` `im` ON `im`.`id_instansi_mahasiswa` = `pm`.`id_instansi_mahasiswa`
JOIN `m_instansi_pendidikan` `ip` ON `ip`.`id_instansi_pendidikan` = `im`.`id_instansi_pendidikan`
JOIN `m_prodi` `pr` ON `pr`.`id_prodi` = `im`.`id_prodi`
WHERE `p`.`id_bidang` = \'5\'
AND `p`.`status_penempatan` = \'BERJALAN\'')
 3 SYSTEMPATH\Database\BaseConnection.php(825): CodeIgniter\Database\BaseConnection->simpleQuery('SELECT `p`.`id_penempatan_magang`, `m`.`nama_mahasiswa`, `m`.`nim`, `ip`.`instansi_pendidikan`, `pr`.`prodi`, `pm`.`tgl_mulai`, `pm`.`tgl_selesai`
FROM `t_penempatan_magang` `p`
JOIN `t_permohonan_magang` `pm` ON `pm`.`id_permohonan_magang` = `p`.`id_permohonan_magang`
JOIN `m_mahasiswa` `m` ON `m`.`id_mahasiswa` = `pm`.`id_mahasiswa`
JOIN `t_instansi_mahasiswa` `im` ON `im`.`id_instansi_mahasiswa` = `pm`.`id_instansi_mahasiswa`
JOIN `m_instansi_pendidikan` `ip` ON `ip`.`id_instansi_pendidikan` = `im`.`id_instansi_pendidikan`
JOIN `m_prodi` `pr` ON `pr`.`id_prodi` = `im`.`id_prodi`
WHERE `p`.`id_bidang` = \'5\'
AND `p`.`status_penempatan` = \'BERJALAN\'')
 4 SYSTEMPATH\Database\BaseBuilder.php(1647): CodeIgniter\Database\BaseConnection->query('SELECT `p`.`id_penempatan_magang`, `m`.`nama_mahasiswa`, `m`.`nim`, `ip`.`instansi_pendidikan`, `pr`.`prodi`, `pm`.`tgl_mulai`, `pm`.`tgl_selesai`
FROM `t_penempatan_magang` `p`
JOIN `t_permohonan_magang` `pm` ON `pm`.`id_permohonan_magang` = `p`.`id_permohonan_magang`
JOIN `m_mahasiswa` `m` ON `m`.`id_mahasiswa` = `pm`.`id_mahasiswa`
JOIN `t_instansi_mahasiswa` `im` ON `im`.`id_instansi_mahasiswa` = `pm`.`id_instansi_mahasiswa`
JOIN `m_instansi_pendidikan` `ip` ON `ip`.`id_instansi_pendidikan` = `im`.`id_instansi_pendidikan`
JOIN `m_prodi` `pr` ON `pr`.`id_prodi` = `im`.`id_prodi`
WHERE `p`.`id_bidang` = :p.id_bidang:
AND `p`.`status_penempatan` = :p.status_penempatan:', [...], false)
 5 APPPATH\Models\Kabid\M_LogbookKabid.php(24): CodeIgniter\Database\BaseBuilder->get()
 6 APPPATH\Controllers\Kabid\C_LogbookKabid.php(23): App\Models\Kabid\M_LogbookKabid->getActiveMahasiswa('5')
 7 SYSTEMPATH\CodeIgniter.php(974): App\Controllers\Kabid\C_LogbookKabid->index()
 8 SYSTEMPATH\CodeIgniter.php(520): CodeIgniter\CodeIgniter->runController(Object(App\Controllers\Kabid\C_LogbookKabid))
 9 SYSTEMPATH\CodeIgniter.php(363): CodeIgniter\CodeIgniter->handleRequest(null, Object(Config\Cache), false)
10 SYSTEMPATH\Boot.php(417): CodeIgniter\CodeIgniter->run()
11 SYSTEMPATH\Boot.php(68): CodeIgniter\Boot::runCodeIgniter(Object(CodeIgniter\CodeIgniter))
12 FCPATH\index.php(59): CodeIgniter\Boot::bootWeb(Object(Config\Paths))
13 SYSTEMPATH\rewrite.php(44): require_once('C:\\Users\\lenovo\\Downloads\\Projectmagang_antigravity\\public\\index.php')
DEBUG - 2026-07-26 06:11:39 --> Session: Class initialized using 'CodeIgniter\Session\Handlers\FileHandler' driver.
DEBUG - 2026-07-26 06:12:07 --> Session: Class initialized using 'CodeIgniter\Session\Handlers\FileHandler' driver.
DEBUG - 2026-07-26 06:12:12 --> Session: Class initialized using 'CodeIgniter\Session\Handlers\FileHandler' driver.
DEBUG - 2026-07-26 06:12:15 --> Session: Class initialized using 'CodeIgniter\Session\Handlers\FileHandler' driver.
DEBUG - 2026-07-26 06:12:25 --> Session: Class initialized using 'CodeIgniter\Session\Handlers\FileHandler' driver.
ERROR - 2026-07-26 06:12:25 --> Unknown column 'updated_at' in 'field list'
in SYSTEMPATH\Database\MySQLi\Connection.php on line 300.
 1 SYSTEMPATH\Database\MySQLi\Connection.php(300): mysqli->query('UPDATE `t_logbook_magang` SET `disetujui_oleh` = \'5\', `tgl_disetujui` = \'2026-07-26 06:12:25\', `file_tanda_tangan` = NULL, `updated_by` = \'5\', `updated_at` = \'2026-07-26 06:12:25\'
WHERE `t_logbook_magang`.`id_logbook_magang` IN (\'1\')', 0)
 2 SYSTEMPATH\Database\BaseConnection.php(908): CodeIgniter\Database\MySQLi\Connection->execute('UPDATE `t_logbook_magang` SET `disetujui_oleh` = \'5\', `tgl_disetujui` = \'2026-07-26 06:12:25\', `file_tanda_tangan` = NULL, `updated_by` = \'5\', `updated_at` = \'2026-07-26 06:12:25\'
WHERE `t_logbook_magang`.`id_logbook_magang` IN (\'1\')')
 3 SYSTEMPATH\Database\BaseConnection.php(825): CodeIgniter\Database\BaseConnection->simpleQuery('UPDATE `t_logbook_magang` SET `disetujui_oleh` = \'5\', `tgl_disetujui` = \'2026-07-26 06:12:25\', `file_tanda_tangan` = NULL, `updated_by` = \'5\', `updated_at` = \'2026-07-26 06:12:25\'
WHERE `t_logbook_magang`.`id_logbook_magang` IN (\'1\')')
 4 SYSTEMPATH\Database\BaseBuilder.php(2519): CodeIgniter\Database\BaseConnection->query('UPDATE `t_logbook_magang` SET `disetujui_oleh` = :disetujui_oleh:, `tgl_disetujui` = :tgl_disetujui:, `file_tanda_tangan` = :file_tanda_tangan:, `updated_by` = :updated_by:, `updated_at` = :updated_at:
WHERE `t_logbook_magang`.`id_logbook_magang` IN :t_logbook_magang.id_logbook_magang:', [...], false)
 5 SYSTEMPATH\Model.php(408): CodeIgniter\Database\BaseBuilder->update()
 6 SYSTEMPATH\BaseModel.php(1074): CodeIgniter\Model->doUpdate([...], [...])
 7 SYSTEMPATH\Model.php(711): CodeIgniter\BaseModel->update([...], [...])
 8 APPPATH\Controllers\Kabid\C_LogbookKabid.php(64): CodeIgniter\Model->update('1', [...])
 9 SYSTEMPATH\CodeIgniter.php(974): App\Controllers\Kabid\C_LogbookKabid->approve()
10 SYSTEMPATH\CodeIgniter.php(520): CodeIgniter\CodeIgniter->runController(Object(App\Controllers\Kabid\C_LogbookKabid))
11 SYSTEMPATH\CodeIgniter.php(363): CodeIgniter\CodeIgniter->handleRequest(null, Object(Config\Cache), false)
12 SYSTEMPATH\Boot.php(417): CodeIgniter\CodeIgniter->run()
13 SYSTEMPATH\Boot.php(68): CodeIgniter\Boot::runCodeIgniter(Object(CodeIgniter\CodeIgniter))
14 FCPATH\index.php(59): CodeIgniter\Boot::bootWeb(Object(Config\Paths))
15 SYSTEMPATH\rewrite.php(44): require_once('C:\\Users\\lenovo\\Downloads\\Projectmagang_antigravity\\public\\index.php')
CRITICAL - 2026-07-26 06:12:25 --> CodeIgniter\Database\Exceptions\DatabaseException: Unknown column 'updated_at' in 'field list'
[Method: POST, Route: kabid/logbook/approve]
in SYSTEMPATH\Database\BaseConnection.php on line 863.
 1 SYSTEMPATH\Database\BaseBuilder.php(2519): CodeIgniter\Database\BaseConnection->query('UPDATE `t_logbook_magang` SET `disetujui_oleh` = :disetujui_oleh:, `tgl_disetujui` = :tgl_disetujui:, `file_tanda_tangan` = :file_tanda_tangan:, `updated_by` = :updated_by:, `updated_at` = :updated_at:
WHERE `t_logbook_magang`.`id_logbook_magang` IN :t_logbook_magang.id_logbook_magang:', [...], false)
 2 SYSTEMPATH\Model.php(408): CodeIgniter\Database\BaseBuilder->update()
 3 SYSTEMPATH\BaseModel.php(1074): CodeIgniter\Model->doUpdate([...], [...])
 4 SYSTEMPATH\Model.php(711): CodeIgniter\BaseModel->update([...], [...])
 5 APPPATH\Controllers\Kabid\C_LogbookKabid.php(64): CodeIgniter\Model->update('1', [...])
 6 SYSTEMPATH\CodeIgniter.php(974): App\Controllers\Kabid\C_LogbookKabid->approve()
 7 SYSTEMPATH\CodeIgniter.php(520): CodeIgniter\CodeIgniter->runController(Object(App\Controllers\Kabid\C_LogbookKabid))
 8 SYSTEMPATH\CodeIgniter.php(363): CodeIgniter\CodeIgniter->handleRequest(null, Object(Config\Cache), false)
 9 SYSTEMPATH\Boot.php(417): CodeIgniter\CodeIgniter->run()
10 SYSTEMPATH\Boot.php(68): CodeIgniter\Boot::runCodeIgniter(Object(CodeIgniter\CodeIgniter))
11 FCPATH\index.php(59): CodeIgniter\Boot::bootWeb(Object(Config\Paths))
12 SYSTEMPATH\rewrite.php(44): require_once('C:\\Users\\lenovo\\Downloads\\Projectmagang_antigravity\\public\\index.php')
CRITICAL - 2026-07-26 06:12:25 --> [Caused by] CodeIgniter\Database\Exceptions\DatabaseException: Unknown column 'updated_at' in 'field list'
in SYSTEMPATH\Database\MySQLi\Connection.php on line 310.
 1 SYSTEMPATH\Database\BaseConnection.php(908): CodeIgniter\Database\MySQLi\Connection->execute('UPDATE `t_logbook_magang` SET `disetujui_oleh` = \'5\', `tgl_disetujui` = \'2026-07-26 06:12:25\', `file_tanda_tangan` = NULL, `updated_by` = \'5\', `updated_at` = \'2026-07-26 06:12:25\'
WHERE `t_logbook_magang`.`id_logbook_magang` IN (\'1\')')
 2 SYSTEMPATH\Database\BaseConnection.php(825): CodeIgniter\Database\BaseConnection->simpleQuery('UPDATE `t_logbook_magang` SET `disetujui_oleh` = \'5\', `tgl_disetujui` = \'2026-07-26 06:12:25\', `file_tanda_tangan` = NULL, `updated_by` = \'5\', `updated_at` = \'2026-07-26 06:12:25\'
WHERE `t_logbook_magang`.`id_logbook_magang` IN (\'1\')')
 3 SYSTEMPATH\Database\BaseBuilder.php(2519): CodeIgniter\Database\BaseConnection->query('UPDATE `t_logbook_magang` SET `disetujui_oleh` = :disetujui_oleh:, `tgl_disetujui` = :tgl_disetujui:, `file_tanda_tangan` = :file_tanda_tangan:, `updated_by` = :updated_by:, `updated_at` = :updated_at:
WHERE `t_logbook_magang`.`id_logbook_magang` IN :t_logbook_magang.id_logbook_magang:', [...], false)
 4 SYSTEMPATH\Model.php(408): CodeIgniter\Database\BaseBuilder->update()
 5 SYSTEMPATH\BaseModel.php(1074): CodeIgniter\Model->doUpdate([...], [...])
 6 SYSTEMPATH\Model.php(711): CodeIgniter\BaseModel->update([...], [...])
 7 APPPATH\Controllers\Kabid\C_LogbookKabid.php(64): CodeIgniter\Model->update('1', [...])
 8 SYSTEMPATH\CodeIgniter.php(974): App\Controllers\Kabid\C_LogbookKabid->approve()
 9 SYSTEMPATH\CodeIgniter.php(520): CodeIgniter\CodeIgniter->runController(Object(App\Controllers\Kabid\C_LogbookKabid))
10 SYSTEMPATH\CodeIgniter.php(363): CodeIgniter\CodeIgniter->handleRequest(null, Object(Config\Cache), false)
11 SYSTEMPATH\Boot.php(417): CodeIgniter\CodeIgniter->run()
12 SYSTEMPATH\Boot.php(68): CodeIgniter\Boot::runCodeIgniter(Object(CodeIgniter\CodeIgniter))
13 FCPATH\index.php(59): CodeIgniter\Boot::bootWeb(Object(Config\Paths))
14 SYSTEMPATH\rewrite.php(44): require_once('C:\\Users\\lenovo\\Downloads\\Projectmagang_antigravity\\public\\index.php')
CRITICAL - 2026-07-26 06:12:25 --> [Caused by] mysqli_sql_exception: Unknown column 'updated_at' in 'field list'
in SYSTEMPATH\Database\MySQLi\Connection.php on line 300.
 1 SYSTEMPATH\Database\MySQLi\Connection.php(300): mysqli->query('UPDATE `t_logbook_magang` SET `disetujui_oleh` = \'5\', `tgl_disetujui` = \'2026-07-26 06:12:25\', `file_tanda_tangan` = NULL, `updated_by` = \'5\', `updated_at` = \'2026-07-26 06:12:25\'
WHERE `t_logbook_magang`.`id_logbook_magang` IN (\'1\')', 0)
 2 SYSTEMPATH\Database\BaseConnection.php(908): CodeIgniter\Database\MySQLi\Connection->execute('UPDATE `t_logbook_magang` SET `disetujui_oleh` = \'5\', `tgl_disetujui` = \'2026-07-26 06:12:25\', `file_tanda_tangan` = NULL, `updated_by` = \'5\', `updated_at` = \'2026-07-26 06:12:25\'
WHERE `t_logbook_magang`.`id_logbook_magang` IN (\'1\')')
 3 SYSTEMPATH\Database\BaseConnection.php(825): CodeIgniter\Database\BaseConnection->simpleQuery('UPDATE `t_logbook_magang` SET `disetujui_oleh` = \'5\', `tgl_disetujui` = \'2026-07-26 06:12:25\', `file_tanda_tangan` = NULL, `updated_by` = \'5\', `updated_at` = \'2026-07-26 06:12:25\'
WHERE `t_logbook_magang`.`id_logbook_magang` IN (\'1\')')
 4 SYSTEMPATH\Database\BaseBuilder.php(2519): CodeIgniter\Database\BaseConnection->query('UPDATE `t_logbook_magang` SET `disetujui_oleh` = :disetujui_oleh:, `tgl_disetujui` = :tgl_disetujui:, `file_tanda_tangan` = :file_tanda_tangan:, `updated_by` = :updated_by:, `updated_at` = :updated_at:
WHERE `t_logbook_magang`.`id_logbook_magang` IN :t_logbook_magang.id_logbook_magang:', [...], false)
 5 SYSTEMPATH\Model.php(408): CodeIgniter\Database\BaseBuilder->update()
 6 SYSTEMPATH\BaseModel.php(1074): CodeIgniter\Model->doUpdate([...], [...])
 7 SYSTEMPATH\Model.php(711): CodeIgniter\BaseModel->update([...], [...])
 8 APPPATH\Controllers\Kabid\C_LogbookKabid.php(64): CodeIgniter\Model->update('1', [...])
 9 SYSTEMPATH\CodeIgniter.php(974): App\Controllers\Kabid\C_LogbookKabid->approve()
10 SYSTEMPATH\CodeIgniter.php(520): CodeIgniter\CodeIgniter->runController(Object(App\Controllers\Kabid\C_LogbookKabid))
11 SYSTEMPATH\CodeIgniter.php(363): CodeIgniter\CodeIgniter->handleRequest(null, Object(Config\Cache), false)
12 SYSTEMPATH\Boot.php(417): CodeIgniter\CodeIgniter->run()
13 SYSTEMPATH\Boot.php(68): CodeIgniter\Boot::runCodeIgniter(Object(CodeIgniter\CodeIgniter))
14 FCPATH\index.php(59): CodeIgniter\Boot::bootWeb(Object(Config\Paths))
15 SYSTEMPATH\rewrite.php(44): require_once('C:\\Users\\lenovo\\Downloads\\Projectmagang_antigravity\\public\\index.php')
DEBUG - 2026-07-26 06:12:31 --> Session: Class initialized using 'CodeIgniter\Session\Handlers\FileHandler' driver.
DEBUG - 2026-07-26 06:12:39 --> Session: Class initialized using 'CodeIgniter\Session\Handlers\FileHandler' driver.
DEBUG - 2026-07-26 06:12:44 --> Session: Class initialized using 'CodeIgniter\Session\Handlers\FileHandler' driver.
DEBUG - 2026-07-26 06:12:45 --> Session: Class initialized using 'CodeIgniter\Session\Handlers\FileHandler' driver.
DEBUG - 2026-07-26 06:12:52 --> Session: Class initialized using 'CodeIgniter\Session\Handlers\FileHandler' driver.
DEBUG - 2026-07-26 06:12:59 --> Session: Class initialized using 'CodeIgniter\Session\Handlers\FileHandler' driver.
DEBUG - 2026-07-26 06:13:03 --> Session: Class initialized using 'CodeIgniter\Session\Handlers\FileHandler' driver.
DEBUG - 2026-07-26 06:13:04 --> Session: Class initialized using 'CodeIgniter\Session\Handlers\FileHandler' driver.
DEBUG - 2026-07-26 06:13:36 --> Session: Class initialized using 'CodeIgniter\Session\Handlers\FileHandler' driver.
DEBUG - 2026-07-26 06:13:38 --> Session: Class initialized using 'CodeIgniter\Session\Handlers\FileHandler' driver.
DEBUG - 2026-07-26 06:13:39 --> Session: Class initialized using 'CodeIgniter\Session\Handlers\FileHandler' driver.
DEBUG - 2026-07-26 06:14:59 --> Session: Class initialized using 'CodeIgniter\Session\Handlers\FileHandler' driver.
DEBUG - 2026-07-26 06:15:08 --> Session: Class initialized using 'CodeIgniter\Session\Handlers\FileHandler' driver.
DEBUG - 2026-07-26 06:15:10 --> Session: Class initialized using 'CodeIgniter\Session\Handlers\FileHandler' driver.
DEBUG - 2026-07-26 06:15:17 --> Session: Class initialized using 'CodeIgniter\Session\Handlers\FileHandler' driver.
DEBUG - 2026-07-26 06:15:18 --> Session: Class initialized using 'CodeIgniter\Session\Handlers\FileHandler' driver.
DEBUG - 2026-07-26 06:17:58 --> Session: Class initialized using 'CodeIgniter\Session\Handlers\FileHandler' driver.
DEBUG - 2026-07-26 06:18:11 --> Session: Class initialized using 'CodeIgniter\Session\Handlers\FileHandler' driver.
DEBUG - 2026-07-26 06:20:27 --> Session: Class initialized using 'CodeIgniter\Session\Handlers\FileHandler' driver.
DEBUG - 2026-07-26 06:20:32 --> Session: Class initialized using 'CodeIgniter\Session\Handlers\FileHandler' driver.
DEBUG - 2026-07-26 06:20:37 --> Session: Class initialized using 'CodeIgniter\Session\Handlers\FileHandler' driver.
DEBUG - 2026-07-26 06:20:43 --> Session: Class initialized using 'CodeIgniter\Session\Handlers\FileHandler' driver.
DEBUG - 2026-07-26 06:20:45 --> Session: Class initialized using 'CodeIgniter\Session\Handlers\FileHandler' driver.
DEBUG - 2026-07-26 06:20:47 --> Session: Class initialized using 'CodeIgniter\Session\Handlers\FileHandler' driver.
DEBUG - 2026-07-26 06:24:05 --> Session: Class initialized using 'CodeIgniter\Session\Handlers\FileHandler' driver.
DEBUG - 2026-07-26 06:24:32 --> Session: Class initialized using 'CodeIgniter\Session\Handlers\FileHandler' driver.
DEBUG - 2026-07-26 06:24:35 --> Session: Class initialized using 'CodeIgniter\Session\Handlers\FileHandler' driver.
DEBUG - 2026-07-26 06:24:36 --> Session: Class initialized using 'CodeIgniter\Session\Handlers\FileHandler' driver.
DEBUG - 2026-07-26 06:24:37 --> Session: Class initialized using 'CodeIgniter\Session\Handlers\FileHandler' driver.
DEBUG - 2026-07-26 06:24:38 --> Session: Class initialized using 'CodeIgniter\Session\Handlers\FileHandler' driver.
DEBUG - 2026-07-26 06:37:52 --> Session: Class initialized using 'CodeIgniter\Session\Handlers\FileHandler' driver.
DEBUG - 2026-07-26 06:37:55 --> Session: Class initialized using 'CodeIgniter\Session\Handlers\FileHandler' driver.
DEBUG - 2026-07-26 06:37:57 --> Session: Class initialized using 'CodeIgniter\Session\Handlers\FileHandler' driver.
DEBUG - 2026-07-26 06:38:03 --> Session: Class initialized using 'CodeIgniter\Session\Handlers\FileHandler' driver.
DEBUG - 2026-07-26 07:31:32 --> Session: Class initialized using 'CodeIgniter\Session\Handlers\FileHandler' driver.
DEBUG - 2026-07-26 07:31:35 --> Session: Class initialized using 'CodeIgniter\Session\Handlers\FileHandler' driver.
DEBUG - 2026-07-26 07:31:44 --> Session: Class initialized using 'CodeIgniter\Session\Handlers\FileHandler' driver.
DEBUG - 2026-07-26 07:31:45 --> Session: Class initialized using 'CodeIgniter\Session\Handlers\FileHandler' driver.
DEBUG - 2026-07-26 07:31:58 --> Session: Class initialized using 'CodeIgniter\Session\Handlers\FileHandler' driver.
DEBUG - 2026-07-26 07:32:51 --> Session: Class initialized using 'CodeIgniter\Session\Handlers\FileHandler' driver.
DEBUG - 2026-07-26 07:32:57 --> Session: Class initialized using 'CodeIgniter\Session\Handlers\FileHandler' driver.
DEBUG - 2026-07-26 07:33:06 --> Session: Class initialized using 'CodeIgniter\Session\Handlers\FileHandler' driver.
DEBUG - 2026-07-26 07:33:08 --> Session: Class initialized using 'CodeIgniter\Session\Handlers\FileHandler' driver.
DEBUG - 2026-07-26 07:33:10 --> Session: Class initialized using 'CodeIgniter\Session\Handlers\FileHandler' driver.
DEBUG - 2026-07-26 07:33:14 --> Session: Class initialized using 'CodeIgniter\Session\Handlers\FileHandler' driver.
DEBUG - 2026-07-26 07:33:16 --> Session: Class initialized using 'CodeIgniter\Session\Handlers\FileHandler' driver.
DEBUG - 2026-07-26 07:33:19 --> Session: Class initialized using 'CodeIgniter\Session\Handlers\FileHandler' driver.
DEBUG - 2026-07-26 07:33:35 --> Session: Class initialized using 'CodeIgniter\Session\Handlers\FileHandler' driver.
DEBUG - 2026-07-26 07:33:38 --> Session: Class initialized using 'CodeIgniter\Session\Handlers\FileHandler' driver.
DEBUG - 2026-07-26 07:33:43 --> Session: Class initialized using 'CodeIgniter\Session\Handlers\FileHandler' driver.
DEBUG - 2026-07-26 07:33:45 --> Session: Class initialized using 'CodeIgniter\Session\Handlers\FileHandler' driver.
DEBUG - 2026-07-26 07:33:46 --> Session: Class initialized using 'CodeIgniter\Session\Handlers\FileHandler' driver.
DEBUG - 2026-07-26 07:34:01 --> Session: Class initialized using 'CodeIgniter\Session\Handlers\FileHandler' driver.
DEBUG - 2026-07-26 07:37:47 --> Session: Class initialized using 'CodeIgniter\Session\Handlers\FileHandler' driver.
DEBUG - 2026-07-26 07:37:48 --> Session: Class initialized using 'CodeIgniter\Session\Handlers\FileHandler' driver.
DEBUG - 2026-07-26 07:37:51 --> Session: Class initialized using 'CodeIgniter\Session\Handlers\FileHandler' driver.
DEBUG - 2026-07-26 07:37:54 --> Session: Class initialized using 'CodeIgniter\Session\Handlers\FileHandler' driver.
DEBUG - 2026-07-26 07:38:00 --> Session: Class initialized using 'CodeIgniter\Session\Handlers\FileHandler' driver.
DEBUG - 2026-07-26 07:38:02 --> Session: Class initialized using 'CodeIgniter\Session\Handlers\FileHandler' driver.
DEBUG - 2026-07-26 07:38:10 --> Session: Class initialized using 'CodeIgniter\Session\Handlers\FileHandler' driver.
DEBUG - 2026-07-26 07:38:13 --> Session: Class initialized using 'CodeIgniter\Session\Handlers\FileHandler' driver.
DEBUG - 2026-07-26 07:38:38 --> Session: Class initialized using 'CodeIgniter\Session\Handlers\FileHandler' driver.
DEBUG - 2026-07-26 07:39:45 --> Session: Class initialized using 'CodeIgniter\Session\Handlers\FileHandler' driver.
DEBUG - 2026-07-26 07:39:49 --> Session: Class initialized using 'CodeIgniter\Session\Handlers\FileHandler' driver.
DEBUG - 2026-07-26 07:39:55 --> Session: Class initialized using 'CodeIgniter\Session\Handlers\FileHandler' driver.
DEBUG - 2026-07-26 07:39:57 --> Session: Class initialized using 'CodeIgniter\Session\Handlers\FileHandler' driver.
DEBUG - 2026-07-26 07:40:19 --> Session: Class initialized using 'CodeIgniter\Session\Handlers\FileHandler' driver.
DEBUG - 2026-07-26 07:40:20 --> Session: Class initialized using 'CodeIgniter\Session\Handlers\FileHandler' driver.
DEBUG - 2026-07-26 07:41:49 --> Session: Class initialized using 'CodeIgniter\Session\Handlers\FileHandler' driver.
DEBUG - 2026-07-26 07:41:51 --> Session: Class initialized using 'CodeIgniter\Session\Handlers\FileHandler' driver.
DEBUG - 2026-07-26 07:41:54 --> Session: Class initialized using 'CodeIgniter\Session\Handlers\FileHandler' driver.
DEBUG - 2026-07-26 07:41:55 --> Session: Class initialized using 'CodeIgniter\Session\Handlers\FileHandler' driver.
DEBUG - 2026-07-26 07:42:01 --> Session: Class initialized using 'CodeIgniter\Session\Handlers\FileHandler' driver.
DEBUG - 2026-07-26 07:42:16 --> Session: Class initialized using 'CodeIgniter\Session\Handlers\FileHandler' driver.
DEBUG - 2026-07-26 07:42:18 --> Session: Class initialized using 'CodeIgniter\Session\Handlers\FileHandler' driver.
DEBUG - 2026-07-26 07:42:20 --> Session: Class initialized using 'CodeIgniter\Session\Handlers\FileHandler' driver.
DEBUG - 2026-07-26 07:42:27 --> Session: Class initialized using 'CodeIgniter\Session\Handlers\FileHandler' driver.
DEBUG - 2026-07-26 07:42:29 --> Session: Class initialized using 'CodeIgniter\Session\Handlers\FileHandler' driver.
DEBUG - 2026-07-26 07:42:33 --> Session: Class initialized using 'CodeIgniter\Session\Handlers\FileHandler' driver.
DEBUG - 2026-07-26 07:42:36 --> Session: Class initialized using 'CodeIgniter\Session\Handlers\FileHandler' driver.
DEBUG - 2026-07-26 07:43:07 --> Session: Class initialized using 'CodeIgniter\Session\Handlers\FileHandler' driver.
DEBUG - 2026-07-26 07:43:09 --> Session: Class initialized using 'CodeIgniter\Session\Handlers\FileHandler' driver.
DEBUG - 2026-07-26 07:47:30 --> Session: Class initialized using 'CodeIgniter\Session\Handlers\FileHandler' driver.
DEBUG - 2026-07-26 07:47:42 --> Session: Class initialized using 'CodeIgniter\Session\Handlers\FileHandler' driver.
DEBUG - 2026-07-26 07:47:47 --> Session: Class initialized using 'CodeIgniter\Session\Handlers\FileHandler' driver.
DEBUG - 2026-07-26 07:47:48 --> Session: Class initialized using 'CodeIgniter\Session\Handlers\FileHandler' driver.
DEBUG - 2026-07-26 07:47:49 --> Session: Class initialized using 'CodeIgniter\Session\Handlers\FileHandler' driver.
DEBUG - 2026-07-26 07:48:03 --> Session: Class initialized using 'CodeIgniter\Session\Handlers\FileHandler' driver.
DEBUG - 2026-07-26 07:48:05 --> Session: Class initialized using 'CodeIgniter\Session\Handlers\FileHandler' driver.
DEBUG - 2026-07-26 07:48:16 --> Session: Class initialized using 'CodeIgniter\Session\Handlers\FileHandler' driver.
DEBUG - 2026-07-26 07:48:16 --> Session: Class initialized using 'CodeIgniter\Session\Handlers\FileHandler' driver.
DEBUG - 2026-07-26 07:48:21 --> Session: Class initialized using 'CodeIgniter\Session\Handlers\FileHandler' driver.
DEBUG - 2026-07-26 07:48:22 --> Session: Class initialized using 'CodeIgniter\Session\Handlers\FileHandler' driver.
DEBUG - 2026-07-26 07:48:27 --> Session: Class initialized using 'CodeIgniter\Session\Handlers\FileHandler' driver.
DEBUG - 2026-07-26 07:48:28 --> Session: Class initialized using 'CodeIgniter\Session\Handlers\FileHandler' driver.
DEBUG - 2026-07-26 07:48:32 --> Session: Class initialized using 'CodeIgniter\Session\Handlers\FileHandler' driver.
DEBUG - 2026-07-26 07:48:48 --> Session: Class initialized using 'CodeIgniter\Session\Handlers\FileHandler' driver.
DEBUG - 2026-07-26 07:48:49 --> Session: Class initialized using 'CodeIgniter\Session\Handlers\FileHandler' driver.
DEBUG - 2026-07-26 07:49:00 --> Session: Class initialized using 'CodeIgniter\Session\Handlers\FileHandler' driver.
DEBUG - 2026-07-26 07:49:00 --> Session: Class initialized using 'CodeIgniter\Session\Handlers\FileHandler' driver.
DEBUG - 2026-07-26 07:49:02 --> Session: Class initialized using 'CodeIgniter\Session\Handlers\FileHandler' driver.
DEBUG - 2026-07-26 07:50:14 --> Session: Class initialized using 'CodeIgniter\Session\Handlers\FileHandler' driver.
DEBUG - 2026-07-26 07:50:14 --> Session: Class initialized using 'CodeIgniter\Session\Handlers\FileHandler' driver.
DEBUG - 2026-07-26 07:50:18 --> Session: Class initialized using 'CodeIgniter\Session\Handlers\FileHandler' driver.
DEBUG - 2026-07-26 07:50:20 --> Session: Class initialized using 'CodeIgniter\Session\Handlers\FileHandler' driver.
DEBUG - 2026-07-26 07:50:24 --> Session: Class initialized using 'CodeIgniter\Session\Handlers\FileHandler' driver.
DEBUG - 2026-07-26 07:50:35 --> Session: Class initialized using 'CodeIgniter\Session\Handlers\FileHandler' driver.
DEBUG - 2026-07-26 07:50:37 --> Session: Class initialized using 'CodeIgniter\Session\Handlers\FileHandler' driver.
DEBUG - 2026-07-26 07:50:38 --> Session: Class initialized using 'CodeIgniter\Session\Handlers\FileHandler' driver.
DEBUG - 2026-07-26 07:50:39 --> Session: Class initialized using 'CodeIgniter\Session\Handlers\FileHandler' driver.
DEBUG - 2026-07-26 07:50:41 --> Session: Class initialized using 'CodeIgniter\Session\Handlers\FileHandler' driver.
DEBUG - 2026-07-26 07:50:43 --> Session: Class initialized using 'CodeIgniter\Session\Handlers\FileHandler' driver.
DEBUG - 2026-07-26 07:50:44 --> Session: Class initialized using 'CodeIgniter\Session\Handlers\FileHandler' driver.
DEBUG - 2026-07-26 07:50:54 --> Session: Class initialized using 'CodeIgniter\Session\Handlers\FileHandler' driver.
DEBUG - 2026-07-26 07:50:54 --> Session: Class initialized using 'CodeIgniter\Session\Handlers\FileHandler' driver.
DEBUG - 2026-07-26 07:51:01 --> Session: Class initialized using 'CodeIgniter\Session\Handlers\FileHandler' driver.
DEBUG - 2026-07-26 07:51:01 --> Session: Class initialized using 'CodeIgniter\Session\Handlers\FileHandler' driver.
DEBUG - 2026-07-26 07:51:08 --> Session: Class initialized using 'CodeIgniter\Session\Handlers\FileHandler' driver.
DEBUG - 2026-07-26 07:51:12 --> Session: Class initialized using 'CodeIgniter\Session\Handlers\FileHandler' driver.
DEBUG - 2026-07-26 07:51:40 --> Session: Class initialized using 'CodeIgniter\Session\Handlers\FileHandler' driver.
DEBUG - 2026-07-26 07:57:00 --> Session: Class initialized using 'CodeIgniter\Session\Handlers\FileHandler' driver.
DEBUG - 2026-07-26 07:58:54 --> Session: Class initialized using 'CodeIgniter\Session\Handlers\FileHandler' driver.
DEBUG - 2026-07-26 07:59:12 --> Session: Class initialized using 'CodeIgniter\Session\Handlers\FileHandler' driver.
DEBUG - 2026-07-26 07:59:13 --> Session: Class initialized using 'CodeIgniter\Session\Handlers\FileHandler' driver.
DEBUG - 2026-07-26 07:59:26 --> Session: Class initialized using 'CodeIgniter\Session\Handlers\FileHandler' driver.
DEBUG - 2026-07-26 07:59:28 --> Session: Class initialized using 'CodeIgniter\Session\Handlers\FileHandler' driver.
DEBUG - 2026-07-26 07:59:44 --> Session: Class initialized using 'CodeIgniter\Session\Handlers\FileHandler' driver.
DEBUG - 2026-07-26 07:59:45 --> Session: Class initialized using 'CodeIgniter\Session\Handlers\FileHandler' driver.
DEBUG - 2026-07-26 07:59:53 --> Session: Class initialized using 'CodeIgniter\Session\Handlers\FileHandler' driver.
DEBUG - 2026-07-26 07:59:55 --> Session: Class initialized using 'CodeIgniter\Session\Handlers\FileHandler' driver.
DEBUG - 2026-07-26 08:00:07 --> Session: Class initialized using 'CodeIgniter\Session\Handlers\FileHandler' driver.
DEBUG - 2026-07-26 08:00:09 --> Session: Class initialized using 'CodeIgniter\Session\Handlers\FileHandler' driver.
DEBUG - 2026-07-26 08:00:11 --> Session: Class initialized using 'CodeIgniter\Session\Handlers\FileHandler' driver.
DEBUG - 2026-07-26 08:00:19 --> Session: Class initialized using 'CodeIgniter\Session\Handlers\FileHandler' driver.
DEBUG - 2026-07-26 08:00:19 --> Session: Class initialized using 'CodeIgniter\Session\Handlers\FileHandler' driver.
DEBUG - 2026-07-26 08:00:24 --> Session: Class initialized using 'CodeIgniter\Session\Handlers\FileHandler' driver.
DEBUG - 2026-07-26 08:00:27 --> Session: Class initialized using 'CodeIgniter\Session\Handlers\FileHandler' driver.
DEBUG - 2026-07-26 08:00:31 --> Session: Class initialized using 'CodeIgniter\Session\Handlers\FileHandler' driver.
DEBUG - 2026-07-26 08:01:14 --> Session: Class initialized using 'CodeIgniter\Session\Handlers\FileHandler' driver.
DEBUG - 2026-07-26 08:01:37 --> Session: Class initialized using 'CodeIgniter\Session\Handlers\FileHandler' driver.
DEBUG - 2026-07-26 08:04:27 --> Session: Class initialized using 'CodeIgniter\Session\Handlers\FileHandler' driver.
DEBUG - 2026-07-26 08:04:40 --> Session: Class initialized using 'CodeIgniter\Session\Handlers\FileHandler' driver.
DEBUG - 2026-07-26 08:04:41 --> Session: Class initialized using 'CodeIgniter\Session\Handlers\FileHandler' driver.
DEBUG - 2026-07-26 08:04:44 --> Session: Class initialized using 'CodeIgniter\Session\Handlers\FileHandler' driver.
DEBUG - 2026-07-26 08:04:46 --> Session: Class initialized using 'CodeIgniter\Session\Handlers\FileHandler' driver.
DEBUG - 2026-07-26 08:04:50 --> Session: Class initialized using 'CodeIgniter\Session\Handlers\FileHandler' driver.
DEBUG - 2026-07-26 08:04:51 --> Session: Class initialized using 'CodeIgniter\Session\Handlers\FileHandler' driver.
DEBUG - 2026-07-26 08:04:57 --> Session: Class initialized using 'CodeIgniter\Session\Handlers\FileHandler' driver.
DEBUG - 2026-07-26 08:04:59 --> Session: Class initialized using 'CodeIgniter\Session\Handlers\FileHandler' driver.
DEBUG - 2026-07-26 08:05:36 --> Session: Class initialized using 'CodeIgniter\Session\Handlers\FileHandler' driver.
DEBUG - 2026-07-26 08:05:36 --> Session: Class initialized using 'CodeIgniter\Session\Handlers\FileHandler' driver.
DEBUG - 2026-07-26 08:06:03 --> Session: Class initialized using 'CodeIgniter\Session\Handlers\FileHandler' driver.
DEBUG - 2026-07-26 08:06:04 --> Session: Class initialized using 'CodeIgniter\Session\Handlers\FileHandler' driver.
DEBUG - 2026-07-26 08:06:09 --> Session: Class initialized using 'CodeIgniter\Session\Handlers\FileHandler' driver.
DEBUG - 2026-07-26 08:06:11 --> Session: Class initialized using 'CodeIgniter\Session\Handlers\FileHandler' driver.
DEBUG - 2026-07-26 08:06:21 --> Session: Class initialized using 'CodeIgniter\Session\Handlers\FileHandler' driver.
DEBUG - 2026-07-26 08:06:22 --> Session: Class initialized using 'CodeIgniter\Session\Handlers\FileHandler' driver.
DEBUG - 2026-07-26 08:06:45 --> Session: Class initialized using 'CodeIgniter\Session\Handlers\FileHandler' driver.
DEBUG - 2026-07-26 08:06:47 --> Session: Class initialized using 'CodeIgniter\Session\Handlers\FileHandler' driver.
DEBUG - 2026-07-26 08:06:52 --> Session: Class initialized using 'CodeIgniter\Session\Handlers\FileHandler' driver.
DEBUG - 2026-07-26 08:06:57 --> Session: Class initialized using 'CodeIgniter\Session\Handlers\FileHandler' driver.
DEBUG - 2026-07-26 08:07:07 --> Session: Class initialized using 'CodeIgniter\Session\Handlers\FileHandler' driver.
DEBUG - 2026-07-26 08:07:10 --> Session: Class initialized using 'CodeIgniter\Session\Handlers\FileHandler' driver.
DEBUG - 2026-07-26 08:07:14 --> Session: Class initialized using 'CodeIgniter\Session\Handlers\FileHandler' driver.
DEBUG - 2026-07-26 08:07:16 --> Session: Class initialized using 'CodeIgniter\Session\Handlers\FileHandler' driver.
DEBUG - 2026-07-26 08:07:23 --> Session: Class initialized using 'CodeIgniter\Session\Handlers\FileHandler' driver.
DEBUG - 2026-07-26 08:07:23 --> Session: Class initialized using 'CodeIgniter\Session\Handlers\FileHandler' driver.
DEBUG - 2026-07-26 08:07:26 --> Session: Class initialized using 'CodeIgniter\Session\Handlers\FileHandler' driver.
DEBUG - 2026-07-26 08:07:29 --> Session: Class initialized using 'CodeIgniter\Session\Handlers\FileHandler' driver.
DEBUG - 2026-07-26 08:07:50 --> Session: Class initialized using 'CodeIgniter\Session\Handlers\FileHandler' driver.
DEBUG - 2026-07-26 08:07:50 --> Session: Class initialized using 'CodeIgniter\Session\Handlers\FileHandler' driver.
DEBUG - 2026-07-26 08:08:00 --> Session: Class initialized using 'CodeIgniter\Session\Handlers\FileHandler' driver.
DEBUG - 2026-07-26 08:08:07 --> Session: Class initialized using 'CodeIgniter\Session\Handlers\FileHandler' driver.
DEBUG - 2026-07-26 08:08:09 --> Session: Class initialized using 'CodeIgniter\Session\Handlers\FileHandler' driver.
DEBUG - 2026-07-26 08:08:33 --> Session: Class initialized using 'CodeIgniter\Session\Handlers\FileHandler' driver.
DEBUG - 2026-07-26 08:08:33 --> Session: Class initialized using 'CodeIgniter\Session\Handlers\FileHandler' driver.
DEBUG - 2026-07-26 08:08:40 --> Session: Class initialized using 'CodeIgniter\Session\Handlers\FileHandler' driver.
DEBUG - 2026-07-26 08:08:48 --> Session: Class initialized using 'CodeIgniter\Session\Handlers\FileHandler' driver.
DEBUG - 2026-07-26 08:14:53 --> Session: Class initialized using 'CodeIgniter\Session\Handlers\FileHandler' driver.
DEBUG - 2026-07-26 08:14:56 --> Session: Class initialized using 'CodeIgniter\Session\Handlers\FileHandler' driver.
DEBUG - 2026-07-26 08:15:04 --> Session: Class initialized using 'CodeIgniter\Session\Handlers\FileHandler' driver.
DEBUG - 2026-07-26 08:15:04 --> Session: Class initialized using 'CodeIgniter\Session\Handlers\FileHandler' driver.
DEBUG - 2026-07-26 08:15:06 --> Session: Class initialized using 'CodeIgniter\Session\Handlers\FileHandler' driver.
DEBUG - 2026-07-26 08:15:10 --> Session: Class initialized using 'CodeIgniter\Session\Handlers\FileHandler' driver.
DEBUG - 2026-07-26 08:15:22 --> Session: Class initialized using 'CodeIgniter\Session\Handlers\FileHandler' driver.
DEBUG - 2026-07-26 08:15:30 --> Session: Class initialized using 'CodeIgniter\Session\Handlers\FileHandler' driver.
DEBUG - 2026-07-26 13:19:05 --> Session: Class initialized using 'CodeIgniter\Session\Handlers\FileHandler' driver.
DEBUG - 2026-07-26 13:19:29 --> Session: Class initialized using 'CodeIgniter\Session\Handlers\FileHandler' driver.
DEBUG - 2026-07-26 13:19:35 --> Session: Class initialized using 'CodeIgniter\Session\Handlers\FileHandler' driver.
DEBUG - 2026-07-26 13:19:47 --> Session: Class initialized using 'CodeIgniter\Session\Handlers\FileHandler' driver.
DEBUG - 2026-07-26 13:19:52 --> Session: Class initialized using 'CodeIgniter\Session\Handlers\FileHandler' driver.
DEBUG - 2026-07-26 13:19:54 --> Session: Class initialized using 'CodeIgniter\Session\Handlers\FileHandler' driver.
DEBUG - 2026-07-26 13:19:57 --> Session: Class initialized using 'CodeIgniter\Session\Handlers\FileHandler' driver.
DEBUG - 2026-07-26 13:20:04 --> Session: Class initialized using 'CodeIgniter\Session\Handlers\FileHandler' driver.
DEBUG - 2026-07-26 13:47:04 --> Session: Class initialized using 'CodeIgniter\Session\Handlers\FileHandler' driver.
DEBUG - 2026-07-26 13:47:30 --> Session: Class initialized using 'CodeIgniter\Session\Handlers\FileHandler' driver.
DEBUG - 2026-07-26 13:47:31 --> Session: Class initialized using 'CodeIgniter\Session\Handlers\FileHandler' driver.
DEBUG - 2026-07-26 13:47:58 --> Session: Class initialized using 'CodeIgniter\Session\Handlers\FileHandler' driver.
DEBUG - 2026-07-26 13:50:10 --> Session: Class initialized using 'CodeIgniter\Session\Handlers\FileHandler' driver.
DEBUG - 2026-07-26 13:53:52 --> Session: Class initialized using 'CodeIgniter\Session\Handlers\FileHandler' driver.
DEBUG - 2026-07-26 13:54:07 --> Session: Class initialized using 'CodeIgniter\Session\Handlers\FileHandler' driver.
DEBUG - 2026-07-26 13:54:08 --> Session: Class initialized using 'CodeIgniter\Session\Handlers\FileHandler' driver.
DEBUG - 2026-07-26 13:54:10 --> Session: Class initialized using 'CodeIgniter\Session\Handlers\FileHandler' driver.
DEBUG - 2026-07-26 13:54:42 --> Session: Class initialized using 'CodeIgniter\Session\Handlers\FileHandler' driver.
DEBUG - 2026-07-26 13:55:00 --> Session: Class initialized using 'CodeIgniter\Session\Handlers\FileHandler' driver.
DEBUG - 2026-07-26 13:55:07 --> Session: Class initialized using 'CodeIgniter\Session\Handlers\FileHandler' driver.
DEBUG - 2026-07-26 13:55:08 --> Session: Class initialized using 'CodeIgniter\Session\Handlers\FileHandler' driver.
DEBUG - 2026-07-26 14:02:53 --> Session: Class initialized using 'CodeIgniter\Session\Handlers\FileHandler' driver.
DEBUG - 2026-07-26 14:03:04 --> Session: Class initialized using 'CodeIgniter\Session\Handlers\FileHandler' driver.
DEBUG - 2026-07-26 14:03:06 --> Session: Class initialized using 'CodeIgniter\Session\Handlers\FileHandler' driver.
DEBUG - 2026-07-26 14:03:27 --> Session: Class initialized using 'CodeIgniter\Session\Handlers\FileHandler' driver.
DEBUG - 2026-07-26 14:03:31 --> Session: Class initialized using 'CodeIgniter\Session\Handlers\FileHandler' driver.
DEBUG - 2026-07-26 14:03:43 --> Session: Class initialized using 'CodeIgniter\Session\Handlers\FileHandler' driver.
DEBUG - 2026-07-26 14:03:45 --> Session: Class initialized using 'CodeIgniter\Session\Handlers\FileHandler' driver.
DEBUG - 2026-07-26 14:03:48 --> Session: Class initialized using 'CodeIgniter\Session\Handlers\FileHandler' driver.
DEBUG - 2026-07-26 14:03:55 --> Session: Class initialized using 'CodeIgniter\Session\Handlers\FileHandler' driver.
DEBUG - 2026-07-26 14:03:56 --> Session: Class initialized using 'CodeIgniter\Session\Handlers\FileHandler' driver.
DEBUG - 2026-07-26 14:04:06 --> Session: Class initialized using 'CodeIgniter\Session\Handlers\FileHandler' driver.
DEBUG - 2026-07-26 14:04:37 --> Session: Class initialized using 'CodeIgniter\Session\Handlers\FileHandler' driver.
DEBUG - 2026-07-26 14:04:42 --> Session: Class initialized using 'CodeIgniter\Session\Handlers\FileHandler' driver.
DEBUG - 2026-07-26 14:04:46 --> Session: Class initialized using 'CodeIgniter\Session\Handlers\FileHandler' driver.
DEBUG - 2026-07-26 14:04:48 --> Session: Class initialized using 'CodeIgniter\Session\Handlers\FileHandler' driver.
DEBUG - 2026-07-26 14:04:50 --> Session: Class initialized using 'CodeIgniter\Session\Handlers\FileHandler' driver.
DEBUG - 2026-07-26 14:04:52 --> Session: Class initialized using 'CodeIgniter\Session\Handlers\FileHandler' driver.
DEBUG - 2026-07-26 14:05:00 --> Session: Class initialized using 'CodeIgniter\Session\Handlers\FileHandler' driver.
DEBUG - 2026-07-26 14:05:03 --> Session: Class initialized using 'CodeIgniter\Session\Handlers\FileHandler' driver.
DEBUG - 2026-07-26 14:05:07 --> Session: Class initialized using 'CodeIgniter\Session\Handlers\FileHandler' driver.
DEBUG - 2026-07-26 14:05:17 --> Session: Class initialized using 'CodeIgniter\Session\Handlers\FileHandler' driver.
DEBUG - 2026-07-26 14:05:21 --> Session: Class initialized using 'CodeIgniter\Session\Handlers\FileHandler' driver.
DEBUG - 2026-07-26 14:29:48 --> Session: Class initialized using 'CodeIgniter\Session\Handlers\FileHandler' driver.
DEBUG - 2026-07-26 14:35:27 --> Session: Class initialized using 'CodeIgniter\Session\Handlers\FileHandler' driver.
DEBUG - 2026-07-26 14:36:27 --> Session: Class initialized using 'CodeIgniter\Session\Handlers\FileHandler' driver.
DEBUG - 2026-07-26 14:36:29 --> Session: Class initialized using 'CodeIgniter\Session\Handlers\FileHandler' driver.
DEBUG - 2026-07-26 14:36:34 --> Session: Class initialized using 'CodeIgniter\Session\Handlers\FileHandler' driver.
DEBUG - 2026-07-26 14:36:43 --> Session: Class initialized using 'CodeIgniter\Session\Handlers\FileHandler' driver.
DEBUG - 2026-07-26 14:38:43 --> Session: Class initialized using 'CodeIgniter\Session\Handlers\FileHandler' driver.
DEBUG - 2026-07-26 14:39:38 --> Session: Class initialized using 'CodeIgniter\Session\Handlers\FileHandler' driver.
DEBUG - 2026-07-26 14:39:41 --> Session: Class initialized using 'CodeIgniter\Session\Handlers\FileHandler' driver.
DEBUG - 2026-07-26 14:39:52 --> Session: Class initialized using 'CodeIgniter\Session\Handlers\FileHandler' driver.
DEBUG - 2026-07-26 14:39:52 --> Session: Class initialized using 'CodeIgniter\Session\Handlers\FileHandler' driver.
DEBUG - 2026-07-26 14:39:55 --> Session: Class initialized using 'CodeIgniter\Session\Handlers\FileHandler' driver.
DEBUG - 2026-07-26 14:40:03 --> Session: Class initialized using 'CodeIgniter\Session\Handlers\FileHandler' driver.
DEBUG - 2026-07-26 14:40:20 --> Session: Class initialized using 'CodeIgniter\Session\Handlers\FileHandler' driver.
DEBUG - 2026-07-26 14:40:22 --> Session: Class initialized using 'CodeIgniter\Session\Handlers\FileHandler' driver.
DEBUG - 2026-07-26 14:40:28 --> Session: Class initialized using 'CodeIgniter\Session\Handlers\FileHandler' driver.
DEBUG - 2026-07-26 14:40:29 --> Session: Class initialized using 'CodeIgniter\Session\Handlers\FileHandler' driver.
ERROR - 2026-07-26 14:40:29 --> Unknown column 'mhs.foto_profil' in 'field list'
in SYSTEMPATH\Database\MySQLi\Connection.php on line 300.
 1 SYSTEMPATH\Database\MySQLi\Connection.php(300): mysqli->query('SELECT `pn`.`id_penempatan_magang`, `pn`.`id_bidang`, `pn`.`id_persetujuan_magang`, `pm`.`id_permohonan_magang`, `pn`.`id_mahasiswa`, `pn`.`catatan`, `pn`.`status_penempatan`, `pn`.`is_log_book`, `pn`.`created_at`, `mhs`.`nim`, `mhs`.`nik`, `mhs`.`nama_mahasiswa`, `mhs`.`jenis_kelamin`, `mhs`.`email`, `mhs`.`no_telp`, `mhs`.`foto_profil`, `im`.`semester`, `bd`.`bidang`, `pm`.`deskripsi_keahlian`, `pm`.`deskripsi_magang`, `pm`.`tgl_mulai`, `pm`.`tgl_selesai`, `pm`.`created_at` as `tgl_pengajuan`, `jp`.`jenis_permohonan`, `ip`.`instansi_pendidikan`, `pr`.`prodi`
FROM `t_penempatan_magang` as `pn`
LEFT JOIN `m_mahasiswa` as `mhs` ON `mhs`.`id_mahasiswa` = `pn`.`id_mahasiswa`
LEFT JOIN `m_bidang` as `bd` ON `bd`.`id_bidang` = `pn`.`id_bidang`
LEFT JOIN `t_persetujuan_magang` as `ps` ON `ps`.`id_persetujuan_magang` = `pn`.`id_persetujuan_magang`
LEFT JOIN `t_permohonan_magang` as `pm` ON `pm`.`id_permohonan_magang` = `ps`.`id_permohonan_magang`
LEFT JOIN `m_jenis_permohonan` as `jp` ON `jp`.`id_jenis_permohonan` = `pm`.`id_jenis_permohonan`
LEFT JOIN `t_instansi_mahasiswa` as `im` ON `im`.`id_instansi_mahasiswa` = `pm`.`id_instansi_mahasiswa`
LEFT JOIN `m_instansi_pendidikan` as `ip` ON `ip`.`id_instansi_pendidikan` = `im`.`id_instansi_pendidikan`
LEFT JOIN `m_prodi` as `pr` ON `pr`.`id_prodi` = `im`.`id_prodi`
WHERE `pn`.`id_bidang` = \'5\'
ORDER BY `pn`.`created_at` DESC', 0)
 2 SYSTEMPATH\Database\BaseConnection.php(908): CodeIgniter\Database\MySQLi\Connection->execute('SELECT `pn`.`id_penempatan_magang`, `pn`.`id_bidang`, `pn`.`id_persetujuan_magang`, `pm`.`id_permohonan_magang`, `pn`.`id_mahasiswa`, `pn`.`catatan`, `pn`.`status_penempatan`, `pn`.`is_log_book`, `pn`.`created_at`, `mhs`.`nim`, `mhs`.`nik`, `mhs`.`nama_mahasiswa`, `mhs`.`jenis_kelamin`, `mhs`.`email`, `mhs`.`no_telp`, `mhs`.`foto_profil`, `im`.`semester`, `bd`.`bidang`, `pm`.`deskripsi_keahlian`, `pm`.`deskripsi_magang`, `pm`.`tgl_mulai`, `pm`.`tgl_selesai`, `pm`.`created_at` as `tgl_pengajuan`, `jp`.`jenis_permohonan`, `ip`.`instansi_pendidikan`, `pr`.`prodi`
FROM `t_penempatan_magang` as `pn`
LEFT JOIN `m_mahasiswa` as `mhs` ON `mhs`.`id_mahasiswa` = `pn`.`id_mahasiswa`
LEFT JOIN `m_bidang` as `bd` ON `bd`.`id_bidang` = `pn`.`id_bidang`
LEFT JOIN `t_persetujuan_magang` as `ps` ON `ps`.`id_persetujuan_magang` = `pn`.`id_persetujuan_magang`
LEFT JOIN `t_permohonan_magang` as `pm` ON `pm`.`id_permohonan_magang` = `ps`.`id_permohonan_magang`
LEFT JOIN `m_jenis_permohonan` as `jp` ON `jp`.`id_jenis_permohonan` = `pm`.`id_jenis_permohonan`
LEFT JOIN `t_instansi_mahasiswa` as `im` ON `im`.`id_instansi_mahasiswa` = `pm`.`id_instansi_mahasiswa`
LEFT JOIN `m_instansi_pendidikan` as `ip` ON `ip`.`id_instansi_pendidikan` = `im`.`id_instansi_pendidikan`
LEFT JOIN `m_prodi` as `pr` ON `pr`.`id_prodi` = `im`.`id_prodi`
WHERE `pn`.`id_bidang` = \'5\'
ORDER BY `pn`.`created_at` DESC')
 3 SYSTEMPATH\Database\BaseConnection.php(825): CodeIgniter\Database\BaseConnection->simpleQuery('SELECT `pn`.`id_penempatan_magang`, `pn`.`id_bidang`, `pn`.`id_persetujuan_magang`, `pm`.`id_permohonan_magang`, `pn`.`id_mahasiswa`, `pn`.`catatan`, `pn`.`status_penempatan`, `pn`.`is_log_book`, `pn`.`created_at`, `mhs`.`nim`, `mhs`.`nik`, `mhs`.`nama_mahasiswa`, `mhs`.`jenis_kelamin`, `mhs`.`email`, `mhs`.`no_telp`, `mhs`.`foto_profil`, `im`.`semester`, `bd`.`bidang`, `pm`.`deskripsi_keahlian`, `pm`.`deskripsi_magang`, `pm`.`tgl_mulai`, `pm`.`tgl_selesai`, `pm`.`created_at` as `tgl_pengajuan`, `jp`.`jenis_permohonan`, `ip`.`instansi_pendidikan`, `pr`.`prodi`
FROM `t_penempatan_magang` as `pn`
LEFT JOIN `m_mahasiswa` as `mhs` ON `mhs`.`id_mahasiswa` = `pn`.`id_mahasiswa`
LEFT JOIN `m_bidang` as `bd` ON `bd`.`id_bidang` = `pn`.`id_bidang`
LEFT JOIN `t_persetujuan_magang` as `ps` ON `ps`.`id_persetujuan_magang` = `pn`.`id_persetujuan_magang`
LEFT JOIN `t_permohonan_magang` as `pm` ON `pm`.`id_permohonan_magang` = `ps`.`id_permohonan_magang`
LEFT JOIN `m_jenis_permohonan` as `jp` ON `jp`.`id_jenis_permohonan` = `pm`.`id_jenis_permohonan`
LEFT JOIN `t_instansi_mahasiswa` as `im` ON `im`.`id_instansi_mahasiswa` = `pm`.`id_instansi_mahasiswa`
LEFT JOIN `m_instansi_pendidikan` as `ip` ON `ip`.`id_instansi_pendidikan` = `im`.`id_instansi_pendidikan`
LEFT JOIN `m_prodi` as `pr` ON `pr`.`id_prodi` = `im`.`id_prodi`
WHERE `pn`.`id_bidang` = \'5\'
ORDER BY `pn`.`created_at` DESC')
 4 SYSTEMPATH\Database\BaseBuilder.php(1647): CodeIgniter\Database\BaseConnection->query('SELECT `pn`.`id_penempatan_magang`, `pn`.`id_bidang`, `pn`.`id_persetujuan_magang`, `pm`.`id_permohonan_magang`, `pn`.`id_mahasiswa`, `pn`.`catatan`, `pn`.`status_penempatan`, `pn`.`is_log_book`, `pn`.`created_at`, `mhs`.`nim`, `mhs`.`nik`, `mhs`.`nama_mahasiswa`, `mhs`.`jenis_kelamin`, `mhs`.`email`, `mhs`.`no_telp`, `mhs`.`foto_profil`, `im`.`semester`, `bd`.`bidang`, `pm`.`deskripsi_keahlian`, `pm`.`deskripsi_magang`, `pm`.`tgl_mulai`, `pm`.`tgl_selesai`, `pm`.`created_at` as `tgl_pengajuan`, `jp`.`jenis_permohonan`, `ip`.`instansi_pendidikan`, `pr`.`prodi`
FROM `t_penempatan_magang` as `pn`
LEFT JOIN `m_mahasiswa` as `mhs` ON `mhs`.`id_mahasiswa` = `pn`.`id_mahasiswa`
LEFT JOIN `m_bidang` as `bd` ON `bd`.`id_bidang` = `pn`.`id_bidang`
LEFT JOIN `t_persetujuan_magang` as `ps` ON `ps`.`id_persetujuan_magang` = `pn`.`id_persetujuan_magang`
LEFT JOIN `t_permohonan_magang` as `pm` ON `pm`.`id_permohonan_magang` = `ps`.`id_permohonan_magang`
LEFT JOIN `m_jenis_permohonan` as `jp` ON `jp`.`id_jenis_permohonan` = `pm`.`id_jenis_permohonan`
LEFT JOIN `t_instansi_mahasiswa` as `im` ON `im`.`id_instansi_mahasiswa` = `pm`.`id_instansi_mahasiswa`
LEFT JOIN `m_instansi_pendidikan` as `ip` ON `ip`.`id_instansi_pendidikan` = `im`.`id_instansi_pendidikan`
LEFT JOIN `m_prodi` as `pr` ON `pr`.`id_prodi` = `im`.`id_prodi`
WHERE `pn`.`id_bidang` = :pn.id_bidang:
ORDER BY `pn`.`created_at` DESC', [...], false)
 5 APPPATH\Models\Kabid\M_Penempatan.php(89): CodeIgniter\Database\BaseBuilder->get()
 6 APPPATH\Controllers\Kabid\C_DashboardKabid.php(92): App\Models\Kabid\M_Penempatan->getSemuaPenempatan('5')
 7 SYSTEMPATH\CodeIgniter.php(974): App\Controllers\Kabid\C_DashboardKabid->index()
 8 SYSTEMPATH\CodeIgniter.php(520): CodeIgniter\CodeIgniter->runController(Object(App\Controllers\Kabid\C_DashboardKabid))
 9 SYSTEMPATH\CodeIgniter.php(363): CodeIgniter\CodeIgniter->handleRequest(null, Object(Config\Cache), false)
10 SYSTEMPATH\Boot.php(417): CodeIgniter\CodeIgniter->run()
11 SYSTEMPATH\Boot.php(68): CodeIgniter\Boot::runCodeIgniter(Object(CodeIgniter\CodeIgniter))
12 FCPATH\index.php(59): CodeIgniter\Boot::bootWeb(Object(Config\Paths))
13 SYSTEMPATH\rewrite.php(44): require_once('C:\\Users\\lenovo\\Downloads\\Projectmagang_antigravity\\public\\index.php')
CRITICAL - 2026-07-26 14:40:29 --> CodeIgniter\Database\Exceptions\DatabaseException: Unknown column 'mhs.foto_profil' in 'field list'
[Method: GET, Route: kabid/dashboard]
in SYSTEMPATH\Database\BaseConnection.php on line 863.
 1 SYSTEMPATH\Database\BaseBuilder.php(1647): CodeIgniter\Database\BaseConnection->query('SELECT `pn`.`id_penempatan_magang`, `pn`.`id_bidang`, `pn`.`id_persetujuan_magang`, `pm`.`id_permohonan_magang`, `pn`.`id_mahasiswa`, `pn`.`catatan`, `pn`.`status_penempatan`, `pn`.`is_log_book`, `pn`.`created_at`, `mhs`.`nim`, `mhs`.`nik`, `mhs`.`nama_mahasiswa`, `mhs`.`jenis_kelamin`, `mhs`.`email`, `mhs`.`no_telp`, `mhs`.`foto_profil`, `im`.`semester`, `bd`.`bidang`, `pm`.`deskripsi_keahlian`, `pm`.`deskripsi_magang`, `pm`.`tgl_mulai`, `pm`.`tgl_selesai`, `pm`.`created_at` as `tgl_pengajuan`, `jp`.`jenis_permohonan`, `ip`.`instansi_pendidikan`, `pr`.`prodi`
FROM `t_penempatan_magang` as `pn`
LEFT JOIN `m_mahasiswa` as `mhs` ON `mhs`.`id_mahasiswa` = `pn`.`id_mahasiswa`
LEFT JOIN `m_bidang` as `bd` ON `bd`.`id_bidang` = `pn`.`id_bidang`
LEFT JOIN `t_persetujuan_magang` as `ps` ON `ps`.`id_persetujuan_magang` = `pn`.`id_persetujuan_magang`
LEFT JOIN `t_permohonan_magang` as `pm` ON `pm`.`id_permohonan_magang` = `ps`.`id_permohonan_magang`
LEFT JOIN `m_jenis_permohonan` as `jp` ON `jp`.`id_jenis_permohonan` = `pm`.`id_jenis_permohonan`
LEFT JOIN `t_instansi_mahasiswa` as `im` ON `im`.`id_instansi_mahasiswa` = `pm`.`id_instansi_mahasiswa`
LEFT JOIN `m_instansi_pendidikan` as `ip` ON `ip`.`id_instansi_pendidikan` = `im`.`id_instansi_pendidikan`
LEFT JOIN `m_prodi` as `pr` ON `pr`.`id_prodi` = `im`.`id_prodi`
WHERE `pn`.`id_bidang` = :pn.id_bidang:
ORDER BY `pn`.`created_at` DESC', [...], false)
 2 APPPATH\Models\Kabid\M_Penempatan.php(89): CodeIgniter\Database\BaseBuilder->get()
 3 APPPATH\Controllers\Kabid\C_DashboardKabid.php(92): App\Models\Kabid\M_Penempatan->getSemuaPenempatan('5')
 4 SYSTEMPATH\CodeIgniter.php(974): App\Controllers\Kabid\C_DashboardKabid->index()
 5 SYSTEMPATH\CodeIgniter.php(520): CodeIgniter\CodeIgniter->runController(Object(App\Controllers\Kabid\C_DashboardKabid))
 6 SYSTEMPATH\CodeIgniter.php(363): CodeIgniter\CodeIgniter->handleRequest(null, Object(Config\Cache), false)
 7 SYSTEMPATH\Boot.php(417): CodeIgniter\CodeIgniter->run()
 8 SYSTEMPATH\Boot.php(68): CodeIgniter\Boot::runCodeIgniter(Object(CodeIgniter\CodeIgniter))
 9 FCPATH\index.php(59): CodeIgniter\Boot::bootWeb(Object(Config\Paths))
10 SYSTEMPATH\rewrite.php(44): require_once('C:\\Users\\lenovo\\Downloads\\Projectmagang_antigravity\\public\\index.php')
CRITICAL - 2026-07-26 14:40:29 --> [Caused by] CodeIgniter\Database\Exceptions\DatabaseException: Unknown column 'mhs.foto_profil' in 'field list'
in SYSTEMPATH\Database\MySQLi\Connection.php on line 310.
 1 SYSTEMPATH\Database\BaseConnection.php(908): CodeIgniter\Database\MySQLi\Connection->execute('SELECT `pn`.`id_penempatan_magang`, `pn`.`id_bidang`, `pn`.`id_persetujuan_magang`, `pm`.`id_permohonan_magang`, `pn`.`id_mahasiswa`, `pn`.`catatan`, `pn`.`status_penempatan`, `pn`.`is_log_book`, `pn`.`created_at`, `mhs`.`nim`, `mhs`.`nik`, `mhs`.`nama_mahasiswa`, `mhs`.`jenis_kelamin`, `mhs`.`email`, `mhs`.`no_telp`, `mhs`.`foto_profil`, `im`.`semester`, `bd`.`bidang`, `pm`.`deskripsi_keahlian`, `pm`.`deskripsi_magang`, `pm`.`tgl_mulai`, `pm`.`tgl_selesai`, `pm`.`created_at` as `tgl_pengajuan`, `jp`.`jenis_permohonan`, `ip`.`instansi_pendidikan`, `pr`.`prodi`
FROM `t_penempatan_magang` as `pn`
LEFT JOIN `m_mahasiswa` as `mhs` ON `mhs`.`id_mahasiswa` = `pn`.`id_mahasiswa`
LEFT JOIN `m_bidang` as `bd` ON `bd`.`id_bidang` = `pn`.`id_bidang`
LEFT JOIN `t_persetujuan_magang` as `ps` ON `ps`.`id_persetujuan_magang` = `pn`.`id_persetujuan_magang`
LEFT JOIN `t_permohonan_magang` as `pm` ON `pm`.`id_permohonan_magang` = `ps`.`id_permohonan_magang`
LEFT JOIN `m_jenis_permohonan` as `jp` ON `jp`.`id_jenis_permohonan` = `pm`.`id_jenis_permohonan`
LEFT JOIN `t_instansi_mahasiswa` as `im` ON `im`.`id_instansi_mahasiswa` = `pm`.`id_instansi_mahasiswa`
LEFT JOIN `m_instansi_pendidikan` as `ip` ON `ip`.`id_instansi_pendidikan` = `im`.`id_instansi_pendidikan`
LEFT JOIN `m_prodi` as `pr` ON `pr`.`id_prodi` = `im`.`id_prodi`
WHERE `pn`.`id_bidang` = \'5\'
ORDER BY `pn`.`created_at` DESC')
 2 SYSTEMPATH\Database\BaseConnection.php(825): CodeIgniter\Database\BaseConnection->simpleQuery('SELECT `pn`.`id_penempatan_magang`, `pn`.`id_bidang`, `pn`.`id_persetujuan_magang`, `pm`.`id_permohonan_magang`, `pn`.`id_mahasiswa`, `pn`.`catatan`, `pn`.`status_penempatan`, `pn`.`is_log_book`, `pn`.`created_at`, `mhs`.`nim`, `mhs`.`nik`, `mhs`.`nama_mahasiswa`, `mhs`.`jenis_kelamin`, `mhs`.`email`, `mhs`.`no_telp`, `mhs`.`foto_profil`, `im`.`semester`, `bd`.`bidang`, `pm`.`deskripsi_keahlian`, `pm`.`deskripsi_magang`, `pm`.`tgl_mulai`, `pm`.`tgl_selesai`, `pm`.`created_at` as `tgl_pengajuan`, `jp`.`jenis_permohonan`, `ip`.`instansi_pendidikan`, `pr`.`prodi`
FROM `t_penempatan_magang` as `pn`
LEFT JOIN `m_mahasiswa` as `mhs` ON `mhs`.`id_mahasiswa` = `pn`.`id_mahasiswa`
LEFT JOIN `m_bidang` as `bd` ON `bd`.`id_bidang` = `pn`.`id_bidang`
LEFT JOIN `t_persetujuan_magang` as `ps` ON `ps`.`id_persetujuan_magang` = `pn`.`id_persetujuan_magang`
LEFT JOIN `t_permohonan_magang` as `pm` ON `pm`.`id_permohonan_magang` = `ps`.`id_permohonan_magang`
LEFT JOIN `m_jenis_permohonan` as `jp` ON `jp`.`id_jenis_permohonan` = `pm`.`id_jenis_permohonan`
LEFT JOIN `t_instansi_mahasiswa` as `im` ON `im`.`id_instansi_mahasiswa` = `pm`.`id_instansi_mahasiswa`
LEFT JOIN `m_instansi_pendidikan` as `ip` ON `ip`.`id_instansi_pendidikan` = `im`.`id_instansi_pendidikan`
LEFT JOIN `m_prodi` as `pr` ON `pr`.`id_prodi` = `im`.`id_prodi`
WHERE `pn`.`id_bidang` = \'5\'
ORDER BY `pn`.`created_at` DESC')
 3 SYSTEMPATH\Database\BaseBuilder.php(1647): CodeIgniter\Database\BaseConnection->query('SELECT `pn`.`id_penempatan_magang`, `pn`.`id_bidang`, `pn`.`id_persetujuan_magang`, `pm`.`id_permohonan_magang`, `pn`.`id_mahasiswa`, `pn`.`catatan`, `pn`.`status_penempatan`, `pn`.`is_log_book`, `pn`.`created_at`, `mhs`.`nim`, `mhs`.`nik`, `mhs`.`nama_mahasiswa`, `mhs`.`jenis_kelamin`, `mhs`.`email`, `mhs`.`no_telp`, `mhs`.`foto_profil`, `im`.`semester`, `bd`.`bidang`, `pm`.`deskripsi_keahlian`, `pm`.`deskripsi_magang`, `pm`.`tgl_mulai`, `pm`.`tgl_selesai`, `pm`.`created_at` as `tgl_pengajuan`, `jp`.`jenis_permohonan`, `ip`.`instansi_pendidikan`, `pr`.`prodi`
FROM `t_penempatan_magang` as `pn`
LEFT JOIN `m_mahasiswa` as `mhs` ON `mhs`.`id_mahasiswa` = `pn`.`id_mahasiswa`
LEFT JOIN `m_bidang` as `bd` ON `bd`.`id_bidang` = `pn`.`id_bidang`
LEFT JOIN `t_persetujuan_magang` as `ps` ON `ps`.`id_persetujuan_magang` = `pn`.`id_persetujuan_magang`
LEFT JOIN `t_permohonan_magang` as `pm` ON `pm`.`id_permohonan_magang` = `ps`.`id_permohonan_magang`
LEFT JOIN `m_jenis_permohonan` as `jp` ON `jp`.`id_jenis_permohonan` = `pm`.`id_jenis_permohonan`
LEFT JOIN `t_instansi_mahasiswa` as `im` ON `im`.`id_instansi_mahasiswa` = `pm`.`id_instansi_mahasiswa`
LEFT JOIN `m_instansi_pendidikan` as `ip` ON `ip`.`id_instansi_pendidikan` = `im`.`id_instansi_pendidikan`
LEFT JOIN `m_prodi` as `pr` ON `pr`.`id_prodi` = `im`.`id_prodi`
WHERE `pn`.`id_bidang` = :pn.id_bidang:
ORDER BY `pn`.`created_at` DESC', [...], false)
 4 APPPATH\Models\Kabid\M_Penempatan.php(89): CodeIgniter\Database\BaseBuilder->get()
 5 APPPATH\Controllers\Kabid\C_DashboardKabid.php(92): App\Models\Kabid\M_Penempatan->getSemuaPenempatan('5')
 6 SYSTEMPATH\CodeIgniter.php(974): App\Controllers\Kabid\C_DashboardKabid->index()
 7 SYSTEMPATH\CodeIgniter.php(520): CodeIgniter\CodeIgniter->runController(Object(App\Controllers\Kabid\C_DashboardKabid))
 8 SYSTEMPATH\CodeIgniter.php(363): CodeIgniter\CodeIgniter->handleRequest(null, Object(Config\Cache), false)
 9 SYSTEMPATH\Boot.php(417): CodeIgniter\CodeIgniter->run()
10 SYSTEMPATH\Boot.php(68): CodeIgniter\Boot::runCodeIgniter(Object(CodeIgniter\CodeIgniter))
11 FCPATH\index.php(59): CodeIgniter\Boot::bootWeb(Object(Config\Paths))
12 SYSTEMPATH\rewrite.php(44): require_once('C:\\Users\\lenovo\\Downloads\\Projectmagang_antigravity\\public\\index.php')
CRITICAL - 2026-07-26 14:40:29 --> [Caused by] mysqli_sql_exception: Unknown column 'mhs.foto_profil' in 'field list'
in SYSTEMPATH\Database\MySQLi\Connection.php on line 300.
 1 SYSTEMPATH\Database\MySQLi\Connection.php(300): mysqli->query('SELECT `pn`.`id_penempatan_magang`, `pn`.`id_bidang`, `pn`.`id_persetujuan_magang`, `pm`.`id_permohonan_magang`, `pn`.`id_mahasiswa`, `pn`.`catatan`, `pn`.`status_penempatan`, `pn`.`is_log_book`, `pn`.`created_at`, `mhs`.`nim`, `mhs`.`nik`, `mhs`.`nama_mahasiswa`, `mhs`.`jenis_kelamin`, `mhs`.`email`, `mhs`.`no_telp`, `mhs`.`foto_profil`, `im`.`semester`, `bd`.`bidang`, `pm`.`deskripsi_keahlian`, `pm`.`deskripsi_magang`, `pm`.`tgl_mulai`, `pm`.`tgl_selesai`, `pm`.`created_at` as `tgl_pengajuan`, `jp`.`jenis_permohonan`, `ip`.`instansi_pendidikan`, `pr`.`prodi`
FROM `t_penempatan_magang` as `pn`
LEFT JOIN `m_mahasiswa` as `mhs` ON `mhs`.`id_mahasiswa` = `pn`.`id_mahasiswa`
LEFT JOIN `m_bidang` as `bd` ON `bd`.`id_bidang` = `pn`.`id_bidang`
LEFT JOIN `t_persetujuan_magang` as `ps` ON `ps`.`id_persetujuan_magang` = `pn`.`id_persetujuan_magang`
LEFT JOIN `t_permohonan_magang` as `pm` ON `pm`.`id_permohonan_magang` = `ps`.`id_permohonan_magang`
LEFT JOIN `m_jenis_permohonan` as `jp` ON `jp`.`id_jenis_permohonan` = `pm`.`id_jenis_permohonan`
LEFT JOIN `t_instansi_mahasiswa` as `im` ON `im`.`id_instansi_mahasiswa` = `pm`.`id_instansi_mahasiswa`
LEFT JOIN `m_instansi_pendidikan` as `ip` ON `ip`.`id_instansi_pendidikan` = `im`.`id_instansi_pendidikan`
LEFT JOIN `m_prodi` as `pr` ON `pr`.`id_prodi` = `im`.`id_prodi`
WHERE `pn`.`id_bidang` = \'5\'
ORDER BY `pn`.`created_at` DESC', 0)
 2 SYSTEMPATH\Database\BaseConnection.php(908): CodeIgniter\Database\MySQLi\Connection->execute('SELECT `pn`.`id_penempatan_magang`, `pn`.`id_bidang`, `pn`.`id_persetujuan_magang`, `pm`.`id_permohonan_magang`, `pn`.`id_mahasiswa`, `pn`.`catatan`, `pn`.`status_penempatan`, `pn`.`is_log_book`, `pn`.`created_at`, `mhs`.`nim`, `mhs`.`nik`, `mhs`.`nama_mahasiswa`, `mhs`.`jenis_kelamin`, `mhs`.`email`, `mhs`.`no_telp`, `mhs`.`foto_profil`, `im`.`semester`, `bd`.`bidang`, `pm`.`deskripsi_keahlian`, `pm`.`deskripsi_magang`, `pm`.`tgl_mulai`, `pm`.`tgl_selesai`, `pm`.`created_at` as `tgl_pengajuan`, `jp`.`jenis_permohonan`, `ip`.`instansi_pendidikan`, `pr`.`prodi`
FROM `t_penempatan_magang` as `pn`
LEFT JOIN `m_mahasiswa` as `mhs` ON `mhs`.`id_mahasiswa` = `pn`.`id_mahasiswa`
LEFT JOIN `m_bidang` as `bd` ON `bd`.`id_bidang` = `pn`.`id_bidang`
LEFT JOIN `t_persetujuan_magang` as `ps` ON `ps`.`id_persetujuan_magang` = `pn`.`id_persetujuan_magang`
LEFT JOIN `t_permohonan_magang` as `pm` ON `pm`.`id_permohonan_magang` = `ps`.`id_permohonan_magang`
LEFT JOIN `m_jenis_permohonan` as `jp` ON `jp`.`id_jenis_permohonan` = `pm`.`id_jenis_permohonan`
LEFT JOIN `t_instansi_mahasiswa` as `im` ON `im`.`id_instansi_mahasiswa` = `pm`.`id_instansi_mahasiswa`
LEFT JOIN `m_instansi_pendidikan` as `ip` ON `ip`.`id_instansi_pendidikan` = `im`.`id_instansi_pendidikan`
LEFT JOIN `m_prodi` as `pr` ON `pr`.`id_prodi` = `im`.`id_prodi`
WHERE `pn`.`id_bidang` = \'5\'
ORDER BY `pn`.`created_at` DESC')
 3 SYSTEMPATH\Database\BaseConnection.php(825): CodeIgniter\Database\BaseConnection->simpleQuery('SELECT `pn`.`id_penempatan_magang`, `pn`.`id_bidang`, `pn`.`id_persetujuan_magang`, `pm`.`id_permohonan_magang`, `pn`.`id_mahasiswa`, `pn`.`catatan`, `pn`.`status_penempatan`, `pn`.`is_log_book`, `pn`.`created_at`, `mhs`.`nim`, `mhs`.`nik`, `mhs`.`nama_mahasiswa`, `mhs`.`jenis_kelamin`, `mhs`.`email`, `mhs`.`no_telp`, `mhs`.`foto_profil`, `im`.`semester`, `bd`.`bidang`, `pm`.`deskripsi_keahlian`, `pm`.`deskripsi_magang`, `pm`.`tgl_mulai`, `pm`.`tgl_selesai`, `pm`.`created_at` as `tgl_pengajuan`, `jp`.`jenis_permohonan`, `ip`.`instansi_pendidikan`, `pr`.`prodi`
FROM `t_penempatan_magang` as `pn`
LEFT JOIN `m_mahasiswa` as `mhs` ON `mhs`.`id_mahasiswa` = `pn`.`id_mahasiswa`
LEFT JOIN `m_bidang` as `bd` ON `bd`.`id_bidang` = `pn`.`id_bidang`
LEFT JOIN `t_persetujuan_magang` as `ps` ON `ps`.`id_persetujuan_magang` = `pn`.`id_persetujuan_magang`
LEFT JOIN `t_permohonan_magang` as `pm` ON `pm`.`id_permohonan_magang` = `ps`.`id_permohonan_magang`
LEFT JOIN `m_jenis_permohonan` as `jp` ON `jp`.`id_jenis_permohonan` = `pm`.`id_jenis_permohonan`
LEFT JOIN `t_instansi_mahasiswa` as `im` ON `im`.`id_instansi_mahasiswa` = `pm`.`id_instansi_mahasiswa`
LEFT JOIN `m_instansi_pendidikan` as `ip` ON `ip`.`id_instansi_pendidikan` = `im`.`id_instansi_pendidikan`
LEFT JOIN `m_prodi` as `pr` ON `pr`.`id_prodi` = `im`.`id_prodi`
WHERE `pn`.`id_bidang` = \'5\'
ORDER BY `pn`.`created_at` DESC')
 4 SYSTEMPATH\Database\BaseBuilder.php(1647): CodeIgniter\Database\BaseConnection->query('SELECT `pn`.`id_penempatan_magang`, `pn`.`id_bidang`, `pn`.`id_persetujuan_magang`, `pm`.`id_permohonan_magang`, `pn`.`id_mahasiswa`, `pn`.`catatan`, `pn`.`status_penempatan`, `pn`.`is_log_book`, `pn`.`created_at`, `mhs`.`nim`, `mhs`.`nik`, `mhs`.`nama_mahasiswa`, `mhs`.`jenis_kelamin`, `mhs`.`email`, `mhs`.`no_telp`, `mhs`.`foto_profil`, `im`.`semester`, `bd`.`bidang`, `pm`.`deskripsi_keahlian`, `pm`.`deskripsi_magang`, `pm`.`tgl_mulai`, `pm`.`tgl_selesai`, `pm`.`created_at` as `tgl_pengajuan`, `jp`.`jenis_permohonan`, `ip`.`instansi_pendidikan`, `pr`.`prodi`
FROM `t_penempatan_magang` as `pn`
LEFT JOIN `m_mahasiswa` as `mhs` ON `mhs`.`id_mahasiswa` = `pn`.`id_mahasiswa`
LEFT JOIN `m_bidang` as `bd` ON `bd`.`id_bidang` = `pn`.`id_bidang`
LEFT JOIN `t_persetujuan_magang` as `ps` ON `ps`.`id_persetujuan_magang` = `pn`.`id_persetujuan_magang`
LEFT JOIN `t_permohonan_magang` as `pm` ON `pm`.`id_permohonan_magang` = `ps`.`id_permohonan_magang`
LEFT JOIN `m_jenis_permohonan` as `jp` ON `jp`.`id_jenis_permohonan` = `pm`.`id_jenis_permohonan`
LEFT JOIN `t_instansi_mahasiswa` as `im` ON `im`.`id_instansi_mahasiswa` = `pm`.`id_instansi_mahasiswa`
LEFT JOIN `m_instansi_pendidikan` as `ip` ON `ip`.`id_instansi_pendidikan` = `im`.`id_instansi_pendidikan`
LEFT JOIN `m_prodi` as `pr` ON `pr`.`id_prodi` = `im`.`id_prodi`
WHERE `pn`.`id_bidang` = :pn.id_bidang:
ORDER BY `pn`.`created_at` DESC', [...], false)
 5 APPPATH\Models\Kabid\M_Penempatan.php(89): CodeIgniter\Database\BaseBuilder->get()
 6 APPPATH\Controllers\Kabid\C_DashboardKabid.php(92): App\Models\Kabid\M_Penempatan->getSemuaPenempatan('5')
 7 SYSTEMPATH\CodeIgniter.php(974): App\Controllers\Kabid\C_DashboardKabid->index()
 8 SYSTEMPATH\CodeIgniter.php(520): CodeIgniter\CodeIgniter->runController(Object(App\Controllers\Kabid\C_DashboardKabid))
 9 SYSTEMPATH\CodeIgniter.php(363): CodeIgniter\CodeIgniter->handleRequest(null, Object(Config\Cache), false)
10 SYSTEMPATH\Boot.php(417): CodeIgniter\CodeIgniter->run()
11 SYSTEMPATH\Boot.php(68): CodeIgniter\Boot::runCodeIgniter(Object(CodeIgniter\CodeIgniter))
12 FCPATH\index.php(59): CodeIgniter\Boot::bootWeb(Object(Config\Paths))
13 SYSTEMPATH\rewrite.php(44): require_once('C:\\Users\\lenovo\\Downloads\\Projectmagang_antigravity\\public\\index.php')
DEBUG - 2026-07-26 14:40:46 --> Session: Class initialized using 'CodeIgniter\Session\Handlers\FileHandler' driver.
DEBUG - 2026-07-26 14:40:46 --> Session: Class initialized using 'CodeIgniter\Session\Handlers\FileHandler' driver.
ERROR - 2026-07-26 14:40:46 --> Unknown column 'mhs.foto_profil' in 'field list'
in SYSTEMPATH\Database\MySQLi\Connection.php on line 300.
 1 SYSTEMPATH\Database\MySQLi\Connection.php(300): mysqli->query('SELECT `pn`.`id_penempatan_magang`, `pn`.`id_bidang`, `pn`.`id_persetujuan_magang`, `pm`.`id_permohonan_magang`, `pn`.`id_mahasiswa`, `pn`.`catatan`, `pn`.`status_penempatan`, `pn`.`is_log_book`, `pn`.`created_at`, `mhs`.`nim`, `mhs`.`nik`, `mhs`.`nama_mahasiswa`, `mhs`.`jenis_kelamin`, `mhs`.`email`, `mhs`.`no_telp`, `mhs`.`foto_profil`, `im`.`semester`, `bd`.`bidang`, `pm`.`deskripsi_keahlian`, `pm`.`deskripsi_magang`, `pm`.`tgl_mulai`, `pm`.`tgl_selesai`, `pm`.`created_at` as `tgl_pengajuan`, `jp`.`jenis_permohonan`, `ip`.`instansi_pendidikan`, `pr`.`prodi`
FROM `t_penempatan_magang` as `pn`
LEFT JOIN `m_mahasiswa` as `mhs` ON `mhs`.`id_mahasiswa` = `pn`.`id_mahasiswa`
LEFT JOIN `m_bidang` as `bd` ON `bd`.`id_bidang` = `pn`.`id_bidang`
LEFT JOIN `t_persetujuan_magang` as `ps` ON `ps`.`id_persetujuan_magang` = `pn`.`id_persetujuan_magang`
LEFT JOIN `t_permohonan_magang` as `pm` ON `pm`.`id_permohonan_magang` = `ps`.`id_permohonan_magang`
LEFT JOIN `m_jenis_permohonan` as `jp` ON `jp`.`id_jenis_permohonan` = `pm`.`id_jenis_permohonan`
LEFT JOIN `t_instansi_mahasiswa` as `im` ON `im`.`id_instansi_mahasiswa` = `pm`.`id_instansi_mahasiswa`
LEFT JOIN `m_instansi_pendidikan` as `ip` ON `ip`.`id_instansi_pendidikan` = `im`.`id_instansi_pendidikan`
LEFT JOIN `m_prodi` as `pr` ON `pr`.`id_prodi` = `im`.`id_prodi`
WHERE `pn`.`id_bidang` = \'5\'
ORDER BY `pn`.`created_at` DESC', 0)
 2 SYSTEMPATH\Database\BaseConnection.php(908): CodeIgniter\Database\MySQLi\Connection->execute('SELECT `pn`.`id_penempatan_magang`, `pn`.`id_bidang`, `pn`.`id_persetujuan_magang`, `pm`.`id_permohonan_magang`, `pn`.`id_mahasiswa`, `pn`.`catatan`, `pn`.`status_penempatan`, `pn`.`is_log_book`, `pn`.`created_at`, `mhs`.`nim`, `mhs`.`nik`, `mhs`.`nama_mahasiswa`, `mhs`.`jenis_kelamin`, `mhs`.`email`, `mhs`.`no_telp`, `mhs`.`foto_profil`, `im`.`semester`, `bd`.`bidang`, `pm`.`deskripsi_keahlian`, `pm`.`deskripsi_magang`, `pm`.`tgl_mulai`, `pm`.`tgl_selesai`, `pm`.`created_at` as `tgl_pengajuan`, `jp`.`jenis_permohonan`, `ip`.`instansi_pendidikan`, `pr`.`prodi`
FROM `t_penempatan_magang` as `pn`
LEFT JOIN `m_mahasiswa` as `mhs` ON `mhs`.`id_mahasiswa` = `pn`.`id_mahasiswa`
LEFT JOIN `m_bidang` as `bd` ON `bd`.`id_bidang` = `pn`.`id_bidang`
LEFT JOIN `t_persetujuan_magang` as `ps` ON `ps`.`id_persetujuan_magang` = `pn`.`id_persetujuan_magang`
LEFT JOIN `t_permohonan_magang` as `pm` ON `pm`.`id_permohonan_magang` = `ps`.`id_permohonan_magang`
LEFT JOIN `m_jenis_permohonan` as `jp` ON `jp`.`id_jenis_permohonan` = `pm`.`id_jenis_permohonan`
LEFT JOIN `t_instansi_mahasiswa` as `im` ON `im`.`id_instansi_mahasiswa` = `pm`.`id_instansi_mahasiswa`
LEFT JOIN `m_instansi_pendidikan` as `ip` ON `ip`.`id_instansi_pendidikan` = `im`.`id_instansi_pendidikan`
LEFT JOIN `m_prodi` as `pr` ON `pr`.`id_prodi` = `im`.`id_prodi`
WHERE `pn`.`id_bidang` = \'5\'
ORDER BY `pn`.`created_at` DESC')
 3 SYSTEMPATH\Database\BaseConnection.php(825): CodeIgniter\Database\BaseConnection->simpleQuery('SELECT `pn`.`id_penempatan_magang`, `pn`.`id_bidang`, `pn`.`id_persetujuan_magang`, `pm`.`id_permohonan_magang`, `pn`.`id_mahasiswa`, `pn`.`catatan`, `pn`.`status_penempatan`, `pn`.`is_log_book`, `pn`.`created_at`, `mhs`.`nim`, `mhs`.`nik`, `mhs`.`nama_mahasiswa`, `mhs`.`jenis_kelamin`, `mhs`.`email`, `mhs`.`no_telp`, `mhs`.`foto_profil`, `im`.`semester`, `bd`.`bidang`, `pm`.`deskripsi_keahlian`, `pm`.`deskripsi_magang`, `pm`.`tgl_mulai`, `pm`.`tgl_selesai`, `pm`.`created_at` as `tgl_pengajuan`, `jp`.`jenis_permohonan`, `ip`.`instansi_pendidikan`, `pr`.`prodi`
FROM `t_penempatan_magang` as `pn`
LEFT JOIN `m_mahasiswa` as `mhs` ON `mhs`.`id_mahasiswa` = `pn`.`id_mahasiswa`
LEFT JOIN `m_bidang` as `bd` ON `bd`.`id_bidang` = `pn`.`id_bidang`
LEFT JOIN `t_persetujuan_magang` as `ps` ON `ps`.`id_persetujuan_magang` = `pn`.`id_persetujuan_magang`
LEFT JOIN `t_permohonan_magang` as `pm` ON `pm`.`id_permohonan_magang` = `ps`.`id_permohonan_magang`
LEFT JOIN `m_jenis_permohonan` as `jp` ON `jp`.`id_jenis_permohonan` = `pm`.`id_jenis_permohonan`
LEFT JOIN `t_instansi_mahasiswa` as `im` ON `im`.`id_instansi_mahasiswa` = `pm`.`id_instansi_mahasiswa`
LEFT JOIN `m_instansi_pendidikan` as `ip` ON `ip`.`id_instansi_pendidikan` = `im`.`id_instansi_pendidikan`
LEFT JOIN `m_prodi` as `pr` ON `pr`.`id_prodi` = `im`.`id_prodi`
WHERE `pn`.`id_bidang` = \'5\'
ORDER BY `pn`.`created_at` DESC')
 4 SYSTEMPATH\Database\BaseBuilder.php(1647): CodeIgniter\Database\BaseConnection->query('SELECT `pn`.`id_penempatan_magang`, `pn`.`id_bidang`, `pn`.`id_persetujuan_magang`, `pm`.`id_permohonan_magang`, `pn`.`id_mahasiswa`, `pn`.`catatan`, `pn`.`status_penempatan`, `pn`.`is_log_book`, `pn`.`created_at`, `mhs`.`nim`, `mhs`.`nik`, `mhs`.`nama_mahasiswa`, `mhs`.`jenis_kelamin`, `mhs`.`email`, `mhs`.`no_telp`, `mhs`.`foto_profil`, `im`.`semester`, `bd`.`bidang`, `pm`.`deskripsi_keahlian`, `pm`.`deskripsi_magang`, `pm`.`tgl_mulai`, `pm`.`tgl_selesai`, `pm`.`created_at` as `tgl_pengajuan`, `jp`.`jenis_permohonan`, `ip`.`instansi_pendidikan`, `pr`.`prodi`
FROM `t_penempatan_magang` as `pn`
LEFT JOIN `m_mahasiswa` as `mhs` ON `mhs`.`id_mahasiswa` = `pn`.`id_mahasiswa`
LEFT JOIN `m_bidang` as `bd` ON `bd`.`id_bidang` = `pn`.`id_bidang`
LEFT JOIN `t_persetujuan_magang` as `ps` ON `ps`.`id_persetujuan_magang` = `pn`.`id_persetujuan_magang`
LEFT JOIN `t_permohonan_magang` as `pm` ON `pm`.`id_permohonan_magang` = `ps`.`id_permohonan_magang`
LEFT JOIN `m_jenis_permohonan` as `jp` ON `jp`.`id_jenis_permohonan` = `pm`.`id_jenis_permohonan`
LEFT JOIN `t_instansi_mahasiswa` as `im` ON `im`.`id_instansi_mahasiswa` = `pm`.`id_instansi_mahasiswa`
LEFT JOIN `m_instansi_pendidikan` as `ip` ON `ip`.`id_instansi_pendidikan` = `im`.`id_instansi_pendidikan`
LEFT JOIN `m_prodi` as `pr` ON `pr`.`id_prodi` = `im`.`id_prodi`
WHERE `pn`.`id_bidang` = :pn.id_bidang:
ORDER BY `pn`.`created_at` DESC', [...], false)
 5 APPPATH\Models\Kabid\M_Penempatan.php(89): CodeIgniter\Database\BaseBuilder->get()
 6 APPPATH\Controllers\Kabid\C_DashboardKabid.php(92): App\Models\Kabid\M_Penempatan->getSemuaPenempatan('5')
 7 SYSTEMPATH\CodeIgniter.php(974): App\Controllers\Kabid\C_DashboardKabid->index()
 8 SYSTEMPATH\CodeIgniter.php(520): CodeIgniter\CodeIgniter->runController(Object(App\Controllers\Kabid\C_DashboardKabid))
 9 SYSTEMPATH\CodeIgniter.php(363): CodeIgniter\CodeIgniter->handleRequest(null, Object(Config\Cache), false)
10 SYSTEMPATH\Boot.php(417): CodeIgniter\CodeIgniter->run()
11 SYSTEMPATH\Boot.php(68): CodeIgniter\Boot::runCodeIgniter(Object(CodeIgniter\CodeIgniter))
12 FCPATH\index.php(59): CodeIgniter\Boot::bootWeb(Object(Config\Paths))
13 SYSTEMPATH\rewrite.php(44): require_once('C:\\Users\\lenovo\\Downloads\\Projectmagang_antigravity\\public\\index.php')
CRITICAL - 2026-07-26 14:40:46 --> CodeIgniter\Database\Exceptions\DatabaseException: Unknown column 'mhs.foto_profil' in 'field list'
[Method: GET, Route: kabid/dashboard]
in SYSTEMPATH\Database\BaseConnection.php on line 863.
 1 SYSTEMPATH\Database\BaseBuilder.php(1647): CodeIgniter\Database\BaseConnection->query('SELECT `pn`.`id_penempatan_magang`, `pn`.`id_bidang`, `pn`.`id_persetujuan_magang`, `pm`.`id_permohonan_magang`, `pn`.`id_mahasiswa`, `pn`.`catatan`, `pn`.`status_penempatan`, `pn`.`is_log_book`, `pn`.`created_at`, `mhs`.`nim`, `mhs`.`nik`, `mhs`.`nama_mahasiswa`, `mhs`.`jenis_kelamin`, `mhs`.`email`, `mhs`.`no_telp`, `mhs`.`foto_profil`, `im`.`semester`, `bd`.`bidang`, `pm`.`deskripsi_keahlian`, `pm`.`deskripsi_magang`, `pm`.`tgl_mulai`, `pm`.`tgl_selesai`, `pm`.`created_at` as `tgl_pengajuan`, `jp`.`jenis_permohonan`, `ip`.`instansi_pendidikan`, `pr`.`prodi`
FROM `t_penempatan_magang` as `pn`
LEFT JOIN `m_mahasiswa` as `mhs` ON `mhs`.`id_mahasiswa` = `pn`.`id_mahasiswa`
LEFT JOIN `m_bidang` as `bd` ON `bd`.`id_bidang` = `pn`.`id_bidang`
LEFT JOIN `t_persetujuan_magang` as `ps` ON `ps`.`id_persetujuan_magang` = `pn`.`id_persetujuan_magang`
LEFT JOIN `t_permohonan_magang` as `pm` ON `pm`.`id_permohonan_magang` = `ps`.`id_permohonan_magang`
LEFT JOIN `m_jenis_permohonan` as `jp` ON `jp`.`id_jenis_permohonan` = `pm`.`id_jenis_permohonan`
LEFT JOIN `t_instansi_mahasiswa` as `im` ON `im`.`id_instansi_mahasiswa` = `pm`.`id_instansi_mahasiswa`
LEFT JOIN `m_instansi_pendidikan` as `ip` ON `ip`.`id_instansi_pendidikan` = `im`.`id_instansi_pendidikan`
LEFT JOIN `m_prodi` as `pr` ON `pr`.`id_prodi` = `im`.`id_prodi`
WHERE `pn`.`id_bidang` = :pn.id_bidang:
ORDER BY `pn`.`created_at` DESC', [...], false)
 2 APPPATH\Models\Kabid\M_Penempatan.php(89): CodeIgniter\Database\BaseBuilder->get()
 3 APPPATH\Controllers\Kabid\C_DashboardKabid.php(92): App\Models\Kabid\M_Penempatan->getSemuaPenempatan('5')
 4 SYSTEMPATH\CodeIgniter.php(974): App\Controllers\Kabid\C_DashboardKabid->index()
 5 SYSTEMPATH\CodeIgniter.php(520): CodeIgniter\CodeIgniter->runController(Object(App\Controllers\Kabid\C_DashboardKabid))
 6 SYSTEMPATH\CodeIgniter.php(363): CodeIgniter\CodeIgniter->handleRequest(null, Object(Config\Cache), false)
 7 SYSTEMPATH\Boot.php(417): CodeIgniter\CodeIgniter->run()
 8 SYSTEMPATH\Boot.php(68): CodeIgniter\Boot::runCodeIgniter(Object(CodeIgniter\CodeIgniter))
 9 FCPATH\index.php(59): CodeIgniter\Boot::bootWeb(Object(Config\Paths))
10 SYSTEMPATH\rewrite.php(44): require_once('C:\\Users\\lenovo\\Downloads\\Projectmagang_antigravity\\public\\index.php')
CRITICAL - 2026-07-26 14:40:46 --> [Caused by] CodeIgniter\Database\Exceptions\DatabaseException: Unknown column 'mhs.foto_profil' in 'field list'
in SYSTEMPATH\Database\MySQLi\Connection.php on line 310.
 1 SYSTEMPATH\Database\BaseConnection.php(908): CodeIgniter\Database\MySQLi\Connection->execute('SELECT `pn`.`id_penempatan_magang`, `pn`.`id_bidang`, `pn`.`id_persetujuan_magang`, `pm`.`id_permohonan_magang`, `pn`.`id_mahasiswa`, `pn`.`catatan`, `pn`.`status_penempatan`, `pn`.`is_log_book`, `pn`.`created_at`, `mhs`.`nim`, `mhs`.`nik`, `mhs`.`nama_mahasiswa`, `mhs`.`jenis_kelamin`, `mhs`.`email`, `mhs`.`no_telp`, `mhs`.`foto_profil`, `im`.`semester`, `bd`.`bidang`, `pm`.`deskripsi_keahlian`, `pm`.`deskripsi_magang`, `pm`.`tgl_mulai`, `pm`.`tgl_selesai`, `pm`.`created_at` as `tgl_pengajuan`, `jp`.`jenis_permohonan`, `ip`.`instansi_pendidikan`, `pr`.`prodi`
FROM `t_penempatan_magang` as `pn`
LEFT JOIN `m_mahasiswa` as `mhs` ON `mhs`.`id_mahasiswa` = `pn`.`id_mahasiswa`
LEFT JOIN `m_bidang` as `bd` ON `bd`.`id_bidang` = `pn`.`id_bidang`
LEFT JOIN `t_persetujuan_magang` as `ps` ON `ps`.`id_persetujuan_magang` = `pn`.`id_persetujuan_magang`
LEFT JOIN `t_permohonan_magang` as `pm` ON `pm`.`id_permohonan_magang` = `ps`.`id_permohonan_magang`
LEFT JOIN `m_jenis_permohonan` as `jp` ON `jp`.`id_jenis_permohonan` = `pm`.`id_jenis_permohonan`
LEFT JOIN `t_instansi_mahasiswa` as `im` ON `im`.`id_instansi_mahasiswa` = `pm`.`id_instansi_mahasiswa`
LEFT JOIN `m_instansi_pendidikan` as `ip` ON `ip`.`id_instansi_pendidikan` = `im`.`id_instansi_pendidikan`
LEFT JOIN `m_prodi` as `pr` ON `pr`.`id_prodi` = `im`.`id_prodi`
WHERE `pn`.`id_bidang` = \'5\'
ORDER BY `pn`.`created_at` DESC')
 2 SYSTEMPATH\Database\BaseConnection.php(825): CodeIgniter\Database\BaseConnection->simpleQuery('SELECT `pn`.`id_penempatan_magang`, `pn`.`id_bidang`, `pn`.`id_persetujuan_magang`, `pm`.`id_permohonan_magang`, `pn`.`id_mahasiswa`, `pn`.`catatan`, `pn`.`status_penempatan`, `pn`.`is_log_book`, `pn`.`created_at`, `mhs`.`nim`, `mhs`.`nik`, `mhs`.`nama_mahasiswa`, `mhs`.`jenis_kelamin`, `mhs`.`email`, `mhs`.`no_telp`, `mhs`.`foto_profil`, `im`.`semester`, `bd`.`bidang`, `pm`.`deskripsi_keahlian`, `pm`.`deskripsi_magang`, `pm`.`tgl_mulai`, `pm`.`tgl_selesai`, `pm`.`created_at` as `tgl_pengajuan`, `jp`.`jenis_permohonan`, `ip`.`instansi_pendidikan`, `pr`.`prodi`
FROM `t_penempatan_magang` as `pn`
LEFT JOIN `m_mahasiswa` as `mhs` ON `mhs`.`id_mahasiswa` = `pn`.`id_mahasiswa`
LEFT JOIN `m_bidang` as `bd` ON `bd`.`id_bidang` = `pn`.`id_bidang`
LEFT JOIN `t_persetujuan_magang` as `ps` ON `ps`.`id_persetujuan_magang` = `pn`.`id_persetujuan_magang`
LEFT JOIN `t_permohonan_magang` as `pm` ON `pm`.`id_permohonan_magang` = `ps`.`id_permohonan_magang`
LEFT JOIN `m_jenis_permohonan` as `jp` ON `jp`.`id_jenis_permohonan` = `pm`.`id_jenis_permohonan`
LEFT JOIN `t_instansi_mahasiswa` as `im` ON `im`.`id_instansi_mahasiswa` = `pm`.`id_instansi_mahasiswa`
LEFT JOIN `m_instansi_pendidikan` as `ip` ON `ip`.`id_instansi_pendidikan` = `im`.`id_instansi_pendidikan`
LEFT JOIN `m_prodi` as `pr` ON `pr`.`id_prodi` = `im`.`id_prodi`
WHERE `pn`.`id_bidang` = \'5\'
ORDER BY `pn`.`created_at` DESC')
 3 SYSTEMPATH\Database\BaseBuilder.php(1647): CodeIgniter\Database\BaseConnection->query('SELECT `pn`.`id_penempatan_magang`, `pn`.`id_bidang`, `pn`.`id_persetujuan_magang`, `pm`.`id_permohonan_magang`, `pn`.`id_mahasiswa`, `pn`.`catatan`, `pn`.`status_penempatan`, `pn`.`is_log_book`, `pn`.`created_at`, `mhs`.`nim`, `mhs`.`nik`, `mhs`.`nama_mahasiswa`, `mhs`.`jenis_kelamin`, `mhs`.`email`, `mhs`.`no_telp`, `mhs`.`foto_profil`, `im`.`semester`, `bd`.`bidang`, `pm`.`deskripsi_keahlian`, `pm`.`deskripsi_magang`, `pm`.`tgl_mulai`, `pm`.`tgl_selesai`, `pm`.`created_at` as `tgl_pengajuan`, `jp`.`jenis_permohonan`, `ip`.`instansi_pendidikan`, `pr`.`prodi`
FROM `t_penempatan_magang` as `pn`
LEFT JOIN `m_mahasiswa` as `mhs` ON `mhs`.`id_mahasiswa` = `pn`.`id_mahasiswa`
LEFT JOIN `m_bidang` as `bd` ON `bd`.`id_bidang` = `pn`.`id_bidang`
LEFT JOIN `t_persetujuan_magang` as `ps` ON `ps`.`id_persetujuan_magang` = `pn`.`id_persetujuan_magang`
LEFT JOIN `t_permohonan_magang` as `pm` ON `pm`.`id_permohonan_magang` = `ps`.`id_permohonan_magang`
LEFT JOIN `m_jenis_permohonan` as `jp` ON `jp`.`id_jenis_permohonan` = `pm`.`id_jenis_permohonan`
LEFT JOIN `t_instansi_mahasiswa` as `im` ON `im`.`id_instansi_mahasiswa` = `pm`.`id_instansi_mahasiswa`
LEFT JOIN `m_instansi_pendidikan` as `ip` ON `ip`.`id_instansi_pendidikan` = `im`.`id_instansi_pendidikan`
LEFT JOIN `m_prodi` as `pr` ON `pr`.`id_prodi` = `im`.`id_prodi`
WHERE `pn`.`id_bidang` = :pn.id_bidang:
ORDER BY `pn`.`created_at` DESC', [...], false)
 4 APPPATH\Models\Kabid\M_Penempatan.php(89): CodeIgniter\Database\BaseBuilder->get()
 5 APPPATH\Controllers\Kabid\C_DashboardKabid.php(92): App\Models\Kabid\M_Penempatan->getSemuaPenempatan('5')
 6 SYSTEMPATH\CodeIgniter.php(974): App\Controllers\Kabid\C_DashboardKabid->index()
 7 SYSTEMPATH\CodeIgniter.php(520): CodeIgniter\CodeIgniter->runController(Object(App\Controllers\Kabid\C_DashboardKabid))
 8 SYSTEMPATH\CodeIgniter.php(363): CodeIgniter\CodeIgniter->handleRequest(null, Object(Config\Cache), false)
 9 SYSTEMPATH\Boot.php(417): CodeIgniter\CodeIgniter->run()
10 SYSTEMPATH\Boot.php(68): CodeIgniter\Boot::runCodeIgniter(Object(CodeIgniter\CodeIgniter))
11 FCPATH\index.php(59): CodeIgniter\Boot::bootWeb(Object(Config\Paths))
12 SYSTEMPATH\rewrite.php(44): require_once('C:\\Users\\lenovo\\Downloads\\Projectmagang_antigravity\\public\\index.php')
CRITICAL - 2026-07-26 14:40:46 --> [Caused by] mysqli_sql_exception: Unknown column 'mhs.foto_profil' in 'field list'
in SYSTEMPATH\Database\MySQLi\Connection.php on line 300.
 1 SYSTEMPATH\Database\MySQLi\Connection.php(300): mysqli->query('SELECT `pn`.`id_penempatan_magang`, `pn`.`id_bidang`, `pn`.`id_persetujuan_magang`, `pm`.`id_permohonan_magang`, `pn`.`id_mahasiswa`, `pn`.`catatan`, `pn`.`status_penempatan`, `pn`.`is_log_book`, `pn`.`created_at`, `mhs`.`nim`, `mhs`.`nik`, `mhs`.`nama_mahasiswa`, `mhs`.`jenis_kelamin`, `mhs`.`email`, `mhs`.`no_telp`, `mhs`.`foto_profil`, `im`.`semester`, `bd`.`bidang`, `pm`.`deskripsi_keahlian`, `pm`.`deskripsi_magang`, `pm`.`tgl_mulai`, `pm`.`tgl_selesai`, `pm`.`created_at` as `tgl_pengajuan`, `jp`.`jenis_permohonan`, `ip`.`instansi_pendidikan`, `pr`.`prodi`
FROM `t_penempatan_magang` as `pn`
LEFT JOIN `m_mahasiswa` as `mhs` ON `mhs`.`id_mahasiswa` = `pn`.`id_mahasiswa`
LEFT JOIN `m_bidang` as `bd` ON `bd`.`id_bidang` = `pn`.`id_bidang`
LEFT JOIN `t_persetujuan_magang` as `ps` ON `ps`.`id_persetujuan_magang` = `pn`.`id_persetujuan_magang`
LEFT JOIN `t_permohonan_magang` as `pm` ON `pm`.`id_permohonan_magang` = `ps`.`id_permohonan_magang`
LEFT JOIN `m_jenis_permohonan` as `jp` ON `jp`.`id_jenis_permohonan` = `pm`.`id_jenis_permohonan`
LEFT JOIN `t_instansi_mahasiswa` as `im` ON `im`.`id_instansi_mahasiswa` = `pm`.`id_instansi_mahasiswa`
LEFT JOIN `m_instansi_pendidikan` as `ip` ON `ip`.`id_instansi_pendidikan` = `im`.`id_instansi_pendidikan`
LEFT JOIN `m_prodi` as `pr` ON `pr`.`id_prodi` = `im`.`id_prodi`
WHERE `pn`.`id_bidang` = \'5\'
ORDER BY `pn`.`created_at` DESC', 0)
 2 SYSTEMPATH\Database\BaseConnection.php(908): CodeIgniter\Database\MySQLi\Connection->execute('SELECT `pn`.`id_penempatan_magang`, `pn`.`id_bidang`, `pn`.`id_persetujuan_magang`, `pm`.`id_permohonan_magang`, `pn`.`id_mahasiswa`, `pn`.`catatan`, `pn`.`status_penempatan`, `pn`.`is_log_book`, `pn`.`created_at`, `mhs`.`nim`, `mhs`.`nik`, `mhs`.`nama_mahasiswa`, `mhs`.`jenis_kelamin`, `mhs`.`email`, `mhs`.`no_telp`, `mhs`.`foto_profil`, `im`.`semester`, `bd`.`bidang`, `pm`.`deskripsi_keahlian`, `pm`.`deskripsi_magang`, `pm`.`tgl_mulai`, `pm`.`tgl_selesai`, `pm`.`created_at` as `tgl_pengajuan`, `jp`.`jenis_permohonan`, `ip`.`instansi_pendidikan`, `pr`.`prodi`
FROM `t_penempatan_magang` as `pn`
LEFT JOIN `m_mahasiswa` as `mhs` ON `mhs`.`id_mahasiswa` = `pn`.`id_mahasiswa`
LEFT JOIN `m_bidang` as `bd` ON `bd`.`id_bidang` = `pn`.`id_bidang`
LEFT JOIN `t_persetujuan_magang` as `ps` ON `ps`.`id_persetujuan_magang` = `pn`.`id_persetujuan_magang`
LEFT JOIN `t_permohonan_magang` as `pm` ON `pm`.`id_permohonan_magang` = `ps`.`id_permohonan_magang`
LEFT JOIN `m_jenis_permohonan` as `jp` ON `jp`.`id_jenis_permohonan` = `pm`.`id_jenis_permohonan`
LEFT JOIN `t_instansi_mahasiswa` as `im` ON `im`.`id_instansi_mahasiswa` = `pm`.`id_instansi_mahasiswa`
LEFT JOIN `m_instansi_pendidikan` as `ip` ON `ip`.`id_instansi_pendidikan` = `im`.`id_instansi_pendidikan`
LEFT JOIN `m_prodi` as `pr` ON `pr`.`id_prodi` = `im`.`id_prodi`
WHERE `pn`.`id_bidang` = \'5\'
ORDER BY `pn`.`created_at` DESC')
 3 SYSTEMPATH\Database\BaseConnection.php(825): CodeIgniter\Database\BaseConnection->simpleQuery('SELECT `pn`.`id_penempatan_magang`, `pn`.`id_bidang`, `pn`.`id_persetujuan_magang`, `pm`.`id_permohonan_magang`, `pn`.`id_mahasiswa`, `pn`.`catatan`, `pn`.`status_penempatan`, `pn`.`is_log_book`, `pn`.`created_at`, `mhs`.`nim`, `mhs`.`nik`, `mhs`.`nama_mahasiswa`, `mhs`.`jenis_kelamin`, `mhs`.`email`, `mhs`.`no_telp`, `mhs`.`foto_profil`, `im`.`semester`, `bd`.`bidang`, `pm`.`deskripsi_keahlian`, `pm`.`deskripsi_magang`, `pm`.`tgl_mulai`, `pm`.`tgl_selesai`, `pm`.`created_at` as `tgl_pengajuan`, `jp`.`jenis_permohonan`, `ip`.`instansi_pendidikan`, `pr`.`prodi`
FROM `t_penempatan_magang` as `pn`
LEFT JOIN `m_mahasiswa` as `mhs` ON `mhs`.`id_mahasiswa` = `pn`.`id_mahasiswa`
LEFT JOIN `m_bidang` as `bd` ON `bd`.`id_bidang` = `pn`.`id_bidang`
LEFT JOIN `t_persetujuan_magang` as `ps` ON `ps`.`id_persetujuan_magang` = `pn`.`id_persetujuan_magang`
LEFT JOIN `t_permohonan_magang` as `pm` ON `pm`.`id_permohonan_magang` = `ps`.`id_permohonan_magang`
LEFT JOIN `m_jenis_permohonan` as `jp` ON `jp`.`id_jenis_permohonan` = `pm`.`id_jenis_permohonan`
LEFT JOIN `t_instansi_mahasiswa` as `im` ON `im`.`id_instansi_mahasiswa` = `pm`.`id_instansi_mahasiswa`
LEFT JOIN `m_instansi_pendidikan` as `ip` ON `ip`.`id_instansi_pendidikan` = `im`.`id_instansi_pendidikan`
LEFT JOIN `m_prodi` as `pr` ON `pr`.`id_prodi` = `im`.`id_prodi`
WHERE `pn`.`id_bidang` = \'5\'
ORDER BY `pn`.`created_at` DESC')
 4 SYSTEMPATH\Database\BaseBuilder.php(1647): CodeIgniter\Database\BaseConnection->query('SELECT `pn`.`id_penempatan_magang`, `pn`.`id_bidang`, `pn`.`id_persetujuan_magang`, `pm`.`id_permohonan_magang`, `pn`.`id_mahasiswa`, `pn`.`catatan`, `pn`.`status_penempatan`, `pn`.`is_log_book`, `pn`.`created_at`, `mhs`.`nim`, `mhs`.`nik`, `mhs`.`nama_mahasiswa`, `mhs`.`jenis_kelamin`, `mhs`.`email`, `mhs`.`no_telp`, `mhs`.`foto_profil`, `im`.`semester`, `bd`.`bidang`, `pm`.`deskripsi_keahlian`, `pm`.`deskripsi_magang`, `pm`.`tgl_mulai`, `pm`.`tgl_selesai`, `pm`.`created_at` as `tgl_pengajuan`, `jp`.`jenis_permohonan`, `ip`.`instansi_pendidikan`, `pr`.`prodi`
FROM `t_penempatan_magang` as `pn`
LEFT JOIN `m_mahasiswa` as `mhs` ON `mhs`.`id_mahasiswa` = `pn`.`id_mahasiswa`
LEFT JOIN `m_bidang` as `bd` ON `bd`.`id_bidang` = `pn`.`id_bidang`
LEFT JOIN `t_persetujuan_magang` as `ps` ON `ps`.`id_persetujuan_magang` = `pn`.`id_persetujuan_magang`
LEFT JOIN `t_permohonan_magang` as `pm` ON `pm`.`id_permohonan_magang` = `ps`.`id_permohonan_magang`
LEFT JOIN `m_jenis_permohonan` as `jp` ON `jp`.`id_jenis_permohonan` = `pm`.`id_jenis_permohonan`
LEFT JOIN `t_instansi_mahasiswa` as `im` ON `im`.`id_instansi_mahasiswa` = `pm`.`id_instansi_mahasiswa`
LEFT JOIN `m_instansi_pendidikan` as `ip` ON `ip`.`id_instansi_pendidikan` = `im`.`id_instansi_pendidikan`
LEFT JOIN `m_prodi` as `pr` ON `pr`.`id_prodi` = `im`.`id_prodi`
WHERE `pn`.`id_bidang` = :pn.id_bidang:
ORDER BY `pn`.`created_at` DESC', [...], false)
 5 APPPATH\Models\Kabid\M_Penempatan.php(89): CodeIgniter\Database\BaseBuilder->get()
 6 APPPATH\Controllers\Kabid\C_DashboardKabid.php(92): App\Models\Kabid\M_Penempatan->getSemuaPenempatan('5')
 7 SYSTEMPATH\CodeIgniter.php(974): App\Controllers\Kabid\C_DashboardKabid->index()
 8 SYSTEMPATH\CodeIgniter.php(520): CodeIgniter\CodeIgniter->runController(Object(App\Controllers\Kabid\C_DashboardKabid))
 9 SYSTEMPATH\CodeIgniter.php(363): CodeIgniter\CodeIgniter->handleRequest(null, Object(Config\Cache), false)
10 SYSTEMPATH\Boot.php(417): CodeIgniter\CodeIgniter->run()
11 SYSTEMPATH\Boot.php(68): CodeIgniter\Boot::runCodeIgniter(Object(CodeIgniter\CodeIgniter))
12 FCPATH\index.php(59): CodeIgniter\Boot::bootWeb(Object(Config\Paths))
13 SYSTEMPATH\rewrite.php(44): require_once('C:\\Users\\lenovo\\Downloads\\Projectmagang_antigravity\\public\\index.php')
DEBUG - 2026-07-26 14:41:41 --> Session: Class initialized using 'CodeIgniter\Session\Handlers\FileHandler' driver.
ERROR - 2026-07-26 14:41:42 --> Unknown column 'mhs.foto_profil' in 'field list'
in SYSTEMPATH\Database\MySQLi\Connection.php on line 300.
 1 SYSTEMPATH\Database\MySQLi\Connection.php(300): mysqli->query('SELECT `pn`.`id_penempatan_magang`, `pn`.`id_bidang`, `pn`.`id_persetujuan_magang`, `pm`.`id_permohonan_magang`, `pn`.`id_mahasiswa`, `pn`.`catatan`, `pn`.`status_penempatan`, `pn`.`is_log_book`, `pn`.`created_at`, `mhs`.`nim`, `mhs`.`nik`, `mhs`.`nama_mahasiswa`, `mhs`.`jenis_kelamin`, `mhs`.`email`, `mhs`.`no_telp`, `mhs`.`foto_profil`, `im`.`semester`, `bd`.`bidang`, `pm`.`deskripsi_keahlian`, `pm`.`deskripsi_magang`, `pm`.`tgl_mulai`, `pm`.`tgl_selesai`, `pm`.`created_at` as `tgl_pengajuan`, `jp`.`jenis_permohonan`, `ip`.`instansi_pendidikan`, `pr`.`prodi`
FROM `t_penempatan_magang` as `pn`
LEFT JOIN `m_mahasiswa` as `mhs` ON `mhs`.`id_mahasiswa` = `pn`.`id_mahasiswa`
LEFT JOIN `m_bidang` as `bd` ON `bd`.`id_bidang` = `pn`.`id_bidang`
LEFT JOIN `t_persetujuan_magang` as `ps` ON `ps`.`id_persetujuan_magang` = `pn`.`id_persetujuan_magang`
LEFT JOIN `t_permohonan_magang` as `pm` ON `pm`.`id_permohonan_magang` = `ps`.`id_permohonan_magang`
LEFT JOIN `m_jenis_permohonan` as `jp` ON `jp`.`id_jenis_permohonan` = `pm`.`id_jenis_permohonan`
LEFT JOIN `t_instansi_mahasiswa` as `im` ON `im`.`id_instansi_mahasiswa` = `pm`.`id_instansi_mahasiswa`
LEFT JOIN `m_instansi_pendidikan` as `ip` ON `ip`.`id_instansi_pendidikan` = `im`.`id_instansi_pendidikan`
LEFT JOIN `m_prodi` as `pr` ON `pr`.`id_prodi` = `im`.`id_prodi`
WHERE `pn`.`id_bidang` = \'5\'
ORDER BY `pn`.`created_at` DESC', 0)
 2 SYSTEMPATH\Database\BaseConnection.php(908): CodeIgniter\Database\MySQLi\Connection->execute('SELECT `pn`.`id_penempatan_magang`, `pn`.`id_bidang`, `pn`.`id_persetujuan_magang`, `pm`.`id_permohonan_magang`, `pn`.`id_mahasiswa`, `pn`.`catatan`, `pn`.`status_penempatan`, `pn`.`is_log_book`, `pn`.`created_at`, `mhs`.`nim`, `mhs`.`nik`, `mhs`.`nama_mahasiswa`, `mhs`.`jenis_kelamin`, `mhs`.`email`, `mhs`.`no_telp`, `mhs`.`foto_profil`, `im`.`semester`, `bd`.`bidang`, `pm`.`deskripsi_keahlian`, `pm`.`deskripsi_magang`, `pm`.`tgl_mulai`, `pm`.`tgl_selesai`, `pm`.`created_at` as `tgl_pengajuan`, `jp`.`jenis_permohonan`, `ip`.`instansi_pendidikan`, `pr`.`prodi`
FROM `t_penempatan_magang` as `pn`
LEFT JOIN `m_mahasiswa` as `mhs` ON `mhs`.`id_mahasiswa` = `pn`.`id_mahasiswa`
LEFT JOIN `m_bidang` as `bd` ON `bd`.`id_bidang` = `pn`.`id_bidang`
LEFT JOIN `t_persetujuan_magang` as `ps` ON `ps`.`id_persetujuan_magang` = `pn`.`id_persetujuan_magang`
LEFT JOIN `t_permohonan_magang` as `pm` ON `pm`.`id_permohonan_magang` = `ps`.`id_permohonan_magang`
LEFT JOIN `m_jenis_permohonan` as `jp` ON `jp`.`id_jenis_permohonan` = `pm`.`id_jenis_permohonan`
LEFT JOIN `t_instansi_mahasiswa` as `im` ON `im`.`id_instansi_mahasiswa` = `pm`.`id_instansi_mahasiswa`
LEFT JOIN `m_instansi_pendidikan` as `ip` ON `ip`.`id_instansi_pendidikan` = `im`.`id_instansi_pendidikan`
LEFT JOIN `m_prodi` as `pr` ON `pr`.`id_prodi` = `im`.`id_prodi`
WHERE `pn`.`id_bidang` = \'5\'
ORDER BY `pn`.`created_at` DESC')
 3 SYSTEMPATH\Database\BaseConnection.php(825): CodeIgniter\Database\BaseConnection->simpleQuery('SELECT `pn`.`id_penempatan_magang`, `pn`.`id_bidang`, `pn`.`id_persetujuan_magang`, `pm`.`id_permohonan_magang`, `pn`.`id_mahasiswa`, `pn`.`catatan`, `pn`.`status_penempatan`, `pn`.`is_log_book`, `pn`.`created_at`, `mhs`.`nim`, `mhs`.`nik`, `mhs`.`nama_mahasiswa`, `mhs`.`jenis_kelamin`, `mhs`.`email`, `mhs`.`no_telp`, `mhs`.`foto_profil`, `im`.`semester`, `bd`.`bidang`, `pm`.`deskripsi_keahlian`, `pm`.`deskripsi_magang`, `pm`.`tgl_mulai`, `pm`.`tgl_selesai`, `pm`.`created_at` as `tgl_pengajuan`, `jp`.`jenis_permohonan`, `ip`.`instansi_pendidikan`, `pr`.`prodi`
FROM `t_penempatan_magang` as `pn`
LEFT JOIN `m_mahasiswa` as `mhs` ON `mhs`.`id_mahasiswa` = `pn`.`id_mahasiswa`
LEFT JOIN `m_bidang` as `bd` ON `bd`.`id_bidang` = `pn`.`id_bidang`
LEFT JOIN `t_persetujuan_magang` as `ps` ON `ps`.`id_persetujuan_magang` = `pn`.`id_persetujuan_magang`
LEFT JOIN `t_permohonan_magang` as `pm` ON `pm`.`id_permohonan_magang` = `ps`.`id_permohonan_magang`
LEFT JOIN `m_jenis_permohonan` as `jp` ON `jp`.`id_jenis_permohonan` = `pm`.`id_jenis_permohonan`
LEFT JOIN `t_instansi_mahasiswa` as `im` ON `im`.`id_instansi_mahasiswa` = `pm`.`id_instansi_mahasiswa`
LEFT JOIN `m_instansi_pendidikan` as `ip` ON `ip`.`id_instansi_pendidikan` = `im`.`id_instansi_pendidikan`
LEFT JOIN `m_prodi` as `pr` ON `pr`.`id_prodi` = `im`.`id_prodi`
WHERE `pn`.`id_bidang` = \'5\'
ORDER BY `pn`.`created_at` DESC')
 4 SYSTEMPATH\Database\BaseBuilder.php(1647): CodeIgniter\Database\BaseConnection->query('SELECT `pn`.`id_penempatan_magang`, `pn`.`id_bidang`, `pn`.`id_persetujuan_magang`, `pm`.`id_permohonan_magang`, `pn`.`id_mahasiswa`, `pn`.`catatan`, `pn`.`status_penempatan`, `pn`.`is_log_book`, `pn`.`created_at`, `mhs`.`nim`, `mhs`.`nik`, `mhs`.`nama_mahasiswa`, `mhs`.`jenis_kelamin`, `mhs`.`email`, `mhs`.`no_telp`, `mhs`.`foto_profil`, `im`.`semester`, `bd`.`bidang`, `pm`.`deskripsi_keahlian`, `pm`.`deskripsi_magang`, `pm`.`tgl_mulai`, `pm`.`tgl_selesai`, `pm`.`created_at` as `tgl_pengajuan`, `jp`.`jenis_permohonan`, `ip`.`instansi_pendidikan`, `pr`.`prodi`
FROM `t_penempatan_magang` as `pn`
LEFT JOIN `m_mahasiswa` as `mhs` ON `mhs`.`id_mahasiswa` = `pn`.`id_mahasiswa`
LEFT JOIN `m_bidang` as `bd` ON `bd`.`id_bidang` = `pn`.`id_bidang`
LEFT JOIN `t_persetujuan_magang` as `ps` ON `ps`.`id_persetujuan_magang` = `pn`.`id_persetujuan_magang`
LEFT JOIN `t_permohonan_magang` as `pm` ON `pm`.`id_permohonan_magang` = `ps`.`id_permohonan_magang`
LEFT JOIN `m_jenis_permohonan` as `jp` ON `jp`.`id_jenis_permohonan` = `pm`.`id_jenis_permohonan`
LEFT JOIN `t_instansi_mahasiswa` as `im` ON `im`.`id_instansi_mahasiswa` = `pm`.`id_instansi_mahasiswa`
LEFT JOIN `m_instansi_pendidikan` as `ip` ON `ip`.`id_instansi_pendidikan` = `im`.`id_instansi_pendidikan`
LEFT JOIN `m_prodi` as `pr` ON `pr`.`id_prodi` = `im`.`id_prodi`
WHERE `pn`.`id_bidang` = :pn.id_bidang:
ORDER BY `pn`.`created_at` DESC', [...], false)
 5 APPPATH\Models\Kabid\M_Penempatan.php(89): CodeIgniter\Database\BaseBuilder->get()
 6 APPPATH\Controllers\Kabid\C_DashboardKabid.php(92): App\Models\Kabid\M_Penempatan->getSemuaPenempatan('5')
 7 SYSTEMPATH\CodeIgniter.php(974): App\Controllers\Kabid\C_DashboardKabid->index()
 8 SYSTEMPATH\CodeIgniter.php(520): CodeIgniter\CodeIgniter->runController(Object(App\Controllers\Kabid\C_DashboardKabid))
 9 SYSTEMPATH\CodeIgniter.php(363): CodeIgniter\CodeIgniter->handleRequest(null, Object(Config\Cache), false)
10 SYSTEMPATH\Boot.php(417): CodeIgniter\CodeIgniter->run()
11 SYSTEMPATH\Boot.php(68): CodeIgniter\Boot::runCodeIgniter(Object(CodeIgniter\CodeIgniter))
12 FCPATH\index.php(59): CodeIgniter\Boot::bootWeb(Object(Config\Paths))
13 SYSTEMPATH\rewrite.php(44): require_once('C:\\Users\\lenovo\\Downloads\\Projectmagang_antigravity\\public\\index.php')
CRITICAL - 2026-07-26 14:41:42 --> CodeIgniter\Database\Exceptions\DatabaseException: Unknown column 'mhs.foto_profil' in 'field list'
[Method: GET, Route: kabid/dashboard]
in SYSTEMPATH\Database\BaseConnection.php on line 863.
 1 SYSTEMPATH\Database\BaseBuilder.php(1647): CodeIgniter\Database\BaseConnection->query('SELECT `pn`.`id_penempatan_magang`, `pn`.`id_bidang`, `pn`.`id_persetujuan_magang`, `pm`.`id_permohonan_magang`, `pn`.`id_mahasiswa`, `pn`.`catatan`, `pn`.`status_penempatan`, `pn`.`is_log_book`, `pn`.`created_at`, `mhs`.`nim`, `mhs`.`nik`, `mhs`.`nama_mahasiswa`, `mhs`.`jenis_kelamin`, `mhs`.`email`, `mhs`.`no_telp`, `mhs`.`foto_profil`, `im`.`semester`, `bd`.`bidang`, `pm`.`deskripsi_keahlian`, `pm`.`deskripsi_magang`, `pm`.`tgl_mulai`, `pm`.`tgl_selesai`, `pm`.`created_at` as `tgl_pengajuan`, `jp`.`jenis_permohonan`, `ip`.`instansi_pendidikan`, `pr`.`prodi`
FROM `t_penempatan_magang` as `pn`
LEFT JOIN `m_mahasiswa` as `mhs` ON `mhs`.`id_mahasiswa` = `pn`.`id_mahasiswa`
LEFT JOIN `m_bidang` as `bd` ON `bd`.`id_bidang` = `pn`.`id_bidang`
LEFT JOIN `t_persetujuan_magang` as `ps` ON `ps`.`id_persetujuan_magang` = `pn`.`id_persetujuan_magang`
LEFT JOIN `t_permohonan_magang` as `pm` ON `pm`.`id_permohonan_magang` = `ps`.`id_permohonan_magang`
LEFT JOIN `m_jenis_permohonan` as `jp` ON `jp`.`id_jenis_permohonan` = `pm`.`id_jenis_permohonan`
LEFT JOIN `t_instansi_mahasiswa` as `im` ON `im`.`id_instansi_mahasiswa` = `pm`.`id_instansi_mahasiswa`
LEFT JOIN `m_instansi_pendidikan` as `ip` ON `ip`.`id_instansi_pendidikan` = `im`.`id_instansi_pendidikan`
LEFT JOIN `m_prodi` as `pr` ON `pr`.`id_prodi` = `im`.`id_prodi`
WHERE `pn`.`id_bidang` = :pn.id_bidang:
ORDER BY `pn`.`created_at` DESC', [...], false)
 2 APPPATH\Models\Kabid\M_Penempatan.php(89): CodeIgniter\Database\BaseBuilder->get()
 3 APPPATH\Controllers\Kabid\C_DashboardKabid.php(92): App\Models\Kabid\M_Penempatan->getSemuaPenempatan('5')
 4 SYSTEMPATH\CodeIgniter.php(974): App\Controllers\Kabid\C_DashboardKabid->index()
 5 SYSTEMPATH\CodeIgniter.php(520): CodeIgniter\CodeIgniter->runController(Object(App\Controllers\Kabid\C_DashboardKabid))
 6 SYSTEMPATH\CodeIgniter.php(363): CodeIgniter\CodeIgniter->handleRequest(null, Object(Config\Cache), false)
 7 SYSTEMPATH\Boot.php(417): CodeIgniter\CodeIgniter->run()
 8 SYSTEMPATH\Boot.php(68): CodeIgniter\Boot::runCodeIgniter(Object(CodeIgniter\CodeIgniter))
 9 FCPATH\index.php(59): CodeIgniter\Boot::bootWeb(Object(Config\Paths))
10 SYSTEMPATH\rewrite.php(44): require_once('C:\\Users\\lenovo\\Downloads\\Projectmagang_antigravity\\public\\index.php')
CRITICAL - 2026-07-26 14:41:42 --> [Caused by] CodeIgniter\Database\Exceptions\DatabaseException: Unknown column 'mhs.foto_profil' in 'field list'
in SYSTEMPATH\Database\MySQLi\Connection.php on line 310.
 1 SYSTEMPATH\Database\BaseConnection.php(908): CodeIgniter\Database\MySQLi\Connection->execute('SELECT `pn`.`id_penempatan_magang`, `pn`.`id_bidang`, `pn`.`id_persetujuan_magang`, `pm`.`id_permohonan_magang`, `pn`.`id_mahasiswa`, `pn`.`catatan`, `pn`.`status_penempatan`, `pn`.`is_log_book`, `pn`.`created_at`, `mhs`.`nim`, `mhs`.`nik`, `mhs`.`nama_mahasiswa`, `mhs`.`jenis_kelamin`, `mhs`.`email`, `mhs`.`no_telp`, `mhs`.`foto_profil`, `im`.`semester`, `bd`.`bidang`, `pm`.`deskripsi_keahlian`, `pm`.`deskripsi_magang`, `pm`.`tgl_mulai`, `pm`.`tgl_selesai`, `pm`.`created_at` as `tgl_pengajuan`, `jp`.`jenis_permohonan`, `ip`.`instansi_pendidikan`, `pr`.`prodi`
FROM `t_penempatan_magang` as `pn`
LEFT JOIN `m_mahasiswa` as `mhs` ON `mhs`.`id_mahasiswa` = `pn`.`id_mahasiswa`
LEFT JOIN `m_bidang` as `bd` ON `bd`.`id_bidang` = `pn`.`id_bidang`
LEFT JOIN `t_persetujuan_magang` as `ps` ON `ps`.`id_persetujuan_magang` = `pn`.`id_persetujuan_magang`
LEFT JOIN `t_permohonan_magang` as `pm` ON `pm`.`id_permohonan_magang` = `ps`.`id_permohonan_magang`
LEFT JOIN `m_jenis_permohonan` as `jp` ON `jp`.`id_jenis_permohonan` = `pm`.`id_jenis_permohonan`
LEFT JOIN `t_instansi_mahasiswa` as `im` ON `im`.`id_instansi_mahasiswa` = `pm`.`id_instansi_mahasiswa`
LEFT JOIN `m_instansi_pendidikan` as `ip` ON `ip`.`id_instansi_pendidikan` = `im`.`id_instansi_pendidikan`
LEFT JOIN `m_prodi` as `pr` ON `pr`.`id_prodi` = `im`.`id_prodi`
WHERE `pn`.`id_bidang` = \'5\'
ORDER BY `pn`.`created_at` DESC')
 2 SYSTEMPATH\Database\BaseConnection.php(825): CodeIgniter\Database\BaseConnection->simpleQuery('SELECT `pn`.`id_penempatan_magang`, `pn`.`id_bidang`, `pn`.`id_persetujuan_magang`, `pm`.`id_permohonan_magang`, `pn`.`id_mahasiswa`, `pn`.`catatan`, `pn`.`status_penempatan`, `pn`.`is_log_book`, `pn`.`created_at`, `mhs`.`nim`, `mhs`.`nik`, `mhs`.`nama_mahasiswa`, `mhs`.`jenis_kelamin`, `mhs`.`email`, `mhs`.`no_telp`, `mhs`.`foto_profil`, `im`.`semester`, `bd`.`bidang`, `pm`.`deskripsi_keahlian`, `pm`.`deskripsi_magang`, `pm`.`tgl_mulai`, `pm`.`tgl_selesai`, `pm`.`created_at` as `tgl_pengajuan`, `jp`.`jenis_permohonan`, `ip`.`instansi_pendidikan`, `pr`.`prodi`
FROM `t_penempatan_magang` as `pn`
LEFT JOIN `m_mahasiswa` as `mhs` ON `mhs`.`id_mahasiswa` = `pn`.`id_mahasiswa`
LEFT JOIN `m_bidang` as `bd` ON `bd`.`id_bidang` = `pn`.`id_bidang`
LEFT JOIN `t_persetujuan_magang` as `ps` ON `ps`.`id_persetujuan_magang` = `pn`.`id_persetujuan_magang`
LEFT JOIN `t_permohonan_magang` as `pm` ON `pm`.`id_permohonan_magang` = `ps`.`id_permohonan_magang`
LEFT JOIN `m_jenis_permohonan` as `jp` ON `jp`.`id_jenis_permohonan` = `pm`.`id_jenis_permohonan`
LEFT JOIN `t_instansi_mahasiswa` as `im` ON `im`.`id_instansi_mahasiswa` = `pm`.`id_instansi_mahasiswa`
LEFT JOIN `m_instansi_pendidikan` as `ip` ON `ip`.`id_instansi_pendidikan` = `im`.`id_instansi_pendidikan`
LEFT JOIN `m_prodi` as `pr` ON `pr`.`id_prodi` = `im`.`id_prodi`
WHERE `pn`.`id_bidang` = \'5\'
ORDER BY `pn`.`created_at` DESC')
 3 SYSTEMPATH\Database\BaseBuilder.php(1647): CodeIgniter\Database\BaseConnection->query('SELECT `pn`.`id_penempatan_magang`, `pn`.`id_bidang`, `pn`.`id_persetujuan_magang`, `pm`.`id_permohonan_magang`, `pn`.`id_mahasiswa`, `pn`.`catatan`, `pn`.`status_penempatan`, `pn`.`is_log_book`, `pn`.`created_at`, `mhs`.`nim`, `mhs`.`nik`, `mhs`.`nama_mahasiswa`, `mhs`.`jenis_kelamin`, `mhs`.`email`, `mhs`.`no_telp`, `mhs`.`foto_profil`, `im`.`semester`, `bd`.`bidang`, `pm`.`deskripsi_keahlian`, `pm`.`deskripsi_magang`, `pm`.`tgl_mulai`, `pm`.`tgl_selesai`, `pm`.`created_at` as `tgl_pengajuan`, `jp`.`jenis_permohonan`, `ip`.`instansi_pendidikan`, `pr`.`prodi`
FROM `t_penempatan_magang` as `pn`
LEFT JOIN `m_mahasiswa` as `mhs` ON `mhs`.`id_mahasiswa` = `pn`.`id_mahasiswa`
LEFT JOIN `m_bidang` as `bd` ON `bd`.`id_bidang` = `pn`.`id_bidang`
LEFT JOIN `t_persetujuan_magang` as `ps` ON `ps`.`id_persetujuan_magang` = `pn`.`id_persetujuan_magang`
LEFT JOIN `t_permohonan_magang` as `pm` ON `pm`.`id_permohonan_magang` = `ps`.`id_permohonan_magang`
LEFT JOIN `m_jenis_permohonan` as `jp` ON `jp`.`id_jenis_permohonan` = `pm`.`id_jenis_permohonan`
LEFT JOIN `t_instansi_mahasiswa` as `im` ON `im`.`id_instansi_mahasiswa` = `pm`.`id_instansi_mahasiswa`
LEFT JOIN `m_instansi_pendidikan` as `ip` ON `ip`.`id_instansi_pendidikan` = `im`.`id_instansi_pendidikan`
LEFT JOIN `m_prodi` as `pr` ON `pr`.`id_prodi` = `im`.`id_prodi`
WHERE `pn`.`id_bidang` = :pn.id_bidang:
ORDER BY `pn`.`created_at` DESC', [...], false)
 4 APPPATH\Models\Kabid\M_Penempatan.php(89): CodeIgniter\Database\BaseBuilder->get()
 5 APPPATH\Controllers\Kabid\C_DashboardKabid.php(92): App\Models\Kabid\M_Penempatan->getSemuaPenempatan('5')
 6 SYSTEMPATH\CodeIgniter.php(974): App\Controllers\Kabid\C_DashboardKabid->index()
 7 SYSTEMPATH\CodeIgniter.php(520): CodeIgniter\CodeIgniter->runController(Object(App\Controllers\Kabid\C_DashboardKabid))
 8 SYSTEMPATH\CodeIgniter.php(363): CodeIgniter\CodeIgniter->handleRequest(null, Object(Config\Cache), false)
 9 SYSTEMPATH\Boot.php(417): CodeIgniter\CodeIgniter->run()
10 SYSTEMPATH\Boot.php(68): CodeIgniter\Boot::runCodeIgniter(Object(CodeIgniter\CodeIgniter))
11 FCPATH\index.php(59): CodeIgniter\Boot::bootWeb(Object(Config\Paths))
12 SYSTEMPATH\rewrite.php(44): require_once('C:\\Users\\lenovo\\Downloads\\Projectmagang_antigravity\\public\\index.php')
CRITICAL - 2026-07-26 14:41:42 --> [Caused by] mysqli_sql_exception: Unknown column 'mhs.foto_profil' in 'field list'
in SYSTEMPATH\Database\MySQLi\Connection.php on line 300.
 1 SYSTEMPATH\Database\MySQLi\Connection.php(300): mysqli->query('SELECT `pn`.`id_penempatan_magang`, `pn`.`id_bidang`, `pn`.`id_persetujuan_magang`, `pm`.`id_permohonan_magang`, `pn`.`id_mahasiswa`, `pn`.`catatan`, `pn`.`status_penempatan`, `pn`.`is_log_book`, `pn`.`created_at`, `mhs`.`nim`, `mhs`.`nik`, `mhs`.`nama_mahasiswa`, `mhs`.`jenis_kelamin`, `mhs`.`email`, `mhs`.`no_telp`, `mhs`.`foto_profil`, `im`.`semester`, `bd`.`bidang`, `pm`.`deskripsi_keahlian`, `pm`.`deskripsi_magang`, `pm`.`tgl_mulai`, `pm`.`tgl_selesai`, `pm`.`created_at` as `tgl_pengajuan`, `jp`.`jenis_permohonan`, `ip`.`instansi_pendidikan`, `pr`.`prodi`
FROM `t_penempatan_magang` as `pn`
LEFT JOIN `m_mahasiswa` as `mhs` ON `mhs`.`id_mahasiswa` = `pn`.`id_mahasiswa`
LEFT JOIN `m_bidang` as `bd` ON `bd`.`id_bidang` = `pn`.`id_bidang`
LEFT JOIN `t_persetujuan_magang` as `ps` ON `ps`.`id_persetujuan_magang` = `pn`.`id_persetujuan_magang`
LEFT JOIN `t_permohonan_magang` as `pm` ON `pm`.`id_permohonan_magang` = `ps`.`id_permohonan_magang`
LEFT JOIN `m_jenis_permohonan` as `jp` ON `jp`.`id_jenis_permohonan` = `pm`.`id_jenis_permohonan`
LEFT JOIN `t_instansi_mahasiswa` as `im` ON `im`.`id_instansi_mahasiswa` = `pm`.`id_instansi_mahasiswa`
LEFT JOIN `m_instansi_pendidikan` as `ip` ON `ip`.`id_instansi_pendidikan` = `im`.`id_instansi_pendidikan`
LEFT JOIN `m_prodi` as `pr` ON `pr`.`id_prodi` = `im`.`id_prodi`
WHERE `pn`.`id_bidang` = \'5\'
ORDER BY `pn`.`created_at` DESC', 0)
 2 SYSTEMPATH\Database\BaseConnection.php(908): CodeIgniter\Database\MySQLi\Connection->execute('SELECT `pn`.`id_penempatan_magang`, `pn`.`id_bidang`, `pn`.`id_persetujuan_magang`, `pm`.`id_permohonan_magang`, `pn`.`id_mahasiswa`, `pn`.`catatan`, `pn`.`status_penempatan`, `pn`.`is_log_book`, `pn`.`created_at`, `mhs`.`nim`, `mhs`.`nik`, `mhs`.`nama_mahasiswa`, `mhs`.`jenis_kelamin`, `mhs`.`email`, `mhs`.`no_telp`, `mhs`.`foto_profil`, `im`.`semester`, `bd`.`bidang`, `pm`.`deskripsi_keahlian`, `pm`.`deskripsi_magang`, `pm`.`tgl_mulai`, `pm`.`tgl_selesai`, `pm`.`created_at` as `tgl_pengajuan`, `jp`.`jenis_permohonan`, `ip`.`instansi_pendidikan`, `pr`.`prodi`
FROM `t_penempatan_magang` as `pn`
LEFT JOIN `m_mahasiswa` as `mhs` ON `mhs`.`id_mahasiswa` = `pn`.`id_mahasiswa`
LEFT JOIN `m_bidang` as `bd` ON `bd`.`id_bidang` = `pn`.`id_bidang`
LEFT JOIN `t_persetujuan_magang` as `ps` ON `ps`.`id_persetujuan_magang` = `pn`.`id_persetujuan_magang`
LEFT JOIN `t_permohonan_magang` as `pm` ON `pm`.`id_permohonan_magang` = `ps`.`id_permohonan_magang`
LEFT JOIN `m_jenis_permohonan` as `jp` ON `jp`.`id_jenis_permohonan` = `pm`.`id_jenis_permohonan`
LEFT JOIN `t_instansi_mahasiswa` as `im` ON `im`.`id_instansi_mahasiswa` = `pm`.`id_instansi_mahasiswa`
LEFT JOIN `m_instansi_pendidikan` as `ip` ON `ip`.`id_instansi_pendidikan` = `im`.`id_instansi_pendidikan`
LEFT JOIN `m_prodi` as `pr` ON `pr`.`id_prodi` = `im`.`id_prodi`
WHERE `pn`.`id_bidang` = \'5\'
ORDER BY `pn`.`created_at` DESC')
 3 SYSTEMPATH\Database\BaseConnection.php(825): CodeIgniter\Database\BaseConnection->simpleQuery('SELECT `pn`.`id_penempatan_magang`, `pn`.`id_bidang`, `pn`.`id_persetujuan_magang`, `pm`.`id_permohonan_magang`, `pn`.`id_mahasiswa`, `pn`.`catatan`, `pn`.`status_penempatan`, `pn`.`is_log_book`, `pn`.`created_at`, `mhs`.`nim`, `mhs`.`nik`, `mhs`.`nama_mahasiswa`, `mhs`.`jenis_kelamin`, `mhs`.`email`, `mhs`.`no_telp`, `mhs`.`foto_profil`, `im`.`semester`, `bd`.`bidang`, `pm`.`deskripsi_keahlian`, `pm`.`deskripsi_magang`, `pm`.`tgl_mulai`, `pm`.`tgl_selesai`, `pm`.`created_at` as `tgl_pengajuan`, `jp`.`jenis_permohonan`, `ip`.`instansi_pendidikan`, `pr`.`prodi`
FROM `t_penempatan_magang` as `pn`
LEFT JOIN `m_mahasiswa` as `mhs` ON `mhs`.`id_mahasiswa` = `pn`.`id_mahasiswa`
LEFT JOIN `m_bidang` as `bd` ON `bd`.`id_bidang` = `pn`.`id_bidang`
LEFT JOIN `t_persetujuan_magang` as `ps` ON `ps`.`id_persetujuan_magang` = `pn`.`id_persetujuan_magang`
LEFT JOIN `t_permohonan_magang` as `pm` ON `pm`.`id_permohonan_magang` = `ps`.`id_permohonan_magang`
LEFT JOIN `m_jenis_permohonan` as `jp` ON `jp`.`id_jenis_permohonan` = `pm`.`id_jenis_permohonan`
LEFT JOIN `t_instansi_mahasiswa` as `im` ON `im`.`id_instansi_mahasiswa` = `pm`.`id_instansi_mahasiswa`
LEFT JOIN `m_instansi_pendidikan` as `ip` ON `ip`.`id_instansi_pendidikan` = `im`.`id_instansi_pendidikan`
LEFT JOIN `m_prodi` as `pr` ON `pr`.`id_prodi` = `im`.`id_prodi`
WHERE `pn`.`id_bidang` = \'5\'
ORDER BY `pn`.`created_at` DESC')
 4 SYSTEMPATH\Database\BaseBuilder.php(1647): CodeIgniter\Database\BaseConnection->query('SELECT `pn`.`id_penempatan_magang`, `pn`.`id_bidang`, `pn`.`id_persetujuan_magang`, `pm`.`id_permohonan_magang`, `pn`.`id_mahasiswa`, `pn`.`catatan`, `pn`.`status_penempatan`, `pn`.`is_log_book`, `pn`.`created_at`, `mhs`.`nim`, `mhs`.`nik`, `mhs`.`nama_mahasiswa`, `mhs`.`jenis_kelamin`, `mhs`.`email`, `mhs`.`no_telp`, `mhs`.`foto_profil`, `im`.`semester`, `bd`.`bidang`, `pm`.`deskripsi_keahlian`, `pm`.`deskripsi_magang`, `pm`.`tgl_mulai`, `pm`.`tgl_selesai`, `pm`.`created_at` as `tgl_pengajuan`, `jp`.`jenis_permohonan`, `ip`.`instansi_pendidikan`, `pr`.`prodi`
FROM `t_penempatan_magang` as `pn`
LEFT JOIN `m_mahasiswa` as `mhs` ON `mhs`.`id_mahasiswa` = `pn`.`id_mahasiswa`
LEFT JOIN `m_bidang` as `bd` ON `bd`.`id_bidang` = `pn`.`id_bidang`
LEFT JOIN `t_persetujuan_magang` as `ps` ON `ps`.`id_persetujuan_magang` = `pn`.`id_persetujuan_magang`
LEFT JOIN `t_permohonan_magang` as `pm` ON `pm`.`id_permohonan_magang` = `ps`.`id_permohonan_magang`
LEFT JOIN `m_jenis_permohonan` as `jp` ON `jp`.`id_jenis_permohonan` = `pm`.`id_jenis_permohonan`
LEFT JOIN `t_instansi_mahasiswa` as `im` ON `im`.`id_instansi_mahasiswa` = `pm`.`id_instansi_mahasiswa`
LEFT JOIN `m_instansi_pendidikan` as `ip` ON `ip`.`id_instansi_pendidikan` = `im`.`id_instansi_pendidikan`
LEFT JOIN `m_prodi` as `pr` ON `pr`.`id_prodi` = `im`.`id_prodi`
WHERE `pn`.`id_bidang` = :pn.id_bidang:
ORDER BY `pn`.`created_at` DESC', [...], false)
 5 APPPATH\Models\Kabid\M_Penempatan.php(89): CodeIgniter\Database\BaseBuilder->get()
 6 APPPATH\Controllers\Kabid\C_DashboardKabid.php(92): App\Models\Kabid\M_Penempatan->getSemuaPenempatan('5')
 7 SYSTEMPATH\CodeIgniter.php(974): App\Controllers\Kabid\C_DashboardKabid->index()
 8 SYSTEMPATH\CodeIgniter.php(520): CodeIgniter\CodeIgniter->runController(Object(App\Controllers\Kabid\C_DashboardKabid))
 9 SYSTEMPATH\CodeIgniter.php(363): CodeIgniter\CodeIgniter->handleRequest(null, Object(Config\Cache), false)
10 SYSTEMPATH\Boot.php(417): CodeIgniter\CodeIgniter->run()
11 SYSTEMPATH\Boot.php(68): CodeIgniter\Boot::runCodeIgniter(Object(CodeIgniter\CodeIgniter))
12 FCPATH\index.php(59): CodeIgniter\Boot::bootWeb(Object(Config\Paths))
13 SYSTEMPATH\rewrite.php(44): require_once('C:\\Users\\lenovo\\Downloads\\Projectmagang_antigravity\\public\\index.php')
DEBUG - 2026-07-26 14:43:03 --> Session: Class initialized using 'CodeIgniter\Session\Handlers\FileHandler' driver.
DEBUG - 2026-07-26 14:43:16 --> Session: Class initialized using 'CodeIgniter\Session\Handlers\FileHandler' driver.
DEBUG - 2026-07-26 14:46:19 --> Session: Class initialized using 'CodeIgniter\Session\Handlers\FileHandler' driver.
DEBUG - 2026-07-26 14:46:37 --> Session: Class initialized using 'CodeIgniter\Session\Handlers\FileHandler' driver.
DEBUG - 2026-07-26 14:46:40 --> Session: Class initialized using 'CodeIgniter\Session\Handlers\FileHandler' driver.
DEBUG - 2026-07-26 14:49:53 --> Session: Class initialized using 'CodeIgniter\Session\Handlers\FileHandler' driver.
