ERROR - 2026-06-30 06:18:12 --> Error connecting to the database: mysqli_sql_exception: Access denied for user ''@'localhost' (using password: NO) in C:\Users\lenovo\Downloads\Projectmagang\vendor\codeigniter4\framework\system\Database\MySQLi\Connection.php:201
Stack trace:
#0 C:\Users\lenovo\Downloads\Projectmagang\vendor\codeigniter4\framework\system\Database\MySQLi\Connection.php(201): mysqli->real_connect('localhost', '', Object(SensitiveParameterValue), '', 3306, '', 0)
#1 C:\Users\lenovo\Downloads\Projectmagang\vendor\codeigniter4\framework\system\Database\BaseConnection.php(555): CodeIgniter\Database\MySQLi\Connection->connect(false)
#2 C:\Users\lenovo\Downloads\Projectmagang\vendor\codeigniter4\framework\system\Database\BaseConnection.php(795): CodeIgniter\Database\BaseConnection->initialize()
#3 C:\Users\lenovo\Downloads\Projectmagang\vendor\codeigniter4\framework\system\Database\BaseBuilder.php(1647): CodeIgniter\Database\BaseConnection->query('SELECT *\nFROM `...', Array, false)
#4 C:\Users\lenovo\Downloads\Projectmagang\vendor\codeigniter4\framework\system\Model.php(297): CodeIgniter\Database\BaseBuilder->get()
#5 C:\Users\lenovo\Downloads\Projectmagang\vendor\codeigniter4\framework\system\BaseModel.php(714): CodeIgniter\Model->doFirst()
#6 C:\Users\lenovo\Downloads\Projectmagang\app\Controllers\Mahasiswa.php(25): CodeIgniter\BaseModel->first()
#7 C:\Users\lenovo\Downloads\Projectmagang\vendor\codeigniter4\framework\system\CodeIgniter.php(974): App\Controllers\Mahasiswa->auth()
#8 C:\Users\lenovo\Downloads\Projectmagang\vendor\codeigniter4\framework\system\CodeIgniter.php(520): CodeIgniter\CodeIgniter->runController(Object(App\Controllers\Mahasiswa))
#9 C:\Users\lenovo\Downloads\Projectmagang\vendor\codeigniter4\framework\system\CodeIgniter.php(363): CodeIgniter\CodeIgniter->handleRequest(NULL, Object(Config\Cache), false)
#10 C:\Users\lenovo\Downloads\Projectmagang\vendor\codeigniter4\framework\system\Boot.php(417): CodeIgniter\CodeIgniter->run()
#11 C:\Users\lenovo\Downloads\Projectmagang\vendor\codeigniter4\framework\system\Boot.php(68): CodeIgniter\Boot::runCodeIgniter(Object(CodeIgniter\CodeIgniter))
#12 C:\Users\lenovo\Downloads\Projectmagang\public\index.php(59): CodeIgniter\Boot::bootWeb(Object(Config\Paths))
#13 C:\Users\lenovo\Downloads\Projectmagang\vendor\codeigniter4\framework\system\rewrite.php(44): require_once('C:\\Users\\lenovo...')
#14 {main}

Next CodeIgniter\Database\Exceptions\DatabaseException: Access denied for user ''@'localhost' (using password: NO) in C:\Users\lenovo\Downloads\Projectmagang\vendor\codeigniter4\framework\system\Database\MySQLi\Connection.php:231
Stack trace:
#0 C:\Users\lenovo\Downloads\Projectmagang\vendor\codeigniter4\framework\system\Database\BaseConnection.php(555): CodeIgniter\Database\MySQLi\Connection->connect(false)
#1 C:\Users\lenovo\Downloads\Projectmagang\vendor\codeigniter4\framework\system\Database\BaseConnection.php(795): CodeIgniter\Database\BaseConnection->initialize()
#2 C:\Users\lenovo\Downloads\Projectmagang\vendor\codeigniter4\framework\system\Database\BaseBuilder.php(1647): CodeIgniter\Database\BaseConnection->query('SELECT *\nFROM `...', Array, false)
#3 C:\Users\lenovo\Downloads\Projectmagang\vendor\codeigniter4\framework\system\Model.php(297): CodeIgniter\Database\BaseBuilder->get()
#4 C:\Users\lenovo\Downloads\Projectmagang\vendor\codeigniter4\framework\system\BaseModel.php(714): CodeIgniter\Model->doFirst()
#5 C:\Users\lenovo\Downloads\Projectmagang\app\Controllers\Mahasiswa.php(25): CodeIgniter\BaseModel->first()
#6 C:\Users\lenovo\Downloads\Projectmagang\vendor\codeigniter4\framework\system\CodeIgniter.php(974): App\Controllers\Mahasiswa->auth()
#7 C:\Users\lenovo\Downloads\Projectmagang\vendor\codeigniter4\framework\system\CodeIgniter.php(520): CodeIgniter\CodeIgniter->runController(Object(App\Controllers\Mahasiswa))
#8 C:\Users\lenovo\Downloads\Projectmagang\vendor\codeigniter4\framework\system\CodeIgniter.php(363): CodeIgniter\CodeIgniter->handleRequest(NULL, Object(Config\Cache), false)
#9 C:\Users\lenovo\Downloads\Projectmagang\vendor\codeigniter4\framework\system\Boot.php(417): CodeIgniter\CodeIgniter->run()
#10 C:\Users\lenovo\Downloads\Projectmagang\vendor\codeigniter4\framework\system\Boot.php(68): CodeIgniter\Boot::runCodeIgniter(Object(CodeIgniter\CodeIgniter))
#11 C:\Users\lenovo\Downloads\Projectmagang\public\index.php(59): CodeIgniter\Boot::bootWeb(Object(Config\Paths))
#12 C:\Users\lenovo\Downloads\Projectmagang\vendor\codeigniter4\framework\system\rewrite.php(44): require_once('C:\\Users\\lenovo...')
#13 {main}
CRITICAL - 2026-06-30 06:18:12 --> CodeIgniter\Database\Exceptions\DatabaseException: Unable to connect to the database.
Main connection [MySQLi]: Access denied for user ''@'localhost' (using password: NO)
[Method: POST, Route: login/auth]
in SYSTEMPATH\Database\BaseConnection.php on line 606.
 1 SYSTEMPATH\Database\BaseConnection.php(795): CodeIgniter\Database\BaseConnection->initialize()
 2 SYSTEMPATH\Database\BaseBuilder.php(1647): CodeIgniter\Database\BaseConnection->query('SELECT *
FROM `m_user_mahasiswa`
WHERE `username` = :username:
 LIMIT 1', [...], false)
 3 SYSTEMPATH\Model.php(297): CodeIgniter\Database\BaseBuilder->get()
 4 SYSTEMPATH\BaseModel.php(714): CodeIgniter\Model->doFirst()
 5 APPPATH\Controllers\Mahasiswa.php(25): CodeIgniter\BaseModel->first()
 6 SYSTEMPATH\CodeIgniter.php(974): App\Controllers\Mahasiswa->auth()
 7 SYSTEMPATH\CodeIgniter.php(520): CodeIgniter\CodeIgniter->runController(Object(App\Controllers\Mahasiswa))
 8 SYSTEMPATH\CodeIgniter.php(363): CodeIgniter\CodeIgniter->handleRequest(null, Object(Config\Cache), false)
 9 SYSTEMPATH\Boot.php(417): CodeIgniter\CodeIgniter->run()
10 SYSTEMPATH\Boot.php(68): CodeIgniter\Boot::runCodeIgniter(Object(CodeIgniter\CodeIgniter))
11 FCPATH\index.php(59): CodeIgniter\Boot::bootWeb(Object(Config\Paths))
12 SYSTEMPATH\rewrite.php(44): require_once('C:\\Users\\lenovo\\Downloads\\Projectmagang\\public\\index.php')
ERROR - 2026-06-30 06:18:20 --> Error connecting to the database: mysqli_sql_exception: Access denied for user ''@'localhost' (using password: NO) in C:\Users\lenovo\Downloads\Projectmagang\vendor\codeigniter4\framework\system\Database\MySQLi\Connection.php:201
Stack trace:
#0 C:\Users\lenovo\Downloads\Projectmagang\vendor\codeigniter4\framework\system\Database\MySQLi\Connection.php(201): mysqli->real_connect('localhost', '', Object(SensitiveParameterValue), '', 3306, '', 0)
#1 C:\Users\lenovo\Downloads\Projectmagang\vendor\codeigniter4\framework\system\Database\BaseConnection.php(555): CodeIgniter\Database\MySQLi\Connection->connect(false)
#2 C:\Users\lenovo\Downloads\Projectmagang\vendor\codeigniter4\framework\system\Database\BaseConnection.php(795): CodeIgniter\Database\BaseConnection->initialize()
#3 C:\Users\lenovo\Downloads\Projectmagang\vendor\codeigniter4\framework\system\Database\BaseBuilder.php(1647): CodeIgniter\Database\BaseConnection->query('SELECT *\nFROM `...', Array, false)
#4 C:\Users\lenovo\Downloads\Projectmagang\vendor\codeigniter4\framework\system\Model.php(297): CodeIgniter\Database\BaseBuilder->get()
#5 C:\Users\lenovo\Downloads\Projectmagang\vendor\codeigniter4\framework\system\BaseModel.php(714): CodeIgniter\Model->doFirst()
#6 C:\Users\lenovo\Downloads\Projectmagang\app\Controllers\Mahasiswa.php(25): CodeIgniter\BaseModel->first()
#7 C:\Users\lenovo\Downloads\Projectmagang\vendor\codeigniter4\framework\system\CodeIgniter.php(974): App\Controllers\Mahasiswa->auth()
#8 C:\Users\lenovo\Downloads\Projectmagang\vendor\codeigniter4\framework\system\CodeIgniter.php(520): CodeIgniter\CodeIgniter->runController(Object(App\Controllers\Mahasiswa))
#9 C:\Users\lenovo\Downloads\Projectmagang\vendor\codeigniter4\framework\system\CodeIgniter.php(363): CodeIgniter\CodeIgniter->handleRequest(NULL, Object(Config\Cache), false)
#10 C:\Users\lenovo\Downloads\Projectmagang\vendor\codeigniter4\framework\system\Boot.php(417): CodeIgniter\CodeIgniter->run()
#11 C:\Users\lenovo\Downloads\Projectmagang\vendor\codeigniter4\framework\system\Boot.php(68): CodeIgniter\Boot::runCodeIgniter(Object(CodeIgniter\CodeIgniter))
#12 C:\Users\lenovo\Downloads\Projectmagang\public\index.php(59): CodeIgniter\Boot::bootWeb(Object(Config\Paths))
#13 C:\Users\lenovo\Downloads\Projectmagang\vendor\codeigniter4\framework\system\rewrite.php(44): require_once('C:\\Users\\lenovo...')
#14 {main}

Next CodeIgniter\Database\Exceptions\DatabaseException: Access denied for user ''@'localhost' (using password: NO) in C:\Users\lenovo\Downloads\Projectmagang\vendor\codeigniter4\framework\system\Database\MySQLi\Connection.php:231
Stack trace:
#0 C:\Users\lenovo\Downloads\Projectmagang\vendor\codeigniter4\framework\system\Database\BaseConnection.php(555): CodeIgniter\Database\MySQLi\Connection->connect(false)
#1 C:\Users\lenovo\Downloads\Projectmagang\vendor\codeigniter4\framework\system\Database\BaseConnection.php(795): CodeIgniter\Database\BaseConnection->initialize()
#2 C:\Users\lenovo\Downloads\Projectmagang\vendor\codeigniter4\framework\system\Database\BaseBuilder.php(1647): CodeIgniter\Database\BaseConnection->query('SELECT *\nFROM `...', Array, false)
#3 C:\Users\lenovo\Downloads\Projectmagang\vendor\codeigniter4\framework\system\Model.php(297): CodeIgniter\Database\BaseBuilder->get()
#4 C:\Users\lenovo\Downloads\Projectmagang\vendor\codeigniter4\framework\system\BaseModel.php(714): CodeIgniter\Model->doFirst()
#5 C:\Users\lenovo\Downloads\Projectmagang\app\Controllers\Mahasiswa.php(25): CodeIgniter\BaseModel->first()
#6 C:\Users\lenovo\Downloads\Projectmagang\vendor\codeigniter4\framework\system\CodeIgniter.php(974): App\Controllers\Mahasiswa->auth()
#7 C:\Users\lenovo\Downloads\Projectmagang\vendor\codeigniter4\framework\system\CodeIgniter.php(520): CodeIgniter\CodeIgniter->runController(Object(App\Controllers\Mahasiswa))
#8 C:\Users\lenovo\Downloads\Projectmagang\vendor\codeigniter4\framework\system\CodeIgniter.php(363): CodeIgniter\CodeIgniter->handleRequest(NULL, Object(Config\Cache), false)
#9 C:\Users\lenovo\Downloads\Projectmagang\vendor\codeigniter4\framework\system\Boot.php(417): CodeIgniter\CodeIgniter->run()
#10 C:\Users\lenovo\Downloads\Projectmagang\vendor\codeigniter4\framework\system\Boot.php(68): CodeIgniter\Boot::runCodeIgniter(Object(CodeIgniter\CodeIgniter))
#11 C:\Users\lenovo\Downloads\Projectmagang\public\index.php(59): CodeIgniter\Boot::bootWeb(Object(Config\Paths))
#12 C:\Users\lenovo\Downloads\Projectmagang\vendor\codeigniter4\framework\system\rewrite.php(44): require_once('C:\\Users\\lenovo...')
#13 {main}
CRITICAL - 2026-06-30 06:18:20 --> CodeIgniter\Database\Exceptions\DatabaseException: Unable to connect to the database.
Main connection [MySQLi]: Access denied for user ''@'localhost' (using password: NO)
[Method: POST, Route: login/auth]
in SYSTEMPATH\Database\BaseConnection.php on line 606.
 1 SYSTEMPATH\Database\BaseConnection.php(795): CodeIgniter\Database\BaseConnection->initialize()
 2 SYSTEMPATH\Database\BaseBuilder.php(1647): CodeIgniter\Database\BaseConnection->query('SELECT *
FROM `m_user_mahasiswa`
WHERE `username` = :username:
 LIMIT 1', [...], false)
 3 SYSTEMPATH\Model.php(297): CodeIgniter\Database\BaseBuilder->get()
 4 SYSTEMPATH\BaseModel.php(714): CodeIgniter\Model->doFirst()
 5 APPPATH\Controllers\Mahasiswa.php(25): CodeIgniter\BaseModel->first()
 6 SYSTEMPATH\CodeIgniter.php(974): App\Controllers\Mahasiswa->auth()
 7 SYSTEMPATH\CodeIgniter.php(520): CodeIgniter\CodeIgniter->runController(Object(App\Controllers\Mahasiswa))
 8 SYSTEMPATH\CodeIgniter.php(363): CodeIgniter\CodeIgniter->handleRequest(null, Object(Config\Cache), false)
 9 SYSTEMPATH\Boot.php(417): CodeIgniter\CodeIgniter->run()
10 SYSTEMPATH\Boot.php(68): CodeIgniter\Boot::runCodeIgniter(Object(CodeIgniter\CodeIgniter))
11 FCPATH\index.php(59): CodeIgniter\Boot::bootWeb(Object(Config\Paths))
12 SYSTEMPATH\rewrite.php(44): require_once('C:\\Users\\lenovo\\Downloads\\Projectmagang\\public\\index.php')
ERROR - 2026-06-30 06:24:45 --> Error connecting to the database: mysqli_sql_exception: Access denied for user ''@'localhost' (using password: NO) in C:\Users\lenovo\Downloads\Projectmagang\vendor\codeigniter4\framework\system\Database\MySQLi\Connection.php:201
Stack trace:
#0 C:\Users\lenovo\Downloads\Projectmagang\vendor\codeigniter4\framework\system\Database\MySQLi\Connection.php(201): mysqli->real_connect('localhost', '', Object(SensitiveParameterValue), '', 3306, '', 0)
#1 C:\Users\lenovo\Downloads\Projectmagang\vendor\codeigniter4\framework\system\Database\BaseConnection.php(555): CodeIgniter\Database\MySQLi\Connection->connect(false)
#2 C:\Users\lenovo\Downloads\Projectmagang\vendor\codeigniter4\framework\system\Database\BaseConnection.php(795): CodeIgniter\Database\BaseConnection->initialize()
#3 C:\Users\lenovo\Downloads\Projectmagang\vendor\codeigniter4\framework\system\Database\BaseBuilder.php(1647): CodeIgniter\Database\BaseConnection->query('SELECT *\nFROM `...', Array, false)
#4 C:\Users\lenovo\Downloads\Projectmagang\vendor\codeigniter4\framework\system\Model.php(297): CodeIgniter\Database\BaseBuilder->get()
#5 C:\Users\lenovo\Downloads\Projectmagang\vendor\codeigniter4\framework\system\BaseModel.php(714): CodeIgniter\Model->doFirst()
#6 C:\Users\lenovo\Downloads\Projectmagang\app\Controllers\Mahasiswa.php(25): CodeIgniter\BaseModel->first()
#7 C:\Users\lenovo\Downloads\Projectmagang\vendor\codeigniter4\framework\system\CodeIgniter.php(974): App\Controllers\Mahasiswa->auth()
#8 C:\Users\lenovo\Downloads\Projectmagang\vendor\codeigniter4\framework\system\CodeIgniter.php(520): CodeIgniter\CodeIgniter->runController(Object(App\Controllers\Mahasiswa))
#9 C:\Users\lenovo\Downloads\Projectmagang\vendor\codeigniter4\framework\system\CodeIgniter.php(363): CodeIgniter\CodeIgniter->handleRequest(NULL, Object(Config\Cache), false)
#10 C:\Users\lenovo\Downloads\Projectmagang\vendor\codeigniter4\framework\system\Boot.php(417): CodeIgniter\CodeIgniter->run()
#11 C:\Users\lenovo\Downloads\Projectmagang\vendor\codeigniter4\framework\system\Boot.php(68): CodeIgniter\Boot::runCodeIgniter(Object(CodeIgniter\CodeIgniter))
#12 C:\Users\lenovo\Downloads\Projectmagang\public\index.php(59): CodeIgniter\Boot::bootWeb(Object(Config\Paths))
#13 C:\Users\lenovo\Downloads\Projectmagang\vendor\codeigniter4\framework\system\rewrite.php(44): require_once('C:\\Users\\lenovo...')
#14 {main}

Next CodeIgniter\Database\Exceptions\DatabaseException: Access denied for user ''@'localhost' (using password: NO) in C:\Users\lenovo\Downloads\Projectmagang\vendor\codeigniter4\framework\system\Database\MySQLi\Connection.php:231
Stack trace:
#0 C:\Users\lenovo\Downloads\Projectmagang\vendor\codeigniter4\framework\system\Database\BaseConnection.php(555): CodeIgniter\Database\MySQLi\Connection->connect(false)
#1 C:\Users\lenovo\Downloads\Projectmagang\vendor\codeigniter4\framework\system\Database\BaseConnection.php(795): CodeIgniter\Database\BaseConnection->initialize()
#2 C:\Users\lenovo\Downloads\Projectmagang\vendor\codeigniter4\framework\system\Database\BaseBuilder.php(1647): CodeIgniter\Database\BaseConnection->query('SELECT *\nFROM `...', Array, false)
#3 C:\Users\lenovo\Downloads\Projectmagang\vendor\codeigniter4\framework\system\Model.php(297): CodeIgniter\Database\BaseBuilder->get()
#4 C:\Users\lenovo\Downloads\Projectmagang\vendor\codeigniter4\framework\system\BaseModel.php(714): CodeIgniter\Model->doFirst()
#5 C:\Users\lenovo\Downloads\Projectmagang\app\Controllers\Mahasiswa.php(25): CodeIgniter\BaseModel->first()
#6 C:\Users\lenovo\Downloads\Projectmagang\vendor\codeigniter4\framework\system\CodeIgniter.php(974): App\Controllers\Mahasiswa->auth()
#7 C:\Users\lenovo\Downloads\Projectmagang\vendor\codeigniter4\framework\system\CodeIgniter.php(520): CodeIgniter\CodeIgniter->runController(Object(App\Controllers\Mahasiswa))
#8 C:\Users\lenovo\Downloads\Projectmagang\vendor\codeigniter4\framework\system\CodeIgniter.php(363): CodeIgniter\CodeIgniter->handleRequest(NULL, Object(Config\Cache), false)
#9 C:\Users\lenovo\Downloads\Projectmagang\vendor\codeigniter4\framework\system\Boot.php(417): CodeIgniter\CodeIgniter->run()
#10 C:\Users\lenovo\Downloads\Projectmagang\vendor\codeigniter4\framework\system\Boot.php(68): CodeIgniter\Boot::runCodeIgniter(Object(CodeIgniter\CodeIgniter))
#11 C:\Users\lenovo\Downloads\Projectmagang\public\index.php(59): CodeIgniter\Boot::bootWeb(Object(Config\Paths))
#12 C:\Users\lenovo\Downloads\Projectmagang\vendor\codeigniter4\framework\system\rewrite.php(44): require_once('C:\\Users\\lenovo...')
#13 {main}
CRITICAL - 2026-06-30 06:24:45 --> CodeIgniter\Database\Exceptions\DatabaseException: Unable to connect to the database.
Main connection [MySQLi]: Access denied for user ''@'localhost' (using password: NO)
[Method: POST, Route: login/auth]
in SYSTEMPATH\Database\BaseConnection.php on line 606.
 1 SYSTEMPATH\Database\BaseConnection.php(795): CodeIgniter\Database\BaseConnection->initialize()
 2 SYSTEMPATH\Database\BaseBuilder.php(1647): CodeIgniter\Database\BaseConnection->query('SELECT *
FROM `m_user_mahasiswa`
WHERE `username` = :username:
 LIMIT 1', [...], false)
 3 SYSTEMPATH\Model.php(297): CodeIgniter\Database\BaseBuilder->get()
 4 SYSTEMPATH\BaseModel.php(714): CodeIgniter\Model->doFirst()
 5 APPPATH\Controllers\Mahasiswa.php(25): CodeIgniter\BaseModel->first()
 6 SYSTEMPATH\CodeIgniter.php(974): App\Controllers\Mahasiswa->auth()
 7 SYSTEMPATH\CodeIgniter.php(520): CodeIgniter\CodeIgniter->runController(Object(App\Controllers\Mahasiswa))
 8 SYSTEMPATH\CodeIgniter.php(363): CodeIgniter\CodeIgniter->handleRequest(null, Object(Config\Cache), false)
 9 SYSTEMPATH\Boot.php(417): CodeIgniter\CodeIgniter->run()
10 SYSTEMPATH\Boot.php(68): CodeIgniter\Boot::runCodeIgniter(Object(CodeIgniter\CodeIgniter))
11 FCPATH\index.php(59): CodeIgniter\Boot::bootWeb(Object(Config\Paths))
12 SYSTEMPATH\rewrite.php(44): require_once('C:\\Users\\lenovo\\Downloads\\Projectmagang\\public\\index.php')
ERROR - 2026-06-30 06:24:55 --> Error connecting to the database: mysqli_sql_exception: Access denied for user ''@'localhost' (using password: NO) in C:\Users\lenovo\Downloads\Projectmagang\vendor\codeigniter4\framework\system\Database\MySQLi\Connection.php:201
Stack trace:
#0 C:\Users\lenovo\Downloads\Projectmagang\vendor\codeigniter4\framework\system\Database\MySQLi\Connection.php(201): mysqli->real_connect('localhost', '', Object(SensitiveParameterValue), '', 3306, '', 0)
#1 C:\Users\lenovo\Downloads\Projectmagang\vendor\codeigniter4\framework\system\Database\BaseConnection.php(555): CodeIgniter\Database\MySQLi\Connection->connect(false)
#2 C:\Users\lenovo\Downloads\Projectmagang\vendor\codeigniter4\framework\system\Database\BaseConnection.php(795): CodeIgniter\Database\BaseConnection->initialize()
#3 C:\Users\lenovo\Downloads\Projectmagang\vendor\codeigniter4\framework\system\Database\BaseBuilder.php(1647): CodeIgniter\Database\BaseConnection->query('SELECT *\nFROM `...', Array, false)
#4 C:\Users\lenovo\Downloads\Projectmagang\vendor\codeigniter4\framework\system\Model.php(297): CodeIgniter\Database\BaseBuilder->get()
#5 C:\Users\lenovo\Downloads\Projectmagang\vendor\codeigniter4\framework\system\BaseModel.php(714): CodeIgniter\Model->doFirst()
#6 C:\Users\lenovo\Downloads\Projectmagang\app\Controllers\Mahasiswa.php(25): CodeIgniter\BaseModel->first()
#7 C:\Users\lenovo\Downloads\Projectmagang\vendor\codeigniter4\framework\system\CodeIgniter.php(974): App\Controllers\Mahasiswa->auth()
#8 C:\Users\lenovo\Downloads\Projectmagang\vendor\codeigniter4\framework\system\CodeIgniter.php(520): CodeIgniter\CodeIgniter->runController(Object(App\Controllers\Mahasiswa))
#9 C:\Users\lenovo\Downloads\Projectmagang\vendor\codeigniter4\framework\system\CodeIgniter.php(363): CodeIgniter\CodeIgniter->handleRequest(NULL, Object(Config\Cache), false)
#10 C:\Users\lenovo\Downloads\Projectmagang\vendor\codeigniter4\framework\system\Boot.php(417): CodeIgniter\CodeIgniter->run()
#11 C:\Users\lenovo\Downloads\Projectmagang\vendor\codeigniter4\framework\system\Boot.php(68): CodeIgniter\Boot::runCodeIgniter(Object(CodeIgniter\CodeIgniter))
#12 C:\Users\lenovo\Downloads\Projectmagang\public\index.php(59): CodeIgniter\Boot::bootWeb(Object(Config\Paths))
#13 C:\Users\lenovo\Downloads\Projectmagang\vendor\codeigniter4\framework\system\rewrite.php(44): require_once('C:\\Users\\lenovo...')
#14 {main}

Next CodeIgniter\Database\Exceptions\DatabaseException: Access denied for user ''@'localhost' (using password: NO) in C:\Users\lenovo\Downloads\Projectmagang\vendor\codeigniter4\framework\system\Database\MySQLi\Connection.php:231
Stack trace:
#0 C:\Users\lenovo\Downloads\Projectmagang\vendor\codeigniter4\framework\system\Database\BaseConnection.php(555): CodeIgniter\Database\MySQLi\Connection->connect(false)
#1 C:\Users\lenovo\Downloads\Projectmagang\vendor\codeigniter4\framework\system\Database\BaseConnection.php(795): CodeIgniter\Database\BaseConnection->initialize()
#2 C:\Users\lenovo\Downloads\Projectmagang\vendor\codeigniter4\framework\system\Database\BaseBuilder.php(1647): CodeIgniter\Database\BaseConnection->query('SELECT *\nFROM `...', Array, false)
#3 C:\Users\lenovo\Downloads\Projectmagang\vendor\codeigniter4\framework\system\Model.php(297): CodeIgniter\Database\BaseBuilder->get()
#4 C:\Users\lenovo\Downloads\Projectmagang\vendor\codeigniter4\framework\system\BaseModel.php(714): CodeIgniter\Model->doFirst()
#5 C:\Users\lenovo\Downloads\Projectmagang\app\Controllers\Mahasiswa.php(25): CodeIgniter\BaseModel->first()
#6 C:\Users\lenovo\Downloads\Projectmagang\vendor\codeigniter4\framework\system\CodeIgniter.php(974): App\Controllers\Mahasiswa->auth()
#7 C:\Users\lenovo\Downloads\Projectmagang\vendor\codeigniter4\framework\system\CodeIgniter.php(520): CodeIgniter\CodeIgniter->runController(Object(App\Controllers\Mahasiswa))
#8 C:\Users\lenovo\Downloads\Projectmagang\vendor\codeigniter4\framework\system\CodeIgniter.php(363): CodeIgniter\CodeIgniter->handleRequest(NULL, Object(Config\Cache), false)
#9 C:\Users\lenovo\Downloads\Projectmagang\vendor\codeigniter4\framework\system\Boot.php(417): CodeIgniter\CodeIgniter->run()
#10 C:\Users\lenovo\Downloads\Projectmagang\vendor\codeigniter4\framework\system\Boot.php(68): CodeIgniter\Boot::runCodeIgniter(Object(CodeIgniter\CodeIgniter))
#11 C:\Users\lenovo\Downloads\Projectmagang\public\index.php(59): CodeIgniter\Boot::bootWeb(Object(Config\Paths))
#12 C:\Users\lenovo\Downloads\Projectmagang\vendor\codeigniter4\framework\system\rewrite.php(44): require_once('C:\\Users\\lenovo...')
#13 {main}
CRITICAL - 2026-06-30 06:24:55 --> CodeIgniter\Database\Exceptions\DatabaseException: Unable to connect to the database.
Main connection [MySQLi]: Access denied for user ''@'localhost' (using password: NO)
[Method: POST, Route: login/auth]
in SYSTEMPATH\Database\BaseConnection.php on line 606.
 1 SYSTEMPATH\Database\BaseConnection.php(795): CodeIgniter\Database\BaseConnection->initialize()
 2 SYSTEMPATH\Database\BaseBuilder.php(1647): CodeIgniter\Database\BaseConnection->query('SELECT *
FROM `m_user_mahasiswa`
WHERE `username` = :username:
 LIMIT 1', [...], false)
 3 SYSTEMPATH\Model.php(297): CodeIgniter\Database\BaseBuilder->get()
 4 SYSTEMPATH\BaseModel.php(714): CodeIgniter\Model->doFirst()
 5 APPPATH\Controllers\Mahasiswa.php(25): CodeIgniter\BaseModel->first()
 6 SYSTEMPATH\CodeIgniter.php(974): App\Controllers\Mahasiswa->auth()
 7 SYSTEMPATH\CodeIgniter.php(520): CodeIgniter\CodeIgniter->runController(Object(App\Controllers\Mahasiswa))
 8 SYSTEMPATH\CodeIgniter.php(363): CodeIgniter\CodeIgniter->handleRequest(null, Object(Config\Cache), false)
 9 SYSTEMPATH\Boot.php(417): CodeIgniter\CodeIgniter->run()
10 SYSTEMPATH\Boot.php(68): CodeIgniter\Boot::runCodeIgniter(Object(CodeIgniter\CodeIgniter))
11 FCPATH\index.php(59): CodeIgniter\Boot::bootWeb(Object(Config\Paths))
12 SYSTEMPATH\rewrite.php(44): require_once('C:\\Users\\lenovo\\Downloads\\Projectmagang\\public\\index.php')
ERROR - 2026-06-30 06:25:23 --> Error connecting to the database: mysqli_sql_exception: Access denied for user ''@'localhost' (using password: NO) in C:\Users\lenovo\Downloads\Projectmagang\vendor\codeigniter4\framework\system\Database\MySQLi\Connection.php:201
Stack trace:
#0 C:\Users\lenovo\Downloads\Projectmagang\vendor\codeigniter4\framework\system\Database\MySQLi\Connection.php(201): mysqli->real_connect('localhost', '', Object(SensitiveParameterValue), '', 3306, '', 0)
#1 C:\Users\lenovo\Downloads\Projectmagang\vendor\codeigniter4\framework\system\Database\BaseConnection.php(555): CodeIgniter\Database\MySQLi\Connection->connect(false)
#2 C:\Users\lenovo\Downloads\Projectmagang\vendor\codeigniter4\framework\system\Database\BaseConnection.php(795): CodeIgniter\Database\BaseConnection->initialize()
#3 C:\Users\lenovo\Downloads\Projectmagang\vendor\codeigniter4\framework\system\Database\BaseBuilder.php(1647): CodeIgniter\Database\BaseConnection->query('SELECT *\nFROM `...', Array, false)
#4 C:\Users\lenovo\Downloads\Projectmagang\vendor\codeigniter4\framework\system\Model.php(297): CodeIgniter\Database\BaseBuilder->get()
#5 C:\Users\lenovo\Downloads\Projectmagang\vendor\codeigniter4\framework\system\BaseModel.php(714): CodeIgniter\Model->doFirst()
#6 C:\Users\lenovo\Downloads\Projectmagang\app\Controllers\Mahasiswa.php(25): CodeIgniter\BaseModel->first()
#7 C:\Users\lenovo\Downloads\Projectmagang\vendor\codeigniter4\framework\system\CodeIgniter.php(974): App\Controllers\Mahasiswa->auth()
#8 C:\Users\lenovo\Downloads\Projectmagang\vendor\codeigniter4\framework\system\CodeIgniter.php(520): CodeIgniter\CodeIgniter->runController(Object(App\Controllers\Mahasiswa))
#9 C:\Users\lenovo\Downloads\Projectmagang\vendor\codeigniter4\framework\system\CodeIgniter.php(363): CodeIgniter\CodeIgniter->handleRequest(NULL, Object(Config\Cache), false)
#10 C:\Users\lenovo\Downloads\Projectmagang\vendor\codeigniter4\framework\system\Boot.php(417): CodeIgniter\CodeIgniter->run()
#11 C:\Users\lenovo\Downloads\Projectmagang\vendor\codeigniter4\framework\system\Boot.php(68): CodeIgniter\Boot::runCodeIgniter(Object(CodeIgniter\CodeIgniter))
#12 C:\Users\lenovo\Downloads\Projectmagang\public\index.php(59): CodeIgniter\Boot::bootWeb(Object(Config\Paths))
#13 C:\Users\lenovo\Downloads\Projectmagang\vendor\codeigniter4\framework\system\rewrite.php(44): require_once('C:\\Users\\lenovo...')
#14 {main}

Next CodeIgniter\Database\Exceptions\DatabaseException: Access denied for user ''@'localhost' (using password: NO) in C:\Users\lenovo\Downloads\Projectmagang\vendor\codeigniter4\framework\system\Database\MySQLi\Connection.php:231
Stack trace:
#0 C:\Users\lenovo\Downloads\Projectmagang\vendor\codeigniter4\framework\system\Database\BaseConnection.php(555): CodeIgniter\Database\MySQLi\Connection->connect(false)
#1 C:\Users\lenovo\Downloads\Projectmagang\vendor\codeigniter4\framework\system\Database\BaseConnection.php(795): CodeIgniter\Database\BaseConnection->initialize()
#2 C:\Users\lenovo\Downloads\Projectmagang\vendor\codeigniter4\framework\system\Database\BaseBuilder.php(1647): CodeIgniter\Database\BaseConnection->query('SELECT *\nFROM `...', Array, false)
#3 C:\Users\lenovo\Downloads\Projectmagang\vendor\codeigniter4\framework\system\Model.php(297): CodeIgniter\Database\BaseBuilder->get()
#4 C:\Users\lenovo\Downloads\Projectmagang\vendor\codeigniter4\framework\system\BaseModel.php(714): CodeIgniter\Model->doFirst()
#5 C:\Users\lenovo\Downloads\Projectmagang\app\Controllers\Mahasiswa.php(25): CodeIgniter\BaseModel->first()
#6 C:\Users\lenovo\Downloads\Projectmagang\vendor\codeigniter4\framework\system\CodeIgniter.php(974): App\Controllers\Mahasiswa->auth()
#7 C:\Users\lenovo\Downloads\Projectmagang\vendor\codeigniter4\framework\system\CodeIgniter.php(520): CodeIgniter\CodeIgniter->runController(Object(App\Controllers\Mahasiswa))
#8 C:\Users\lenovo\Downloads\Projectmagang\vendor\codeigniter4\framework\system\CodeIgniter.php(363): CodeIgniter\CodeIgniter->handleRequest(NULL, Object(Config\Cache), false)
#9 C:\Users\lenovo\Downloads\Projectmagang\vendor\codeigniter4\framework\system\Boot.php(417): CodeIgniter\CodeIgniter->run()
#10 C:\Users\lenovo\Downloads\Projectmagang\vendor\codeigniter4\framework\system\Boot.php(68): CodeIgniter\Boot::runCodeIgniter(Object(CodeIgniter\CodeIgniter))
#11 C:\Users\lenovo\Downloads\Projectmagang\public\index.php(59): CodeIgniter\Boot::bootWeb(Object(Config\Paths))
#12 C:\Users\lenovo\Downloads\Projectmagang\vendor\codeigniter4\framework\system\rewrite.php(44): require_once('C:\\Users\\lenovo...')
#13 {main}
CRITICAL - 2026-06-30 06:25:23 --> CodeIgniter\Database\Exceptions\DatabaseException: Unable to connect to the database.
Main connection [MySQLi]: Access denied for user ''@'localhost' (using password: NO)
[Method: POST, Route: login/auth]
in SYSTEMPATH\Database\BaseConnection.php on line 606.
 1 SYSTEMPATH\Database\BaseConnection.php(795): CodeIgniter\Database\BaseConnection->initialize()
 2 SYSTEMPATH\Database\BaseBuilder.php(1647): CodeIgniter\Database\BaseConnection->query('SELECT *
FROM `m_user_mahasiswa`
WHERE `username` = :username:
 LIMIT 1', [...], false)
 3 SYSTEMPATH\Model.php(297): CodeIgniter\Database\BaseBuilder->get()
 4 SYSTEMPATH\BaseModel.php(714): CodeIgniter\Model->doFirst()
 5 APPPATH\Controllers\Mahasiswa.php(25): CodeIgniter\BaseModel->first()
 6 SYSTEMPATH\CodeIgniter.php(974): App\Controllers\Mahasiswa->auth()
 7 SYSTEMPATH\CodeIgniter.php(520): CodeIgniter\CodeIgniter->runController(Object(App\Controllers\Mahasiswa))
 8 SYSTEMPATH\CodeIgniter.php(363): CodeIgniter\CodeIgniter->handleRequest(null, Object(Config\Cache), false)
 9 SYSTEMPATH\Boot.php(417): CodeIgniter\CodeIgniter->run()
10 SYSTEMPATH\Boot.php(68): CodeIgniter\Boot::runCodeIgniter(Object(CodeIgniter\CodeIgniter))
11 FCPATH\index.php(59): CodeIgniter\Boot::bootWeb(Object(Config\Paths))
12 SYSTEMPATH\rewrite.php(44): require_once('C:\\Users\\lenovo\\Downloads\\Projectmagang\\public\\index.php')
ERROR - 2026-06-30 06:26:04 --> Error connecting to the database: mysqli_sql_exception: Access denied for user ''@'localhost' (using password: NO) in C:\Users\lenovo\Downloads\Projectmagang\vendor\codeigniter4\framework\system\Database\MySQLi\Connection.php:201
Stack trace:
#0 C:\Users\lenovo\Downloads\Projectmagang\vendor\codeigniter4\framework\system\Database\MySQLi\Connection.php(201): mysqli->real_connect('localhost', '', Object(SensitiveParameterValue), '', 3306, '', 0)
#1 C:\Users\lenovo\Downloads\Projectmagang\vendor\codeigniter4\framework\system\Database\BaseConnection.php(555): CodeIgniter\Database\MySQLi\Connection->connect(false)
#2 C:\Users\lenovo\Downloads\Projectmagang\vendor\codeigniter4\framework\system\Database\BaseConnection.php(795): CodeIgniter\Database\BaseConnection->initialize()
#3 C:\Users\lenovo\Downloads\Projectmagang\vendor\codeigniter4\framework\system\Database\BaseBuilder.php(1647): CodeIgniter\Database\BaseConnection->query('SELECT *\nFROM `...', Array, false)
#4 C:\Users\lenovo\Downloads\Projectmagang\vendor\codeigniter4\framework\system\Model.php(297): CodeIgniter\Database\BaseBuilder->get()
#5 C:\Users\lenovo\Downloads\Projectmagang\vendor\codeigniter4\framework\system\BaseModel.php(714): CodeIgniter\Model->doFirst()
#6 C:\Users\lenovo\Downloads\Projectmagang\app\Controllers\Mahasiswa.php(25): CodeIgniter\BaseModel->first()
#7 C:\Users\lenovo\Downloads\Projectmagang\vendor\codeigniter4\framework\system\CodeIgniter.php(974): App\Controllers\Mahasiswa->auth()
#8 C:\Users\lenovo\Downloads\Projectmagang\vendor\codeigniter4\framework\system\CodeIgniter.php(520): CodeIgniter\CodeIgniter->runController(Object(App\Controllers\Mahasiswa))
#9 C:\Users\lenovo\Downloads\Projectmagang\vendor\codeigniter4\framework\system\CodeIgniter.php(363): CodeIgniter\CodeIgniter->handleRequest(NULL, Object(Config\Cache), false)
#10 C:\Users\lenovo\Downloads\Projectmagang\vendor\codeigniter4\framework\system\Boot.php(417): CodeIgniter\CodeIgniter->run()
#11 C:\Users\lenovo\Downloads\Projectmagang\vendor\codeigniter4\framework\system\Boot.php(68): CodeIgniter\Boot::runCodeIgniter(Object(CodeIgniter\CodeIgniter))
#12 C:\Users\lenovo\Downloads\Projectmagang\public\index.php(59): CodeIgniter\Boot::bootWeb(Object(Config\Paths))
#13 C:\Users\lenovo\Downloads\Projectmagang\vendor\codeigniter4\framework\system\rewrite.php(44): require_once('C:\\Users\\lenovo...')
#14 {main}

Next CodeIgniter\Database\Exceptions\DatabaseException: Access denied for user ''@'localhost' (using password: NO) in C:\Users\lenovo\Downloads\Projectmagang\vendor\codeigniter4\framework\system\Database\MySQLi\Connection.php:231
Stack trace:
#0 C:\Users\lenovo\Downloads\Projectmagang\vendor\codeigniter4\framework\system\Database\BaseConnection.php(555): CodeIgniter\Database\MySQLi\Connection->connect(false)
#1 C:\Users\lenovo\Downloads\Projectmagang\vendor\codeigniter4\framework\system\Database\BaseConnection.php(795): CodeIgniter\Database\BaseConnection->initialize()
#2 C:\Users\lenovo\Downloads\Projectmagang\vendor\codeigniter4\framework\system\Database\BaseBuilder.php(1647): CodeIgniter\Database\BaseConnection->query('SELECT *\nFROM `...', Array, false)
#3 C:\Users\lenovo\Downloads\Projectmagang\vendor\codeigniter4\framework\system\Model.php(297): CodeIgniter\Database\BaseBuilder->get()
#4 C:\Users\lenovo\Downloads\Projectmagang\vendor\codeigniter4\framework\system\BaseModel.php(714): CodeIgniter\Model->doFirst()
#5 C:\Users\lenovo\Downloads\Projectmagang\app\Controllers\Mahasiswa.php(25): CodeIgniter\BaseModel->first()
#6 C:\Users\lenovo\Downloads\Projectmagang\vendor\codeigniter4\framework\system\CodeIgniter.php(974): App\Controllers\Mahasiswa->auth()
#7 C:\Users\lenovo\Downloads\Projectmagang\vendor\codeigniter4\framework\system\CodeIgniter.php(520): CodeIgniter\CodeIgniter->runController(Object(App\Controllers\Mahasiswa))
#8 C:\Users\lenovo\Downloads\Projectmagang\vendor\codeigniter4\framework\system\CodeIgniter.php(363): CodeIgniter\CodeIgniter->handleRequest(NULL, Object(Config\Cache), false)
#9 C:\Users\lenovo\Downloads\Projectmagang\vendor\codeigniter4\framework\system\Boot.php(417): CodeIgniter\CodeIgniter->run()
#10 C:\Users\lenovo\Downloads\Projectmagang\vendor\codeigniter4\framework\system\Boot.php(68): CodeIgniter\Boot::runCodeIgniter(Object(CodeIgniter\CodeIgniter))
#11 C:\Users\lenovo\Downloads\Projectmagang\public\index.php(59): CodeIgniter\Boot::bootWeb(Object(Config\Paths))
#12 C:\Users\lenovo\Downloads\Projectmagang\vendor\codeigniter4\framework\system\rewrite.php(44): require_once('C:\\Users\\lenovo...')
#13 {main}
CRITICAL - 2026-06-30 06:26:04 --> CodeIgniter\Database\Exceptions\DatabaseException: Unable to connect to the database.
Main connection [MySQLi]: Access denied for user ''@'localhost' (using password: NO)
[Method: POST, Route: login/auth]
in SYSTEMPATH\Database\BaseConnection.php on line 606.
 1 SYSTEMPATH\Database\BaseConnection.php(795): CodeIgniter\Database\BaseConnection->initialize()
 2 SYSTEMPATH\Database\BaseBuilder.php(1647): CodeIgniter\Database\BaseConnection->query('SELECT *
FROM `m_user_mahasiswa`
WHERE `username` = :username:
 LIMIT 1', [...], false)
 3 SYSTEMPATH\Model.php(297): CodeIgniter\Database\BaseBuilder->get()
 4 SYSTEMPATH\BaseModel.php(714): CodeIgniter\Model->doFirst()
 5 APPPATH\Controllers\Mahasiswa.php(25): CodeIgniter\BaseModel->first()
 6 SYSTEMPATH\CodeIgniter.php(974): App\Controllers\Mahasiswa->auth()
 7 SYSTEMPATH\CodeIgniter.php(520): CodeIgniter\CodeIgniter->runController(Object(App\Controllers\Mahasiswa))
 8 SYSTEMPATH\CodeIgniter.php(363): CodeIgniter\CodeIgniter->handleRequest(null, Object(Config\Cache), false)
 9 SYSTEMPATH\Boot.php(417): CodeIgniter\CodeIgniter->run()
10 SYSTEMPATH\Boot.php(68): CodeIgniter\Boot::runCodeIgniter(Object(CodeIgniter\CodeIgniter))
11 FCPATH\index.php(59): CodeIgniter\Boot::bootWeb(Object(Config\Paths))
12 SYSTEMPATH\rewrite.php(44): require_once('C:\\Users\\lenovo\\Downloads\\Projectmagang\\public\\index.php')
ERROR - 2026-06-30 06:28:34 --> Error connecting to the database: mysqli_sql_exception: Access denied for user ''@'localhost' (using password: NO) in C:\Users\lenovo\Downloads\Projectmagang\vendor\codeigniter4\framework\system\Database\MySQLi\Connection.php:201
Stack trace:
#0 C:\Users\lenovo\Downloads\Projectmagang\vendor\codeigniter4\framework\system\Database\MySQLi\Connection.php(201): mysqli->real_connect('localhost', '', Object(SensitiveParameterValue), '', 3306, '', 0)
#1 C:\Users\lenovo\Downloads\Projectmagang\vendor\codeigniter4\framework\system\Database\BaseConnection.php(555): CodeIgniter\Database\MySQLi\Connection->connect(false)
#2 C:\Users\lenovo\Downloads\Projectmagang\vendor\codeigniter4\framework\system\Database\BaseConnection.php(795): CodeIgniter\Database\BaseConnection->initialize()
#3 C:\Users\lenovo\Downloads\Projectmagang\vendor\codeigniter4\framework\system\Database\BaseBuilder.php(1647): CodeIgniter\Database\BaseConnection->query('SELECT *\nFROM `...', Array, false)
#4 C:\Users\lenovo\Downloads\Projectmagang\vendor\codeigniter4\framework\system\Model.php(297): CodeIgniter\Database\BaseBuilder->get()
#5 C:\Users\lenovo\Downloads\Projectmagang\vendor\codeigniter4\framework\system\BaseModel.php(714): CodeIgniter\Model->doFirst()
#6 C:\Users\lenovo\Downloads\Projectmagang\app\Controllers\Mahasiswa.php(36): CodeIgniter\BaseModel->first()
#7 C:\Users\lenovo\Downloads\Projectmagang\vendor\codeigniter4\framework\system\CodeIgniter.php(974): App\Controllers\Mahasiswa->auth()
#8 C:\Users\lenovo\Downloads\Projectmagang\vendor\codeigniter4\framework\system\CodeIgniter.php(520): CodeIgniter\CodeIgniter->runController(Object(App\Controllers\Mahasiswa))
#9 C:\Users\lenovo\Downloads\Projectmagang\vendor\codeigniter4\framework\system\CodeIgniter.php(363): CodeIgniter\CodeIgniter->handleRequest(NULL, Object(Config\Cache), false)
#10 C:\Users\lenovo\Downloads\Projectmagang\vendor\codeigniter4\framework\system\Boot.php(417): CodeIgniter\CodeIgniter->run()
#11 C:\Users\lenovo\Downloads\Projectmagang\vendor\codeigniter4\framework\system\Boot.php(68): CodeIgniter\Boot::runCodeIgniter(Object(CodeIgniter\CodeIgniter))
#12 C:\Users\lenovo\Downloads\Projectmagang\public\index.php(59): CodeIgniter\Boot::bootWeb(Object(Config\Paths))
#13 C:\Users\lenovo\Downloads\Projectmagang\vendor\codeigniter4\framework\system\rewrite.php(44): require_once('C:\\Users\\lenovo...')
#14 {main}

Next CodeIgniter\Database\Exceptions\DatabaseException: Access denied for user ''@'localhost' (using password: NO) in C:\Users\lenovo\Downloads\Projectmagang\vendor\codeigniter4\framework\system\Database\MySQLi\Connection.php:231
Stack trace:
#0 C:\Users\lenovo\Downloads\Projectmagang\vendor\codeigniter4\framework\system\Database\BaseConnection.php(555): CodeIgniter\Database\MySQLi\Connection->connect(false)
#1 C:\Users\lenovo\Downloads\Projectmagang\vendor\codeigniter4\framework\system\Database\BaseConnection.php(795): CodeIgniter\Database\BaseConnection->initialize()
#2 C:\Users\lenovo\Downloads\Projectmagang\vendor\codeigniter4\framework\system\Database\BaseBuilder.php(1647): CodeIgniter\Database\BaseConnection->query('SELECT *\nFROM `...', Array, false)
#3 C:\Users\lenovo\Downloads\Projectmagang\vendor\codeigniter4\framework\system\Model.php(297): CodeIgniter\Database\BaseBuilder->get()
#4 C:\Users\lenovo\Downloads\Projectmagang\vendor\codeigniter4\framework\system\BaseModel.php(714): CodeIgniter\Model->doFirst()
#5 C:\Users\lenovo\Downloads\Projectmagang\app\Controllers\Mahasiswa.php(36): CodeIgniter\BaseModel->first()
#6 C:\Users\lenovo\Downloads\Projectmagang\vendor\codeigniter4\framework\system\CodeIgniter.php(974): App\Controllers\Mahasiswa->auth()
#7 C:\Users\lenovo\Downloads\Projectmagang\vendor\codeigniter4\framework\system\CodeIgniter.php(520): CodeIgniter\CodeIgniter->runController(Object(App\Controllers\Mahasiswa))
#8 C:\Users\lenovo\Downloads\Projectmagang\vendor\codeigniter4\framework\system\CodeIgniter.php(363): CodeIgniter\CodeIgniter->handleRequest(NULL, Object(Config\Cache), false)
#9 C:\Users\lenovo\Downloads\Projectmagang\vendor\codeigniter4\framework\system\Boot.php(417): CodeIgniter\CodeIgniter->run()
#10 C:\Users\lenovo\Downloads\Projectmagang\vendor\codeigniter4\framework\system\Boot.php(68): CodeIgniter\Boot::runCodeIgniter(Object(CodeIgniter\CodeIgniter))
#11 C:\Users\lenovo\Downloads\Projectmagang\public\index.php(59): CodeIgniter\Boot::bootWeb(Object(Config\Paths))
#12 C:\Users\lenovo\Downloads\Projectmagang\vendor\codeigniter4\framework\system\rewrite.php(44): require_once('C:\\Users\\lenovo...')
#13 {main}
CRITICAL - 2026-06-30 06:28:34 --> CodeIgniter\Database\Exceptions\DatabaseException: Unable to connect to the database.
Main connection [MySQLi]: Access denied for user ''@'localhost' (using password: NO)
[Method: POST, Route: login/auth]
in SYSTEMPATH\Database\BaseConnection.php on line 606.
 1 SYSTEMPATH\Database\BaseConnection.php(795): CodeIgniter\Database\BaseConnection->initialize()
 2 SYSTEMPATH\Database\BaseBuilder.php(1647): CodeIgniter\Database\BaseConnection->query('SELECT *
FROM `m_user_mahasiswa`
WHERE `username` = :username:
 LIMIT 1', [...], false)
 3 SYSTEMPATH\Model.php(297): CodeIgniter\Database\BaseBuilder->get()
 4 SYSTEMPATH\BaseModel.php(714): CodeIgniter\Model->doFirst()
 5 APPPATH\Controllers\Mahasiswa.php(36): CodeIgniter\BaseModel->first()
 6 SYSTEMPATH\CodeIgniter.php(974): App\Controllers\Mahasiswa->auth()
 7 SYSTEMPATH\CodeIgniter.php(520): CodeIgniter\CodeIgniter->runController(Object(App\Controllers\Mahasiswa))
 8 SYSTEMPATH\CodeIgniter.php(363): CodeIgniter\CodeIgniter->handleRequest(null, Object(Config\Cache), false)
 9 SYSTEMPATH\Boot.php(417): CodeIgniter\CodeIgniter->run()
10 SYSTEMPATH\Boot.php(68): CodeIgniter\Boot::runCodeIgniter(Object(CodeIgniter\CodeIgniter))
11 FCPATH\index.php(59): CodeIgniter\Boot::bootWeb(Object(Config\Paths))
12 SYSTEMPATH\rewrite.php(44): require_once('C:\\Users\\lenovo\\Downloads\\Projectmagang\\public\\index.php')
ERROR - 2026-06-30 06:45:10 --> Error connecting to the database: mysqli_sql_exception: Access denied for user ''@'localhost' (using password: NO) in C:\Users\lenovo\Downloads\Projectmagang\vendor\codeigniter4\framework\system\Database\MySQLi\Connection.php:201
Stack trace:
#0 C:\Users\lenovo\Downloads\Projectmagang\vendor\codeigniter4\framework\system\Database\MySQLi\Connection.php(201): mysqli->real_connect('localhost', '', Object(SensitiveParameterValue), '', 3306, '', 0)
#1 C:\Users\lenovo\Downloads\Projectmagang\vendor\codeigniter4\framework\system\Database\BaseConnection.php(555): CodeIgniter\Database\MySQLi\Connection->connect(false)
#2 C:\Users\lenovo\Downloads\Projectmagang\vendor\codeigniter4\framework\system\Database\BaseConnection.php(795): CodeIgniter\Database\BaseConnection->initialize()
#3 C:\Users\lenovo\Downloads\Projectmagang\vendor\codeigniter4\framework\system\Database\BaseBuilder.php(1647): CodeIgniter\Database\BaseConnection->query('SELECT *\nFROM `...', Array, false)
#4 C:\Users\lenovo\Downloads\Projectmagang\vendor\codeigniter4\framework\system\Model.php(297): CodeIgniter\Database\BaseBuilder->get()
#5 C:\Users\lenovo\Downloads\Projectmagang\vendor\codeigniter4\framework\system\BaseModel.php(714): CodeIgniter\Model->doFirst()
#6 C:\Users\lenovo\Downloads\Projectmagang\app\Controllers\Mahasiswa.php(36): CodeIgniter\BaseModel->first()
#7 C:\Users\lenovo\Downloads\Projectmagang\vendor\codeigniter4\framework\system\CodeIgniter.php(974): App\Controllers\Mahasiswa->auth()
#8 C:\Users\lenovo\Downloads\Projectmagang\vendor\codeigniter4\framework\system\CodeIgniter.php(520): CodeIgniter\CodeIgniter->runController(Object(App\Controllers\Mahasiswa))
#9 C:\Users\lenovo\Downloads\Projectmagang\vendor\codeigniter4\framework\system\CodeIgniter.php(363): CodeIgniter\CodeIgniter->handleRequest(NULL, Object(Config\Cache), false)
#10 C:\Users\lenovo\Downloads\Projectmagang\vendor\codeigniter4\framework\system\Boot.php(417): CodeIgniter\CodeIgniter->run()
#11 C:\Users\lenovo\Downloads\Projectmagang\vendor\codeigniter4\framework\system\Boot.php(68): CodeIgniter\Boot::runCodeIgniter(Object(CodeIgniter\CodeIgniter))
#12 C:\Users\lenovo\Downloads\Projectmagang\public\index.php(59): CodeIgniter\Boot::bootWeb(Object(Config\Paths))
#13 C:\Users\lenovo\Downloads\Projectmagang\vendor\codeigniter4\framework\system\rewrite.php(44): require_once('C:\\Users\\lenovo...')
#14 {main}

Next CodeIgniter\Database\Exceptions\DatabaseException: Access denied for user ''@'localhost' (using password: NO) in C:\Users\lenovo\Downloads\Projectmagang\vendor\codeigniter4\framework\system\Database\MySQLi\Connection.php:231
Stack trace:
#0 C:\Users\lenovo\Downloads\Projectmagang\vendor\codeigniter4\framework\system\Database\BaseConnection.php(555): CodeIgniter\Database\MySQLi\Connection->connect(false)
#1 C:\Users\lenovo\Downloads\Projectmagang\vendor\codeigniter4\framework\system\Database\BaseConnection.php(795): CodeIgniter\Database\BaseConnection->initialize()
#2 C:\Users\lenovo\Downloads\Projectmagang\vendor\codeigniter4\framework\system\Database\BaseBuilder.php(1647): CodeIgniter\Database\BaseConnection->query('SELECT *\nFROM `...', Array, false)
#3 C:\Users\lenovo\Downloads\Projectmagang\vendor\codeigniter4\framework\system\Model.php(297): CodeIgniter\Database\BaseBuilder->get()
#4 C:\Users\lenovo\Downloads\Projectmagang\vendor\codeigniter4\framework\system\BaseModel.php(714): CodeIgniter\Model->doFirst()
#5 C:\Users\lenovo\Downloads\Projectmagang\app\Controllers\Mahasiswa.php(36): CodeIgniter\BaseModel->first()
#6 C:\Users\lenovo\Downloads\Projectmagang\vendor\codeigniter4\framework\system\CodeIgniter.php(974): App\Controllers\Mahasiswa->auth()
#7 C:\Users\lenovo\Downloads\Projectmagang\vendor\codeigniter4\framework\system\CodeIgniter.php(520): CodeIgniter\CodeIgniter->runController(Object(App\Controllers\Mahasiswa))
#8 C:\Users\lenovo\Downloads\Projectmagang\vendor\codeigniter4\framework\system\CodeIgniter.php(363): CodeIgniter\CodeIgniter->handleRequest(NULL, Object(Config\Cache), false)
#9 C:\Users\lenovo\Downloads\Projectmagang\vendor\codeigniter4\framework\system\Boot.php(417): CodeIgniter\CodeIgniter->run()
#10 C:\Users\lenovo\Downloads\Projectmagang\vendor\codeigniter4\framework\system\Boot.php(68): CodeIgniter\Boot::runCodeIgniter(Object(CodeIgniter\CodeIgniter))
#11 C:\Users\lenovo\Downloads\Projectmagang\public\index.php(59): CodeIgniter\Boot::bootWeb(Object(Config\Paths))
#12 C:\Users\lenovo\Downloads\Projectmagang\vendor\codeigniter4\framework\system\rewrite.php(44): require_once('C:\\Users\\lenovo...')
#13 {main}
CRITICAL - 2026-06-30 06:45:10 --> CodeIgniter\Database\Exceptions\DatabaseException: Unable to connect to the database.
Main connection [MySQLi]: Access denied for user ''@'localhost' (using password: NO)
[Method: POST, Route: login/auth]
in SYSTEMPATH\Database\BaseConnection.php on line 606.
 1 SYSTEMPATH\Database\BaseConnection.php(795): CodeIgniter\Database\BaseConnection->initialize()
 2 SYSTEMPATH\Database\BaseBuilder.php(1647): CodeIgniter\Database\BaseConnection->query('SELECT *
FROM `m_user_mahasiswa`
WHERE `username` = :username:
 LIMIT 1', [...], false)
 3 SYSTEMPATH\Model.php(297): CodeIgniter\Database\BaseBuilder->get()
 4 SYSTEMPATH\BaseModel.php(714): CodeIgniter\Model->doFirst()
 5 APPPATH\Controllers\Mahasiswa.php(36): CodeIgniter\BaseModel->first()
 6 SYSTEMPATH\CodeIgniter.php(974): App\Controllers\Mahasiswa->auth()
 7 SYSTEMPATH\CodeIgniter.php(520): CodeIgniter\CodeIgniter->runController(Object(App\Controllers\Mahasiswa))
 8 SYSTEMPATH\CodeIgniter.php(363): CodeIgniter\CodeIgniter->handleRequest(null, Object(Config\Cache), false)
 9 SYSTEMPATH\Boot.php(417): CodeIgniter\CodeIgniter->run()
10 SYSTEMPATH\Boot.php(68): CodeIgniter\Boot::runCodeIgniter(Object(CodeIgniter\CodeIgniter))
11 FCPATH\index.php(59): CodeIgniter\Boot::bootWeb(Object(Config\Paths))
12 SYSTEMPATH\rewrite.php(44): require_once('C:\\Users\\lenovo\\Downloads\\Projectmagang\\public\\index.php')
ERROR - 2026-06-30 07:14:21 --> Error connecting to the database: mysqli_sql_exception: Access denied for user ''@'localhost' (using password: NO) in C:\Users\lenovo\Downloads\Projectmagang\vendor\codeigniter4\framework\system\Database\MySQLi\Connection.php:201
Stack trace:
#0 C:\Users\lenovo\Downloads\Projectmagang\vendor\codeigniter4\framework\system\Database\MySQLi\Connection.php(201): mysqli->real_connect('localhost', '', Object(SensitiveParameterValue), '', 3306, '', 0)
#1 C:\Users\lenovo\Downloads\Projectmagang\vendor\codeigniter4\framework\system\Database\BaseConnection.php(555): CodeIgniter\Database\MySQLi\Connection->connect(false)
#2 C:\Users\lenovo\Downloads\Projectmagang\vendor\codeigniter4\framework\system\Database\BaseConnection.php(795): CodeIgniter\Database\BaseConnection->initialize()
#3 C:\Users\lenovo\Downloads\Projectmagang\vendor\codeigniter4\framework\system\Database\BaseBuilder.php(1647): CodeIgniter\Database\BaseConnection->query('SELECT *\nFROM `...', Array, false)
#4 C:\Users\lenovo\Downloads\Projectmagang\vendor\codeigniter4\framework\system\Model.php(297): CodeIgniter\Database\BaseBuilder->get()
#5 C:\Users\lenovo\Downloads\Projectmagang\vendor\codeigniter4\framework\system\BaseModel.php(714): CodeIgniter\Model->doFirst()
#6 C:\Users\lenovo\Downloads\Projectmagang\app\Controllers\Mahasiswa.php(35): CodeIgniter\BaseModel->first()
#7 C:\Users\lenovo\Downloads\Projectmagang\vendor\codeigniter4\framework\system\CodeIgniter.php(974): App\Controllers\Mahasiswa->auth()
#8 C:\Users\lenovo\Downloads\Projectmagang\vendor\codeigniter4\framework\system\CodeIgniter.php(520): CodeIgniter\CodeIgniter->runController(Object(App\Controllers\Mahasiswa))
#9 C:\Users\lenovo\Downloads\Projectmagang\vendor\codeigniter4\framework\system\CodeIgniter.php(363): CodeIgniter\CodeIgniter->handleRequest(NULL, Object(Config\Cache), false)
#10 C:\Users\lenovo\Downloads\Projectmagang\vendor\codeigniter4\framework\system\Boot.php(417): CodeIgniter\CodeIgniter->run()
#11 C:\Users\lenovo\Downloads\Projectmagang\vendor\codeigniter4\framework\system\Boot.php(68): CodeIgniter\Boot::runCodeIgniter(Object(CodeIgniter\CodeIgniter))
#12 C:\Users\lenovo\Downloads\Projectmagang\public\index.php(59): CodeIgniter\Boot::bootWeb(Object(Config\Paths))
#13 C:\Users\lenovo\Downloads\Projectmagang\vendor\codeigniter4\framework\system\rewrite.php(44): require_once('C:\\Users\\lenovo...')
#14 {main}

Next CodeIgniter\Database\Exceptions\DatabaseException: Access denied for user ''@'localhost' (using password: NO) in C:\Users\lenovo\Downloads\Projectmagang\vendor\codeigniter4\framework\system\Database\MySQLi\Connection.php:231
Stack trace:
#0 C:\Users\lenovo\Downloads\Projectmagang\vendor\codeigniter4\framework\system\Database\BaseConnection.php(555): CodeIgniter\Database\MySQLi\Connection->connect(false)
#1 C:\Users\lenovo\Downloads\Projectmagang\vendor\codeigniter4\framework\system\Database\BaseConnection.php(795): CodeIgniter\Database\BaseConnection->initialize()
#2 C:\Users\lenovo\Downloads\Projectmagang\vendor\codeigniter4\framework\system\Database\BaseBuilder.php(1647): CodeIgniter\Database\BaseConnection->query('SELECT *\nFROM `...', Array, false)
#3 C:\Users\lenovo\Downloads\Projectmagang\vendor\codeigniter4\framework\system\Model.php(297): CodeIgniter\Database\BaseBuilder->get()
#4 C:\Users\lenovo\Downloads\Projectmagang\vendor\codeigniter4\framework\system\BaseModel.php(714): CodeIgniter\Model->doFirst()
#5 C:\Users\lenovo\Downloads\Projectmagang\app\Controllers\Mahasiswa.php(35): CodeIgniter\BaseModel->first()
#6 C:\Users\lenovo\Downloads\Projectmagang\vendor\codeigniter4\framework\system\CodeIgniter.php(974): App\Controllers\Mahasiswa->auth()
#7 C:\Users\lenovo\Downloads\Projectmagang\vendor\codeigniter4\framework\system\CodeIgniter.php(520): CodeIgniter\CodeIgniter->runController(Object(App\Controllers\Mahasiswa))
#8 C:\Users\lenovo\Downloads\Projectmagang\vendor\codeigniter4\framework\system\CodeIgniter.php(363): CodeIgniter\CodeIgniter->handleRequest(NULL, Object(Config\Cache), false)
#9 C:\Users\lenovo\Downloads\Projectmagang\vendor\codeigniter4\framework\system\Boot.php(417): CodeIgniter\CodeIgniter->run()
#10 C:\Users\lenovo\Downloads\Projectmagang\vendor\codeigniter4\framework\system\Boot.php(68): CodeIgniter\Boot::runCodeIgniter(Object(CodeIgniter\CodeIgniter))
#11 C:\Users\lenovo\Downloads\Projectmagang\public\index.php(59): CodeIgniter\Boot::bootWeb(Object(Config\Paths))
#12 C:\Users\lenovo\Downloads\Projectmagang\vendor\codeigniter4\framework\system\rewrite.php(44): require_once('C:\\Users\\lenovo...')
#13 {main}
CRITICAL - 2026-06-30 07:14:21 --> CodeIgniter\Database\Exceptions\DatabaseException: Unable to connect to the database.
Main connection [MySQLi]: Access denied for user ''@'localhost' (using password: NO)
[Method: POST, Route: login/auth]
in SYSTEMPATH\Database\BaseConnection.php on line 606.
 1 SYSTEMPATH\Database\BaseConnection.php(795): CodeIgniter\Database\BaseConnection->initialize()
 2 SYSTEMPATH\Database\BaseBuilder.php(1647): CodeIgniter\Database\BaseConnection->query('SELECT *
FROM `m_user_mahasiswa`
WHERE `username` = :username:
 LIMIT 1', [...], false)
 3 SYSTEMPATH\Model.php(297): CodeIgniter\Database\BaseBuilder->get()
 4 SYSTEMPATH\BaseModel.php(714): CodeIgniter\Model->doFirst()
 5 APPPATH\Controllers\Mahasiswa.php(35): CodeIgniter\BaseModel->first()
 6 SYSTEMPATH\CodeIgniter.php(974): App\Controllers\Mahasiswa->auth()
 7 SYSTEMPATH\CodeIgniter.php(520): CodeIgniter\CodeIgniter->runController(Object(App\Controllers\Mahasiswa))
 8 SYSTEMPATH\CodeIgniter.php(363): CodeIgniter\CodeIgniter->handleRequest(null, Object(Config\Cache), false)
 9 SYSTEMPATH\Boot.php(417): CodeIgniter\CodeIgniter->run()
10 SYSTEMPATH\Boot.php(68): CodeIgniter\Boot::runCodeIgniter(Object(CodeIgniter\CodeIgniter))
11 FCPATH\index.php(59): CodeIgniter\Boot::bootWeb(Object(Config\Paths))
12 SYSTEMPATH\rewrite.php(44): require_once('C:\\Users\\lenovo\\Downloads\\Projectmagang\\public\\index.php')
ERROR - 2026-06-30 07:25:54 --> Error connecting to the database: mysqli_sql_exception: Access denied for user ''@'localhost' (using password: NO) in C:\Users\lenovo\Downloads\Projectmagang\vendor\codeigniter4\framework\system\Database\MySQLi\Connection.php:201
Stack trace:
#0 C:\Users\lenovo\Downloads\Projectmagang\vendor\codeigniter4\framework\system\Database\MySQLi\Connection.php(201): mysqli->real_connect('localhost', '', Object(SensitiveParameterValue), '', 3306, '', 0)
#1 C:\Users\lenovo\Downloads\Projectmagang\vendor\codeigniter4\framework\system\Database\BaseConnection.php(555): CodeIgniter\Database\MySQLi\Connection->connect(false)
#2 C:\Users\lenovo\Downloads\Projectmagang\vendor\codeigniter4\framework\system\Database\BaseConnection.php(795): CodeIgniter\Database\BaseConnection->initialize()
#3 C:\Users\lenovo\Downloads\Projectmagang\vendor\codeigniter4\framework\system\Database\BaseBuilder.php(1647): CodeIgniter\Database\BaseConnection->query('SELECT *\nFROM `...', Array, false)
#4 C:\Users\lenovo\Downloads\Projectmagang\vendor\codeigniter4\framework\system\Model.php(297): CodeIgniter\Database\BaseBuilder->get()
#5 C:\Users\lenovo\Downloads\Projectmagang\vendor\codeigniter4\framework\system\BaseModel.php(714): CodeIgniter\Model->doFirst()
#6 C:\Users\lenovo\Downloads\Projectmagang\app\Controllers\Mahasiswa.php(35): CodeIgniter\BaseModel->first()
#7 C:\Users\lenovo\Downloads\Projectmagang\vendor\codeigniter4\framework\system\CodeIgniter.php(974): App\Controllers\Mahasiswa->auth()
#8 C:\Users\lenovo\Downloads\Projectmagang\vendor\codeigniter4\framework\system\CodeIgniter.php(520): CodeIgniter\CodeIgniter->runController(Object(App\Controllers\Mahasiswa))
#9 C:\Users\lenovo\Downloads\Projectmagang\vendor\codeigniter4\framework\system\CodeIgniter.php(363): CodeIgniter\CodeIgniter->handleRequest(NULL, Object(Config\Cache), false)
#10 C:\Users\lenovo\Downloads\Projectmagang\vendor\codeigniter4\framework\system\Boot.php(417): CodeIgniter\CodeIgniter->run()
#11 C:\Users\lenovo\Downloads\Projectmagang\vendor\codeigniter4\framework\system\Boot.php(68): CodeIgniter\Boot::runCodeIgniter(Object(CodeIgniter\CodeIgniter))
#12 C:\Users\lenovo\Downloads\Projectmagang\public\index.php(59): CodeIgniter\Boot::bootWeb(Object(Config\Paths))
#13 C:\Users\lenovo\Downloads\Projectmagang\vendor\codeigniter4\framework\system\rewrite.php(44): require_once('C:\\Users\\lenovo...')
#14 {main}

Next CodeIgniter\Database\Exceptions\DatabaseException: Access denied for user ''@'localhost' (using password: NO) in C:\Users\lenovo\Downloads\Projectmagang\vendor\codeigniter4\framework\system\Database\MySQLi\Connection.php:231
Stack trace:
#0 C:\Users\lenovo\Downloads\Projectmagang\vendor\codeigniter4\framework\system\Database\BaseConnection.php(555): CodeIgniter\Database\MySQLi\Connection->connect(false)
#1 C:\Users\lenovo\Downloads\Projectmagang\vendor\codeigniter4\framework\system\Database\BaseConnection.php(795): CodeIgniter\Database\BaseConnection->initialize()
#2 C:\Users\lenovo\Downloads\Projectmagang\vendor\codeigniter4\framework\system\Database\BaseBuilder.php(1647): CodeIgniter\Database\BaseConnection->query('SELECT *\nFROM `...', Array, false)
#3 C:\Users\lenovo\Downloads\Projectmagang\vendor\codeigniter4\framework\system\Model.php(297): CodeIgniter\Database\BaseBuilder->get()
#4 C:\Users\lenovo\Downloads\Projectmagang\vendor\codeigniter4\framework\system\BaseModel.php(714): CodeIgniter\Model->doFirst()
#5 C:\Users\lenovo\Downloads\Projectmagang\app\Controllers\Mahasiswa.php(35): CodeIgniter\BaseModel->first()
#6 C:\Users\lenovo\Downloads\Projectmagang\vendor\codeigniter4\framework\system\CodeIgniter.php(974): App\Controllers\Mahasiswa->auth()
#7 C:\Users\lenovo\Downloads\Projectmagang\vendor\codeigniter4\framework\system\CodeIgniter.php(520): CodeIgniter\CodeIgniter->runController(Object(App\Controllers\Mahasiswa))
#8 C:\Users\lenovo\Downloads\Projectmagang\vendor\codeigniter4\framework\system\CodeIgniter.php(363): CodeIgniter\CodeIgniter->handleRequest(NULL, Object(Config\Cache), false)
#9 C:\Users\lenovo\Downloads\Projectmagang\vendor\codeigniter4\framework\system\Boot.php(417): CodeIgniter\CodeIgniter->run()
#10 C:\Users\lenovo\Downloads\Projectmagang\vendor\codeigniter4\framework\system\Boot.php(68): CodeIgniter\Boot::runCodeIgniter(Object(CodeIgniter\CodeIgniter))
#11 C:\Users\lenovo\Downloads\Projectmagang\public\index.php(59): CodeIgniter\Boot::bootWeb(Object(Config\Paths))
#12 C:\Users\lenovo\Downloads\Projectmagang\vendor\codeigniter4\framework\system\rewrite.php(44): require_once('C:\\Users\\lenovo...')
#13 {main}
CRITICAL - 2026-06-30 07:25:54 --> CodeIgniter\Database\Exceptions\DatabaseException: Unable to connect to the database.
Main connection [MySQLi]: Access denied for user ''@'localhost' (using password: NO)
[Method: POST, Route: login/auth]
in SYSTEMPATH\Database\BaseConnection.php on line 606.
 1 SYSTEMPATH\Database\BaseConnection.php(795): CodeIgniter\Database\BaseConnection->initialize()
 2 SYSTEMPATH\Database\BaseBuilder.php(1647): CodeIgniter\Database\BaseConnection->query('SELECT *
FROM `m_user_mahasiswa`
WHERE `username` = :username:
 LIMIT 1', [...], false)
 3 SYSTEMPATH\Model.php(297): CodeIgniter\Database\BaseBuilder->get()
 4 SYSTEMPATH\BaseModel.php(714): CodeIgniter\Model->doFirst()
 5 APPPATH\Controllers\Mahasiswa.php(35): CodeIgniter\BaseModel->first()
 6 SYSTEMPATH\CodeIgniter.php(974): App\Controllers\Mahasiswa->auth()
 7 SYSTEMPATH\CodeIgniter.php(520): CodeIgniter\CodeIgniter->runController(Object(App\Controllers\Mahasiswa))
 8 SYSTEMPATH\CodeIgniter.php(363): CodeIgniter\CodeIgniter->handleRequest(null, Object(Config\Cache), false)
 9 SYSTEMPATH\Boot.php(417): CodeIgniter\CodeIgniter->run()
10 SYSTEMPATH\Boot.php(68): CodeIgniter\Boot::runCodeIgniter(Object(CodeIgniter\CodeIgniter))
11 FCPATH\index.php(59): CodeIgniter\Boot::bootWeb(Object(Config\Paths))
12 SYSTEMPATH\rewrite.php(44): require_once('C:\\Users\\lenovo\\Downloads\\Projectmagang\\public\\index.php')
ERROR - 2026-06-30 07:30:14 --> Error connecting to the database: mysqli_sql_exception: Access denied for user ''@'localhost' (using password: NO) in C:\Users\lenovo\Downloads\Projectmagang\vendor\codeigniter4\framework\system\Database\MySQLi\Connection.php:201
Stack trace:
#0 C:\Users\lenovo\Downloads\Projectmagang\vendor\codeigniter4\framework\system\Database\MySQLi\Connection.php(201): mysqli->real_connect('localhost', '', Object(SensitiveParameterValue), '', 3306, '', 0)
#1 C:\Users\lenovo\Downloads\Projectmagang\vendor\codeigniter4\framework\system\Database\BaseConnection.php(555): CodeIgniter\Database\MySQLi\Connection->connect(false)
#2 C:\Users\lenovo\Downloads\Projectmagang\vendor\codeigniter4\framework\system\Database\BaseConnection.php(795): CodeIgniter\Database\BaseConnection->initialize()
#3 C:\Users\lenovo\Downloads\Projectmagang\vendor\codeigniter4\framework\system\Database\BaseBuilder.php(1647): CodeIgniter\Database\BaseConnection->query('SELECT *\nFROM `...', Array, false)
#4 C:\Users\lenovo\Downloads\Projectmagang\vendor\codeigniter4\framework\system\Model.php(297): CodeIgniter\Database\BaseBuilder->get()
#5 C:\Users\lenovo\Downloads\Projectmagang\vendor\codeigniter4\framework\system\BaseModel.php(714): CodeIgniter\Model->doFirst()
#6 C:\Users\lenovo\Downloads\Projectmagang\app\Controllers\Mahasiswa.php(35): CodeIgniter\BaseModel->first()
#7 C:\Users\lenovo\Downloads\Projectmagang\vendor\codeigniter4\framework\system\CodeIgniter.php(974): App\Controllers\Mahasiswa->auth()
#8 C:\Users\lenovo\Downloads\Projectmagang\vendor\codeigniter4\framework\system\CodeIgniter.php(520): CodeIgniter\CodeIgniter->runController(Object(App\Controllers\Mahasiswa))
#9 C:\Users\lenovo\Downloads\Projectmagang\vendor\codeigniter4\framework\system\CodeIgniter.php(363): CodeIgniter\CodeIgniter->handleRequest(NULL, Object(Config\Cache), false)
#10 C:\Users\lenovo\Downloads\Projectmagang\vendor\codeigniter4\framework\system\Boot.php(417): CodeIgniter\CodeIgniter->run()
#11 C:\Users\lenovo\Downloads\Projectmagang\vendor\codeigniter4\framework\system\Boot.php(68): CodeIgniter\Boot::runCodeIgniter(Object(CodeIgniter\CodeIgniter))
#12 C:\Users\lenovo\Downloads\Projectmagang\public\index.php(59): CodeIgniter\Boot::bootWeb(Object(Config\Paths))
#13 C:\Users\lenovo\Downloads\Projectmagang\vendor\codeigniter4\framework\system\rewrite.php(44): require_once('C:\\Users\\lenovo...')
#14 {main}

Next CodeIgniter\Database\Exceptions\DatabaseException: Access denied for user ''@'localhost' (using password: NO) in C:\Users\lenovo\Downloads\Projectmagang\vendor\codeigniter4\framework\system\Database\MySQLi\Connection.php:231
Stack trace:
#0 C:\Users\lenovo\Downloads\Projectmagang\vendor\codeigniter4\framework\system\Database\BaseConnection.php(555): CodeIgniter\Database\MySQLi\Connection->connect(false)
#1 C:\Users\lenovo\Downloads\Projectmagang\vendor\codeigniter4\framework\system\Database\BaseConnection.php(795): CodeIgniter\Database\BaseConnection->initialize()
#2 C:\Users\lenovo\Downloads\Projectmagang\vendor\codeigniter4\framework\system\Database\BaseBuilder.php(1647): CodeIgniter\Database\BaseConnection->query('SELECT *\nFROM `...', Array, false)
#3 C:\Users\lenovo\Downloads\Projectmagang\vendor\codeigniter4\framework\system\Model.php(297): CodeIgniter\Database\BaseBuilder->get()
#4 C:\Users\lenovo\Downloads\Projectmagang\vendor\codeigniter4\framework\system\BaseModel.php(714): CodeIgniter\Model->doFirst()
#5 C:\Users\lenovo\Downloads\Projectmagang\app\Controllers\Mahasiswa.php(35): CodeIgniter\BaseModel->first()
#6 C:\Users\lenovo\Downloads\Projectmagang\vendor\codeigniter4\framework\system\CodeIgniter.php(974): App\Controllers\Mahasiswa->auth()
#7 C:\Users\lenovo\Downloads\Projectmagang\vendor\codeigniter4\framework\system\CodeIgniter.php(520): CodeIgniter\CodeIgniter->runController(Object(App\Controllers\Mahasiswa))
#8 C:\Users\lenovo\Downloads\Projectmagang\vendor\codeigniter4\framework\system\CodeIgniter.php(363): CodeIgniter\CodeIgniter->handleRequest(NULL, Object(Config\Cache), false)
#9 C:\Users\lenovo\Downloads\Projectmagang\vendor\codeigniter4\framework\system\Boot.php(417): CodeIgniter\CodeIgniter->run()
#10 C:\Users\lenovo\Downloads\Projectmagang\vendor\codeigniter4\framework\system\Boot.php(68): CodeIgniter\Boot::runCodeIgniter(Object(CodeIgniter\CodeIgniter))
#11 C:\Users\lenovo\Downloads\Projectmagang\public\index.php(59): CodeIgniter\Boot::bootWeb(Object(Config\Paths))
#12 C:\Users\lenovo\Downloads\Projectmagang\vendor\codeigniter4\framework\system\rewrite.php(44): require_once('C:\\Users\\lenovo...')
#13 {main}
CRITICAL - 2026-06-30 07:30:14 --> CodeIgniter\Database\Exceptions\DatabaseException: Unable to connect to the database.
Main connection [MySQLi]: Access denied for user ''@'localhost' (using password: NO)
[Method: POST, Route: login/auth]
in SYSTEMPATH\Database\BaseConnection.php on line 606.
 1 SYSTEMPATH\Database\BaseConnection.php(795): CodeIgniter\Database\BaseConnection->initialize()
 2 SYSTEMPATH\Database\BaseBuilder.php(1647): CodeIgniter\Database\BaseConnection->query('SELECT *
FROM `m_user_mahasiswa`
WHERE `username` = :username:
 LIMIT 1', [...], false)
 3 SYSTEMPATH\Model.php(297): CodeIgniter\Database\BaseBuilder->get()
 4 SYSTEMPATH\BaseModel.php(714): CodeIgniter\Model->doFirst()
 5 APPPATH\Controllers\Mahasiswa.php(35): CodeIgniter\BaseModel->first()
 6 SYSTEMPATH\CodeIgniter.php(974): App\Controllers\Mahasiswa->auth()
 7 SYSTEMPATH\CodeIgniter.php(520): CodeIgniter\CodeIgniter->runController(Object(App\Controllers\Mahasiswa))
 8 SYSTEMPATH\CodeIgniter.php(363): CodeIgniter\CodeIgniter->handleRequest(null, Object(Config\Cache), false)
 9 SYSTEMPATH\Boot.php(417): CodeIgniter\CodeIgniter->run()
10 SYSTEMPATH\Boot.php(68): CodeIgniter\Boot::runCodeIgniter(Object(CodeIgniter\CodeIgniter))
11 FCPATH\index.php(59): CodeIgniter\Boot::bootWeb(Object(Config\Paths))
12 SYSTEMPATH\rewrite.php(44): require_once('C:\\Users\\lenovo\\Downloads\\Projectmagang\\public\\index.php')
ERROR - 2026-06-30 07:32:05 --> Error connecting to the database: mysqli_sql_exception: Access denied for user ''@'localhost' (using password: NO) in C:\Users\lenovo\Downloads\Projectmagang\vendor\codeigniter4\framework\system\Database\MySQLi\Connection.php:201
Stack trace:
#0 C:\Users\lenovo\Downloads\Projectmagang\vendor\codeigniter4\framework\system\Database\MySQLi\Connection.php(201): mysqli->real_connect('localhost', '', Object(SensitiveParameterValue), '', 3306, '', 0)
#1 C:\Users\lenovo\Downloads\Projectmagang\vendor\codeigniter4\framework\system\Database\BaseConnection.php(555): CodeIgniter\Database\MySQLi\Connection->connect(false)
#2 C:\Users\lenovo\Downloads\Projectmagang\vendor\codeigniter4\framework\system\Database\BaseConnection.php(795): CodeIgniter\Database\BaseConnection->initialize()
#3 C:\Users\lenovo\Downloads\Projectmagang\vendor\codeigniter4\framework\system\Database\BaseBuilder.php(1647): CodeIgniter\Database\BaseConnection->query('SELECT *\nFROM `...', Array, false)
#4 C:\Users\lenovo\Downloads\Projectmagang\vendor\codeigniter4\framework\system\Model.php(297): CodeIgniter\Database\BaseBuilder->get()
#5 C:\Users\lenovo\Downloads\Projectmagang\vendor\codeigniter4\framework\system\BaseModel.php(714): CodeIgniter\Model->doFirst()
#6 C:\Users\lenovo\Downloads\Projectmagang\app\Controllers\Mahasiswa.php(35): CodeIgniter\BaseModel->first()
#7 C:\Users\lenovo\Downloads\Projectmagang\vendor\codeigniter4\framework\system\CodeIgniter.php(974): App\Controllers\Mahasiswa->auth()
#8 C:\Users\lenovo\Downloads\Projectmagang\vendor\codeigniter4\framework\system\CodeIgniter.php(520): CodeIgniter\CodeIgniter->runController(Object(App\Controllers\Mahasiswa))
#9 C:\Users\lenovo\Downloads\Projectmagang\vendor\codeigniter4\framework\system\CodeIgniter.php(363): CodeIgniter\CodeIgniter->handleRequest(NULL, Object(Config\Cache), false)
#10 C:\Users\lenovo\Downloads\Projectmagang\vendor\codeigniter4\framework\system\Boot.php(417): CodeIgniter\CodeIgniter->run()
#11 C:\Users\lenovo\Downloads\Projectmagang\vendor\codeigniter4\framework\system\Boot.php(68): CodeIgniter\Boot::runCodeIgniter(Object(CodeIgniter\CodeIgniter))
#12 C:\Users\lenovo\Downloads\Projectmagang\public\index.php(59): CodeIgniter\Boot::bootWeb(Object(Config\Paths))
#13 C:\Users\lenovo\Downloads\Projectmagang\vendor\codeigniter4\framework\system\rewrite.php(44): require_once('C:\\Users\\lenovo...')
#14 {main}

Next CodeIgniter\Database\Exceptions\DatabaseException: Access denied for user ''@'localhost' (using password: NO) in C:\Users\lenovo\Downloads\Projectmagang\vendor\codeigniter4\framework\system\Database\MySQLi\Connection.php:231
Stack trace:
#0 C:\Users\lenovo\Downloads\Projectmagang\vendor\codeigniter4\framework\system\Database\BaseConnection.php(555): CodeIgniter\Database\MySQLi\Connection->connect(false)
#1 C:\Users\lenovo\Downloads\Projectmagang\vendor\codeigniter4\framework\system\Database\BaseConnection.php(795): CodeIgniter\Database\BaseConnection->initialize()
#2 C:\Users\lenovo\Downloads\Projectmagang\vendor\codeigniter4\framework\system\Database\BaseBuilder.php(1647): CodeIgniter\Database\BaseConnection->query('SELECT *\nFROM `...', Array, false)
#3 C:\Users\lenovo\Downloads\Projectmagang\vendor\codeigniter4\framework\system\Model.php(297): CodeIgniter\Database\BaseBuilder->get()
#4 C:\Users\lenovo\Downloads\Projectmagang\vendor\codeigniter4\framework\system\BaseModel.php(714): CodeIgniter\Model->doFirst()
#5 C:\Users\lenovo\Downloads\Projectmagang\app\Controllers\Mahasiswa.php(35): CodeIgniter\BaseModel->first()
#6 C:\Users\lenovo\Downloads\Projectmagang\vendor\codeigniter4\framework\system\CodeIgniter.php(974): App\Controllers\Mahasiswa->auth()
#7 C:\Users\lenovo\Downloads\Projectmagang\vendor\codeigniter4\framework\system\CodeIgniter.php(520): CodeIgniter\CodeIgniter->runController(Object(App\Controllers\Mahasiswa))
#8 C:\Users\lenovo\Downloads\Projectmagang\vendor\codeigniter4\framework\system\CodeIgniter.php(363): CodeIgniter\CodeIgniter->handleRequest(NULL, Object(Config\Cache), false)
#9 C:\Users\lenovo\Downloads\Projectmagang\vendor\codeigniter4\framework\system\Boot.php(417): CodeIgniter\CodeIgniter->run()
#10 C:\Users\lenovo\Downloads\Projectmagang\vendor\codeigniter4\framework\system\Boot.php(68): CodeIgniter\Boot::runCodeIgniter(Object(CodeIgniter\CodeIgniter))
#11 C:\Users\lenovo\Downloads\Projectmagang\public\index.php(59): CodeIgniter\Boot::bootWeb(Object(Config\Paths))
#12 C:\Users\lenovo\Downloads\Projectmagang\vendor\codeigniter4\framework\system\rewrite.php(44): require_once('C:\\Users\\lenovo...')
#13 {main}
CRITICAL - 2026-06-30 07:32:05 --> CodeIgniter\Database\Exceptions\DatabaseException: Unable to connect to the database.
Main connection [MySQLi]: Access denied for user ''@'localhost' (using password: NO)
[Method: POST, Route: login/auth]
in SYSTEMPATH\Database\BaseConnection.php on line 606.
 1 SYSTEMPATH\Database\BaseConnection.php(795): CodeIgniter\Database\BaseConnection->initialize()
 2 SYSTEMPATH\Database\BaseBuilder.php(1647): CodeIgniter\Database\BaseConnection->query('SELECT *
FROM `m_user_mahasiswa`
WHERE `username` = :username:
 LIMIT 1', [...], false)
 3 SYSTEMPATH\Model.php(297): CodeIgniter\Database\BaseBuilder->get()
 4 SYSTEMPATH\BaseModel.php(714): CodeIgniter\Model->doFirst()
 5 APPPATH\Controllers\Mahasiswa.php(35): CodeIgniter\BaseModel->first()
 6 SYSTEMPATH\CodeIgniter.php(974): App\Controllers\Mahasiswa->auth()
 7 SYSTEMPATH\CodeIgniter.php(520): CodeIgniter\CodeIgniter->runController(Object(App\Controllers\Mahasiswa))
 8 SYSTEMPATH\CodeIgniter.php(363): CodeIgniter\CodeIgniter->handleRequest(null, Object(Config\Cache), false)
 9 SYSTEMPATH\Boot.php(417): CodeIgniter\CodeIgniter->run()
10 SYSTEMPATH\Boot.php(68): CodeIgniter\Boot::runCodeIgniter(Object(CodeIgniter\CodeIgniter))
11 FCPATH\index.php(59): CodeIgniter\Boot::bootWeb(Object(Config\Paths))
12 SYSTEMPATH\rewrite.php(44): require_once('C:\\Users\\lenovo\\Downloads\\Projectmagang\\public\\index.php')
ERROR - 2026-06-30 07:42:51 --> Error connecting to the database: mysqli_sql_exception: Access denied for user ''@'localhost' (using password: NO) in C:\Users\lenovo\Downloads\Projectmagang\vendor\codeigniter4\framework\system\Database\MySQLi\Connection.php:201
Stack trace:
#0 C:\Users\lenovo\Downloads\Projectmagang\vendor\codeigniter4\framework\system\Database\MySQLi\Connection.php(201): mysqli->real_connect('localhost', '', Object(SensitiveParameterValue), '', 3306, '', 0)
#1 C:\Users\lenovo\Downloads\Projectmagang\vendor\codeigniter4\framework\system\Database\BaseConnection.php(555): CodeIgniter\Database\MySQLi\Connection->connect(false)
#2 C:\Users\lenovo\Downloads\Projectmagang\vendor\codeigniter4\framework\system\Database\BaseConnection.php(795): CodeIgniter\Database\BaseConnection->initialize()
#3 C:\Users\lenovo\Downloads\Projectmagang\vendor\codeigniter4\framework\system\Database\BaseBuilder.php(1647): CodeIgniter\Database\BaseConnection->query('SELECT *\nFROM `...', Array, false)
#4 C:\Users\lenovo\Downloads\Projectmagang\vendor\codeigniter4\framework\system\Model.php(297): CodeIgniter\Database\BaseBuilder->get()
#5 C:\Users\lenovo\Downloads\Projectmagang\vendor\codeigniter4\framework\system\BaseModel.php(714): CodeIgniter\Model->doFirst()
#6 C:\Users\lenovo\Downloads\Projectmagang\app\Controllers\Mahasiswa.php(36): CodeIgniter\BaseModel->first()
#7 C:\Users\lenovo\Downloads\Projectmagang\vendor\codeigniter4\framework\system\CodeIgniter.php(974): App\Controllers\Mahasiswa->auth()
#8 C:\Users\lenovo\Downloads\Projectmagang\vendor\codeigniter4\framework\system\CodeIgniter.php(520): CodeIgniter\CodeIgniter->runController(Object(App\Controllers\Mahasiswa))
#9 C:\Users\lenovo\Downloads\Projectmagang\vendor\codeigniter4\framework\system\CodeIgniter.php(363): CodeIgniter\CodeIgniter->handleRequest(NULL, Object(Config\Cache), false)
#10 C:\Users\lenovo\Downloads\Projectmagang\vendor\codeigniter4\framework\system\Boot.php(417): CodeIgniter\CodeIgniter->run()
#11 C:\Users\lenovo\Downloads\Projectmagang\vendor\codeigniter4\framework\system\Boot.php(68): CodeIgniter\Boot::runCodeIgniter(Object(CodeIgniter\CodeIgniter))
#12 C:\Users\lenovo\Downloads\Projectmagang\public\index.php(59): CodeIgniter\Boot::bootWeb(Object(Config\Paths))
#13 C:\Users\lenovo\Downloads\Projectmagang\vendor\codeigniter4\framework\system\rewrite.php(44): require_once('C:\\Users\\lenovo...')
#14 {main}

Next CodeIgniter\Database\Exceptions\DatabaseException: Access denied for user ''@'localhost' (using password: NO) in C:\Users\lenovo\Downloads\Projectmagang\vendor\codeigniter4\framework\system\Database\MySQLi\Connection.php:231
Stack trace:
#0 C:\Users\lenovo\Downloads\Projectmagang\vendor\codeigniter4\framework\system\Database\BaseConnection.php(555): CodeIgniter\Database\MySQLi\Connection->connect(false)
#1 C:\Users\lenovo\Downloads\Projectmagang\vendor\codeigniter4\framework\system\Database\BaseConnection.php(795): CodeIgniter\Database\BaseConnection->initialize()
#2 C:\Users\lenovo\Downloads\Projectmagang\vendor\codeigniter4\framework\system\Database\BaseBuilder.php(1647): CodeIgniter\Database\BaseConnection->query('SELECT *\nFROM `...', Array, false)
#3 C:\Users\lenovo\Downloads\Projectmagang\vendor\codeigniter4\framework\system\Model.php(297): CodeIgniter\Database\BaseBuilder->get()
#4 C:\Users\lenovo\Downloads\Projectmagang\vendor\codeigniter4\framework\system\BaseModel.php(714): CodeIgniter\Model->doFirst()
#5 C:\Users\lenovo\Downloads\Projectmagang\app\Controllers\Mahasiswa.php(36): CodeIgniter\BaseModel->first()
#6 C:\Users\lenovo\Downloads\Projectmagang\vendor\codeigniter4\framework\system\CodeIgniter.php(974): App\Controllers\Mahasiswa->auth()
#7 C:\Users\lenovo\Downloads\Projectmagang\vendor\codeigniter4\framework\system\CodeIgniter.php(520): CodeIgniter\CodeIgniter->runController(Object(App\Controllers\Mahasiswa))
#8 C:\Users\lenovo\Downloads\Projectmagang\vendor\codeigniter4\framework\system\CodeIgniter.php(363): CodeIgniter\CodeIgniter->handleRequest(NULL, Object(Config\Cache), false)
#9 C:\Users\lenovo\Downloads\Projectmagang\vendor\codeigniter4\framework\system\Boot.php(417): CodeIgniter\CodeIgniter->run()
#10 C:\Users\lenovo\Downloads\Projectmagang\vendor\codeigniter4\framework\system\Boot.php(68): CodeIgniter\Boot::runCodeIgniter(Object(CodeIgniter\CodeIgniter))
#11 C:\Users\lenovo\Downloads\Projectmagang\public\index.php(59): CodeIgniter\Boot::bootWeb(Object(Config\Paths))
#12 C:\Users\lenovo\Downloads\Projectmagang\vendor\codeigniter4\framework\system\rewrite.php(44): require_once('C:\\Users\\lenovo...')
#13 {main}
CRITICAL - 2026-06-30 07:42:51 --> CodeIgniter\Database\Exceptions\DatabaseException: Unable to connect to the database.
Main connection [MySQLi]: Access denied for user ''@'localhost' (using password: NO)
[Method: POST, Route: login/auth]
in SYSTEMPATH\Database\BaseConnection.php on line 606.
 1 SYSTEMPATH\Database\BaseConnection.php(795): CodeIgniter\Database\BaseConnection->initialize()
 2 SYSTEMPATH\Database\BaseBuilder.php(1647): CodeIgniter\Database\BaseConnection->query('SELECT *
FROM `m_user_mahasiswa`
WHERE `username` = :username:
 LIMIT 1', [...], false)
 3 SYSTEMPATH\Model.php(297): CodeIgniter\Database\BaseBuilder->get()
 4 SYSTEMPATH\BaseModel.php(714): CodeIgniter\Model->doFirst()
 5 APPPATH\Controllers\Mahasiswa.php(36): CodeIgniter\BaseModel->first()
 6 SYSTEMPATH\CodeIgniter.php(974): App\Controllers\Mahasiswa->auth()
 7 SYSTEMPATH\CodeIgniter.php(520): CodeIgniter\CodeIgniter->runController(Object(App\Controllers\Mahasiswa))
 8 SYSTEMPATH\CodeIgniter.php(363): CodeIgniter\CodeIgniter->handleRequest(null, Object(Config\Cache), false)
 9 SYSTEMPATH\Boot.php(417): CodeIgniter\CodeIgniter->run()
10 SYSTEMPATH\Boot.php(68): CodeIgniter\Boot::runCodeIgniter(Object(CodeIgniter\CodeIgniter))
11 FCPATH\index.php(59): CodeIgniter\Boot::bootWeb(Object(Config\Paths))
12 SYSTEMPATH\rewrite.php(44): require_once('C:\\Users\\lenovo\\Downloads\\Projectmagang\\public\\index.php')
ERROR - 2026-06-30 07:43:11 --> Error connecting to the database: mysqli_sql_exception: Access denied for user ''@'localhost' (using password: NO) in C:\Users\lenovo\Downloads\Projectmagang\vendor\codeigniter4\framework\system\Database\MySQLi\Connection.php:201
Stack trace:
#0 C:\Users\lenovo\Downloads\Projectmagang\vendor\codeigniter4\framework\system\Database\MySQLi\Connection.php(201): mysqli->real_connect('localhost', '', Object(SensitiveParameterValue), '', 3306, '', 0)
#1 C:\Users\lenovo\Downloads\Projectmagang\vendor\codeigniter4\framework\system\Database\BaseConnection.php(555): CodeIgniter\Database\MySQLi\Connection->connect(false)
#2 C:\Users\lenovo\Downloads\Projectmagang\vendor\codeigniter4\framework\system\Database\BaseConnection.php(795): CodeIgniter\Database\BaseConnection->initialize()
#3 C:\Users\lenovo\Downloads\Projectmagang\vendor\codeigniter4\framework\system\Database\BaseBuilder.php(1647): CodeIgniter\Database\BaseConnection->query('SELECT *\nFROM `...', Array, false)
#4 C:\Users\lenovo\Downloads\Projectmagang\vendor\codeigniter4\framework\system\Model.php(297): CodeIgniter\Database\BaseBuilder->get()
#5 C:\Users\lenovo\Downloads\Projectmagang\vendor\codeigniter4\framework\system\BaseModel.php(714): CodeIgniter\Model->doFirst()
#6 C:\Users\lenovo\Downloads\Projectmagang\app\Controllers\Mahasiswa.php(36): CodeIgniter\BaseModel->first()
#7 C:\Users\lenovo\Downloads\Projectmagang\vendor\codeigniter4\framework\system\CodeIgniter.php(974): App\Controllers\Mahasiswa->auth()
#8 C:\Users\lenovo\Downloads\Projectmagang\vendor\codeigniter4\framework\system\CodeIgniter.php(520): CodeIgniter\CodeIgniter->runController(Object(App\Controllers\Mahasiswa))
#9 C:\Users\lenovo\Downloads\Projectmagang\vendor\codeigniter4\framework\system\CodeIgniter.php(363): CodeIgniter\CodeIgniter->handleRequest(NULL, Object(Config\Cache), false)
#10 C:\Users\lenovo\Downloads\Projectmagang\vendor\codeigniter4\framework\system\Boot.php(417): CodeIgniter\CodeIgniter->run()
#11 C:\Users\lenovo\Downloads\Projectmagang\vendor\codeigniter4\framework\system\Boot.php(68): CodeIgniter\Boot::runCodeIgniter(Object(CodeIgniter\CodeIgniter))
#12 C:\Users\lenovo\Downloads\Projectmagang\public\index.php(59): CodeIgniter\Boot::bootWeb(Object(Config\Paths))
#13 C:\Users\lenovo\Downloads\Projectmagang\vendor\codeigniter4\framework\system\rewrite.php(44): require_once('C:\\Users\\lenovo...')
#14 {main}

Next CodeIgniter\Database\Exceptions\DatabaseException: Access denied for user ''@'localhost' (using password: NO) in C:\Users\lenovo\Downloads\Projectmagang\vendor\codeigniter4\framework\system\Database\MySQLi\Connection.php:231
Stack trace:
#0 C:\Users\lenovo\Downloads\Projectmagang\vendor\codeigniter4\framework\system\Database\BaseConnection.php(555): CodeIgniter\Database\MySQLi\Connection->connect(false)
#1 C:\Users\lenovo\Downloads\Projectmagang\vendor\codeigniter4\framework\system\Database\BaseConnection.php(795): CodeIgniter\Database\BaseConnection->initialize()
#2 C:\Users\lenovo\Downloads\Projectmagang\vendor\codeigniter4\framework\system\Database\BaseBuilder.php(1647): CodeIgniter\Database\BaseConnection->query('SELECT *\nFROM `...', Array, false)
#3 C:\Users\lenovo\Downloads\Projectmagang\vendor\codeigniter4\framework\system\Model.php(297): CodeIgniter\Database\BaseBuilder->get()
#4 C:\Users\lenovo\Downloads\Projectmagang\vendor\codeigniter4\framework\system\BaseModel.php(714): CodeIgniter\Model->doFirst()
#5 C:\Users\lenovo\Downloads\Projectmagang\app\Controllers\Mahasiswa.php(36): CodeIgniter\BaseModel->first()
#6 C:\Users\lenovo\Downloads\Projectmagang\vendor\codeigniter4\framework\system\CodeIgniter.php(974): App\Controllers\Mahasiswa->auth()
#7 C:\Users\lenovo\Downloads\Projectmagang\vendor\codeigniter4\framework\system\CodeIgniter.php(520): CodeIgniter\CodeIgniter->runController(Object(App\Controllers\Mahasiswa))
#8 C:\Users\lenovo\Downloads\Projectmagang\vendor\codeigniter4\framework\system\CodeIgniter.php(363): CodeIgniter\CodeIgniter->handleRequest(NULL, Object(Config\Cache), false)
#9 C:\Users\lenovo\Downloads\Projectmagang\vendor\codeigniter4\framework\system\Boot.php(417): CodeIgniter\CodeIgniter->run()
#10 C:\Users\lenovo\Downloads\Projectmagang\vendor\codeigniter4\framework\system\Boot.php(68): CodeIgniter\Boot::runCodeIgniter(Object(CodeIgniter\CodeIgniter))
#11 C:\Users\lenovo\Downloads\Projectmagang\public\index.php(59): CodeIgniter\Boot::bootWeb(Object(Config\Paths))
#12 C:\Users\lenovo\Downloads\Projectmagang\vendor\codeigniter4\framework\system\rewrite.php(44): require_once('C:\\Users\\lenovo...')
#13 {main}
CRITICAL - 2026-06-30 07:43:11 --> CodeIgniter\Database\Exceptions\DatabaseException: Unable to connect to the database.
Main connection [MySQLi]: Access denied for user ''@'localhost' (using password: NO)
[Method: POST, Route: login/auth]
in SYSTEMPATH\Database\BaseConnection.php on line 606.
 1 SYSTEMPATH\Database\BaseConnection.php(795): CodeIgniter\Database\BaseConnection->initialize()
 2 SYSTEMPATH\Database\BaseBuilder.php(1647): CodeIgniter\Database\BaseConnection->query('SELECT *
FROM `m_user_mahasiswa`
WHERE `username` = :username:
 LIMIT 1', [...], false)
 3 SYSTEMPATH\Model.php(297): CodeIgniter\Database\BaseBuilder->get()
 4 SYSTEMPATH\BaseModel.php(714): CodeIgniter\Model->doFirst()
 5 APPPATH\Controllers\Mahasiswa.php(36): CodeIgniter\BaseModel->first()
 6 SYSTEMPATH\CodeIgniter.php(974): App\Controllers\Mahasiswa->auth()
 7 SYSTEMPATH\CodeIgniter.php(520): CodeIgniter\CodeIgniter->runController(Object(App\Controllers\Mahasiswa))
 8 SYSTEMPATH\CodeIgniter.php(363): CodeIgniter\CodeIgniter->handleRequest(null, Object(Config\Cache), false)
 9 SYSTEMPATH\Boot.php(417): CodeIgniter\CodeIgniter->run()
10 SYSTEMPATH\Boot.php(68): CodeIgniter\Boot::runCodeIgniter(Object(CodeIgniter\CodeIgniter))
11 FCPATH\index.php(59): CodeIgniter\Boot::bootWeb(Object(Config\Paths))
12 SYSTEMPATH\rewrite.php(44): require_once('C:\\Users\\lenovo\\Downloads\\Projectmagang\\public\\index.php')
ERROR - 2026-06-30 07:47:07 --> Error connecting to the database: mysqli_sql_exception: Access denied for user ''@'localhost' (using password: NO) in C:\Users\lenovo\Downloads\Projectmagang\vendor\codeigniter4\framework\system\Database\MySQLi\Connection.php:201
Stack trace:
#0 C:\Users\lenovo\Downloads\Projectmagang\vendor\codeigniter4\framework\system\Database\MySQLi\Connection.php(201): mysqli->real_connect('localhost', '', Object(SensitiveParameterValue), '', 3306, '', 0)
#1 C:\Users\lenovo\Downloads\Projectmagang\vendor\codeigniter4\framework\system\Database\BaseConnection.php(555): CodeIgniter\Database\MySQLi\Connection->connect(false)
#2 C:\Users\lenovo\Downloads\Projectmagang\vendor\codeigniter4\framework\system\Database\BaseConnection.php(795): CodeIgniter\Database\BaseConnection->initialize()
#3 C:\Users\lenovo\Downloads\Projectmagang\vendor\codeigniter4\framework\system\Database\BaseBuilder.php(1647): CodeIgniter\Database\BaseConnection->query('SELECT *\nFROM `...', Array, false)
#4 C:\Users\lenovo\Downloads\Projectmagang\vendor\codeigniter4\framework\system\Model.php(297): CodeIgniter\Database\BaseBuilder->get()
#5 C:\Users\lenovo\Downloads\Projectmagang\vendor\codeigniter4\framework\system\BaseModel.php(714): CodeIgniter\Model->doFirst()
#6 C:\Users\lenovo\Downloads\Projectmagang\app\Controllers\Mahasiswa.php(36): CodeIgniter\BaseModel->first()
#7 C:\Users\lenovo\Downloads\Projectmagang\vendor\codeigniter4\framework\system\CodeIgniter.php(974): App\Controllers\Mahasiswa->auth()
#8 C:\Users\lenovo\Downloads\Projectmagang\vendor\codeigniter4\framework\system\CodeIgniter.php(520): CodeIgniter\CodeIgniter->runController(Object(App\Controllers\Mahasiswa))
#9 C:\Users\lenovo\Downloads\Projectmagang\vendor\codeigniter4\framework\system\CodeIgniter.php(363): CodeIgniter\CodeIgniter->handleRequest(NULL, Object(Config\Cache), false)
#10 C:\Users\lenovo\Downloads\Projectmagang\vendor\codeigniter4\framework\system\Boot.php(417): CodeIgniter\CodeIgniter->run()
#11 C:\Users\lenovo\Downloads\Projectmagang\vendor\codeigniter4\framework\system\Boot.php(68): CodeIgniter\Boot::runCodeIgniter(Object(CodeIgniter\CodeIgniter))
#12 C:\Users\lenovo\Downloads\Projectmagang\public\index.php(59): CodeIgniter\Boot::bootWeb(Object(Config\Paths))
#13 C:\Users\lenovo\Downloads\Projectmagang\vendor\codeigniter4\framework\system\rewrite.php(44): require_once('C:\\Users\\lenovo...')
#14 {main}

Next CodeIgniter\Database\Exceptions\DatabaseException: Access denied for user ''@'localhost' (using password: NO) in C:\Users\lenovo\Downloads\Projectmagang\vendor\codeigniter4\framework\system\Database\MySQLi\Connection.php:231
Stack trace:
#0 C:\Users\lenovo\Downloads\Projectmagang\vendor\codeigniter4\framework\system\Database\BaseConnection.php(555): CodeIgniter\Database\MySQLi\Connection->connect(false)
#1 C:\Users\lenovo\Downloads\Projectmagang\vendor\codeigniter4\framework\system\Database\BaseConnection.php(795): CodeIgniter\Database\BaseConnection->initialize()
#2 C:\Users\lenovo\Downloads\Projectmagang\vendor\codeigniter4\framework\system\Database\BaseBuilder.php(1647): CodeIgniter\Database\BaseConnection->query('SELECT *\nFROM `...', Array, false)
#3 C:\Users\lenovo\Downloads\Projectmagang\vendor\codeigniter4\framework\system\Model.php(297): CodeIgniter\Database\BaseBuilder->get()
#4 C:\Users\lenovo\Downloads\Projectmagang\vendor\codeigniter4\framework\system\BaseModel.php(714): CodeIgniter\Model->doFirst()
#5 C:\Users\lenovo\Downloads\Projectmagang\app\Controllers\Mahasiswa.php(36): CodeIgniter\BaseModel->first()
#6 C:\Users\lenovo\Downloads\Projectmagang\vendor\codeigniter4\framework\system\CodeIgniter.php(974): App\Controllers\Mahasiswa->auth()
#7 C:\Users\lenovo\Downloads\Projectmagang\vendor\codeigniter4\framework\system\CodeIgniter.php(520): CodeIgniter\CodeIgniter->runController(Object(App\Controllers\Mahasiswa))
#8 C:\Users\lenovo\Downloads\Projectmagang\vendor\codeigniter4\framework\system\CodeIgniter.php(363): CodeIgniter\CodeIgniter->handleRequest(NULL, Object(Config\Cache), false)
#9 C:\Users\lenovo\Downloads\Projectmagang\vendor\codeigniter4\framework\system\Boot.php(417): CodeIgniter\CodeIgniter->run()
#10 C:\Users\lenovo\Downloads\Projectmagang\vendor\codeigniter4\framework\system\Boot.php(68): CodeIgniter\Boot::runCodeIgniter(Object(CodeIgniter\CodeIgniter))
#11 C:\Users\lenovo\Downloads\Projectmagang\public\index.php(59): CodeIgniter\Boot::bootWeb(Object(Config\Paths))
#12 C:\Users\lenovo\Downloads\Projectmagang\vendor\codeigniter4\framework\system\rewrite.php(44): require_once('C:\\Users\\lenovo...')
#13 {main}
CRITICAL - 2026-06-30 07:47:07 --> CodeIgniter\Database\Exceptions\DatabaseException: Unable to connect to the database.
Main connection [MySQLi]: Access denied for user ''@'localhost' (using password: NO)
[Method: POST, Route: login/auth]
in SYSTEMPATH\Database\BaseConnection.php on line 606.
 1 SYSTEMPATH\Database\BaseConnection.php(795): CodeIgniter\Database\BaseConnection->initialize()
 2 SYSTEMPATH\Database\BaseBuilder.php(1647): CodeIgniter\Database\BaseConnection->query('SELECT *
FROM `m_user_mahasiswa`
WHERE `username` = :username:
 LIMIT 1', [...], false)
 3 SYSTEMPATH\Model.php(297): CodeIgniter\Database\BaseBuilder->get()
 4 SYSTEMPATH\BaseModel.php(714): CodeIgniter\Model->doFirst()
 5 APPPATH\Controllers\Mahasiswa.php(36): CodeIgniter\BaseModel->first()
 6 SYSTEMPATH\CodeIgniter.php(974): App\Controllers\Mahasiswa->auth()
 7 SYSTEMPATH\CodeIgniter.php(520): CodeIgniter\CodeIgniter->runController(Object(App\Controllers\Mahasiswa))
 8 SYSTEMPATH\CodeIgniter.php(363): CodeIgniter\CodeIgniter->handleRequest(null, Object(Config\Cache), false)
 9 SYSTEMPATH\Boot.php(417): CodeIgniter\CodeIgniter->run()
10 SYSTEMPATH\Boot.php(68): CodeIgniter\Boot::runCodeIgniter(Object(CodeIgniter\CodeIgniter))
11 FCPATH\index.php(59): CodeIgniter\Boot::bootWeb(Object(Config\Paths))
12 SYSTEMPATH\rewrite.php(44): require_once('C:\\Users\\lenovo\\Downloads\\Projectmagang\\public\\index.php')
ERROR - 2026-06-30 07:52:07 --> Error connecting to the database: mysqli_sql_exception: Access denied for user ''@'localhost' (using password: NO) in C:\Users\lenovo\Downloads\Projectmagang\vendor\codeigniter4\framework\system\Database\MySQLi\Connection.php:201
Stack trace:
#0 C:\Users\lenovo\Downloads\Projectmagang\vendor\codeigniter4\framework\system\Database\MySQLi\Connection.php(201): mysqli->real_connect('localhost', '', Object(SensitiveParameterValue), '', 3306, '', 0)
#1 C:\Users\lenovo\Downloads\Projectmagang\vendor\codeigniter4\framework\system\Database\BaseConnection.php(555): CodeIgniter\Database\MySQLi\Connection->connect(false)
#2 C:\Users\lenovo\Downloads\Projectmagang\vendor\codeigniter4\framework\system\Database\BaseConnection.php(795): CodeIgniter\Database\BaseConnection->initialize()
#3 C:\Users\lenovo\Downloads\Projectmagang\vendor\codeigniter4\framework\system\Database\BaseBuilder.php(1647): CodeIgniter\Database\BaseConnection->query('SELECT *\nFROM `...', Array, false)
#4 C:\Users\lenovo\Downloads\Projectmagang\vendor\codeigniter4\framework\system\Model.php(297): CodeIgniter\Database\BaseBuilder->get()
#5 C:\Users\lenovo\Downloads\Projectmagang\vendor\codeigniter4\framework\system\BaseModel.php(714): CodeIgniter\Model->doFirst()
#6 C:\Users\lenovo\Downloads\Projectmagang\app\Controllers\Mahasiswa.php(36): CodeIgniter\BaseModel->first()
#7 C:\Users\lenovo\Downloads\Projectmagang\vendor\codeigniter4\framework\system\CodeIgniter.php(974): App\Controllers\Mahasiswa->auth()
#8 C:\Users\lenovo\Downloads\Projectmagang\vendor\codeigniter4\framework\system\CodeIgniter.php(520): CodeIgniter\CodeIgniter->runController(Object(App\Controllers\Mahasiswa))
#9 C:\Users\lenovo\Downloads\Projectmagang\vendor\codeigniter4\framework\system\CodeIgniter.php(363): CodeIgniter\CodeIgniter->handleRequest(NULL, Object(Config\Cache), false)
#10 C:\Users\lenovo\Downloads\Projectmagang\vendor\codeigniter4\framework\system\Boot.php(417): CodeIgniter\CodeIgniter->run()
#11 C:\Users\lenovo\Downloads\Projectmagang\vendor\codeigniter4\framework\system\Boot.php(68): CodeIgniter\Boot::runCodeIgniter(Object(CodeIgniter\CodeIgniter))
#12 C:\Users\lenovo\Downloads\Projectmagang\public\index.php(59): CodeIgniter\Boot::bootWeb(Object(Config\Paths))
#13 C:\Users\lenovo\Downloads\Projectmagang\vendor\codeigniter4\framework\system\rewrite.php(44): require_once('C:\\Users\\lenovo...')
#14 {main}

Next CodeIgniter\Database\Exceptions\DatabaseException: Access denied for user ''@'localhost' (using password: NO) in C:\Users\lenovo\Downloads\Projectmagang\vendor\codeigniter4\framework\system\Database\MySQLi\Connection.php:231
Stack trace:
#0 C:\Users\lenovo\Downloads\Projectmagang\vendor\codeigniter4\framework\system\Database\BaseConnection.php(555): CodeIgniter\Database\MySQLi\Connection->connect(false)
#1 C:\Users\lenovo\Downloads\Projectmagang\vendor\codeigniter4\framework\system\Database\BaseConnection.php(795): CodeIgniter\Database\BaseConnection->initialize()
#2 C:\Users\lenovo\Downloads\Projectmagang\vendor\codeigniter4\framework\system\Database\BaseBuilder.php(1647): CodeIgniter\Database\BaseConnection->query('SELECT *\nFROM `...', Array, false)
#3 C:\Users\lenovo\Downloads\Projectmagang\vendor\codeigniter4\framework\system\Model.php(297): CodeIgniter\Database\BaseBuilder->get()
#4 C:\Users\lenovo\Downloads\Projectmagang\vendor\codeigniter4\framework\system\BaseModel.php(714): CodeIgniter\Model->doFirst()
#5 C:\Users\lenovo\Downloads\Projectmagang\app\Controllers\Mahasiswa.php(36): CodeIgniter\BaseModel->first()
#6 C:\Users\lenovo\Downloads\Projectmagang\vendor\codeigniter4\framework\system\CodeIgniter.php(974): App\Controllers\Mahasiswa->auth()
#7 C:\Users\lenovo\Downloads\Projectmagang\vendor\codeigniter4\framework\system\CodeIgniter.php(520): CodeIgniter\CodeIgniter->runController(Object(App\Controllers\Mahasiswa))
#8 C:\Users\lenovo\Downloads\Projectmagang\vendor\codeigniter4\framework\system\CodeIgniter.php(363): CodeIgniter\CodeIgniter->handleRequest(NULL, Object(Config\Cache), false)
#9 C:\Users\lenovo\Downloads\Projectmagang\vendor\codeigniter4\framework\system\Boot.php(417): CodeIgniter\CodeIgniter->run()
#10 C:\Users\lenovo\Downloads\Projectmagang\vendor\codeigniter4\framework\system\Boot.php(68): CodeIgniter\Boot::runCodeIgniter(Object(CodeIgniter\CodeIgniter))
#11 C:\Users\lenovo\Downloads\Projectmagang\public\index.php(59): CodeIgniter\Boot::bootWeb(Object(Config\Paths))
#12 C:\Users\lenovo\Downloads\Projectmagang\vendor\codeigniter4\framework\system\rewrite.php(44): require_once('C:\\Users\\lenovo...')
#13 {main}
CRITICAL - 2026-06-30 07:52:07 --> CodeIgniter\Database\Exceptions\DatabaseException: Unable to connect to the database.
Main connection [MySQLi]: Access denied for user ''@'localhost' (using password: NO)
[Method: POST, Route: login/auth]
in SYSTEMPATH\Database\BaseConnection.php on line 606.
 1 SYSTEMPATH\Database\BaseConnection.php(795): CodeIgniter\Database\BaseConnection->initialize()
 2 SYSTEMPATH\Database\BaseBuilder.php(1647): CodeIgniter\Database\BaseConnection->query('SELECT *
FROM `m_user_mahasiswa`
WHERE `username` = :username:
 LIMIT 1', [...], false)
 3 SYSTEMPATH\Model.php(297): CodeIgniter\Database\BaseBuilder->get()
 4 SYSTEMPATH\BaseModel.php(714): CodeIgniter\Model->doFirst()
 5 APPPATH\Controllers\Mahasiswa.php(36): CodeIgniter\BaseModel->first()
 6 SYSTEMPATH\CodeIgniter.php(974): App\Controllers\Mahasiswa->auth()
 7 SYSTEMPATH\CodeIgniter.php(520): CodeIgniter\CodeIgniter->runController(Object(App\Controllers\Mahasiswa))
 8 SYSTEMPATH\CodeIgniter.php(363): CodeIgniter\CodeIgniter->handleRequest(null, Object(Config\Cache), false)
 9 SYSTEMPATH\Boot.php(417): CodeIgniter\CodeIgniter->run()
10 SYSTEMPATH\Boot.php(68): CodeIgniter\Boot::runCodeIgniter(Object(CodeIgniter\CodeIgniter))
11 FCPATH\index.php(59): CodeIgniter\Boot::bootWeb(Object(Config\Paths))
12 SYSTEMPATH\rewrite.php(44): require_once('C:\\Users\\lenovo\\Downloads\\Projectmagang\\public\\index.php')
ERROR - 2026-06-30 07:52:19 --> Error connecting to the database: mysqli_sql_exception: Access denied for user ''@'localhost' (using password: NO) in C:\Users\lenovo\Downloads\Projectmagang\vendor\codeigniter4\framework\system\Database\MySQLi\Connection.php:201
Stack trace:
#0 C:\Users\lenovo\Downloads\Projectmagang\vendor\codeigniter4\framework\system\Database\MySQLi\Connection.php(201): mysqli->real_connect('localhost', '', Object(SensitiveParameterValue), '', 3306, '', 0)
#1 C:\Users\lenovo\Downloads\Projectmagang\vendor\codeigniter4\framework\system\Database\BaseConnection.php(555): CodeIgniter\Database\MySQLi\Connection->connect(false)
#2 C:\Users\lenovo\Downloads\Projectmagang\vendor\codeigniter4\framework\system\Database\BaseConnection.php(795): CodeIgniter\Database\BaseConnection->initialize()
#3 C:\Users\lenovo\Downloads\Projectmagang\vendor\codeigniter4\framework\system\Database\BaseBuilder.php(1647): CodeIgniter\Database\BaseConnection->query('SELECT *\nFROM `...', Array, false)
#4 C:\Users\lenovo\Downloads\Projectmagang\vendor\codeigniter4\framework\system\Model.php(297): CodeIgniter\Database\BaseBuilder->get()
#5 C:\Users\lenovo\Downloads\Projectmagang\vendor\codeigniter4\framework\system\BaseModel.php(714): CodeIgniter\Model->doFirst()
#6 C:\Users\lenovo\Downloads\Projectmagang\app\Controllers\Mahasiswa.php(36): CodeIgniter\BaseModel->first()
#7 C:\Users\lenovo\Downloads\Projectmagang\vendor\codeigniter4\framework\system\CodeIgniter.php(974): App\Controllers\Mahasiswa->auth()
#8 C:\Users\lenovo\Downloads\Projectmagang\vendor\codeigniter4\framework\system\CodeIgniter.php(520): CodeIgniter\CodeIgniter->runController(Object(App\Controllers\Mahasiswa))
#9 C:\Users\lenovo\Downloads\Projectmagang\vendor\codeigniter4\framework\system\CodeIgniter.php(363): CodeIgniter\CodeIgniter->handleRequest(NULL, Object(Config\Cache), false)
#10 C:\Users\lenovo\Downloads\Projectmagang\vendor\codeigniter4\framework\system\Boot.php(417): CodeIgniter\CodeIgniter->run()
#11 C:\Users\lenovo\Downloads\Projectmagang\vendor\codeigniter4\framework\system\Boot.php(68): CodeIgniter\Boot::runCodeIgniter(Object(CodeIgniter\CodeIgniter))
#12 C:\Users\lenovo\Downloads\Projectmagang\public\index.php(59): CodeIgniter\Boot::bootWeb(Object(Config\Paths))
#13 C:\Users\lenovo\Downloads\Projectmagang\vendor\codeigniter4\framework\system\rewrite.php(44): require_once('C:\\Users\\lenovo...')
#14 {main}

Next CodeIgniter\Database\Exceptions\DatabaseException: Access denied for user ''@'localhost' (using password: NO) in C:\Users\lenovo\Downloads\Projectmagang\vendor\codeigniter4\framework\system\Database\MySQLi\Connection.php:231
Stack trace:
#0 C:\Users\lenovo\Downloads\Projectmagang\vendor\codeigniter4\framework\system\Database\BaseConnection.php(555): CodeIgniter\Database\MySQLi\Connection->connect(false)
#1 C:\Users\lenovo\Downloads\Projectmagang\vendor\codeigniter4\framework\system\Database\BaseConnection.php(795): CodeIgniter\Database\BaseConnection->initialize()
#2 C:\Users\lenovo\Downloads\Projectmagang\vendor\codeigniter4\framework\system\Database\BaseBuilder.php(1647): CodeIgniter\Database\BaseConnection->query('SELECT *\nFROM `...', Array, false)
#3 C:\Users\lenovo\Downloads\Projectmagang\vendor\codeigniter4\framework\system\Model.php(297): CodeIgniter\Database\BaseBuilder->get()
#4 C:\Users\lenovo\Downloads\Projectmagang\vendor\codeigniter4\framework\system\BaseModel.php(714): CodeIgniter\Model->doFirst()
#5 C:\Users\lenovo\Downloads\Projectmagang\app\Controllers\Mahasiswa.php(36): CodeIgniter\BaseModel->first()
#6 C:\Users\lenovo\Downloads\Projectmagang\vendor\codeigniter4\framework\system\CodeIgniter.php(974): App\Controllers\Mahasiswa->auth()
#7 C:\Users\lenovo\Downloads\Projectmagang\vendor\codeigniter4\framework\system\CodeIgniter.php(520): CodeIgniter\CodeIgniter->runController(Object(App\Controllers\Mahasiswa))
#8 C:\Users\lenovo\Downloads\Projectmagang\vendor\codeigniter4\framework\system\CodeIgniter.php(363): CodeIgniter\CodeIgniter->handleRequest(NULL, Object(Config\Cache), false)
#9 C:\Users\lenovo\Downloads\Projectmagang\vendor\codeigniter4\framework\system\Boot.php(417): CodeIgniter\CodeIgniter->run()
#10 C:\Users\lenovo\Downloads\Projectmagang\vendor\codeigniter4\framework\system\Boot.php(68): CodeIgniter\Boot::runCodeIgniter(Object(CodeIgniter\CodeIgniter))
#11 C:\Users\lenovo\Downloads\Projectmagang\public\index.php(59): CodeIgniter\Boot::bootWeb(Object(Config\Paths))
#12 C:\Users\lenovo\Downloads\Projectmagang\vendor\codeigniter4\framework\system\rewrite.php(44): require_once('C:\\Users\\lenovo...')
#13 {main}
CRITICAL - 2026-06-30 07:52:19 --> CodeIgniter\Database\Exceptions\DatabaseException: Unable to connect to the database.
Main connection [MySQLi]: Access denied for user ''@'localhost' (using password: NO)
[Method: POST, Route: login/auth]
in SYSTEMPATH\Database\BaseConnection.php on line 606.
 1 SYSTEMPATH\Database\BaseConnection.php(795): CodeIgniter\Database\BaseConnection->initialize()
 2 SYSTEMPATH\Database\BaseBuilder.php(1647): CodeIgniter\Database\BaseConnection->query('SELECT *
FROM `m_user_mahasiswa`
WHERE `username` = :username:
 LIMIT 1', [...], false)
 3 SYSTEMPATH\Model.php(297): CodeIgniter\Database\BaseBuilder->get()
 4 SYSTEMPATH\BaseModel.php(714): CodeIgniter\Model->doFirst()
 5 APPPATH\Controllers\Mahasiswa.php(36): CodeIgniter\BaseModel->first()
 6 SYSTEMPATH\CodeIgniter.php(974): App\Controllers\Mahasiswa->auth()
 7 SYSTEMPATH\CodeIgniter.php(520): CodeIgniter\CodeIgniter->runController(Object(App\Controllers\Mahasiswa))
 8 SYSTEMPATH\CodeIgniter.php(363): CodeIgniter\CodeIgniter->handleRequest(null, Object(Config\Cache), false)
 9 SYSTEMPATH\Boot.php(417): CodeIgniter\CodeIgniter->run()
10 SYSTEMPATH\Boot.php(68): CodeIgniter\Boot::runCodeIgniter(Object(CodeIgniter\CodeIgniter))
11 FCPATH\index.php(59): CodeIgniter\Boot::bootWeb(Object(Config\Paths))
12 SYSTEMPATH\rewrite.php(44): require_once('C:\\Users\\lenovo\\Downloads\\Projectmagang\\public\\index.php')
DEBUG - 2026-06-30 11:53:08 --> Session: Class initialized using 'CodeIgniter\Session\Handlers\FileHandler' driver.
DEBUG - 2026-06-30 11:53:15 --> Session: Class initialized using 'CodeIgniter\Session\Handlers\FileHandler' driver.
DEBUG - 2026-06-30 11:53:16 --> Session: Class initialized using 'CodeIgniter\Session\Handlers\FileHandler' driver.
DEBUG - 2026-06-30 11:53:33 --> Session: Class initialized using 'CodeIgniter\Session\Handlers\FileHandler' driver.
DEBUG - 2026-06-30 11:53:33 --> Session: Class initialized using 'CodeIgniter\Session\Handlers\FileHandler' driver.
DEBUG - 2026-06-30 11:54:58 --> Session: Class initialized using 'CodeIgniter\Session\Handlers\FileHandler' driver.
DEBUG - 2026-06-30 11:54:58 --> Session: Class initialized using 'CodeIgniter\Session\Handlers\FileHandler' driver.
DEBUG - 2026-06-30 14:15:41 --> Session: Class initialized using 'CodeIgniter\Session\Handlers\FileHandler' driver.
DEBUG - 2026-06-30 14:15:51 --> Session: Class initialized using 'CodeIgniter\Session\Handlers\FileHandler' driver.
DEBUG - 2026-06-30 14:15:51 --> Session: Class initialized using 'CodeIgniter\Session\Handlers\FileHandler' driver.
DEBUG - 2026-06-30 14:16:07 --> Session: Class initialized using 'CodeIgniter\Session\Handlers\FileHandler' driver.
DEBUG - 2026-06-30 14:16:08 --> Session: Class initialized using 'CodeIgniter\Session\Handlers\FileHandler' driver.
DEBUG - 2026-06-30 14:26:28 --> Session: Class initialized using 'CodeIgniter\Session\Handlers\FileHandler' driver.
DEBUG - 2026-06-30 14:26:32 --> Session: Class initialized using 'CodeIgniter\Session\Handlers\FileHandler' driver.
DEBUG - 2026-06-30 14:26:37 --> Session: Class initialized using 'CodeIgniter\Session\Handlers\FileHandler' driver.
DEBUG - 2026-06-30 14:26:38 --> Session: Class initialized using 'CodeIgniter\Session\Handlers\FileHandler' driver.
DEBUG - 2026-06-30 14:27:56 --> Session: Class initialized using 'CodeIgniter\Session\Handlers\FileHandler' driver.
DEBUG - 2026-06-30 14:27:56 --> Session: Class initialized using 'CodeIgniter\Session\Handlers\FileHandler' driver.
DEBUG - 2026-06-30 14:28:34 --> Session: Class initialized using 'CodeIgniter\Session\Handlers\FileHandler' driver.
DEBUG - 2026-06-30 14:35:15 --> Session: Class initialized using 'CodeIgniter\Session\Handlers\FileHandler' driver.
DEBUG - 2026-06-30 14:36:34 --> Session: Class initialized using 'CodeIgniter\Session\Handlers\FileHandler' driver.
DEBUG - 2026-06-30 14:36:34 --> Session: Class initialized using 'CodeIgniter\Session\Handlers\FileHandler' driver.
DEBUG - 2026-06-30 14:42:05 --> Session: Class initialized using 'CodeIgniter\Session\Handlers\FileHandler' driver.
DEBUG - 2026-06-30 14:42:26 --> Session: Class initialized using 'CodeIgniter\Session\Handlers\FileHandler' driver.
DEBUG - 2026-06-30 14:42:37 --> Session: Class initialized using 'CodeIgniter\Session\Handlers\FileHandler' driver.
DEBUG - 2026-06-30 14:42:38 --> Session: Class initialized using 'CodeIgniter\Session\Handlers\FileHandler' driver.
DEBUG - 2026-06-30 14:43:16 --> Session: Class initialized using 'CodeIgniter\Session\Handlers\FileHandler' driver.
DEBUG - 2026-06-30 14:43:40 --> Session: Class initialized using 'CodeIgniter\Session\Handlers\FileHandler' driver.
DEBUG - 2026-06-30 15:01:16 --> Session: Class initialized using 'CodeIgniter\Session\Handlers\FileHandler' driver.
DEBUG - 2026-06-30 15:01:24 --> Session: Class initialized using 'CodeIgniter\Session\Handlers\FileHandler' driver.
DEBUG - 2026-06-30 15:01:40 --> Session: Class initialized using 'CodeIgniter\Session\Handlers\FileHandler' driver.
DEBUG - 2026-06-30 15:01:41 --> Session: Class initialized using 'CodeIgniter\Session\Handlers\FileHandler' driver.
DEBUG - 2026-06-30 15:10:55 --> Session: Class initialized using 'CodeIgniter\Session\Handlers\FileHandler' driver.
DEBUG - 2026-06-30 15:10:56 --> Session: Class initialized using 'CodeIgniter\Session\Handlers\FileHandler' driver.
DEBUG - 2026-06-30 15:11:00 --> Session: Class initialized using 'CodeIgniter\Session\Handlers\FileHandler' driver.
DEBUG - 2026-06-30 15:11:00 --> Session: Class initialized using 'CodeIgniter\Session\Handlers\FileHandler' driver.
DEBUG - 2026-06-30 15:14:41 --> Session: Class initialized using 'CodeIgniter\Session\Handlers\FileHandler' driver.
DEBUG - 2026-06-30 15:14:44 --> Session: Class initialized using 'CodeIgniter\Session\Handlers\FileHandler' driver.
DEBUG - 2026-06-30 15:14:45 --> Session: Class initialized using 'CodeIgniter\Session\Handlers\FileHandler' driver.
DEBUG - 2026-06-30 15:16:52 --> Session: Class initialized using 'CodeIgniter\Session\Handlers\FileHandler' driver.
DEBUG - 2026-06-30 15:16:56 --> Session: Class initialized using 'CodeIgniter\Session\Handlers\FileHandler' driver.
DEBUG - 2026-06-30 15:16:56 --> Session: Class initialized using 'CodeIgniter\Session\Handlers\FileHandler' driver.
DEBUG - 2026-06-30 15:17:12 --> Session: Class initialized using 'CodeIgniter\Session\Handlers\FileHandler' driver.
DEBUG - 2026-06-30 15:17:13 --> Session: Class initialized using 'CodeIgniter\Session\Handlers\FileHandler' driver.
DEBUG - 2026-06-30 15:17:22 --> Session: Class initialized using 'CodeIgniter\Session\Handlers\FileHandler' driver.
DEBUG - 2026-06-30 15:20:57 --> Session: Class initialized using 'CodeIgniter\Session\Handlers\FileHandler' driver.
DEBUG - 2026-06-30 15:21:00 --> Session: Class initialized using 'CodeIgniter\Session\Handlers\FileHandler' driver.
DEBUG - 2026-06-30 15:21:00 --> Session: Class initialized using 'CodeIgniter\Session\Handlers\FileHandler' driver.
DEBUG - 2026-06-30 15:21:04 --> Session: Class initialized using 'CodeIgniter\Session\Handlers\FileHandler' driver.
DEBUG - 2026-06-30 15:21:08 --> Session: Class initialized using 'CodeIgniter\Session\Handlers\FileHandler' driver.
DEBUG - 2026-06-30 15:21:31 --> Session: Class initialized using 'CodeIgniter\Session\Handlers\FileHandler' driver.
DEBUG - 2026-06-30 15:21:33 --> Session: Class initialized using 'CodeIgniter\Session\Handlers\FileHandler' driver.
DEBUG - 2026-06-30 15:21:35 --> Session: Class initialized using 'CodeIgniter\Session\Handlers\FileHandler' driver.
DEBUG - 2026-06-30 15:21:38 --> Session: Class initialized using 'CodeIgniter\Session\Handlers\FileHandler' driver.
DEBUG - 2026-06-30 15:21:38 --> Session: Class initialized using 'CodeIgniter\Session\Handlers\FileHandler' driver.
DEBUG - 2026-06-30 15:22:06 --> Session: Class initialized using 'CodeIgniter\Session\Handlers\FileHandler' driver.
DEBUG - 2026-06-30 15:22:10 --> Session: Class initialized using 'CodeIgniter\Session\Handlers\FileHandler' driver.
DEBUG - 2026-06-30 15:22:10 --> Session: Class initialized using 'CodeIgniter\Session\Handlers\FileHandler' driver.
DEBUG - 2026-06-30 15:24:36 --> Session: Class initialized using 'CodeIgniter\Session\Handlers\FileHandler' driver.
DEBUG - 2026-06-30 15:24:43 --> Session: Class initialized using 'CodeIgniter\Session\Handlers\FileHandler' driver.
DEBUG - 2026-06-30 15:24:46 --> Session: Class initialized using 'CodeIgniter\Session\Handlers\FileHandler' driver.
DEBUG - 2026-06-30 15:24:46 --> Session: Class initialized using 'CodeIgniter\Session\Handlers\FileHandler' driver.
DEBUG - 2026-06-30 15:24:49 --> Session: Class initialized using 'CodeIgniter\Session\Handlers\FileHandler' driver.
DEBUG - 2026-06-30 15:24:49 --> Session: Class initialized using 'CodeIgniter\Session\Handlers\FileHandler' driver.
DEBUG - 2026-06-30 15:24:56 --> Session: Class initialized using 'CodeIgniter\Session\Handlers\FileHandler' driver.
DEBUG - 2026-06-30 15:24:56 --> Session: Class initialized using 'CodeIgniter\Session\Handlers\FileHandler' driver.
DEBUG - 2026-06-30 15:25:19 --> Session: Class initialized using 'CodeIgniter\Session\Handlers\FileHandler' driver.
DEBUG - 2026-06-30 15:25:19 --> Session: Class initialized using 'CodeIgniter\Session\Handlers\FileHandler' driver.
