WARNING - 2026-08-04 00:00:13 --> [DEPRECATED] Passing lowercase HTTP method "get" is deprecated. Use uppercase HTTP method like "GET". in SYSTEMPATH\Router\RouteCollection.php on line 1026.
 1 SYSTEMPATH\Router\RouteCollection.php(1026): trigger_error('Passing lowercase HTTP method "get" is deprecated. Use uppercase HTTP method like "GET".', 16384)
 2 APPPATH\Config\Routes.php(77): CodeIgniter\Router\RouteCollection->match([...], 'logbook', 'C_Logbook::logbook')
 3 SYSTEMPATH\Router\RouteCollection.php(799): CodeIgniter\Router\RouteCollection::{closure}(Object(CodeIgniter\Router\RouteCollection))
 4 APPPATH\Config\Routes.php(59): CodeIgniter\Router\RouteCollection->group('mahasiswa', [...], Object(Closure))
 5 SYSTEMPATH\Router\RouteCollection.php(339): require('C:\\Users\\lenovo\\Downloads\\Projectmagang_antigravity\\app\\Config\\Routes.php')
 6 SYSTEMPATH\CodeIgniter.php(841): CodeIgniter\Router\RouteCollection->loadRoutes()
 7 SYSTEMPATH\CodeIgniter.php(464): CodeIgniter\CodeIgniter->tryToRouteIt(null)
 8 SYSTEMPATH\CodeIgniter.php(363): CodeIgniter\CodeIgniter->handleRequest(null, Object(Config\Cache), false)
 9 SYSTEMPATH\Boot.php(417): CodeIgniter\CodeIgniter->run()
10 SYSTEMPATH\Boot.php(68): CodeIgniter\Boot::runCodeIgniter(Object(CodeIgniter\CodeIgniter))
11 FCPATH\index.php(59): CodeIgniter\Boot::bootWeb(Object(Config\Paths))
12 SYSTEMPATH\rewrite.php(44): require_once('C:\\Users\\lenovo\\Downloads\\Projectmagang_antigravity\\public\\index.php')
WARNING - 2026-08-04 00:00:13 --> [DEPRECATED] Passing lowercase HTTP method "post" is deprecated. Use uppercase HTTP method like "POST". in SYSTEMPATH\Router\RouteCollection.php on line 1026.
 1 SYSTEMPATH\Router\RouteCollection.php(1026): trigger_error('Passing lowercase HTTP method "post" is deprecated. Use uppercase HTTP method like "POST".', 16384)
 2 APPPATH\Config\Routes.php(77): CodeIgniter\Router\RouteCollection->match([...], 'logbook', 'C_Logbook::logbook')
 3 SYSTEMPATH\Router\RouteCollection.php(799): CodeIgniter\Router\RouteCollection::{closure}(Object(CodeIgniter\Router\RouteCollection))
 4 APPPATH\Config\Routes.php(59): CodeIgniter\Router\RouteCollection->group('mahasiswa', [...], Object(Closure))
 5 SYSTEMPATH\Router\RouteCollection.php(339): require('C:\\Users\\lenovo\\Downloads\\Projectmagang_antigravity\\app\\Config\\Routes.php')
 6 SYSTEMPATH\CodeIgniter.php(841): CodeIgniter\Router\RouteCollection->loadRoutes()
 7 SYSTEMPATH\CodeIgniter.php(464): CodeIgniter\CodeIgniter->tryToRouteIt(null)
 8 SYSTEMPATH\CodeIgniter.php(363): CodeIgniter\CodeIgniter->handleRequest(null, Object(Config\Cache), false)
 9 SYSTEMPATH\Boot.php(417): CodeIgniter\CodeIgniter->run()
10 SYSTEMPATH\Boot.php(68): CodeIgniter\Boot::runCodeIgniter(Object(CodeIgniter\CodeIgniter))
11 FCPATH\index.php(59): CodeIgniter\Boot::bootWeb(Object(Config\Paths))
12 SYSTEMPATH\rewrite.php(44): require_once('C:\\Users\\lenovo\\Downloads\\Projectmagang_antigravity\\public\\index.php')
WARNING - 2026-08-04 00:00:13 --> [DEPRECATED] Passing lowercase HTTP method "get" is deprecated. Use uppercase HTTP method like "GET". in SYSTEMPATH\Router\RouteCollection.php on line 1026.
 1 SYSTEMPATH\Router\RouteCollection.php(1026): trigger_error('Passing lowercase HTTP method "get" is deprecated. Use uppercase HTTP method like "GET".', 16384)
 2 APPPATH\Config\Routes.php(95): CodeIgniter\Router\RouteCollection->match([...], 'verifikasi', '\\App\\Controllers\\Sekretariat\\C_Verifikasi::index')
 3 SYSTEMPATH\Router\RouteCollection.php(799): CodeIgniter\Router\RouteCollection::{closure}(Object(CodeIgniter\Router\RouteCollection))
 4 APPPATH\Config\Routes.php(89): CodeIgniter\Router\RouteCollection->group('sekretariat', [...], Object(Closure))
 5 SYSTEMPATH\Router\RouteCollection.php(339): require('C:\\Users\\lenovo\\Downloads\\Projectmagang_antigravity\\app\\Config\\Routes.php')
 6 SYSTEMPATH\CodeIgniter.php(841): CodeIgniter\Router\RouteCollection->loadRoutes()
 7 SYSTEMPATH\CodeIgniter.php(464): CodeIgniter\CodeIgniter->tryToRouteIt(null)
 8 SYSTEMPATH\CodeIgniter.php(363): CodeIgniter\CodeIgniter->handleRequest(null, Object(Config\Cache), false)
 9 SYSTEMPATH\Boot.php(417): CodeIgniter\CodeIgniter->run()
10 SYSTEMPATH\Boot.php(68): CodeIgniter\Boot::runCodeIgniter(Object(CodeIgniter\CodeIgniter))
11 FCPATH\index.php(59): CodeIgniter\Boot::bootWeb(Object(Config\Paths))
12 SYSTEMPATH\rewrite.php(44): require_once('C:\\Users\\lenovo\\Downloads\\Projectmagang_antigravity\\public\\index.php')
WARNING - 2026-08-04 00:00:13 --> [DEPRECATED] Passing lowercase HTTP method "post" is deprecated. Use uppercase HTTP method like "POST". in SYSTEMPATH\Router\RouteCollection.php on line 1026.
 1 SYSTEMPATH\Router\RouteCollection.php(1026): trigger_error('Passing lowercase HTTP method "post" is deprecated. Use uppercase HTTP method like "POST".', 16384)
 2 APPPATH\Config\Routes.php(95): CodeIgniter\Router\RouteCollection->match([...], 'verifikasi', '\\App\\Controllers\\Sekretariat\\C_Verifikasi::index')
 3 SYSTEMPATH\Router\RouteCollection.php(799): CodeIgniter\Router\RouteCollection::{closure}(Object(CodeIgniter\Router\RouteCollection))
 4 APPPATH\Config\Routes.php(89): CodeIgniter\Router\RouteCollection->group('sekretariat', [...], Object(Closure))
 5 SYSTEMPATH\Router\RouteCollection.php(339): require('C:\\Users\\lenovo\\Downloads\\Projectmagang_antigravity\\app\\Config\\Routes.php')
 6 SYSTEMPATH\CodeIgniter.php(841): CodeIgniter\Router\RouteCollection->loadRoutes()
 7 SYSTEMPATH\CodeIgniter.php(464): CodeIgniter\CodeIgniter->tryToRouteIt(null)
 8 SYSTEMPATH\CodeIgniter.php(363): CodeIgniter\CodeIgniter->handleRequest(null, Object(Config\Cache), false)
 9 SYSTEMPATH\Boot.php(417): CodeIgniter\CodeIgniter->run()
10 SYSTEMPATH\Boot.php(68): CodeIgniter\Boot::runCodeIgniter(Object(CodeIgniter\CodeIgniter))
11 FCPATH\index.php(59): CodeIgniter\Boot::bootWeb(Object(Config\Paths))
12 SYSTEMPATH\rewrite.php(44): require_once('C:\\Users\\lenovo\\Downloads\\Projectmagang_antigravity\\public\\index.php')
WARNING - 2026-08-04 00:00:13 --> [DEPRECATED] Passing lowercase HTTP method "get" is deprecated. Use uppercase HTTP method like "GET". in SYSTEMPATH\Router\RouteCollection.php on line 1026.
 1 SYSTEMPATH\Router\RouteCollection.php(1026): trigger_error('Passing lowercase HTTP method "get" is deprecated. Use uppercase HTTP method like "GET".', 16384)
 2 APPPATH\Config\Routes.php(144): CodeIgniter\Router\RouteCollection->match([...], 'upload-surat-penerimaan', '\\App\\Controllers\\Sekretariat\\C_UploadSuratPenerimaan::index')
 3 SYSTEMPATH\Router\RouteCollection.php(799): CodeIgniter\Router\RouteCollection::{closure}(Object(CodeIgniter\Router\RouteCollection))
 4 APPPATH\Config\Routes.php(89): CodeIgniter\Router\RouteCollection->group('sekretariat', [...], Object(Closure))
 5 SYSTEMPATH\Router\RouteCollection.php(339): require('C:\\Users\\lenovo\\Downloads\\Projectmagang_antigravity\\app\\Config\\Routes.php')
 6 SYSTEMPATH\CodeIgniter.php(841): CodeIgniter\Router\RouteCollection->loadRoutes()
 7 SYSTEMPATH\CodeIgniter.php(464): CodeIgniter\CodeIgniter->tryToRouteIt(null)
 8 SYSTEMPATH\CodeIgniter.php(363): CodeIgniter\CodeIgniter->handleRequest(null, Object(Config\Cache), false)
 9 SYSTEMPATH\Boot.php(417): CodeIgniter\CodeIgniter->run()
10 SYSTEMPATH\Boot.php(68): CodeIgniter\Boot::runCodeIgniter(Object(CodeIgniter\CodeIgniter))
11 FCPATH\index.php(59): CodeIgniter\Boot::bootWeb(Object(Config\Paths))
12 SYSTEMPATH\rewrite.php(44): require_once('C:\\Users\\lenovo\\Downloads\\Projectmagang_antigravity\\public\\index.php')
WARNING - 2026-08-04 00:00:13 --> [DEPRECATED] Passing lowercase HTTP method "post" is deprecated. Use uppercase HTTP method like "POST". in SYSTEMPATH\Router\RouteCollection.php on line 1026.
 1 SYSTEMPATH\Router\RouteCollection.php(1026): trigger_error('Passing lowercase HTTP method "post" is deprecated. Use uppercase HTTP method like "POST".', 16384)
 2 APPPATH\Config\Routes.php(144): CodeIgniter\Router\RouteCollection->match([...], 'upload-surat-penerimaan', '\\App\\Controllers\\Sekretariat\\C_UploadSuratPenerimaan::index')
 3 SYSTEMPATH\Router\RouteCollection.php(799): CodeIgniter\Router\RouteCollection::{closure}(Object(CodeIgniter\Router\RouteCollection))
 4 APPPATH\Config\Routes.php(89): CodeIgniter\Router\RouteCollection->group('sekretariat', [...], Object(Closure))
 5 SYSTEMPATH\Router\RouteCollection.php(339): require('C:\\Users\\lenovo\\Downloads\\Projectmagang_antigravity\\app\\Config\\Routes.php')
 6 SYSTEMPATH\CodeIgniter.php(841): CodeIgniter\Router\RouteCollection->loadRoutes()
 7 SYSTEMPATH\CodeIgniter.php(464): CodeIgniter\CodeIgniter->tryToRouteIt(null)
 8 SYSTEMPATH\CodeIgniter.php(363): CodeIgniter\CodeIgniter->handleRequest(null, Object(Config\Cache), false)
 9 SYSTEMPATH\Boot.php(417): CodeIgniter\CodeIgniter->run()
10 SYSTEMPATH\Boot.php(68): CodeIgniter\Boot::runCodeIgniter(Object(CodeIgniter\CodeIgniter))
11 FCPATH\index.php(59): CodeIgniter\Boot::bootWeb(Object(Config\Paths))
12 SYSTEMPATH\rewrite.php(44): require_once('C:\\Users\\lenovo\\Downloads\\Projectmagang_antigravity\\public\\index.php')
WARNING - 2026-08-04 00:00:13 --> [DEPRECATED] Passing lowercase HTTP method "get" is deprecated. Use uppercase HTTP method like "GET". in SYSTEMPATH\Router\RouteCollection.php on line 1026.
 1 SYSTEMPATH\Router\RouteCollection.php(1026): trigger_error('Passing lowercase HTTP method "get" is deprecated. Use uppercase HTTP method like "GET".', 16384)
 2 APPPATH\Config\Routes.php(165): CodeIgniter\Router\RouteCollection->match([...], 'logbook', '\\App\\Controllers\\Kabid\\C_LogbookKabid::index')
 3 SYSTEMPATH\Router\RouteCollection.php(799): CodeIgniter\Router\RouteCollection::{closure}(Object(CodeIgniter\Router\RouteCollection))
 4 APPPATH\Config\Routes.php(153): CodeIgniter\Router\RouteCollection->group('kabid', [...], Object(Closure))
 5 SYSTEMPATH\Router\RouteCollection.php(339): require('C:\\Users\\lenovo\\Downloads\\Projectmagang_antigravity\\app\\Config\\Routes.php')
 6 SYSTEMPATH\CodeIgniter.php(841): CodeIgniter\Router\RouteCollection->loadRoutes()
 7 SYSTEMPATH\CodeIgniter.php(464): CodeIgniter\CodeIgniter->tryToRouteIt(null)
 8 SYSTEMPATH\CodeIgniter.php(363): CodeIgniter\CodeIgniter->handleRequest(null, Object(Config\Cache), false)
 9 SYSTEMPATH\Boot.php(417): CodeIgniter\CodeIgniter->run()
10 SYSTEMPATH\Boot.php(68): CodeIgniter\Boot::runCodeIgniter(Object(CodeIgniter\CodeIgniter))
11 FCPATH\index.php(59): CodeIgniter\Boot::bootWeb(Object(Config\Paths))
12 SYSTEMPATH\rewrite.php(44): require_once('C:\\Users\\lenovo\\Downloads\\Projectmagang_antigravity\\public\\index.php')
WARNING - 2026-08-04 00:00:13 --> [DEPRECATED] Passing lowercase HTTP method "post" is deprecated. Use uppercase HTTP method like "POST". in SYSTEMPATH\Router\RouteCollection.php on line 1026.
 1 SYSTEMPATH\Router\RouteCollection.php(1026): trigger_error('Passing lowercase HTTP method "post" is deprecated. Use uppercase HTTP method like "POST".', 16384)
 2 APPPATH\Config\Routes.php(165): CodeIgniter\Router\RouteCollection->match([...], 'logbook', '\\App\\Controllers\\Kabid\\C_LogbookKabid::index')
 3 SYSTEMPATH\Router\RouteCollection.php(799): CodeIgniter\Router\RouteCollection::{closure}(Object(CodeIgniter\Router\RouteCollection))
 4 APPPATH\Config\Routes.php(153): CodeIgniter\Router\RouteCollection->group('kabid', [...], Object(Closure))
 5 SYSTEMPATH\Router\RouteCollection.php(339): require('C:\\Users\\lenovo\\Downloads\\Projectmagang_antigravity\\app\\Config\\Routes.php')
 6 SYSTEMPATH\CodeIgniter.php(841): CodeIgniter\Router\RouteCollection->loadRoutes()
 7 SYSTEMPATH\CodeIgniter.php(464): CodeIgniter\CodeIgniter->tryToRouteIt(null)
 8 SYSTEMPATH\CodeIgniter.php(363): CodeIgniter\CodeIgniter->handleRequest(null, Object(Config\Cache), false)
 9 SYSTEMPATH\Boot.php(417): CodeIgniter\CodeIgniter->run()
10 SYSTEMPATH\Boot.php(68): CodeIgniter\Boot::runCodeIgniter(Object(CodeIgniter\CodeIgniter))
11 FCPATH\index.php(59): CodeIgniter\Boot::bootWeb(Object(Config\Paths))
12 SYSTEMPATH\rewrite.php(44): require_once('C:\\Users\\lenovo\\Downloads\\Projectmagang_antigravity\\public\\index.php')
WARNING - 2026-08-04 00:00:13 --> [DEPRECATED] Passing lowercase HTTP method "get" is deprecated. Use uppercase HTTP method like "GET". in SYSTEMPATH\Router\RouteCollection.php on line 1026.
 1 SYSTEMPATH\Router\RouteCollection.php(1026): trigger_error('Passing lowercase HTTP method "get" is deprecated. Use uppercase HTTP method like "GET".', 16384)
 2 APPPATH\Config\Routes.php(177): CodeIgniter\Router\RouteCollection->match([...], 'upload-dokumen', '\\App\\Controllers\\Kabid\\C_UploadDokumen::index')
 3 SYSTEMPATH\Router\RouteCollection.php(799): CodeIgniter\Router\RouteCollection::{closure}(Object(CodeIgniter\Router\RouteCollection))
 4 APPPATH\Config\Routes.php(153): CodeIgniter\Router\RouteCollection->group('kabid', [...], Object(Closure))
 5 SYSTEMPATH\Router\RouteCollection.php(339): require('C:\\Users\\lenovo\\Downloads\\Projectmagang_antigravity\\app\\Config\\Routes.php')
 6 SYSTEMPATH\CodeIgniter.php(841): CodeIgniter\Router\RouteCollection->loadRoutes()
 7 SYSTEMPATH\CodeIgniter.php(464): CodeIgniter\CodeIgniter->tryToRouteIt(null)
 8 SYSTEMPATH\CodeIgniter.php(363): CodeIgniter\CodeIgniter->handleRequest(null, Object(Config\Cache), false)
 9 SYSTEMPATH\Boot.php(417): CodeIgniter\CodeIgniter->run()
10 SYSTEMPATH\Boot.php(68): CodeIgniter\Boot::runCodeIgniter(Object(CodeIgniter\CodeIgniter))
11 FCPATH\index.php(59): CodeIgniter\Boot::bootWeb(Object(Config\Paths))
12 SYSTEMPATH\rewrite.php(44): require_once('C:\\Users\\lenovo\\Downloads\\Projectmagang_antigravity\\public\\index.php')
WARNING - 2026-08-04 00:00:13 --> [DEPRECATED] Passing lowercase HTTP method "post" is deprecated. Use uppercase HTTP method like "POST". in SYSTEMPATH\Router\RouteCollection.php on line 1026.
 1 SYSTEMPATH\Router\RouteCollection.php(1026): trigger_error('Passing lowercase HTTP method "post" is deprecated. Use uppercase HTTP method like "POST".', 16384)
 2 APPPATH\Config\Routes.php(177): CodeIgniter\Router\RouteCollection->match([...], 'upload-dokumen', '\\App\\Controllers\\Kabid\\C_UploadDokumen::index')
 3 SYSTEMPATH\Router\RouteCollection.php(799): CodeIgniter\Router\RouteCollection::{closure}(Object(CodeIgniter\Router\RouteCollection))
 4 APPPATH\Config\Routes.php(153): CodeIgniter\Router\RouteCollection->group('kabid', [...], Object(Closure))
 5 SYSTEMPATH\Router\RouteCollection.php(339): require('C:\\Users\\lenovo\\Downloads\\Projectmagang_antigravity\\app\\Config\\Routes.php')
 6 SYSTEMPATH\CodeIgniter.php(841): CodeIgniter\Router\RouteCollection->loadRoutes()
 7 SYSTEMPATH\CodeIgniter.php(464): CodeIgniter\CodeIgniter->tryToRouteIt(null)
 8 SYSTEMPATH\CodeIgniter.php(363): CodeIgniter\CodeIgniter->handleRequest(null, Object(Config\Cache), false)
 9 SYSTEMPATH\Boot.php(417): CodeIgniter\CodeIgniter->run()
10 SYSTEMPATH\Boot.php(68): CodeIgniter\Boot::runCodeIgniter(Object(CodeIgniter\CodeIgniter))
11 FCPATH\index.php(59): CodeIgniter\Boot::bootWeb(Object(Config\Paths))
12 SYSTEMPATH\rewrite.php(44): require_once('C:\\Users\\lenovo\\Downloads\\Projectmagang_antigravity\\public\\index.php')
DEBUG - 2026-08-04 00:00:13 --> Session: Class initialized using 'CodeIgniter\Session\Handlers\FileHandler' driver.
WARNING - 2026-08-04 00:00:13 --> [DEPRECATED] Passing lowercase HTTP method "get" is deprecated. Use uppercase HTTP method like "GET". in SYSTEMPATH\Router\RouteCollection.php on line 1026.
 1 SYSTEMPATH\Router\RouteCollection.php(1026): trigger_error('Passing lowercase HTTP method "get" is deprecated. Use uppercase HTTP method like "GET".', 16384)
 2 APPPATH\Config\Routes.php(77): CodeIgniter\Router\RouteCollection->match([...], 'logbook', 'C_Logbook::logbook')
 3 SYSTEMPATH\Router\RouteCollection.php(799): CodeIgniter\Router\RouteCollection::{closure}(Object(CodeIgniter\Router\RouteCollection))
 4 APPPATH\Config\Routes.php(59): CodeIgniter\Router\RouteCollection->group('mahasiswa', [...], Object(Closure))
 5 SYSTEMPATH\Router\RouteCollection.php(339): require('C:\\Users\\lenovo\\Downloads\\Projectmagang_antigravity\\app\\Config\\Routes.php')
 6 SYSTEMPATH\CodeIgniter.php(841): CodeIgniter\Router\RouteCollection->loadRoutes()
 7 SYSTEMPATH\CodeIgniter.php(464): CodeIgniter\CodeIgniter->tryToRouteIt(null)
 8 SYSTEMPATH\CodeIgniter.php(363): CodeIgniter\CodeIgniter->handleRequest(null, Object(Config\Cache), false)
 9 SYSTEMPATH\Boot.php(417): CodeIgniter\CodeIgniter->run()
10 SYSTEMPATH\Boot.php(68): CodeIgniter\Boot::runCodeIgniter(Object(CodeIgniter\CodeIgniter))
11 FCPATH\index.php(59): CodeIgniter\Boot::bootWeb(Object(Config\Paths))
12 SYSTEMPATH\rewrite.php(44): require_once('C:\\Users\\lenovo\\Downloads\\Projectmagang_antigravity\\public\\index.php')
WARNING - 2026-08-04 00:00:13 --> [DEPRECATED] Passing lowercase HTTP method "post" is deprecated. Use uppercase HTTP method like "POST". in SYSTEMPATH\Router\RouteCollection.php on line 1026.
 1 SYSTEMPATH\Router\RouteCollection.php(1026): trigger_error('Passing lowercase HTTP method "post" is deprecated. Use uppercase HTTP method like "POST".', 16384)
 2 APPPATH\Config\Routes.php(77): CodeIgniter\Router\RouteCollection->match([...], 'logbook', 'C_Logbook::logbook')
 3 SYSTEMPATH\Router\RouteCollection.php(799): CodeIgniter\Router\RouteCollection::{closure}(Object(CodeIgniter\Router\RouteCollection))
 4 APPPATH\Config\Routes.php(59): CodeIgniter\Router\RouteCollection->group('mahasiswa', [...], Object(Closure))
 5 SYSTEMPATH\Router\RouteCollection.php(339): require('C:\\Users\\lenovo\\Downloads\\Projectmagang_antigravity\\app\\Config\\Routes.php')
 6 SYSTEMPATH\CodeIgniter.php(841): CodeIgniter\Router\RouteCollection->loadRoutes()
 7 SYSTEMPATH\CodeIgniter.php(464): CodeIgniter\CodeIgniter->tryToRouteIt(null)
 8 SYSTEMPATH\CodeIgniter.php(363): CodeIgniter\CodeIgniter->handleRequest(null, Object(Config\Cache), false)
 9 SYSTEMPATH\Boot.php(417): CodeIgniter\CodeIgniter->run()
10 SYSTEMPATH\Boot.php(68): CodeIgniter\Boot::runCodeIgniter(Object(CodeIgniter\CodeIgniter))
11 FCPATH\index.php(59): CodeIgniter\Boot::bootWeb(Object(Config\Paths))
12 SYSTEMPATH\rewrite.php(44): require_once('C:\\Users\\lenovo\\Downloads\\Projectmagang_antigravity\\public\\index.php')
WARNING - 2026-08-04 00:00:13 --> [DEPRECATED] Passing lowercase HTTP method "get" is deprecated. Use uppercase HTTP method like "GET". in SYSTEMPATH\Router\RouteCollection.php on line 1026.
 1 SYSTEMPATH\Router\RouteCollection.php(1026): trigger_error('Passing lowercase HTTP method "get" is deprecated. Use uppercase HTTP method like "GET".', 16384)
 2 APPPATH\Config\Routes.php(95): CodeIgniter\Router\RouteCollection->match([...], 'verifikasi', '\\App\\Controllers\\Sekretariat\\C_Verifikasi::index')
 3 SYSTEMPATH\Router\RouteCollection.php(799): CodeIgniter\Router\RouteCollection::{closure}(Object(CodeIgniter\Router\RouteCollection))
 4 APPPATH\Config\Routes.php(89): CodeIgniter\Router\RouteCollection->group('sekretariat', [...], Object(Closure))
 5 SYSTEMPATH\Router\RouteCollection.php(339): require('C:\\Users\\lenovo\\Downloads\\Projectmagang_antigravity\\app\\Config\\Routes.php')
 6 SYSTEMPATH\CodeIgniter.php(841): CodeIgniter\Router\RouteCollection->loadRoutes()
 7 SYSTEMPATH\CodeIgniter.php(464): CodeIgniter\CodeIgniter->tryToRouteIt(null)
 8 SYSTEMPATH\CodeIgniter.php(363): CodeIgniter\CodeIgniter->handleRequest(null, Object(Config\Cache), false)
 9 SYSTEMPATH\Boot.php(417): CodeIgniter\CodeIgniter->run()
10 SYSTEMPATH\Boot.php(68): CodeIgniter\Boot::runCodeIgniter(Object(CodeIgniter\CodeIgniter))
11 FCPATH\index.php(59): CodeIgniter\Boot::bootWeb(Object(Config\Paths))
12 SYSTEMPATH\rewrite.php(44): require_once('C:\\Users\\lenovo\\Downloads\\Projectmagang_antigravity\\public\\index.php')
WARNING - 2026-08-04 00:00:13 --> [DEPRECATED] Passing lowercase HTTP method "post" is deprecated. Use uppercase HTTP method like "POST". in SYSTEMPATH\Router\RouteCollection.php on line 1026.
 1 SYSTEMPATH\Router\RouteCollection.php(1026): trigger_error('Passing lowercase HTTP method "post" is deprecated. Use uppercase HTTP method like "POST".', 16384)
 2 APPPATH\Config\Routes.php(95): CodeIgniter\Router\RouteCollection->match([...], 'verifikasi', '\\App\\Controllers\\Sekretariat\\C_Verifikasi::index')
 3 SYSTEMPATH\Router\RouteCollection.php(799): CodeIgniter\Router\RouteCollection::{closure}(Object(CodeIgniter\Router\RouteCollection))
 4 APPPATH\Config\Routes.php(89): CodeIgniter\Router\RouteCollection->group('sekretariat', [...], Object(Closure))
 5 SYSTEMPATH\Router\RouteCollection.php(339): require('C:\\Users\\lenovo\\Downloads\\Projectmagang_antigravity\\app\\Config\\Routes.php')
 6 SYSTEMPATH\CodeIgniter.php(841): CodeIgniter\Router\RouteCollection->loadRoutes()
 7 SYSTEMPATH\CodeIgniter.php(464): CodeIgniter\CodeIgniter->tryToRouteIt(null)
 8 SYSTEMPATH\CodeIgniter.php(363): CodeIgniter\CodeIgniter->handleRequest(null, Object(Config\Cache), false)
 9 SYSTEMPATH\Boot.php(417): CodeIgniter\CodeIgniter->run()
10 SYSTEMPATH\Boot.php(68): CodeIgniter\Boot::runCodeIgniter(Object(CodeIgniter\CodeIgniter))
11 FCPATH\index.php(59): CodeIgniter\Boot::bootWeb(Object(Config\Paths))
12 SYSTEMPATH\rewrite.php(44): require_once('C:\\Users\\lenovo\\Downloads\\Projectmagang_antigravity\\public\\index.php')
WARNING - 2026-08-04 00:00:13 --> [DEPRECATED] Passing lowercase HTTP method "get" is deprecated. Use uppercase HTTP method like "GET". in SYSTEMPATH\Router\RouteCollection.php on line 1026.
 1 SYSTEMPATH\Router\RouteCollection.php(1026): trigger_error('Passing lowercase HTTP method "get" is deprecated. Use uppercase HTTP method like "GET".', 16384)
 2 APPPATH\Config\Routes.php(144): CodeIgniter\Router\RouteCollection->match([...], 'upload-surat-penerimaan', '\\App\\Controllers\\Sekretariat\\C_UploadSuratPenerimaan::index')
 3 SYSTEMPATH\Router\RouteCollection.php(799): CodeIgniter\Router\RouteCollection::{closure}(Object(CodeIgniter\Router\RouteCollection))
 4 APPPATH\Config\Routes.php(89): CodeIgniter\Router\RouteCollection->group('sekretariat', [...], Object(Closure))
 5 SYSTEMPATH\Router\RouteCollection.php(339): require('C:\\Users\\lenovo\\Downloads\\Projectmagang_antigravity\\app\\Config\\Routes.php')
 6 SYSTEMPATH\CodeIgniter.php(841): CodeIgniter\Router\RouteCollection->loadRoutes()
 7 SYSTEMPATH\CodeIgniter.php(464): CodeIgniter\CodeIgniter->tryToRouteIt(null)
 8 SYSTEMPATH\CodeIgniter.php(363): CodeIgniter\CodeIgniter->handleRequest(null, Object(Config\Cache), false)
 9 SYSTEMPATH\Boot.php(417): CodeIgniter\CodeIgniter->run()
10 SYSTEMPATH\Boot.php(68): CodeIgniter\Boot::runCodeIgniter(Object(CodeIgniter\CodeIgniter))
11 FCPATH\index.php(59): CodeIgniter\Boot::bootWeb(Object(Config\Paths))
12 SYSTEMPATH\rewrite.php(44): require_once('C:\\Users\\lenovo\\Downloads\\Projectmagang_antigravity\\public\\index.php')
WARNING - 2026-08-04 00:00:13 --> [DEPRECATED] Passing lowercase HTTP method "post" is deprecated. Use uppercase HTTP method like "POST". in SYSTEMPATH\Router\RouteCollection.php on line 1026.
 1 SYSTEMPATH\Router\RouteCollection.php(1026): trigger_error('Passing lowercase HTTP method "post" is deprecated. Use uppercase HTTP method like "POST".', 16384)
 2 APPPATH\Config\Routes.php(144): CodeIgniter\Router\RouteCollection->match([...], 'upload-surat-penerimaan', '\\App\\Controllers\\Sekretariat\\C_UploadSuratPenerimaan::index')
 3 SYSTEMPATH\Router\RouteCollection.php(799): CodeIgniter\Router\RouteCollection::{closure}(Object(CodeIgniter\Router\RouteCollection))
 4 APPPATH\Config\Routes.php(89): CodeIgniter\Router\RouteCollection->group('sekretariat', [...], Object(Closure))
 5 SYSTEMPATH\Router\RouteCollection.php(339): require('C:\\Users\\lenovo\\Downloads\\Projectmagang_antigravity\\app\\Config\\Routes.php')
 6 SYSTEMPATH\CodeIgniter.php(841): CodeIgniter\Router\RouteCollection->loadRoutes()
 7 SYSTEMPATH\CodeIgniter.php(464): CodeIgniter\CodeIgniter->tryToRouteIt(null)
 8 SYSTEMPATH\CodeIgniter.php(363): CodeIgniter\CodeIgniter->handleRequest(null, Object(Config\Cache), false)
 9 SYSTEMPATH\Boot.php(417): CodeIgniter\CodeIgniter->run()
10 SYSTEMPATH\Boot.php(68): CodeIgniter\Boot::runCodeIgniter(Object(CodeIgniter\CodeIgniter))
11 FCPATH\index.php(59): CodeIgniter\Boot::bootWeb(Object(Config\Paths))
12 SYSTEMPATH\rewrite.php(44): require_once('C:\\Users\\lenovo\\Downloads\\Projectmagang_antigravity\\public\\index.php')
WARNING - 2026-08-04 00:00:13 --> [DEPRECATED] Passing lowercase HTTP method "get" is deprecated. Use uppercase HTTP method like "GET". in SYSTEMPATH\Router\RouteCollection.php on line 1026.
 1 SYSTEMPATH\Router\RouteCollection.php(1026): trigger_error('Passing lowercase HTTP method "get" is deprecated. Use uppercase HTTP method like "GET".', 16384)
 2 APPPATH\Config\Routes.php(165): CodeIgniter\Router\RouteCollection->match([...], 'logbook', '\\App\\Controllers\\Kabid\\C_LogbookKabid::index')
 3 SYSTEMPATH\Router\RouteCollection.php(799): CodeIgniter\Router\RouteCollection::{closure}(Object(CodeIgniter\Router\RouteCollection))
 4 APPPATH\Config\Routes.php(153): CodeIgniter\Router\RouteCollection->group('kabid', [...], Object(Closure))
 5 SYSTEMPATH\Router\RouteCollection.php(339): require('C:\\Users\\lenovo\\Downloads\\Projectmagang_antigravity\\app\\Config\\Routes.php')
 6 SYSTEMPATH\CodeIgniter.php(841): CodeIgniter\Router\RouteCollection->loadRoutes()
 7 SYSTEMPATH\CodeIgniter.php(464): CodeIgniter\CodeIgniter->tryToRouteIt(null)
 8 SYSTEMPATH\CodeIgniter.php(363): CodeIgniter\CodeIgniter->handleRequest(null, Object(Config\Cache), false)
 9 SYSTEMPATH\Boot.php(417): CodeIgniter\CodeIgniter->run()
10 SYSTEMPATH\Boot.php(68): CodeIgniter\Boot::runCodeIgniter(Object(CodeIgniter\CodeIgniter))
11 FCPATH\index.php(59): CodeIgniter\Boot::bootWeb(Object(Config\Paths))
12 SYSTEMPATH\rewrite.php(44): require_once('C:\\Users\\lenovo\\Downloads\\Projectmagang_antigravity\\public\\index.php')
WARNING - 2026-08-04 00:00:13 --> [DEPRECATED] Passing lowercase HTTP method "post" is deprecated. Use uppercase HTTP method like "POST". in SYSTEMPATH\Router\RouteCollection.php on line 1026.
 1 SYSTEMPATH\Router\RouteCollection.php(1026): trigger_error('Passing lowercase HTTP method "post" is deprecated. Use uppercase HTTP method like "POST".', 16384)
 2 APPPATH\Config\Routes.php(165): CodeIgniter\Router\RouteCollection->match([...], 'logbook', '\\App\\Controllers\\Kabid\\C_LogbookKabid::index')
 3 SYSTEMPATH\Router\RouteCollection.php(799): CodeIgniter\Router\RouteCollection::{closure}(Object(CodeIgniter\Router\RouteCollection))
 4 APPPATH\Config\Routes.php(153): CodeIgniter\Router\RouteCollection->group('kabid', [...], Object(Closure))
 5 SYSTEMPATH\Router\RouteCollection.php(339): require('C:\\Users\\lenovo\\Downloads\\Projectmagang_antigravity\\app\\Config\\Routes.php')
 6 SYSTEMPATH\CodeIgniter.php(841): CodeIgniter\Router\RouteCollection->loadRoutes()
 7 SYSTEMPATH\CodeIgniter.php(464): CodeIgniter\CodeIgniter->tryToRouteIt(null)
 8 SYSTEMPATH\CodeIgniter.php(363): CodeIgniter\CodeIgniter->handleRequest(null, Object(Config\Cache), false)
 9 SYSTEMPATH\Boot.php(417): CodeIgniter\CodeIgniter->run()
10 SYSTEMPATH\Boot.php(68): CodeIgniter\Boot::runCodeIgniter(Object(CodeIgniter\CodeIgniter))
11 FCPATH\index.php(59): CodeIgniter\Boot::bootWeb(Object(Config\Paths))
12 SYSTEMPATH\rewrite.php(44): require_once('C:\\Users\\lenovo\\Downloads\\Projectmagang_antigravity\\public\\index.php')
WARNING - 2026-08-04 00:00:13 --> [DEPRECATED] Passing lowercase HTTP method "get" is deprecated. Use uppercase HTTP method like "GET". in SYSTEMPATH\Router\RouteCollection.php on line 1026.
 1 SYSTEMPATH\Router\RouteCollection.php(1026): trigger_error('Passing lowercase HTTP method "get" is deprecated. Use uppercase HTTP method like "GET".', 16384)
 2 APPPATH\Config\Routes.php(177): CodeIgniter\Router\RouteCollection->match([...], 'upload-dokumen', '\\App\\Controllers\\Kabid\\C_UploadDokumen::index')
 3 SYSTEMPATH\Router\RouteCollection.php(799): CodeIgniter\Router\RouteCollection::{closure}(Object(CodeIgniter\Router\RouteCollection))
 4 APPPATH\Config\Routes.php(153): CodeIgniter\Router\RouteCollection->group('kabid', [...], Object(Closure))
 5 SYSTEMPATH\Router\RouteCollection.php(339): require('C:\\Users\\lenovo\\Downloads\\Projectmagang_antigravity\\app\\Config\\Routes.php')
 6 SYSTEMPATH\CodeIgniter.php(841): CodeIgniter\Router\RouteCollection->loadRoutes()
 7 SYSTEMPATH\CodeIgniter.php(464): CodeIgniter\CodeIgniter->tryToRouteIt(null)
 8 SYSTEMPATH\CodeIgniter.php(363): CodeIgniter\CodeIgniter->handleRequest(null, Object(Config\Cache), false)
 9 SYSTEMPATH\Boot.php(417): CodeIgniter\CodeIgniter->run()
10 SYSTEMPATH\Boot.php(68): CodeIgniter\Boot::runCodeIgniter(Object(CodeIgniter\CodeIgniter))
11 FCPATH\index.php(59): CodeIgniter\Boot::bootWeb(Object(Config\Paths))
12 SYSTEMPATH\rewrite.php(44): require_once('C:\\Users\\lenovo\\Downloads\\Projectmagang_antigravity\\public\\index.php')
WARNING - 2026-08-04 00:00:13 --> [DEPRECATED] Passing lowercase HTTP method "post" is deprecated. Use uppercase HTTP method like "POST". in SYSTEMPATH\Router\RouteCollection.php on line 1026.
 1 SYSTEMPATH\Router\RouteCollection.php(1026): trigger_error('Passing lowercase HTTP method "post" is deprecated. Use uppercase HTTP method like "POST".', 16384)
 2 APPPATH\Config\Routes.php(177): CodeIgniter\Router\RouteCollection->match([...], 'upload-dokumen', '\\App\\Controllers\\Kabid\\C_UploadDokumen::index')
 3 SYSTEMPATH\Router\RouteCollection.php(799): CodeIgniter\Router\RouteCollection::{closure}(Object(CodeIgniter\Router\RouteCollection))
 4 APPPATH\Config\Routes.php(153): CodeIgniter\Router\RouteCollection->group('kabid', [...], Object(Closure))
 5 SYSTEMPATH\Router\RouteCollection.php(339): require('C:\\Users\\lenovo\\Downloads\\Projectmagang_antigravity\\app\\Config\\Routes.php')
 6 SYSTEMPATH\CodeIgniter.php(841): CodeIgniter\Router\RouteCollection->loadRoutes()
 7 SYSTEMPATH\CodeIgniter.php(464): CodeIgniter\CodeIgniter->tryToRouteIt(null)
 8 SYSTEMPATH\CodeIgniter.php(363): CodeIgniter\CodeIgniter->handleRequest(null, Object(Config\Cache), false)
 9 SYSTEMPATH\Boot.php(417): CodeIgniter\CodeIgniter->run()
10 SYSTEMPATH\Boot.php(68): CodeIgniter\Boot::runCodeIgniter(Object(CodeIgniter\CodeIgniter))
11 FCPATH\index.php(59): CodeIgniter\Boot::bootWeb(Object(Config\Paths))
12 SYSTEMPATH\rewrite.php(44): require_once('C:\\Users\\lenovo\\Downloads\\Projectmagang_antigravity\\public\\index.php')
WARNING - 2026-08-04 09:02:28 --> [DEPRECATED] Passing lowercase HTTP method "get" is deprecated. Use uppercase HTTP method like "GET". in SYSTEMPATH\Router\RouteCollection.php on line 1026.
 1 SYSTEMPATH\Router\RouteCollection.php(1026): trigger_error('Passing lowercase HTTP method "get" is deprecated. Use uppercase HTTP method like "GET".', 16384)
 2 APPPATH\Config\Routes.php(77): CodeIgniter\Router\RouteCollection->match([...], 'logbook', 'C_Logbook::logbook')
 3 SYSTEMPATH\Router\RouteCollection.php(799): CodeIgniter\Router\RouteCollection::{closure:C:\Users\ASUS\Downloads\Projectmagang_dr\Projectmagang_dr\app\Config\Routes.php:59}(Object(CodeIgniter\Router\RouteCollection))
 4 APPPATH\Config\Routes.php(59): CodeIgniter\Router\RouteCollection->group('mahasiswa', [...], Object(Closure))
 5 SYSTEMPATH\Router\RouteCollection.php(339): require('C:\\Users\\ASUS\\Downloads\\Projectmagang_dr\\Projectmagang_dr\\app\\Config\\Routes.php')
 6 SYSTEMPATH\CLI\Console.php(41): CodeIgniter\Router\RouteCollection->loadRoutes()
 7 SYSTEMPATH\Boot.php(442): CodeIgniter\CLI\Console->run()
 8 SYSTEMPATH\Boot.php(166): CodeIgniter\Boot::runCommand(Object(CodeIgniter\CLI\Console))
 9 ROOTPATH\spark(87): CodeIgniter\Boot::bootSpark(Object(Config\Paths))
WARNING - 2026-08-04 09:02:28 --> [DEPRECATED] Passing lowercase HTTP method "post" is deprecated. Use uppercase HTTP method like "POST". in SYSTEMPATH\Router\RouteCollection.php on line 1026.
 1 SYSTEMPATH\Router\RouteCollection.php(1026): trigger_error('Passing lowercase HTTP method "post" is deprecated. Use uppercase HTTP method like "POST".', 16384)
 2 APPPATH\Config\Routes.php(77): CodeIgniter\Router\RouteCollection->match([...], 'logbook', 'C_Logbook::logbook')
 3 SYSTEMPATH\Router\RouteCollection.php(799): CodeIgniter\Router\RouteCollection::{closure:C:\Users\ASUS\Downloads\Projectmagang_dr\Projectmagang_dr\app\Config\Routes.php:59}(Object(CodeIgniter\Router\RouteCollection))
 4 APPPATH\Config\Routes.php(59): CodeIgniter\Router\RouteCollection->group('mahasiswa', [...], Object(Closure))
 5 SYSTEMPATH\Router\RouteCollection.php(339): require('C:\\Users\\ASUS\\Downloads\\Projectmagang_dr\\Projectmagang_dr\\app\\Config\\Routes.php')
 6 SYSTEMPATH\CLI\Console.php(41): CodeIgniter\Router\RouteCollection->loadRoutes()
 7 SYSTEMPATH\Boot.php(442): CodeIgniter\CLI\Console->run()
 8 SYSTEMPATH\Boot.php(166): CodeIgniter\Boot::runCommand(Object(CodeIgniter\CLI\Console))
 9 ROOTPATH\spark(87): CodeIgniter\Boot::bootSpark(Object(Config\Paths))
WARNING - 2026-08-04 09:02:28 --> [DEPRECATED] Passing lowercase HTTP method "get" is deprecated. Use uppercase HTTP method like "GET". in SYSTEMPATH\Router\RouteCollection.php on line 1026.
 1 SYSTEMPATH\Router\RouteCollection.php(1026): trigger_error('Passing lowercase HTTP method "get" is deprecated. Use uppercase HTTP method like "GET".', 16384)
 2 APPPATH\Config\Routes.php(95): CodeIgniter\Router\RouteCollection->match([...], 'verifikasi', '\\App\\Controllers\\Sekretariat\\C_Verifikasi::index')
 3 SYSTEMPATH\Router\RouteCollection.php(799): CodeIgniter\Router\RouteCollection::{closure:C:\Users\ASUS\Downloads\Projectmagang_dr\Projectmagang_dr\app\Config\Routes.php:89}(Object(CodeIgniter\Router\RouteCollection))
 4 APPPATH\Config\Routes.php(89): CodeIgniter\Router\RouteCollection->group('sekretariat', [...], Object(Closure))
 5 SYSTEMPATH\Router\RouteCollection.php(339): require('C:\\Users\\ASUS\\Downloads\\Projectmagang_dr\\Projectmagang_dr\\app\\Config\\Routes.php')
 6 SYSTEMPATH\CLI\Console.php(41): CodeIgniter\Router\RouteCollection->loadRoutes()
 7 SYSTEMPATH\Boot.php(442): CodeIgniter\CLI\Console->run()
 8 SYSTEMPATH\Boot.php(166): CodeIgniter\Boot::runCommand(Object(CodeIgniter\CLI\Console))
 9 ROOTPATH\spark(87): CodeIgniter\Boot::bootSpark(Object(Config\Paths))
WARNING - 2026-08-04 09:02:28 --> [DEPRECATED] Passing lowercase HTTP method "post" is deprecated. Use uppercase HTTP method like "POST". in SYSTEMPATH\Router\RouteCollection.php on line 1026.
 1 SYSTEMPATH\Router\RouteCollection.php(1026): trigger_error('Passing lowercase HTTP method "post" is deprecated. Use uppercase HTTP method like "POST".', 16384)
 2 APPPATH\Config\Routes.php(95): CodeIgniter\Router\RouteCollection->match([...], 'verifikasi', '\\App\\Controllers\\Sekretariat\\C_Verifikasi::index')
 3 SYSTEMPATH\Router\RouteCollection.php(799): CodeIgniter\Router\RouteCollection::{closure:C:\Users\ASUS\Downloads\Projectmagang_dr\Projectmagang_dr\app\Config\Routes.php:89}(Object(CodeIgniter\Router\RouteCollection))
 4 APPPATH\Config\Routes.php(89): CodeIgniter\Router\RouteCollection->group('sekretariat', [...], Object(Closure))
 5 SYSTEMPATH\Router\RouteCollection.php(339): require('C:\\Users\\ASUS\\Downloads\\Projectmagang_dr\\Projectmagang_dr\\app\\Config\\Routes.php')
 6 SYSTEMPATH\CLI\Console.php(41): CodeIgniter\Router\RouteCollection->loadRoutes()
 7 SYSTEMPATH\Boot.php(442): CodeIgniter\CLI\Console->run()
 8 SYSTEMPATH\Boot.php(166): CodeIgniter\Boot::runCommand(Object(CodeIgniter\CLI\Console))
 9 ROOTPATH\spark(87): CodeIgniter\Boot::bootSpark(Object(Config\Paths))
WARNING - 2026-08-04 09:02:28 --> [DEPRECATED] Passing lowercase HTTP method "get" is deprecated. Use uppercase HTTP method like "GET". in SYSTEMPATH\Router\RouteCollection.php on line 1026.
 1 SYSTEMPATH\Router\RouteCollection.php(1026): trigger_error('Passing lowercase HTTP method "get" is deprecated. Use uppercase HTTP method like "GET".', 16384)
 2 APPPATH\Config\Routes.php(144): CodeIgniter\Router\RouteCollection->match([...], 'upload-surat-penerimaan', '\\App\\Controllers\\Sekretariat\\C_UploadSuratPenerimaan::index')
 3 SYSTEMPATH\Router\RouteCollection.php(799): CodeIgniter\Router\RouteCollection::{closure:C:\Users\ASUS\Downloads\Projectmagang_dr\Projectmagang_dr\app\Config\Routes.php:89}(Object(CodeIgniter\Router\RouteCollection))
 4 APPPATH\Config\Routes.php(89): CodeIgniter\Router\RouteCollection->group('sekretariat', [...], Object(Closure))
 5 SYSTEMPATH\Router\RouteCollection.php(339): require('C:\\Users\\ASUS\\Downloads\\Projectmagang_dr\\Projectmagang_dr\\app\\Config\\Routes.php')
 6 SYSTEMPATH\CLI\Console.php(41): CodeIgniter\Router\RouteCollection->loadRoutes()
 7 SYSTEMPATH\Boot.php(442): CodeIgniter\CLI\Console->run()
 8 SYSTEMPATH\Boot.php(166): CodeIgniter\Boot::runCommand(Object(CodeIgniter\CLI\Console))
 9 ROOTPATH\spark(87): CodeIgniter\Boot::bootSpark(Object(Config\Paths))
WARNING - 2026-08-04 09:02:28 --> [DEPRECATED] Passing lowercase HTTP method "post" is deprecated. Use uppercase HTTP method like "POST". in SYSTEMPATH\Router\RouteCollection.php on line 1026.
 1 SYSTEMPATH\Router\RouteCollection.php(1026): trigger_error('Passing lowercase HTTP method "post" is deprecated. Use uppercase HTTP method like "POST".', 16384)
 2 APPPATH\Config\Routes.php(144): CodeIgniter\Router\RouteCollection->match([...], 'upload-surat-penerimaan', '\\App\\Controllers\\Sekretariat\\C_UploadSuratPenerimaan::index')
 3 SYSTEMPATH\Router\RouteCollection.php(799): CodeIgniter\Router\RouteCollection::{closure:C:\Users\ASUS\Downloads\Projectmagang_dr\Projectmagang_dr\app\Config\Routes.php:89}(Object(CodeIgniter\Router\RouteCollection))
 4 APPPATH\Config\Routes.php(89): CodeIgniter\Router\RouteCollection->group('sekretariat', [...], Object(Closure))
 5 SYSTEMPATH\Router\RouteCollection.php(339): require('C:\\Users\\ASUS\\Downloads\\Projectmagang_dr\\Projectmagang_dr\\app\\Config\\Routes.php')
 6 SYSTEMPATH\CLI\Console.php(41): CodeIgniter\Router\RouteCollection->loadRoutes()
 7 SYSTEMPATH\Boot.php(442): CodeIgniter\CLI\Console->run()
 8 SYSTEMPATH\Boot.php(166): CodeIgniter\Boot::runCommand(Object(CodeIgniter\CLI\Console))
 9 ROOTPATH\spark(87): CodeIgniter\Boot::bootSpark(Object(Config\Paths))
WARNING - 2026-08-04 09:02:28 --> [DEPRECATED] Passing lowercase HTTP method "get" is deprecated. Use uppercase HTTP method like "GET". in SYSTEMPATH\Router\RouteCollection.php on line 1026.
 1 SYSTEMPATH\Router\RouteCollection.php(1026): trigger_error('Passing lowercase HTTP method "get" is deprecated. Use uppercase HTTP method like "GET".', 16384)
 2 APPPATH\Config\Routes.php(165): CodeIgniter\Router\RouteCollection->match([...], 'logbook', '\\App\\Controllers\\Kabid\\C_LogbookKabid::index')
 3 SYSTEMPATH\Router\RouteCollection.php(799): CodeIgniter\Router\RouteCollection::{closure:C:\Users\ASUS\Downloads\Projectmagang_dr\Projectmagang_dr\app\Config\Routes.php:153}(Object(CodeIgniter\Router\RouteCollection))
 4 APPPATH\Config\Routes.php(153): CodeIgniter\Router\RouteCollection->group('kabid', [...], Object(Closure))
 5 SYSTEMPATH\Router\RouteCollection.php(339): require('C:\\Users\\ASUS\\Downloads\\Projectmagang_dr\\Projectmagang_dr\\app\\Config\\Routes.php')
 6 SYSTEMPATH\CLI\Console.php(41): CodeIgniter\Router\RouteCollection->loadRoutes()
 7 SYSTEMPATH\Boot.php(442): CodeIgniter\CLI\Console->run()
 8 SYSTEMPATH\Boot.php(166): CodeIgniter\Boot::runCommand(Object(CodeIgniter\CLI\Console))
 9 ROOTPATH\spark(87): CodeIgniter\Boot::bootSpark(Object(Config\Paths))
WARNING - 2026-08-04 09:02:28 --> [DEPRECATED] Passing lowercase HTTP method "post" is deprecated. Use uppercase HTTP method like "POST". in SYSTEMPATH\Router\RouteCollection.php on line 1026.
 1 SYSTEMPATH\Router\RouteCollection.php(1026): trigger_error('Passing lowercase HTTP method "post" is deprecated. Use uppercase HTTP method like "POST".', 16384)
 2 APPPATH\Config\Routes.php(165): CodeIgniter\Router\RouteCollection->match([...], 'logbook', '\\App\\Controllers\\Kabid\\C_LogbookKabid::index')
 3 SYSTEMPATH\Router\RouteCollection.php(799): CodeIgniter\Router\RouteCollection::{closure:C:\Users\ASUS\Downloads\Projectmagang_dr\Projectmagang_dr\app\Config\Routes.php:153}(Object(CodeIgniter\Router\RouteCollection))
 4 APPPATH\Config\Routes.php(153): CodeIgniter\Router\RouteCollection->group('kabid', [...], Object(Closure))
 5 SYSTEMPATH\Router\RouteCollection.php(339): require('C:\\Users\\ASUS\\Downloads\\Projectmagang_dr\\Projectmagang_dr\\app\\Config\\Routes.php')
 6 SYSTEMPATH\CLI\Console.php(41): CodeIgniter\Router\RouteCollection->loadRoutes()
 7 SYSTEMPATH\Boot.php(442): CodeIgniter\CLI\Console->run()
 8 SYSTEMPATH\Boot.php(166): CodeIgniter\Boot::runCommand(Object(CodeIgniter\CLI\Console))
 9 ROOTPATH\spark(87): CodeIgniter\Boot::bootSpark(Object(Config\Paths))
WARNING - 2026-08-04 09:02:28 --> [DEPRECATED] Passing lowercase HTTP method "get" is deprecated. Use uppercase HTTP method like "GET". in SYSTEMPATH\Router\RouteCollection.php on line 1026.
 1 SYSTEMPATH\Router\RouteCollection.php(1026): trigger_error('Passing lowercase HTTP method "get" is deprecated. Use uppercase HTTP method like "GET".', 16384)
 2 APPPATH\Config\Routes.php(177): CodeIgniter\Router\RouteCollection->match([...], 'upload-dokumen', '\\App\\Controllers\\Kabid\\C_UploadDokumen::index')
 3 SYSTEMPATH\Router\RouteCollection.php(799): CodeIgniter\Router\RouteCollection::{closure:C:\Users\ASUS\Downloads\Projectmagang_dr\Projectmagang_dr\app\Config\Routes.php:153}(Object(CodeIgniter\Router\RouteCollection))
 4 APPPATH\Config\Routes.php(153): CodeIgniter\Router\RouteCollection->group('kabid', [...], Object(Closure))
 5 SYSTEMPATH\Router\RouteCollection.php(339): require('C:\\Users\\ASUS\\Downloads\\Projectmagang_dr\\Projectmagang_dr\\app\\Config\\Routes.php')
 6 SYSTEMPATH\CLI\Console.php(41): CodeIgniter\Router\RouteCollection->loadRoutes()
 7 SYSTEMPATH\Boot.php(442): CodeIgniter\CLI\Console->run()
 8 SYSTEMPATH\Boot.php(166): CodeIgniter\Boot::runCommand(Object(CodeIgniter\CLI\Console))
 9 ROOTPATH\spark(87): CodeIgniter\Boot::bootSpark(Object(Config\Paths))
WARNING - 2026-08-04 09:02:28 --> [DEPRECATED] Passing lowercase HTTP method "post" is deprecated. Use uppercase HTTP method like "POST". in SYSTEMPATH\Router\RouteCollection.php on line 1026.
 1 SYSTEMPATH\Router\RouteCollection.php(1026): trigger_error('Passing lowercase HTTP method "post" is deprecated. Use uppercase HTTP method like "POST".', 16384)
 2 APPPATH\Config\Routes.php(177): CodeIgniter\Router\RouteCollection->match([...], 'upload-dokumen', '\\App\\Controllers\\Kabid\\C_UploadDokumen::index')
 3 SYSTEMPATH\Router\RouteCollection.php(799): CodeIgniter\Router\RouteCollection::{closure:C:\Users\ASUS\Downloads\Projectmagang_dr\Projectmagang_dr\app\Config\Routes.php:153}(Object(CodeIgniter\Router\RouteCollection))
 4 APPPATH\Config\Routes.php(153): CodeIgniter\Router\RouteCollection->group('kabid', [...], Object(Closure))
 5 SYSTEMPATH\Router\RouteCollection.php(339): require('C:\\Users\\ASUS\\Downloads\\Projectmagang_dr\\Projectmagang_dr\\app\\Config\\Routes.php')
 6 SYSTEMPATH\CLI\Console.php(41): CodeIgniter\Router\RouteCollection->loadRoutes()
 7 SYSTEMPATH\Boot.php(442): CodeIgniter\CLI\Console->run()
 8 SYSTEMPATH\Boot.php(166): CodeIgniter\Boot::runCommand(Object(CodeIgniter\CLI\Console))
 9 ROOTPATH\spark(87): CodeIgniter\Boot::bootSpark(Object(Config\Paths))
WARNING - 2026-08-04 09:02:37 --> [DEPRECATED] Passing lowercase HTTP method "get" is deprecated. Use uppercase HTTP method like "GET". in SYSTEMPATH\Router\RouteCollection.php on line 1026.
 1 SYSTEMPATH\Router\RouteCollection.php(1026): trigger_error('Passing lowercase HTTP method "get" is deprecated. Use uppercase HTTP method like "GET".', 16384)
 2 APPPATH\Config\Routes.php(77): CodeIgniter\Router\RouteCollection->match([...], 'logbook', 'C_Logbook::logbook')
 3 SYSTEMPATH\Router\RouteCollection.php(799): CodeIgniter\Router\RouteCollection::{closure:C:\Users\ASUS\Downloads\Projectmagang_dr\Projectmagang_dr\app\Config\Routes.php:59}(Object(CodeIgniter\Router\RouteCollection))
 4 APPPATH\Config\Routes.php(59): CodeIgniter\Router\RouteCollection->group('mahasiswa', [...], Object(Closure))
 5 SYSTEMPATH\Router\RouteCollection.php(339): require('C:\\Users\\ASUS\\Downloads\\Projectmagang_dr\\Projectmagang_dr\\app\\Config\\Routes.php')
 6 SYSTEMPATH\CodeIgniter.php(841): CodeIgniter\Router\RouteCollection->loadRoutes()
 7 SYSTEMPATH\CodeIgniter.php(464): CodeIgniter\CodeIgniter->tryToRouteIt(null)
 8 SYSTEMPATH\CodeIgniter.php(363): CodeIgniter\CodeIgniter->handleRequest(null, Object(Config\Cache), false)
 9 SYSTEMPATH\Boot.php(417): CodeIgniter\CodeIgniter->run()
10 SYSTEMPATH\Boot.php(68): CodeIgniter\Boot::runCodeIgniter(Object(CodeIgniter\CodeIgniter))
11 FCPATH\index.php(59): CodeIgniter\Boot::bootWeb(Object(Config\Paths))
12 SYSTEMPATH\rewrite.php(44): require_once('C:\\Users\\ASUS\\Downloads\\Projectmagang_dr\\Projectmagang_dr\\public\\index.php')
WARNING - 2026-08-04 09:02:37 --> [DEPRECATED] Passing lowercase HTTP method "post" is deprecated. Use uppercase HTTP method like "POST". in SYSTEMPATH\Router\RouteCollection.php on line 1026.
 1 SYSTEMPATH\Router\RouteCollection.php(1026): trigger_error('Passing lowercase HTTP method "post" is deprecated. Use uppercase HTTP method like "POST".', 16384)
 2 APPPATH\Config\Routes.php(77): CodeIgniter\Router\RouteCollection->match([...], 'logbook', 'C_Logbook::logbook')
 3 SYSTEMPATH\Router\RouteCollection.php(799): CodeIgniter\Router\RouteCollection::{closure:C:\Users\ASUS\Downloads\Projectmagang_dr\Projectmagang_dr\app\Config\Routes.php:59}(Object(CodeIgniter\Router\RouteCollection))
 4 APPPATH\Config\Routes.php(59): CodeIgniter\Router\RouteCollection->group('mahasiswa', [...], Object(Closure))
 5 SYSTEMPATH\Router\RouteCollection.php(339): require('C:\\Users\\ASUS\\Downloads\\Projectmagang_dr\\Projectmagang_dr\\app\\Config\\Routes.php')
 6 SYSTEMPATH\CodeIgniter.php(841): CodeIgniter\Router\RouteCollection->loadRoutes()
 7 SYSTEMPATH\CodeIgniter.php(464): CodeIgniter\CodeIgniter->tryToRouteIt(null)
 8 SYSTEMPATH\CodeIgniter.php(363): CodeIgniter\CodeIgniter->handleRequest(null, Object(Config\Cache), false)
 9 SYSTEMPATH\Boot.php(417): CodeIgniter\CodeIgniter->run()
10 SYSTEMPATH\Boot.php(68): CodeIgniter\Boot::runCodeIgniter(Object(CodeIgniter\CodeIgniter))
11 FCPATH\index.php(59): CodeIgniter\Boot::bootWeb(Object(Config\Paths))
12 SYSTEMPATH\rewrite.php(44): require_once('C:\\Users\\ASUS\\Downloads\\Projectmagang_dr\\Projectmagang_dr\\public\\index.php')
WARNING - 2026-08-04 09:02:37 --> [DEPRECATED] Passing lowercase HTTP method "get" is deprecated. Use uppercase HTTP method like "GET". in SYSTEMPATH\Router\RouteCollection.php on line 1026.
 1 SYSTEMPATH\Router\RouteCollection.php(1026): trigger_error('Passing lowercase HTTP method "get" is deprecated. Use uppercase HTTP method like "GET".', 16384)
 2 APPPATH\Config\Routes.php(95): CodeIgniter\Router\RouteCollection->match([...], 'verifikasi', '\\App\\Controllers\\Sekretariat\\C_Verifikasi::index')
 3 SYSTEMPATH\Router\RouteCollection.php(799): CodeIgniter\Router\RouteCollection::{closure:C:\Users\ASUS\Downloads\Projectmagang_dr\Projectmagang_dr\app\Config\Routes.php:89}(Object(CodeIgniter\Router\RouteCollection))
 4 APPPATH\Config\Routes.php(89): CodeIgniter\Router\RouteCollection->group('sekretariat', [...], Object(Closure))
 5 SYSTEMPATH\Router\RouteCollection.php(339): require('C:\\Users\\ASUS\\Downloads\\Projectmagang_dr\\Projectmagang_dr\\app\\Config\\Routes.php')
 6 SYSTEMPATH\CodeIgniter.php(841): CodeIgniter\Router\RouteCollection->loadRoutes()
 7 SYSTEMPATH\CodeIgniter.php(464): CodeIgniter\CodeIgniter->tryToRouteIt(null)
 8 SYSTEMPATH\CodeIgniter.php(363): CodeIgniter\CodeIgniter->handleRequest(null, Object(Config\Cache), false)
 9 SYSTEMPATH\Boot.php(417): CodeIgniter\CodeIgniter->run()
10 SYSTEMPATH\Boot.php(68): CodeIgniter\Boot::runCodeIgniter(Object(CodeIgniter\CodeIgniter))
11 FCPATH\index.php(59): CodeIgniter\Boot::bootWeb(Object(Config\Paths))
12 SYSTEMPATH\rewrite.php(44): require_once('C:\\Users\\ASUS\\Downloads\\Projectmagang_dr\\Projectmagang_dr\\public\\index.php')
WARNING - 2026-08-04 09:02:37 --> [DEPRECATED] Passing lowercase HTTP method "post" is deprecated. Use uppercase HTTP method like "POST". in SYSTEMPATH\Router\RouteCollection.php on line 1026.
 1 SYSTEMPATH\Router\RouteCollection.php(1026): trigger_error('Passing lowercase HTTP method "post" is deprecated. Use uppercase HTTP method like "POST".', 16384)
 2 APPPATH\Config\Routes.php(95): CodeIgniter\Router\RouteCollection->match([...], 'verifikasi', '\\App\\Controllers\\Sekretariat\\C_Verifikasi::index')
 3 SYSTEMPATH\Router\RouteCollection.php(799): CodeIgniter\Router\RouteCollection::{closure:C:\Users\ASUS\Downloads\Projectmagang_dr\Projectmagang_dr\app\Config\Routes.php:89}(Object(CodeIgniter\Router\RouteCollection))
 4 APPPATH\Config\Routes.php(89): CodeIgniter\Router\RouteCollection->group('sekretariat', [...], Object(Closure))
 5 SYSTEMPATH\Router\RouteCollection.php(339): require('C:\\Users\\ASUS\\Downloads\\Projectmagang_dr\\Projectmagang_dr\\app\\Config\\Routes.php')
 6 SYSTEMPATH\CodeIgniter.php(841): CodeIgniter\Router\RouteCollection->loadRoutes()
 7 SYSTEMPATH\CodeIgniter.php(464): CodeIgniter\CodeIgniter->tryToRouteIt(null)
 8 SYSTEMPATH\CodeIgniter.php(363): CodeIgniter\CodeIgniter->handleRequest(null, Object(Config\Cache), false)
 9 SYSTEMPATH\Boot.php(417): CodeIgniter\CodeIgniter->run()
10 SYSTEMPATH\Boot.php(68): CodeIgniter\Boot::runCodeIgniter(Object(CodeIgniter\CodeIgniter))
11 FCPATH\index.php(59): CodeIgniter\Boot::bootWeb(Object(Config\Paths))
12 SYSTEMPATH\rewrite.php(44): require_once('C:\\Users\\ASUS\\Downloads\\Projectmagang_dr\\Projectmagang_dr\\public\\index.php')
WARNING - 2026-08-04 09:02:37 --> [DEPRECATED] Passing lowercase HTTP method "get" is deprecated. Use uppercase HTTP method like "GET". in SYSTEMPATH\Router\RouteCollection.php on line 1026.
 1 SYSTEMPATH\Router\RouteCollection.php(1026): trigger_error('Passing lowercase HTTP method "get" is deprecated. Use uppercase HTTP method like "GET".', 16384)
 2 APPPATH\Config\Routes.php(144): CodeIgniter\Router\RouteCollection->match([...], 'upload-surat-penerimaan', '\\App\\Controllers\\Sekretariat\\C_UploadSuratPenerimaan::index')
 3 SYSTEMPATH\Router\RouteCollection.php(799): CodeIgniter\Router\RouteCollection::{closure:C:\Users\ASUS\Downloads\Projectmagang_dr\Projectmagang_dr\app\Config\Routes.php:89}(Object(CodeIgniter\Router\RouteCollection))
 4 APPPATH\Config\Routes.php(89): CodeIgniter\Router\RouteCollection->group('sekretariat', [...], Object(Closure))
 5 SYSTEMPATH\Router\RouteCollection.php(339): require('C:\\Users\\ASUS\\Downloads\\Projectmagang_dr\\Projectmagang_dr\\app\\Config\\Routes.php')
 6 SYSTEMPATH\CodeIgniter.php(841): CodeIgniter\Router\RouteCollection->loadRoutes()
 7 SYSTEMPATH\CodeIgniter.php(464): CodeIgniter\CodeIgniter->tryToRouteIt(null)
 8 SYSTEMPATH\CodeIgniter.php(363): CodeIgniter\CodeIgniter->handleRequest(null, Object(Config\Cache), false)
 9 SYSTEMPATH\Boot.php(417): CodeIgniter\CodeIgniter->run()
10 SYSTEMPATH\Boot.php(68): CodeIgniter\Boot::runCodeIgniter(Object(CodeIgniter\CodeIgniter))
11 FCPATH\index.php(59): CodeIgniter\Boot::bootWeb(Object(Config\Paths))
12 SYSTEMPATH\rewrite.php(44): require_once('C:\\Users\\ASUS\\Downloads\\Projectmagang_dr\\Projectmagang_dr\\public\\index.php')
WARNING - 2026-08-04 09:02:37 --> [DEPRECATED] Passing lowercase HTTP method "post" is deprecated. Use uppercase HTTP method like "POST". in SYSTEMPATH\Router\RouteCollection.php on line 1026.
 1 SYSTEMPATH\Router\RouteCollection.php(1026): trigger_error('Passing lowercase HTTP method "post" is deprecated. Use uppercase HTTP method like "POST".', 16384)
 2 APPPATH\Config\Routes.php(144): CodeIgniter\Router\RouteCollection->match([...], 'upload-surat-penerimaan', '\\App\\Controllers\\Sekretariat\\C_UploadSuratPenerimaan::index')
 3 SYSTEMPATH\Router\RouteCollection.php(799): CodeIgniter\Router\RouteCollection::{closure:C:\Users\ASUS\Downloads\Projectmagang_dr\Projectmagang_dr\app\Config\Routes.php:89}(Object(CodeIgniter\Router\RouteCollection))
 4 APPPATH\Config\Routes.php(89): CodeIgniter\Router\RouteCollection->group('sekretariat', [...], Object(Closure))
 5 SYSTEMPATH\Router\RouteCollection.php(339): require('C:\\Users\\ASUS\\Downloads\\Projectmagang_dr\\Projectmagang_dr\\app\\Config\\Routes.php')
 6 SYSTEMPATH\CodeIgniter.php(841): CodeIgniter\Router\RouteCollection->loadRoutes()
 7 SYSTEMPATH\CodeIgniter.php(464): CodeIgniter\CodeIgniter->tryToRouteIt(null)
 8 SYSTEMPATH\CodeIgniter.php(363): CodeIgniter\CodeIgniter->handleRequest(null, Object(Config\Cache), false)
 9 SYSTEMPATH\Boot.php(417): CodeIgniter\CodeIgniter->run()
10 SYSTEMPATH\Boot.php(68): CodeIgniter\Boot::runCodeIgniter(Object(CodeIgniter\CodeIgniter))
11 FCPATH\index.php(59): CodeIgniter\Boot::bootWeb(Object(Config\Paths))
12 SYSTEMPATH\rewrite.php(44): require_once('C:\\Users\\ASUS\\Downloads\\Projectmagang_dr\\Projectmagang_dr\\public\\index.php')
WARNING - 2026-08-04 09:02:37 --> [DEPRECATED] Passing lowercase HTTP method "get" is deprecated. Use uppercase HTTP method like "GET". in SYSTEMPATH\Router\RouteCollection.php on line 1026.
 1 SYSTEMPATH\Router\RouteCollection.php(1026): trigger_error('Passing lowercase HTTP method "get" is deprecated. Use uppercase HTTP method like "GET".', 16384)
 2 APPPATH\Config\Routes.php(165): CodeIgniter\Router\RouteCollection->match([...], 'logbook', '\\App\\Controllers\\Kabid\\C_LogbookKabid::index')
 3 SYSTEMPATH\Router\RouteCollection.php(799): CodeIgniter\Router\RouteCollection::{closure:C:\Users\ASUS\Downloads\Projectmagang_dr\Projectmagang_dr\app\Config\Routes.php:153}(Object(CodeIgniter\Router\RouteCollection))
 4 APPPATH\Config\Routes.php(153): CodeIgniter\Router\RouteCollection->group('kabid', [...], Object(Closure))
 5 SYSTEMPATH\Router\RouteCollection.php(339): require('C:\\Users\\ASUS\\Downloads\\Projectmagang_dr\\Projectmagang_dr\\app\\Config\\Routes.php')
 6 SYSTEMPATH\CodeIgniter.php(841): CodeIgniter\Router\RouteCollection->loadRoutes()
 7 SYSTEMPATH\CodeIgniter.php(464): CodeIgniter\CodeIgniter->tryToRouteIt(null)
 8 SYSTEMPATH\CodeIgniter.php(363): CodeIgniter\CodeIgniter->handleRequest(null, Object(Config\Cache), false)
 9 SYSTEMPATH\Boot.php(417): CodeIgniter\CodeIgniter->run()
10 SYSTEMPATH\Boot.php(68): CodeIgniter\Boot::runCodeIgniter(Object(CodeIgniter\CodeIgniter))
11 FCPATH\index.php(59): CodeIgniter\Boot::bootWeb(Object(Config\Paths))
12 SYSTEMPATH\rewrite.php(44): require_once('C:\\Users\\ASUS\\Downloads\\Projectmagang_dr\\Projectmagang_dr\\public\\index.php')
WARNING - 2026-08-04 09:02:37 --> [DEPRECATED] Passing lowercase HTTP method "post" is deprecated. Use uppercase HTTP method like "POST". in SYSTEMPATH\Router\RouteCollection.php on line 1026.
 1 SYSTEMPATH\Router\RouteCollection.php(1026): trigger_error('Passing lowercase HTTP method "post" is deprecated. Use uppercase HTTP method like "POST".', 16384)
 2 APPPATH\Config\Routes.php(165): CodeIgniter\Router\RouteCollection->match([...], 'logbook', '\\App\\Controllers\\Kabid\\C_LogbookKabid::index')
 3 SYSTEMPATH\Router\RouteCollection.php(799): CodeIgniter\Router\RouteCollection::{closure:C:\Users\ASUS\Downloads\Projectmagang_dr\Projectmagang_dr\app\Config\Routes.php:153}(Object(CodeIgniter\Router\RouteCollection))
 4 APPPATH\Config\Routes.php(153): CodeIgniter\Router\RouteCollection->group('kabid', [...], Object(Closure))
 5 SYSTEMPATH\Router\RouteCollection.php(339): require('C:\\Users\\ASUS\\Downloads\\Projectmagang_dr\\Projectmagang_dr\\app\\Config\\Routes.php')
 6 SYSTEMPATH\CodeIgniter.php(841): CodeIgniter\Router\RouteCollection->loadRoutes()
 7 SYSTEMPATH\CodeIgniter.php(464): CodeIgniter\CodeIgniter->tryToRouteIt(null)
 8 SYSTEMPATH\CodeIgniter.php(363): CodeIgniter\CodeIgniter->handleRequest(null, Object(Config\Cache), false)
 9 SYSTEMPATH\Boot.php(417): CodeIgniter\CodeIgniter->run()
10 SYSTEMPATH\Boot.php(68): CodeIgniter\Boot::runCodeIgniter(Object(CodeIgniter\CodeIgniter))
11 FCPATH\index.php(59): CodeIgniter\Boot::bootWeb(Object(Config\Paths))
12 SYSTEMPATH\rewrite.php(44): require_once('C:\\Users\\ASUS\\Downloads\\Projectmagang_dr\\Projectmagang_dr\\public\\index.php')
WARNING - 2026-08-04 09:02:37 --> [DEPRECATED] Passing lowercase HTTP method "get" is deprecated. Use uppercase HTTP method like "GET". in SYSTEMPATH\Router\RouteCollection.php on line 1026.
 1 SYSTEMPATH\Router\RouteCollection.php(1026): trigger_error('Passing lowercase HTTP method "get" is deprecated. Use uppercase HTTP method like "GET".', 16384)
 2 APPPATH\Config\Routes.php(177): CodeIgniter\Router\RouteCollection->match([...], 'upload-dokumen', '\\App\\Controllers\\Kabid\\C_UploadDokumen::index')
 3 SYSTEMPATH\Router\RouteCollection.php(799): CodeIgniter\Router\RouteCollection::{closure:C:\Users\ASUS\Downloads\Projectmagang_dr\Projectmagang_dr\app\Config\Routes.php:153}(Object(CodeIgniter\Router\RouteCollection))
 4 APPPATH\Config\Routes.php(153): CodeIgniter\Router\RouteCollection->group('kabid', [...], Object(Closure))
 5 SYSTEMPATH\Router\RouteCollection.php(339): require('C:\\Users\\ASUS\\Downloads\\Projectmagang_dr\\Projectmagang_dr\\app\\Config\\Routes.php')
 6 SYSTEMPATH\CodeIgniter.php(841): CodeIgniter\Router\RouteCollection->loadRoutes()
 7 SYSTEMPATH\CodeIgniter.php(464): CodeIgniter\CodeIgniter->tryToRouteIt(null)
 8 SYSTEMPATH\CodeIgniter.php(363): CodeIgniter\CodeIgniter->handleRequest(null, Object(Config\Cache), false)
 9 SYSTEMPATH\Boot.php(417): CodeIgniter\CodeIgniter->run()
10 SYSTEMPATH\Boot.php(68): CodeIgniter\Boot::runCodeIgniter(Object(CodeIgniter\CodeIgniter))
11 FCPATH\index.php(59): CodeIgniter\Boot::bootWeb(Object(Config\Paths))
12 SYSTEMPATH\rewrite.php(44): require_once('C:\\Users\\ASUS\\Downloads\\Projectmagang_dr\\Projectmagang_dr\\public\\index.php')
WARNING - 2026-08-04 09:02:37 --> [DEPRECATED] Passing lowercase HTTP method "post" is deprecated. Use uppercase HTTP method like "POST". in SYSTEMPATH\Router\RouteCollection.php on line 1026.
 1 SYSTEMPATH\Router\RouteCollection.php(1026): trigger_error('Passing lowercase HTTP method "post" is deprecated. Use uppercase HTTP method like "POST".', 16384)
 2 APPPATH\Config\Routes.php(177): CodeIgniter\Router\RouteCollection->match([...], 'upload-dokumen', '\\App\\Controllers\\Kabid\\C_UploadDokumen::index')
 3 SYSTEMPATH\Router\RouteCollection.php(799): CodeIgniter\Router\RouteCollection::{closure:C:\Users\ASUS\Downloads\Projectmagang_dr\Projectmagang_dr\app\Config\Routes.php:153}(Object(CodeIgniter\Router\RouteCollection))
 4 APPPATH\Config\Routes.php(153): CodeIgniter\Router\RouteCollection->group('kabid', [...], Object(Closure))
 5 SYSTEMPATH\Router\RouteCollection.php(339): require('C:\\Users\\ASUS\\Downloads\\Projectmagang_dr\\Projectmagang_dr\\app\\Config\\Routes.php')
 6 SYSTEMPATH\CodeIgniter.php(841): CodeIgniter\Router\RouteCollection->loadRoutes()
 7 SYSTEMPATH\CodeIgniter.php(464): CodeIgniter\CodeIgniter->tryToRouteIt(null)
 8 SYSTEMPATH\CodeIgniter.php(363): CodeIgniter\CodeIgniter->handleRequest(null, Object(Config\Cache), false)
 9 SYSTEMPATH\Boot.php(417): CodeIgniter\CodeIgniter->run()
10 SYSTEMPATH\Boot.php(68): CodeIgniter\Boot::runCodeIgniter(Object(CodeIgniter\CodeIgniter))
11 FCPATH\index.php(59): CodeIgniter\Boot::bootWeb(Object(Config\Paths))
12 SYSTEMPATH\rewrite.php(44): require_once('C:\\Users\\ASUS\\Downloads\\Projectmagang_dr\\Projectmagang_dr\\public\\index.php')
WARNING - 2026-08-04 14:53:28 --> [DEPRECATED] Passing lowercase HTTP method "get" is deprecated. Use uppercase HTTP method like "GET". in SYSTEMPATH\Router\RouteCollection.php on line 1026.
 1 SYSTEMPATH\Router\RouteCollection.php(1026): trigger_error('Passing lowercase HTTP method "get" is deprecated. Use uppercase HTTP method like "GET".', 16384)
 2 APPPATH\Config\Routes.php(77): CodeIgniter\Router\RouteCollection->match([...], 'logbook', 'C_Logbook::logbook')
 3 SYSTEMPATH\Router\RouteCollection.php(799): CodeIgniter\Router\RouteCollection::{closure:C:\Users\ASUS\Downloads\Projectmagang_dr\Projectmagang_dr\app\Config\Routes.php:59}(Object(CodeIgniter\Router\RouteCollection))
 4 APPPATH\Config\Routes.php(59): CodeIgniter\Router\RouteCollection->group('mahasiswa', [...], Object(Closure))
 5 SYSTEMPATH\Router\RouteCollection.php(339): require('C:\\Users\\ASUS\\Downloads\\Projectmagang_dr\\Projectmagang_dr\\app\\Config\\Routes.php')
 6 SYSTEMPATH\CLI\Console.php(41): CodeIgniter\Router\RouteCollection->loadRoutes()
 7 SYSTEMPATH\Boot.php(442): CodeIgniter\CLI\Console->run()
 8 SYSTEMPATH\Boot.php(166): CodeIgniter\Boot::runCommand(Object(CodeIgniter\CLI\Console))
 9 ROOTPATH\spark(87): CodeIgniter\Boot::bootSpark(Object(Config\Paths))
WARNING - 2026-08-04 14:53:28 --> [DEPRECATED] Passing lowercase HTTP method "post" is deprecated. Use uppercase HTTP method like "POST". in SYSTEMPATH\Router\RouteCollection.php on line 1026.
 1 SYSTEMPATH\Router\RouteCollection.php(1026): trigger_error('Passing lowercase HTTP method "post" is deprecated. Use uppercase HTTP method like "POST".', 16384)
 2 APPPATH\Config\Routes.php(77): CodeIgniter\Router\RouteCollection->match([...], 'logbook', 'C_Logbook::logbook')
 3 SYSTEMPATH\Router\RouteCollection.php(799): CodeIgniter\Router\RouteCollection::{closure:C:\Users\ASUS\Downloads\Projectmagang_dr\Projectmagang_dr\app\Config\Routes.php:59}(Object(CodeIgniter\Router\RouteCollection))
 4 APPPATH\Config\Routes.php(59): CodeIgniter\Router\RouteCollection->group('mahasiswa', [...], Object(Closure))
 5 SYSTEMPATH\Router\RouteCollection.php(339): require('C:\\Users\\ASUS\\Downloads\\Projectmagang_dr\\Projectmagang_dr\\app\\Config\\Routes.php')
 6 SYSTEMPATH\CLI\Console.php(41): CodeIgniter\Router\RouteCollection->loadRoutes()
 7 SYSTEMPATH\Boot.php(442): CodeIgniter\CLI\Console->run()
 8 SYSTEMPATH\Boot.php(166): CodeIgniter\Boot::runCommand(Object(CodeIgniter\CLI\Console))
 9 ROOTPATH\spark(87): CodeIgniter\Boot::bootSpark(Object(Config\Paths))
WARNING - 2026-08-04 14:53:28 --> [DEPRECATED] Passing lowercase HTTP method "get" is deprecated. Use uppercase HTTP method like "GET". in SYSTEMPATH\Router\RouteCollection.php on line 1026.
 1 SYSTEMPATH\Router\RouteCollection.php(1026): trigger_error('Passing lowercase HTTP method "get" is deprecated. Use uppercase HTTP method like "GET".', 16384)
 2 APPPATH\Config\Routes.php(95): CodeIgniter\Router\RouteCollection->match([...], 'verifikasi', '\\App\\Controllers\\Sekretariat\\C_Verifikasi::index')
 3 SYSTEMPATH\Router\RouteCollection.php(799): CodeIgniter\Router\RouteCollection::{closure:C:\Users\ASUS\Downloads\Projectmagang_dr\Projectmagang_dr\app\Config\Routes.php:89}(Object(CodeIgniter\Router\RouteCollection))
 4 APPPATH\Config\Routes.php(89): CodeIgniter\Router\RouteCollection->group('sekretariat', [...], Object(Closure))
 5 SYSTEMPATH\Router\RouteCollection.php(339): require('C:\\Users\\ASUS\\Downloads\\Projectmagang_dr\\Projectmagang_dr\\app\\Config\\Routes.php')
 6 SYSTEMPATH\CLI\Console.php(41): CodeIgniter\Router\RouteCollection->loadRoutes()
 7 SYSTEMPATH\Boot.php(442): CodeIgniter\CLI\Console->run()
 8 SYSTEMPATH\Boot.php(166): CodeIgniter\Boot::runCommand(Object(CodeIgniter\CLI\Console))
 9 ROOTPATH\spark(87): CodeIgniter\Boot::bootSpark(Object(Config\Paths))
WARNING - 2026-08-04 14:53:28 --> [DEPRECATED] Passing lowercase HTTP method "post" is deprecated. Use uppercase HTTP method like "POST". in SYSTEMPATH\Router\RouteCollection.php on line 1026.
 1 SYSTEMPATH\Router\RouteCollection.php(1026): trigger_error('Passing lowercase HTTP method "post" is deprecated. Use uppercase HTTP method like "POST".', 16384)
 2 APPPATH\Config\Routes.php(95): CodeIgniter\Router\RouteCollection->match([...], 'verifikasi', '\\App\\Controllers\\Sekretariat\\C_Verifikasi::index')
 3 SYSTEMPATH\Router\RouteCollection.php(799): CodeIgniter\Router\RouteCollection::{closure:C:\Users\ASUS\Downloads\Projectmagang_dr\Projectmagang_dr\app\Config\Routes.php:89}(Object(CodeIgniter\Router\RouteCollection))
 4 APPPATH\Config\Routes.php(89): CodeIgniter\Router\RouteCollection->group('sekretariat', [...], Object(Closure))
 5 SYSTEMPATH\Router\RouteCollection.php(339): require('C:\\Users\\ASUS\\Downloads\\Projectmagang_dr\\Projectmagang_dr\\app\\Config\\Routes.php')
 6 SYSTEMPATH\CLI\Console.php(41): CodeIgniter\Router\RouteCollection->loadRoutes()
 7 SYSTEMPATH\Boot.php(442): CodeIgniter\CLI\Console->run()
 8 SYSTEMPATH\Boot.php(166): CodeIgniter\Boot::runCommand(Object(CodeIgniter\CLI\Console))
 9 ROOTPATH\spark(87): CodeIgniter\Boot::bootSpark(Object(Config\Paths))
WARNING - 2026-08-04 14:53:28 --> [DEPRECATED] Passing lowercase HTTP method "get" is deprecated. Use uppercase HTTP method like "GET". in SYSTEMPATH\Router\RouteCollection.php on line 1026.
 1 SYSTEMPATH\Router\RouteCollection.php(1026): trigger_error('Passing lowercase HTTP method "get" is deprecated. Use uppercase HTTP method like "GET".', 16384)
 2 APPPATH\Config\Routes.php(144): CodeIgniter\Router\RouteCollection->match([...], 'upload-surat-penerimaan', '\\App\\Controllers\\Sekretariat\\C_UploadSuratPenerimaan::index')
 3 SYSTEMPATH\Router\RouteCollection.php(799): CodeIgniter\Router\RouteCollection::{closure:C:\Users\ASUS\Downloads\Projectmagang_dr\Projectmagang_dr\app\Config\Routes.php:89}(Object(CodeIgniter\Router\RouteCollection))
 4 APPPATH\Config\Routes.php(89): CodeIgniter\Router\RouteCollection->group('sekretariat', [...], Object(Closure))
 5 SYSTEMPATH\Router\RouteCollection.php(339): require('C:\\Users\\ASUS\\Downloads\\Projectmagang_dr\\Projectmagang_dr\\app\\Config\\Routes.php')
 6 SYSTEMPATH\CLI\Console.php(41): CodeIgniter\Router\RouteCollection->loadRoutes()
 7 SYSTEMPATH\Boot.php(442): CodeIgniter\CLI\Console->run()
 8 SYSTEMPATH\Boot.php(166): CodeIgniter\Boot::runCommand(Object(CodeIgniter\CLI\Console))
 9 ROOTPATH\spark(87): CodeIgniter\Boot::bootSpark(Object(Config\Paths))
WARNING - 2026-08-04 14:53:28 --> [DEPRECATED] Passing lowercase HTTP method "post" is deprecated. Use uppercase HTTP method like "POST". in SYSTEMPATH\Router\RouteCollection.php on line 1026.
 1 SYSTEMPATH\Router\RouteCollection.php(1026): trigger_error('Passing lowercase HTTP method "post" is deprecated. Use uppercase HTTP method like "POST".', 16384)
 2 APPPATH\Config\Routes.php(144): CodeIgniter\Router\RouteCollection->match([...], 'upload-surat-penerimaan', '\\App\\Controllers\\Sekretariat\\C_UploadSuratPenerimaan::index')
 3 SYSTEMPATH\Router\RouteCollection.php(799): CodeIgniter\Router\RouteCollection::{closure:C:\Users\ASUS\Downloads\Projectmagang_dr\Projectmagang_dr\app\Config\Routes.php:89}(Object(CodeIgniter\Router\RouteCollection))
 4 APPPATH\Config\Routes.php(89): CodeIgniter\Router\RouteCollection->group('sekretariat', [...], Object(Closure))
 5 SYSTEMPATH\Router\RouteCollection.php(339): require('C:\\Users\\ASUS\\Downloads\\Projectmagang_dr\\Projectmagang_dr\\app\\Config\\Routes.php')
 6 SYSTEMPATH\CLI\Console.php(41): CodeIgniter\Router\RouteCollection->loadRoutes()
 7 SYSTEMPATH\Boot.php(442): CodeIgniter\CLI\Console->run()
 8 SYSTEMPATH\Boot.php(166): CodeIgniter\Boot::runCommand(Object(CodeIgniter\CLI\Console))
 9 ROOTPATH\spark(87): CodeIgniter\Boot::bootSpark(Object(Config\Paths))
WARNING - 2026-08-04 14:53:28 --> [DEPRECATED] Passing lowercase HTTP method "get" is deprecated. Use uppercase HTTP method like "GET". in SYSTEMPATH\Router\RouteCollection.php on line 1026.
 1 SYSTEMPATH\Router\RouteCollection.php(1026): trigger_error('Passing lowercase HTTP method "get" is deprecated. Use uppercase HTTP method like "GET".', 16384)
 2 APPPATH\Config\Routes.php(165): CodeIgniter\Router\RouteCollection->match([...], 'logbook', '\\App\\Controllers\\Kabid\\C_LogbookKabid::index')
 3 SYSTEMPATH\Router\RouteCollection.php(799): CodeIgniter\Router\RouteCollection::{closure:C:\Users\ASUS\Downloads\Projectmagang_dr\Projectmagang_dr\app\Config\Routes.php:153}(Object(CodeIgniter\Router\RouteCollection))
 4 APPPATH\Config\Routes.php(153): CodeIgniter\Router\RouteCollection->group('kabid', [...], Object(Closure))
 5 SYSTEMPATH\Router\RouteCollection.php(339): require('C:\\Users\\ASUS\\Downloads\\Projectmagang_dr\\Projectmagang_dr\\app\\Config\\Routes.php')
 6 SYSTEMPATH\CLI\Console.php(41): CodeIgniter\Router\RouteCollection->loadRoutes()
 7 SYSTEMPATH\Boot.php(442): CodeIgniter\CLI\Console->run()
 8 SYSTEMPATH\Boot.php(166): CodeIgniter\Boot::runCommand(Object(CodeIgniter\CLI\Console))
 9 ROOTPATH\spark(87): CodeIgniter\Boot::bootSpark(Object(Config\Paths))
WARNING - 2026-08-04 14:53:28 --> [DEPRECATED] Passing lowercase HTTP method "post" is deprecated. Use uppercase HTTP method like "POST". in SYSTEMPATH\Router\RouteCollection.php on line 1026.
 1 SYSTEMPATH\Router\RouteCollection.php(1026): trigger_error('Passing lowercase HTTP method "post" is deprecated. Use uppercase HTTP method like "POST".', 16384)
 2 APPPATH\Config\Routes.php(165): CodeIgniter\Router\RouteCollection->match([...], 'logbook', '\\App\\Controllers\\Kabid\\C_LogbookKabid::index')
 3 SYSTEMPATH\Router\RouteCollection.php(799): CodeIgniter\Router\RouteCollection::{closure:C:\Users\ASUS\Downloads\Projectmagang_dr\Projectmagang_dr\app\Config\Routes.php:153}(Object(CodeIgniter\Router\RouteCollection))
 4 APPPATH\Config\Routes.php(153): CodeIgniter\Router\RouteCollection->group('kabid', [...], Object(Closure))
 5 SYSTEMPATH\Router\RouteCollection.php(339): require('C:\\Users\\ASUS\\Downloads\\Projectmagang_dr\\Projectmagang_dr\\app\\Config\\Routes.php')
 6 SYSTEMPATH\CLI\Console.php(41): CodeIgniter\Router\RouteCollection->loadRoutes()
 7 SYSTEMPATH\Boot.php(442): CodeIgniter\CLI\Console->run()
 8 SYSTEMPATH\Boot.php(166): CodeIgniter\Boot::runCommand(Object(CodeIgniter\CLI\Console))
 9 ROOTPATH\spark(87): CodeIgniter\Boot::bootSpark(Object(Config\Paths))
WARNING - 2026-08-04 14:53:28 --> [DEPRECATED] Passing lowercase HTTP method "get" is deprecated. Use uppercase HTTP method like "GET". in SYSTEMPATH\Router\RouteCollection.php on line 1026.
 1 SYSTEMPATH\Router\RouteCollection.php(1026): trigger_error('Passing lowercase HTTP method "get" is deprecated. Use uppercase HTTP method like "GET".', 16384)
 2 APPPATH\Config\Routes.php(177): CodeIgniter\Router\RouteCollection->match([...], 'upload-dokumen', '\\App\\Controllers\\Kabid\\C_UploadDokumen::index')
 3 SYSTEMPATH\Router\RouteCollection.php(799): CodeIgniter\Router\RouteCollection::{closure:C:\Users\ASUS\Downloads\Projectmagang_dr\Projectmagang_dr\app\Config\Routes.php:153}(Object(CodeIgniter\Router\RouteCollection))
 4 APPPATH\Config\Routes.php(153): CodeIgniter\Router\RouteCollection->group('kabid', [...], Object(Closure))
 5 SYSTEMPATH\Router\RouteCollection.php(339): require('C:\\Users\\ASUS\\Downloads\\Projectmagang_dr\\Projectmagang_dr\\app\\Config\\Routes.php')
 6 SYSTEMPATH\CLI\Console.php(41): CodeIgniter\Router\RouteCollection->loadRoutes()
 7 SYSTEMPATH\Boot.php(442): CodeIgniter\CLI\Console->run()
 8 SYSTEMPATH\Boot.php(166): CodeIgniter\Boot::runCommand(Object(CodeIgniter\CLI\Console))
 9 ROOTPATH\spark(87): CodeIgniter\Boot::bootSpark(Object(Config\Paths))
WARNING - 2026-08-04 14:53:28 --> [DEPRECATED] Passing lowercase HTTP method "post" is deprecated. Use uppercase HTTP method like "POST". in SYSTEMPATH\Router\RouteCollection.php on line 1026.
 1 SYSTEMPATH\Router\RouteCollection.php(1026): trigger_error('Passing lowercase HTTP method "post" is deprecated. Use uppercase HTTP method like "POST".', 16384)
 2 APPPATH\Config\Routes.php(177): CodeIgniter\Router\RouteCollection->match([...], 'upload-dokumen', '\\App\\Controllers\\Kabid\\C_UploadDokumen::index')
 3 SYSTEMPATH\Router\RouteCollection.php(799): CodeIgniter\Router\RouteCollection::{closure:C:\Users\ASUS\Downloads\Projectmagang_dr\Projectmagang_dr\app\Config\Routes.php:153}(Object(CodeIgniter\Router\RouteCollection))
 4 APPPATH\Config\Routes.php(153): CodeIgniter\Router\RouteCollection->group('kabid', [...], Object(Closure))
 5 SYSTEMPATH\Router\RouteCollection.php(339): require('C:\\Users\\ASUS\\Downloads\\Projectmagang_dr\\Projectmagang_dr\\app\\Config\\Routes.php')
 6 SYSTEMPATH\CLI\Console.php(41): CodeIgniter\Router\RouteCollection->loadRoutes()
 7 SYSTEMPATH\Boot.php(442): CodeIgniter\CLI\Console->run()
 8 SYSTEMPATH\Boot.php(166): CodeIgniter\Boot::runCommand(Object(CodeIgniter\CLI\Console))
 9 ROOTPATH\spark(87): CodeIgniter\Boot::bootSpark(Object(Config\Paths))
WARNING - 2026-08-04 14:54:26 --> [DEPRECATED] Passing lowercase HTTP method "get" is deprecated. Use uppercase HTTP method like "GET". in SYSTEMPATH\Router\RouteCollection.php on line 1026.
 1 SYSTEMPATH\Router\RouteCollection.php(1026): trigger_error('Passing lowercase HTTP method "get" is deprecated. Use uppercase HTTP method like "GET".', 16384)
 2 APPPATH\Config\Routes.php(77): CodeIgniter\Router\RouteCollection->match([...], 'logbook', 'C_Logbook::logbook')
 3 SYSTEMPATH\Router\RouteCollection.php(799): CodeIgniter\Router\RouteCollection::{closure:C:\Users\ASUS\Downloads\Projectmagang_dr\Projectmagang_dr\app\Config\Routes.php:59}(Object(CodeIgniter\Router\RouteCollection))
 4 APPPATH\Config\Routes.php(59): CodeIgniter\Router\RouteCollection->group('mahasiswa', [...], Object(Closure))
 5 SYSTEMPATH\Router\RouteCollection.php(339): require('C:\\Users\\ASUS\\Downloads\\Projectmagang_dr\\Projectmagang_dr\\app\\Config\\Routes.php')
 6 SYSTEMPATH\CodeIgniter.php(841): CodeIgniter\Router\RouteCollection->loadRoutes()
 7 SYSTEMPATH\CodeIgniter.php(464): CodeIgniter\CodeIgniter->tryToRouteIt(null)
 8 SYSTEMPATH\CodeIgniter.php(363): CodeIgniter\CodeIgniter->handleRequest(null, Object(Config\Cache), false)
 9 SYSTEMPATH\Boot.php(417): CodeIgniter\CodeIgniter->run()
10 SYSTEMPATH\Boot.php(68): CodeIgniter\Boot::runCodeIgniter(Object(CodeIgniter\CodeIgniter))
11 FCPATH\index.php(59): CodeIgniter\Boot::bootWeb(Object(Config\Paths))
12 SYSTEMPATH\rewrite.php(44): require_once('C:\\Users\\ASUS\\Downloads\\Projectmagang_dr\\Projectmagang_dr\\public\\index.php')
WARNING - 2026-08-04 14:54:26 --> [DEPRECATED] Passing lowercase HTTP method "post" is deprecated. Use uppercase HTTP method like "POST". in SYSTEMPATH\Router\RouteCollection.php on line 1026.
 1 SYSTEMPATH\Router\RouteCollection.php(1026): trigger_error('Passing lowercase HTTP method "post" is deprecated. Use uppercase HTTP method like "POST".', 16384)
 2 APPPATH\Config\Routes.php(77): CodeIgniter\Router\RouteCollection->match([...], 'logbook', 'C_Logbook::logbook')
 3 SYSTEMPATH\Router\RouteCollection.php(799): CodeIgniter\Router\RouteCollection::{closure:C:\Users\ASUS\Downloads\Projectmagang_dr\Projectmagang_dr\app\Config\Routes.php:59}(Object(CodeIgniter\Router\RouteCollection))
 4 APPPATH\Config\Routes.php(59): CodeIgniter\Router\RouteCollection->group('mahasiswa', [...], Object(Closure))
 5 SYSTEMPATH\Router\RouteCollection.php(339): require('C:\\Users\\ASUS\\Downloads\\Projectmagang_dr\\Projectmagang_dr\\app\\Config\\Routes.php')
 6 SYSTEMPATH\CodeIgniter.php(841): CodeIgniter\Router\RouteCollection->loadRoutes()
 7 SYSTEMPATH\CodeIgniter.php(464): CodeIgniter\CodeIgniter->tryToRouteIt(null)
 8 SYSTEMPATH\CodeIgniter.php(363): CodeIgniter\CodeIgniter->handleRequest(null, Object(Config\Cache), false)
 9 SYSTEMPATH\Boot.php(417): CodeIgniter\CodeIgniter->run()
10 SYSTEMPATH\Boot.php(68): CodeIgniter\Boot::runCodeIgniter(Object(CodeIgniter\CodeIgniter))
11 FCPATH\index.php(59): CodeIgniter\Boot::bootWeb(Object(Config\Paths))
12 SYSTEMPATH\rewrite.php(44): require_once('C:\\Users\\ASUS\\Downloads\\Projectmagang_dr\\Projectmagang_dr\\public\\index.php')
WARNING - 2026-08-04 14:54:26 --> [DEPRECATED] Passing lowercase HTTP method "get" is deprecated. Use uppercase HTTP method like "GET". in SYSTEMPATH\Router\RouteCollection.php on line 1026.
 1 SYSTEMPATH\Router\RouteCollection.php(1026): trigger_error('Passing lowercase HTTP method "get" is deprecated. Use uppercase HTTP method like "GET".', 16384)
 2 APPPATH\Config\Routes.php(95): CodeIgniter\Router\RouteCollection->match([...], 'verifikasi', '\\App\\Controllers\\Sekretariat\\C_Verifikasi::index')
 3 SYSTEMPATH\Router\RouteCollection.php(799): CodeIgniter\Router\RouteCollection::{closure:C:\Users\ASUS\Downloads\Projectmagang_dr\Projectmagang_dr\app\Config\Routes.php:89}(Object(CodeIgniter\Router\RouteCollection))
 4 APPPATH\Config\Routes.php(89): CodeIgniter\Router\RouteCollection->group('sekretariat', [...], Object(Closure))
 5 SYSTEMPATH\Router\RouteCollection.php(339): require('C:\\Users\\ASUS\\Downloads\\Projectmagang_dr\\Projectmagang_dr\\app\\Config\\Routes.php')
 6 SYSTEMPATH\CodeIgniter.php(841): CodeIgniter\Router\RouteCollection->loadRoutes()
 7 SYSTEMPATH\CodeIgniter.php(464): CodeIgniter\CodeIgniter->tryToRouteIt(null)
 8 SYSTEMPATH\CodeIgniter.php(363): CodeIgniter\CodeIgniter->handleRequest(null, Object(Config\Cache), false)
 9 SYSTEMPATH\Boot.php(417): CodeIgniter\CodeIgniter->run()
10 SYSTEMPATH\Boot.php(68): CodeIgniter\Boot::runCodeIgniter(Object(CodeIgniter\CodeIgniter))
11 FCPATH\index.php(59): CodeIgniter\Boot::bootWeb(Object(Config\Paths))
12 SYSTEMPATH\rewrite.php(44): require_once('C:\\Users\\ASUS\\Downloads\\Projectmagang_dr\\Projectmagang_dr\\public\\index.php')
WARNING - 2026-08-04 14:54:26 --> [DEPRECATED] Passing lowercase HTTP method "post" is deprecated. Use uppercase HTTP method like "POST". in SYSTEMPATH\Router\RouteCollection.php on line 1026.
 1 SYSTEMPATH\Router\RouteCollection.php(1026): trigger_error('Passing lowercase HTTP method "post" is deprecated. Use uppercase HTTP method like "POST".', 16384)
 2 APPPATH\Config\Routes.php(95): CodeIgniter\Router\RouteCollection->match([...], 'verifikasi', '\\App\\Controllers\\Sekretariat\\C_Verifikasi::index')
 3 SYSTEMPATH\Router\RouteCollection.php(799): CodeIgniter\Router\RouteCollection::{closure:C:\Users\ASUS\Downloads\Projectmagang_dr\Projectmagang_dr\app\Config\Routes.php:89}(Object(CodeIgniter\Router\RouteCollection))
 4 APPPATH\Config\Routes.php(89): CodeIgniter\Router\RouteCollection->group('sekretariat', [...], Object(Closure))
 5 SYSTEMPATH\Router\RouteCollection.php(339): require('C:\\Users\\ASUS\\Downloads\\Projectmagang_dr\\Projectmagang_dr\\app\\Config\\Routes.php')
 6 SYSTEMPATH\CodeIgniter.php(841): CodeIgniter\Router\RouteCollection->loadRoutes()
 7 SYSTEMPATH\CodeIgniter.php(464): CodeIgniter\CodeIgniter->tryToRouteIt(null)
 8 SYSTEMPATH\CodeIgniter.php(363): CodeIgniter\CodeIgniter->handleRequest(null, Object(Config\Cache), false)
 9 SYSTEMPATH\Boot.php(417): CodeIgniter\CodeIgniter->run()
10 SYSTEMPATH\Boot.php(68): CodeIgniter\Boot::runCodeIgniter(Object(CodeIgniter\CodeIgniter))
11 FCPATH\index.php(59): CodeIgniter\Boot::bootWeb(Object(Config\Paths))
12 SYSTEMPATH\rewrite.php(44): require_once('C:\\Users\\ASUS\\Downloads\\Projectmagang_dr\\Projectmagang_dr\\public\\index.php')
WARNING - 2026-08-04 14:54:26 --> [DEPRECATED] Passing lowercase HTTP method "get" is deprecated. Use uppercase HTTP method like "GET". in SYSTEMPATH\Router\RouteCollection.php on line 1026.
 1 SYSTEMPATH\Router\RouteCollection.php(1026): trigger_error('Passing lowercase HTTP method "get" is deprecated. Use uppercase HTTP method like "GET".', 16384)
 2 APPPATH\Config\Routes.php(144): CodeIgniter\Router\RouteCollection->match([...], 'upload-surat-penerimaan', '\\App\\Controllers\\Sekretariat\\C_UploadSuratPenerimaan::index')
 3 SYSTEMPATH\Router\RouteCollection.php(799): CodeIgniter\Router\RouteCollection::{closure:C:\Users\ASUS\Downloads\Projectmagang_dr\Projectmagang_dr\app\Config\Routes.php:89}(Object(CodeIgniter\Router\RouteCollection))
 4 APPPATH\Config\Routes.php(89): CodeIgniter\Router\RouteCollection->group('sekretariat', [...], Object(Closure))
 5 SYSTEMPATH\Router\RouteCollection.php(339): require('C:\\Users\\ASUS\\Downloads\\Projectmagang_dr\\Projectmagang_dr\\app\\Config\\Routes.php')
 6 SYSTEMPATH\CodeIgniter.php(841): CodeIgniter\Router\RouteCollection->loadRoutes()
 7 SYSTEMPATH\CodeIgniter.php(464): CodeIgniter\CodeIgniter->tryToRouteIt(null)
 8 SYSTEMPATH\CodeIgniter.php(363): CodeIgniter\CodeIgniter->handleRequest(null, Object(Config\Cache), false)
 9 SYSTEMPATH\Boot.php(417): CodeIgniter\CodeIgniter->run()
10 SYSTEMPATH\Boot.php(68): CodeIgniter\Boot::runCodeIgniter(Object(CodeIgniter\CodeIgniter))
11 FCPATH\index.php(59): CodeIgniter\Boot::bootWeb(Object(Config\Paths))
12 SYSTEMPATH\rewrite.php(44): require_once('C:\\Users\\ASUS\\Downloads\\Projectmagang_dr\\Projectmagang_dr\\public\\index.php')
WARNING - 2026-08-04 14:54:26 --> [DEPRECATED] Passing lowercase HTTP method "post" is deprecated. Use uppercase HTTP method like "POST". in SYSTEMPATH\Router\RouteCollection.php on line 1026.
 1 SYSTEMPATH\Router\RouteCollection.php(1026): trigger_error('Passing lowercase HTTP method "post" is deprecated. Use uppercase HTTP method like "POST".', 16384)
 2 APPPATH\Config\Routes.php(144): CodeIgniter\Router\RouteCollection->match([...], 'upload-surat-penerimaan', '\\App\\Controllers\\Sekretariat\\C_UploadSuratPenerimaan::index')
 3 SYSTEMPATH\Router\RouteCollection.php(799): CodeIgniter\Router\RouteCollection::{closure:C:\Users\ASUS\Downloads\Projectmagang_dr\Projectmagang_dr\app\Config\Routes.php:89}(Object(CodeIgniter\Router\RouteCollection))
 4 APPPATH\Config\Routes.php(89): CodeIgniter\Router\RouteCollection->group('sekretariat', [...], Object(Closure))
 5 SYSTEMPATH\Router\RouteCollection.php(339): require('C:\\Users\\ASUS\\Downloads\\Projectmagang_dr\\Projectmagang_dr\\app\\Config\\Routes.php')
 6 SYSTEMPATH\CodeIgniter.php(841): CodeIgniter\Router\RouteCollection->loadRoutes()
 7 SYSTEMPATH\CodeIgniter.php(464): CodeIgniter\CodeIgniter->tryToRouteIt(null)
 8 SYSTEMPATH\CodeIgniter.php(363): CodeIgniter\CodeIgniter->handleRequest(null, Object(Config\Cache), false)
 9 SYSTEMPATH\Boot.php(417): CodeIgniter\CodeIgniter->run()
10 SYSTEMPATH\Boot.php(68): CodeIgniter\Boot::runCodeIgniter(Object(CodeIgniter\CodeIgniter))
11 FCPATH\index.php(59): CodeIgniter\Boot::bootWeb(Object(Config\Paths))
12 SYSTEMPATH\rewrite.php(44): require_once('C:\\Users\\ASUS\\Downloads\\Projectmagang_dr\\Projectmagang_dr\\public\\index.php')
WARNING - 2026-08-04 14:54:26 --> [DEPRECATED] Passing lowercase HTTP method "get" is deprecated. Use uppercase HTTP method like "GET". in SYSTEMPATH\Router\RouteCollection.php on line 1026.
 1 SYSTEMPATH\Router\RouteCollection.php(1026): trigger_error('Passing lowercase HTTP method "get" is deprecated. Use uppercase HTTP method like "GET".', 16384)
 2 APPPATH\Config\Routes.php(165): CodeIgniter\Router\RouteCollection->match([...], 'logbook', '\\App\\Controllers\\Kabid\\C_LogbookKabid::index')
 3 SYSTEMPATH\Router\RouteCollection.php(799): CodeIgniter\Router\RouteCollection::{closure:C:\Users\ASUS\Downloads\Projectmagang_dr\Projectmagang_dr\app\Config\Routes.php:153}(Object(CodeIgniter\Router\RouteCollection))
 4 APPPATH\Config\Routes.php(153): CodeIgniter\Router\RouteCollection->group('kabid', [...], Object(Closure))
 5 SYSTEMPATH\Router\RouteCollection.php(339): require('C:\\Users\\ASUS\\Downloads\\Projectmagang_dr\\Projectmagang_dr\\app\\Config\\Routes.php')
 6 SYSTEMPATH\CodeIgniter.php(841): CodeIgniter\Router\RouteCollection->loadRoutes()
 7 SYSTEMPATH\CodeIgniter.php(464): CodeIgniter\CodeIgniter->tryToRouteIt(null)
 8 SYSTEMPATH\CodeIgniter.php(363): CodeIgniter\CodeIgniter->handleRequest(null, Object(Config\Cache), false)
 9 SYSTEMPATH\Boot.php(417): CodeIgniter\CodeIgniter->run()
10 SYSTEMPATH\Boot.php(68): CodeIgniter\Boot::runCodeIgniter(Object(CodeIgniter\CodeIgniter))
11 FCPATH\index.php(59): CodeIgniter\Boot::bootWeb(Object(Config\Paths))
12 SYSTEMPATH\rewrite.php(44): require_once('C:\\Users\\ASUS\\Downloads\\Projectmagang_dr\\Projectmagang_dr\\public\\index.php')
WARNING - 2026-08-04 14:54:26 --> [DEPRECATED] Passing lowercase HTTP method "post" is deprecated. Use uppercase HTTP method like "POST". in SYSTEMPATH\Router\RouteCollection.php on line 1026.
 1 SYSTEMPATH\Router\RouteCollection.php(1026): trigger_error('Passing lowercase HTTP method "post" is deprecated. Use uppercase HTTP method like "POST".', 16384)
 2 APPPATH\Config\Routes.php(165): CodeIgniter\Router\RouteCollection->match([...], 'logbook', '\\App\\Controllers\\Kabid\\C_LogbookKabid::index')
 3 SYSTEMPATH\Router\RouteCollection.php(799): CodeIgniter\Router\RouteCollection::{closure:C:\Users\ASUS\Downloads\Projectmagang_dr\Projectmagang_dr\app\Config\Routes.php:153}(Object(CodeIgniter\Router\RouteCollection))
 4 APPPATH\Config\Routes.php(153): CodeIgniter\Router\RouteCollection->group('kabid', [...], Object(Closure))
 5 SYSTEMPATH\Router\RouteCollection.php(339): require('C:\\Users\\ASUS\\Downloads\\Projectmagang_dr\\Projectmagang_dr\\app\\Config\\Routes.php')
 6 SYSTEMPATH\CodeIgniter.php(841): CodeIgniter\Router\RouteCollection->loadRoutes()
 7 SYSTEMPATH\CodeIgniter.php(464): CodeIgniter\CodeIgniter->tryToRouteIt(null)
 8 SYSTEMPATH\CodeIgniter.php(363): CodeIgniter\CodeIgniter->handleRequest(null, Object(Config\Cache), false)
 9 SYSTEMPATH\Boot.php(417): CodeIgniter\CodeIgniter->run()
10 SYSTEMPATH\Boot.php(68): CodeIgniter\Boot::runCodeIgniter(Object(CodeIgniter\CodeIgniter))
11 FCPATH\index.php(59): CodeIgniter\Boot::bootWeb(Object(Config\Paths))
12 SYSTEMPATH\rewrite.php(44): require_once('C:\\Users\\ASUS\\Downloads\\Projectmagang_dr\\Projectmagang_dr\\public\\index.php')
WARNING - 2026-08-04 14:54:26 --> [DEPRECATED] Passing lowercase HTTP method "get" is deprecated. Use uppercase HTTP method like "GET". in SYSTEMPATH\Router\RouteCollection.php on line 1026.
 1 SYSTEMPATH\Router\RouteCollection.php(1026): trigger_error('Passing lowercase HTTP method "get" is deprecated. Use uppercase HTTP method like "GET".', 16384)
 2 APPPATH\Config\Routes.php(177): CodeIgniter\Router\RouteCollection->match([...], 'upload-dokumen', '\\App\\Controllers\\Kabid\\C_UploadDokumen::index')
 3 SYSTEMPATH\Router\RouteCollection.php(799): CodeIgniter\Router\RouteCollection::{closure:C:\Users\ASUS\Downloads\Projectmagang_dr\Projectmagang_dr\app\Config\Routes.php:153}(Object(CodeIgniter\Router\RouteCollection))
 4 APPPATH\Config\Routes.php(153): CodeIgniter\Router\RouteCollection->group('kabid', [...], Object(Closure))
 5 SYSTEMPATH\Router\RouteCollection.php(339): require('C:\\Users\\ASUS\\Downloads\\Projectmagang_dr\\Projectmagang_dr\\app\\Config\\Routes.php')
 6 SYSTEMPATH\CodeIgniter.php(841): CodeIgniter\Router\RouteCollection->loadRoutes()
 7 SYSTEMPATH\CodeIgniter.php(464): CodeIgniter\CodeIgniter->tryToRouteIt(null)
 8 SYSTEMPATH\CodeIgniter.php(363): CodeIgniter\CodeIgniter->handleRequest(null, Object(Config\Cache), false)
 9 SYSTEMPATH\Boot.php(417): CodeIgniter\CodeIgniter->run()
10 SYSTEMPATH\Boot.php(68): CodeIgniter\Boot::runCodeIgniter(Object(CodeIgniter\CodeIgniter))
11 FCPATH\index.php(59): CodeIgniter\Boot::bootWeb(Object(Config\Paths))
12 SYSTEMPATH\rewrite.php(44): require_once('C:\\Users\\ASUS\\Downloads\\Projectmagang_dr\\Projectmagang_dr\\public\\index.php')
WARNING - 2026-08-04 14:54:26 --> [DEPRECATED] Passing lowercase HTTP method "post" is deprecated. Use uppercase HTTP method like "POST". in SYSTEMPATH\Router\RouteCollection.php on line 1026.
 1 SYSTEMPATH\Router\RouteCollection.php(1026): trigger_error('Passing lowercase HTTP method "post" is deprecated. Use uppercase HTTP method like "POST".', 16384)
 2 APPPATH\Config\Routes.php(177): CodeIgniter\Router\RouteCollection->match([...], 'upload-dokumen', '\\App\\Controllers\\Kabid\\C_UploadDokumen::index')
 3 SYSTEMPATH\Router\RouteCollection.php(799): CodeIgniter\Router\RouteCollection::{closure:C:\Users\ASUS\Downloads\Projectmagang_dr\Projectmagang_dr\app\Config\Routes.php:153}(Object(CodeIgniter\Router\RouteCollection))
 4 APPPATH\Config\Routes.php(153): CodeIgniter\Router\RouteCollection->group('kabid', [...], Object(Closure))
 5 SYSTEMPATH\Router\RouteCollection.php(339): require('C:\\Users\\ASUS\\Downloads\\Projectmagang_dr\\Projectmagang_dr\\app\\Config\\Routes.php')
 6 SYSTEMPATH\CodeIgniter.php(841): CodeIgniter\Router\RouteCollection->loadRoutes()
 7 SYSTEMPATH\CodeIgniter.php(464): CodeIgniter\CodeIgniter->tryToRouteIt(null)
 8 SYSTEMPATH\CodeIgniter.php(363): CodeIgniter\CodeIgniter->handleRequest(null, Object(Config\Cache), false)
 9 SYSTEMPATH\Boot.php(417): CodeIgniter\CodeIgniter->run()
10 SYSTEMPATH\Boot.php(68): CodeIgniter\Boot::runCodeIgniter(Object(CodeIgniter\CodeIgniter))
11 FCPATH\index.php(59): CodeIgniter\Boot::bootWeb(Object(Config\Paths))
12 SYSTEMPATH\rewrite.php(44): require_once('C:\\Users\\ASUS\\Downloads\\Projectmagang_dr\\Projectmagang_dr\\public\\index.php')
WARNING - 2026-08-04 15:17:47 --> [DEPRECATED] Passing lowercase HTTP method "get" is deprecated. Use uppercase HTTP method like "GET". in SYSTEMPATH\Router\RouteCollection.php on line 1026.
 1 SYSTEMPATH\Router\RouteCollection.php(1026): trigger_error('Passing lowercase HTTP method "get" is deprecated. Use uppercase HTTP method like "GET".', 16384)
 2 APPPATH\Config\Routes.php(77): CodeIgniter\Router\RouteCollection->match([...], 'logbook', 'C_Logbook::logbook')
 3 SYSTEMPATH\Router\RouteCollection.php(799): CodeIgniter\Router\RouteCollection::{closure:C:\Users\ASUS\Downloads\Projectmagang_dr\Projectmagang_dr\app\Config\Routes.php:59}(Object(CodeIgniter\Router\RouteCollection))
 4 APPPATH\Config\Routes.php(59): CodeIgniter\Router\RouteCollection->group('mahasiswa', [...], Object(Closure))
 5 SYSTEMPATH\Router\RouteCollection.php(339): require('C:\\Users\\ASUS\\Downloads\\Projectmagang_dr\\Projectmagang_dr\\app\\Config\\Routes.php')
 6 SYSTEMPATH\CodeIgniter.php(841): CodeIgniter\Router\RouteCollection->loadRoutes()
 7 SYSTEMPATH\CodeIgniter.php(464): CodeIgniter\CodeIgniter->tryToRouteIt(null)
 8 SYSTEMPATH\CodeIgniter.php(363): CodeIgniter\CodeIgniter->handleRequest(null, Object(Config\Cache), false)
 9 SYSTEMPATH\Boot.php(417): CodeIgniter\CodeIgniter->run()
10 SYSTEMPATH\Boot.php(68): CodeIgniter\Boot::runCodeIgniter(Object(CodeIgniter\CodeIgniter))
11 FCPATH\index.php(59): CodeIgniter\Boot::bootWeb(Object(Config\Paths))
12 SYSTEMPATH\rewrite.php(44): require_once('C:\\Users\\ASUS\\Downloads\\Projectmagang_dr\\Projectmagang_dr\\public\\index.php')
WARNING - 2026-08-04 15:17:47 --> [DEPRECATED] Passing lowercase HTTP method "post" is deprecated. Use uppercase HTTP method like "POST". in SYSTEMPATH\Router\RouteCollection.php on line 1026.
 1 SYSTEMPATH\Router\RouteCollection.php(1026): trigger_error('Passing lowercase HTTP method "post" is deprecated. Use uppercase HTTP method like "POST".', 16384)
 2 APPPATH\Config\Routes.php(77): CodeIgniter\Router\RouteCollection->match([...], 'logbook', 'C_Logbook::logbook')
 3 SYSTEMPATH\Router\RouteCollection.php(799): CodeIgniter\Router\RouteCollection::{closure:C:\Users\ASUS\Downloads\Projectmagang_dr\Projectmagang_dr\app\Config\Routes.php:59}(Object(CodeIgniter\Router\RouteCollection))
 4 APPPATH\Config\Routes.php(59): CodeIgniter\Router\RouteCollection->group('mahasiswa', [...], Object(Closure))
 5 SYSTEMPATH\Router\RouteCollection.php(339): require('C:\\Users\\ASUS\\Downloads\\Projectmagang_dr\\Projectmagang_dr\\app\\Config\\Routes.php')
 6 SYSTEMPATH\CodeIgniter.php(841): CodeIgniter\Router\RouteCollection->loadRoutes()
 7 SYSTEMPATH\CodeIgniter.php(464): CodeIgniter\CodeIgniter->tryToRouteIt(null)
 8 SYSTEMPATH\CodeIgniter.php(363): CodeIgniter\CodeIgniter->handleRequest(null, Object(Config\Cache), false)
 9 SYSTEMPATH\Boot.php(417): CodeIgniter\CodeIgniter->run()
10 SYSTEMPATH\Boot.php(68): CodeIgniter\Boot::runCodeIgniter(Object(CodeIgniter\CodeIgniter))
11 FCPATH\index.php(59): CodeIgniter\Boot::bootWeb(Object(Config\Paths))
12 SYSTEMPATH\rewrite.php(44): require_once('C:\\Users\\ASUS\\Downloads\\Projectmagang_dr\\Projectmagang_dr\\public\\index.php')
WARNING - 2026-08-04 15:17:47 --> [DEPRECATED] Passing lowercase HTTP method "get" is deprecated. Use uppercase HTTP method like "GET". in SYSTEMPATH\Router\RouteCollection.php on line 1026.
 1 SYSTEMPATH\Router\RouteCollection.php(1026): trigger_error('Passing lowercase HTTP method "get" is deprecated. Use uppercase HTTP method like "GET".', 16384)
 2 APPPATH\Config\Routes.php(95): CodeIgniter\Router\RouteCollection->match([...], 'verifikasi', '\\App\\Controllers\\Sekretariat\\C_Verifikasi::index')
 3 SYSTEMPATH\Router\RouteCollection.php(799): CodeIgniter\Router\RouteCollection::{closure:C:\Users\ASUS\Downloads\Projectmagang_dr\Projectmagang_dr\app\Config\Routes.php:89}(Object(CodeIgniter\Router\RouteCollection))
 4 APPPATH\Config\Routes.php(89): CodeIgniter\Router\RouteCollection->group('sekretariat', [...], Object(Closure))
 5 SYSTEMPATH\Router\RouteCollection.php(339): require('C:\\Users\\ASUS\\Downloads\\Projectmagang_dr\\Projectmagang_dr\\app\\Config\\Routes.php')
 6 SYSTEMPATH\CodeIgniter.php(841): CodeIgniter\Router\RouteCollection->loadRoutes()
 7 SYSTEMPATH\CodeIgniter.php(464): CodeIgniter\CodeIgniter->tryToRouteIt(null)
 8 SYSTEMPATH\CodeIgniter.php(363): CodeIgniter\CodeIgniter->handleRequest(null, Object(Config\Cache), false)
 9 SYSTEMPATH\Boot.php(417): CodeIgniter\CodeIgniter->run()
10 SYSTEMPATH\Boot.php(68): CodeIgniter\Boot::runCodeIgniter(Object(CodeIgniter\CodeIgniter))
11 FCPATH\index.php(59): CodeIgniter\Boot::bootWeb(Object(Config\Paths))
12 SYSTEMPATH\rewrite.php(44): require_once('C:\\Users\\ASUS\\Downloads\\Projectmagang_dr\\Projectmagang_dr\\public\\index.php')
WARNING - 2026-08-04 15:17:47 --> [DEPRECATED] Passing lowercase HTTP method "post" is deprecated. Use uppercase HTTP method like "POST". in SYSTEMPATH\Router\RouteCollection.php on line 1026.
 1 SYSTEMPATH\Router\RouteCollection.php(1026): trigger_error('Passing lowercase HTTP method "post" is deprecated. Use uppercase HTTP method like "POST".', 16384)
 2 APPPATH\Config\Routes.php(95): CodeIgniter\Router\RouteCollection->match([...], 'verifikasi', '\\App\\Controllers\\Sekretariat\\C_Verifikasi::index')
 3 SYSTEMPATH\Router\RouteCollection.php(799): CodeIgniter\Router\RouteCollection::{closure:C:\Users\ASUS\Downloads\Projectmagang_dr\Projectmagang_dr\app\Config\Routes.php:89}(Object(CodeIgniter\Router\RouteCollection))
 4 APPPATH\Config\Routes.php(89): CodeIgniter\Router\RouteCollection->group('sekretariat', [...], Object(Closure))
 5 SYSTEMPATH\Router\RouteCollection.php(339): require('C:\\Users\\ASUS\\Downloads\\Projectmagang_dr\\Projectmagang_dr\\app\\Config\\Routes.php')
 6 SYSTEMPATH\CodeIgniter.php(841): CodeIgniter\Router\RouteCollection->loadRoutes()
 7 SYSTEMPATH\CodeIgniter.php(464): CodeIgniter\CodeIgniter->tryToRouteIt(null)
 8 SYSTEMPATH\CodeIgniter.php(363): CodeIgniter\CodeIgniter->handleRequest(null, Object(Config\Cache), false)
 9 SYSTEMPATH\Boot.php(417): CodeIgniter\CodeIgniter->run()
10 SYSTEMPATH\Boot.php(68): CodeIgniter\Boot::runCodeIgniter(Object(CodeIgniter\CodeIgniter))
11 FCPATH\index.php(59): CodeIgniter\Boot::bootWeb(Object(Config\Paths))
12 SYSTEMPATH\rewrite.php(44): require_once('C:\\Users\\ASUS\\Downloads\\Projectmagang_dr\\Projectmagang_dr\\public\\index.php')
WARNING - 2026-08-04 15:17:47 --> [DEPRECATED] Passing lowercase HTTP method "get" is deprecated. Use uppercase HTTP method like "GET". in SYSTEMPATH\Router\RouteCollection.php on line 1026.
 1 SYSTEMPATH\Router\RouteCollection.php(1026): trigger_error('Passing lowercase HTTP method "get" is deprecated. Use uppercase HTTP method like "GET".', 16384)
 2 APPPATH\Config\Routes.php(144): CodeIgniter\Router\RouteCollection->match([...], 'upload-surat-penerimaan', '\\App\\Controllers\\Sekretariat\\C_UploadSuratPenerimaan::index')
 3 SYSTEMPATH\Router\RouteCollection.php(799): CodeIgniter\Router\RouteCollection::{closure:C:\Users\ASUS\Downloads\Projectmagang_dr\Projectmagang_dr\app\Config\Routes.php:89}(Object(CodeIgniter\Router\RouteCollection))
 4 APPPATH\Config\Routes.php(89): CodeIgniter\Router\RouteCollection->group('sekretariat', [...], Object(Closure))
 5 SYSTEMPATH\Router\RouteCollection.php(339): require('C:\\Users\\ASUS\\Downloads\\Projectmagang_dr\\Projectmagang_dr\\app\\Config\\Routes.php')
 6 SYSTEMPATH\CodeIgniter.php(841): CodeIgniter\Router\RouteCollection->loadRoutes()
 7 SYSTEMPATH\CodeIgniter.php(464): CodeIgniter\CodeIgniter->tryToRouteIt(null)
 8 SYSTEMPATH\CodeIgniter.php(363): CodeIgniter\CodeIgniter->handleRequest(null, Object(Config\Cache), false)
 9 SYSTEMPATH\Boot.php(417): CodeIgniter\CodeIgniter->run()
10 SYSTEMPATH\Boot.php(68): CodeIgniter\Boot::runCodeIgniter(Object(CodeIgniter\CodeIgniter))
11 FCPATH\index.php(59): CodeIgniter\Boot::bootWeb(Object(Config\Paths))
12 SYSTEMPATH\rewrite.php(44): require_once('C:\\Users\\ASUS\\Downloads\\Projectmagang_dr\\Projectmagang_dr\\public\\index.php')
WARNING - 2026-08-04 15:17:47 --> [DEPRECATED] Passing lowercase HTTP method "post" is deprecated. Use uppercase HTTP method like "POST". in SYSTEMPATH\Router\RouteCollection.php on line 1026.
 1 SYSTEMPATH\Router\RouteCollection.php(1026): trigger_error('Passing lowercase HTTP method "post" is deprecated. Use uppercase HTTP method like "POST".', 16384)
 2 APPPATH\Config\Routes.php(144): CodeIgniter\Router\RouteCollection->match([...], 'upload-surat-penerimaan', '\\App\\Controllers\\Sekretariat\\C_UploadSuratPenerimaan::index')
 3 SYSTEMPATH\Router\RouteCollection.php(799): CodeIgniter\Router\RouteCollection::{closure:C:\Users\ASUS\Downloads\Projectmagang_dr\Projectmagang_dr\app\Config\Routes.php:89}(Object(CodeIgniter\Router\RouteCollection))
 4 APPPATH\Config\Routes.php(89): CodeIgniter\Router\RouteCollection->group('sekretariat', [...], Object(Closure))
 5 SYSTEMPATH\Router\RouteCollection.php(339): require('C:\\Users\\ASUS\\Downloads\\Projectmagang_dr\\Projectmagang_dr\\app\\Config\\Routes.php')
 6 SYSTEMPATH\CodeIgniter.php(841): CodeIgniter\Router\RouteCollection->loadRoutes()
 7 SYSTEMPATH\CodeIgniter.php(464): CodeIgniter\CodeIgniter->tryToRouteIt(null)
 8 SYSTEMPATH\CodeIgniter.php(363): CodeIgniter\CodeIgniter->handleRequest(null, Object(Config\Cache), false)
 9 SYSTEMPATH\Boot.php(417): CodeIgniter\CodeIgniter->run()
10 SYSTEMPATH\Boot.php(68): CodeIgniter\Boot::runCodeIgniter(Object(CodeIgniter\CodeIgniter))
11 FCPATH\index.php(59): CodeIgniter\Boot::bootWeb(Object(Config\Paths))
12 SYSTEMPATH\rewrite.php(44): require_once('C:\\Users\\ASUS\\Downloads\\Projectmagang_dr\\Projectmagang_dr\\public\\index.php')
WARNING - 2026-08-04 15:17:47 --> [DEPRECATED] Passing lowercase HTTP method "get" is deprecated. Use uppercase HTTP method like "GET". in SYSTEMPATH\Router\RouteCollection.php on line 1026.
 1 SYSTEMPATH\Router\RouteCollection.php(1026): trigger_error('Passing lowercase HTTP method "get" is deprecated. Use uppercase HTTP method like "GET".', 16384)
 2 APPPATH\Config\Routes.php(165): CodeIgniter\Router\RouteCollection->match([...], 'logbook', '\\App\\Controllers\\Kabid\\C_LogbookKabid::index')
 3 SYSTEMPATH\Router\RouteCollection.php(799): CodeIgniter\Router\RouteCollection::{closure:C:\Users\ASUS\Downloads\Projectmagang_dr\Projectmagang_dr\app\Config\Routes.php:153}(Object(CodeIgniter\Router\RouteCollection))
 4 APPPATH\Config\Routes.php(153): CodeIgniter\Router\RouteCollection->group('kabid', [...], Object(Closure))
 5 SYSTEMPATH\Router\RouteCollection.php(339): require('C:\\Users\\ASUS\\Downloads\\Projectmagang_dr\\Projectmagang_dr\\app\\Config\\Routes.php')
 6 SYSTEMPATH\CodeIgniter.php(841): CodeIgniter\Router\RouteCollection->loadRoutes()
 7 SYSTEMPATH\CodeIgniter.php(464): CodeIgniter\CodeIgniter->tryToRouteIt(null)
 8 SYSTEMPATH\CodeIgniter.php(363): CodeIgniter\CodeIgniter->handleRequest(null, Object(Config\Cache), false)
 9 SYSTEMPATH\Boot.php(417): CodeIgniter\CodeIgniter->run()
10 SYSTEMPATH\Boot.php(68): CodeIgniter\Boot::runCodeIgniter(Object(CodeIgniter\CodeIgniter))
11 FCPATH\index.php(59): CodeIgniter\Boot::bootWeb(Object(Config\Paths))
12 SYSTEMPATH\rewrite.php(44): require_once('C:\\Users\\ASUS\\Downloads\\Projectmagang_dr\\Projectmagang_dr\\public\\index.php')
WARNING - 2026-08-04 15:17:47 --> [DEPRECATED] Passing lowercase HTTP method "post" is deprecated. Use uppercase HTTP method like "POST". in SYSTEMPATH\Router\RouteCollection.php on line 1026.
 1 SYSTEMPATH\Router\RouteCollection.php(1026): trigger_error('Passing lowercase HTTP method "post" is deprecated. Use uppercase HTTP method like "POST".', 16384)
 2 APPPATH\Config\Routes.php(165): CodeIgniter\Router\RouteCollection->match([...], 'logbook', '\\App\\Controllers\\Kabid\\C_LogbookKabid::index')
 3 SYSTEMPATH\Router\RouteCollection.php(799): CodeIgniter\Router\RouteCollection::{closure:C:\Users\ASUS\Downloads\Projectmagang_dr\Projectmagang_dr\app\Config\Routes.php:153}(Object(CodeIgniter\Router\RouteCollection))
 4 APPPATH\Config\Routes.php(153): CodeIgniter\Router\RouteCollection->group('kabid', [...], Object(Closure))
 5 SYSTEMPATH\Router\RouteCollection.php(339): require('C:\\Users\\ASUS\\Downloads\\Projectmagang_dr\\Projectmagang_dr\\app\\Config\\Routes.php')
 6 SYSTEMPATH\CodeIgniter.php(841): CodeIgniter\Router\RouteCollection->loadRoutes()
 7 SYSTEMPATH\CodeIgniter.php(464): CodeIgniter\CodeIgniter->tryToRouteIt(null)
 8 SYSTEMPATH\CodeIgniter.php(363): CodeIgniter\CodeIgniter->handleRequest(null, Object(Config\Cache), false)
 9 SYSTEMPATH\Boot.php(417): CodeIgniter\CodeIgniter->run()
10 SYSTEMPATH\Boot.php(68): CodeIgniter\Boot::runCodeIgniter(Object(CodeIgniter\CodeIgniter))
11 FCPATH\index.php(59): CodeIgniter\Boot::bootWeb(Object(Config\Paths))
12 SYSTEMPATH\rewrite.php(44): require_once('C:\\Users\\ASUS\\Downloads\\Projectmagang_dr\\Projectmagang_dr\\public\\index.php')
WARNING - 2026-08-04 15:17:47 --> [DEPRECATED] Passing lowercase HTTP method "get" is deprecated. Use uppercase HTTP method like "GET". in SYSTEMPATH\Router\RouteCollection.php on line 1026.
 1 SYSTEMPATH\Router\RouteCollection.php(1026): trigger_error('Passing lowercase HTTP method "get" is deprecated. Use uppercase HTTP method like "GET".', 16384)
 2 APPPATH\Config\Routes.php(177): CodeIgniter\Router\RouteCollection->match([...], 'upload-dokumen', '\\App\\Controllers\\Kabid\\C_UploadDokumen::index')
 3 SYSTEMPATH\Router\RouteCollection.php(799): CodeIgniter\Router\RouteCollection::{closure:C:\Users\ASUS\Downloads\Projectmagang_dr\Projectmagang_dr\app\Config\Routes.php:153}(Object(CodeIgniter\Router\RouteCollection))
 4 APPPATH\Config\Routes.php(153): CodeIgniter\Router\RouteCollection->group('kabid', [...], Object(Closure))
 5 SYSTEMPATH\Router\RouteCollection.php(339): require('C:\\Users\\ASUS\\Downloads\\Projectmagang_dr\\Projectmagang_dr\\app\\Config\\Routes.php')
 6 SYSTEMPATH\CodeIgniter.php(841): CodeIgniter\Router\RouteCollection->loadRoutes()
 7 SYSTEMPATH\CodeIgniter.php(464): CodeIgniter\CodeIgniter->tryToRouteIt(null)
 8 SYSTEMPATH\CodeIgniter.php(363): CodeIgniter\CodeIgniter->handleRequest(null, Object(Config\Cache), false)
 9 SYSTEMPATH\Boot.php(417): CodeIgniter\CodeIgniter->run()
10 SYSTEMPATH\Boot.php(68): CodeIgniter\Boot::runCodeIgniter(Object(CodeIgniter\CodeIgniter))
11 FCPATH\index.php(59): CodeIgniter\Boot::bootWeb(Object(Config\Paths))
12 SYSTEMPATH\rewrite.php(44): require_once('C:\\Users\\ASUS\\Downloads\\Projectmagang_dr\\Projectmagang_dr\\public\\index.php')
WARNING - 2026-08-04 15:17:47 --> [DEPRECATED] Passing lowercase HTTP method "post" is deprecated. Use uppercase HTTP method like "POST". in SYSTEMPATH\Router\RouteCollection.php on line 1026.
 1 SYSTEMPATH\Router\RouteCollection.php(1026): trigger_error('Passing lowercase HTTP method "post" is deprecated. Use uppercase HTTP method like "POST".', 16384)
 2 APPPATH\Config\Routes.php(177): CodeIgniter\Router\RouteCollection->match([...], 'upload-dokumen', '\\App\\Controllers\\Kabid\\C_UploadDokumen::index')
 3 SYSTEMPATH\Router\RouteCollection.php(799): CodeIgniter\Router\RouteCollection::{closure:C:\Users\ASUS\Downloads\Projectmagang_dr\Projectmagang_dr\app\Config\Routes.php:153}(Object(CodeIgniter\Router\RouteCollection))
 4 APPPATH\Config\Routes.php(153): CodeIgniter\Router\RouteCollection->group('kabid', [...], Object(Closure))
 5 SYSTEMPATH\Router\RouteCollection.php(339): require('C:\\Users\\ASUS\\Downloads\\Projectmagang_dr\\Projectmagang_dr\\app\\Config\\Routes.php')
 6 SYSTEMPATH\CodeIgniter.php(841): CodeIgniter\Router\RouteCollection->loadRoutes()
 7 SYSTEMPATH\CodeIgniter.php(464): CodeIgniter\CodeIgniter->tryToRouteIt(null)
 8 SYSTEMPATH\CodeIgniter.php(363): CodeIgniter\CodeIgniter->handleRequest(null, Object(Config\Cache), false)
 9 SYSTEMPATH\Boot.php(417): CodeIgniter\CodeIgniter->run()
10 SYSTEMPATH\Boot.php(68): CodeIgniter\Boot::runCodeIgniter(Object(CodeIgniter\CodeIgniter))
11 FCPATH\index.php(59): CodeIgniter\Boot::bootWeb(Object(Config\Paths))
12 SYSTEMPATH\rewrite.php(44): require_once('C:\\Users\\ASUS\\Downloads\\Projectmagang_dr\\Projectmagang_dr\\public\\index.php')
ERROR - 2026-08-04 15:17:48 --> Error connecting to the database: mysqli_sql_exception: Unknown database 'db_elayanan_akademik_kominfo' in C:\Users\ASUS\Downloads\Projectmagang_dr\Projectmagang_dr\vendor\codeigniter4\framework\system\Database\MySQLi\Connection.php:201
Stack trace:
#0 C:\Users\ASUS\Downloads\Projectmagang_dr\Projectmagang_dr\vendor\codeigniter4\framework\system\Database\MySQLi\Connection.php(201): mysqli->real_connect()
#1 C:\Users\ASUS\Downloads\Projectmagang_dr\Projectmagang_dr\vendor\codeigniter4\framework\system\Database\BaseConnection.php(555): CodeIgniter\Database\MySQLi\Connection->connect()
#2 C:\Users\ASUS\Downloads\Projectmagang_dr\Projectmagang_dr\vendor\codeigniter4\framework\system\Database\BaseConnection.php(795): CodeIgniter\Database\BaseConnection->initialize()
#3 C:\Users\ASUS\Downloads\Projectmagang_dr\Projectmagang_dr\vendor\codeigniter4\framework\system\Database\BaseBuilder.php(1647): CodeIgniter\Database\BaseConnection->query()
#4 C:\Users\ASUS\Downloads\Projectmagang_dr\Projectmagang_dr\vendor\codeigniter4\framework\system\Model.php(255): CodeIgniter\Database\BaseBuilder->get()
#5 C:\Users\ASUS\Downloads\Projectmagang_dr\Projectmagang_dr\vendor\codeigniter4\framework\system\BaseModel.php(676): CodeIgniter\Model->doFindAll()
#6 C:\Users\ASUS\Downloads\Projectmagang_dr\Projectmagang_dr\app\Controllers\AuthController.php(31): CodeIgniter\BaseModel->findAll()
#7 C:\Users\ASUS\Downloads\Projectmagang_dr\Projectmagang_dr\vendor\codeigniter4\framework\system\CodeIgniter.php(974): App\Controllers\AuthController->register()
#8 C:\Users\ASUS\Downloads\Projectmagang_dr\Projectmagang_dr\vendor\codeigniter4\framework\system\CodeIgniter.php(520): CodeIgniter\CodeIgniter->runController()
#9 C:\Users\ASUS\Downloads\Projectmagang_dr\Projectmagang_dr\vendor\codeigniter4\framework\system\CodeIgniter.php(363): CodeIgniter\CodeIgniter->handleRequest()
#10 C:\Users\ASUS\Downloads\Projectmagang_dr\Projectmagang_dr\vendor\codeigniter4\framework\system\Boot.php(417): CodeIgniter\CodeIgniter->run()
#11 C:\Users\ASUS\Downloads\Projectmagang_dr\Projectmagang_dr\vendor\codeigniter4\framework\system\Boot.php(68): CodeIgniter\Boot::runCodeIgniter()
#12 C:\Users\ASUS\Downloads\Projectmagang_dr\Projectmagang_dr\public\index.php(59): CodeIgniter\Boot::bootWeb()
#13 C:\Users\ASUS\Downloads\Projectmagang_dr\Projectmagang_dr\vendor\codeigniter4\framework\system\rewrite.php(44): require_once('...')
#14 {main}

Next CodeIgniter\Database\Exceptions\DatabaseException: Unknown database 'db_elayanan_akademik_kominfo' in C:\Users\ASUS\Downloads\Projectmagang_dr\Projectmagang_dr\vendor\codeigniter4\framework\system\Database\MySQLi\Connection.php:231
Stack trace:
#0 C:\Users\ASUS\Downloads\Projectmagang_dr\Projectmagang_dr\vendor\codeigniter4\framework\system\Database\BaseConnection.php(555): CodeIgniter\Database\MySQLi\Connection->connect()
#1 C:\Users\ASUS\Downloads\Projectmagang_dr\Projectmagang_dr\vendor\codeigniter4\framework\system\Database\BaseConnection.php(795): CodeIgniter\Database\BaseConnection->initialize()
#2 C:\Users\ASUS\Downloads\Projectmagang_dr\Projectmagang_dr\vendor\codeigniter4\framework\system\Database\BaseBuilder.php(1647): CodeIgniter\Database\BaseConnection->query()
#3 C:\Users\ASUS\Downloads\Projectmagang_dr\Projectmagang_dr\vendor\codeigniter4\framework\system\Model.php(255): CodeIgniter\Database\BaseBuilder->get()
#4 C:\Users\ASUS\Downloads\Projectmagang_dr\Projectmagang_dr\vendor\codeigniter4\framework\system\BaseModel.php(676): CodeIgniter\Model->doFindAll()
#5 C:\Users\ASUS\Downloads\Projectmagang_dr\Projectmagang_dr\app\Controllers\AuthController.php(31): CodeIgniter\BaseModel->findAll()
#6 C:\Users\ASUS\Downloads\Projectmagang_dr\Projectmagang_dr\vendor\codeigniter4\framework\system\CodeIgniter.php(974): App\Controllers\AuthController->register()
#7 C:\Users\ASUS\Downloads\Projectmagang_dr\Projectmagang_dr\vendor\codeigniter4\framework\system\CodeIgniter.php(520): CodeIgniter\CodeIgniter->runController()
#8 C:\Users\ASUS\Downloads\Projectmagang_dr\Projectmagang_dr\vendor\codeigniter4\framework\system\CodeIgniter.php(363): CodeIgniter\CodeIgniter->handleRequest()
#9 C:\Users\ASUS\Downloads\Projectmagang_dr\Projectmagang_dr\vendor\codeigniter4\framework\system\Boot.php(417): CodeIgniter\CodeIgniter->run()
#10 C:\Users\ASUS\Downloads\Projectmagang_dr\Projectmagang_dr\vendor\codeigniter4\framework\system\Boot.php(68): CodeIgniter\Boot::runCodeIgniter()
#11 C:\Users\ASUS\Downloads\Projectmagang_dr\Projectmagang_dr\public\index.php(59): CodeIgniter\Boot::bootWeb()
#12 C:\Users\ASUS\Downloads\Projectmagang_dr\Projectmagang_dr\vendor\codeigniter4\framework\system\rewrite.php(44): require_once('...')
#13 {main}
CRITICAL - 2026-08-04 15:17:48 --> CodeIgniter\Database\Exceptions\DatabaseException: Unable to connect to the database.
Main connection [MySQLi]: Unknown database 'db_elayanan_akademik_kominfo'
[Method: GET, Route: register]
in SYSTEMPATH\Database\BaseConnection.php on line 606.
 1 SYSTEMPATH\Database\BaseConnection.php(795): CodeIgniter\Database\BaseConnection->initialize()
 2 SYSTEMPATH\Database\BaseBuilder.php(1647): CodeIgniter\Database\BaseConnection->query()
 3 SYSTEMPATH\Model.php(255): CodeIgniter\Database\BaseBuilder->get()
 4 SYSTEMPATH\BaseModel.php(676): CodeIgniter\Model->doFindAll()
 5 APPPATH\Controllers\AuthController.php(31): CodeIgniter\BaseModel->findAll()
 6 SYSTEMPATH\CodeIgniter.php(974): App\Controllers\AuthController->register()
 7 SYSTEMPATH\CodeIgniter.php(520): CodeIgniter\CodeIgniter->runController()
 8 SYSTEMPATH\CodeIgniter.php(363): CodeIgniter\CodeIgniter->handleRequest()
 9 SYSTEMPATH\Boot.php(417): CodeIgniter\CodeIgniter->run()
10 SYSTEMPATH\Boot.php(68): CodeIgniter\Boot::runCodeIgniter()
11 FCPATH\index.php(59): CodeIgniter\Boot::bootWeb()
12 SYSTEMPATH\rewrite.php(44): require_once('C:\\Users\\ASUS\\Downloads\\Projectmagang_dr\\Projectmagang_dr\\public\\index.php')
WARNING - 2026-08-04 15:17:48 --> [DEPRECATED] Passing lowercase HTTP method "get" is deprecated. Use uppercase HTTP method like "GET". in SYSTEMPATH\Router\RouteCollection.php on line 1026.
 1 SYSTEMPATH\Router\RouteCollection.php(1026): trigger_error('Passing lowercase HTTP method "get" is deprecated. Use uppercase HTTP method like "GET".', 16384)
 2 APPPATH\Config\Routes.php(77): CodeIgniter\Router\RouteCollection->match([...], 'logbook', 'C_Logbook::logbook')
 3 SYSTEMPATH\Router\RouteCollection.php(799): CodeIgniter\Router\RouteCollection::{closure:C:\Users\ASUS\Downloads\Projectmagang_dr\Projectmagang_dr\app\Config\Routes.php:59}(Object(CodeIgniter\Router\RouteCollection))
 4 APPPATH\Config\Routes.php(59): CodeIgniter\Router\RouteCollection->group('mahasiswa', [...], Object(Closure))
 5 SYSTEMPATH\Router\RouteCollection.php(339): require('C:\\Users\\ASUS\\Downloads\\Projectmagang_dr\\Projectmagang_dr\\app\\Config\\Routes.php')
 6 SYSTEMPATH\CodeIgniter.php(841): CodeIgniter\Router\RouteCollection->loadRoutes()
 7 SYSTEMPATH\CodeIgniter.php(464): CodeIgniter\CodeIgniter->tryToRouteIt(null)
 8 SYSTEMPATH\CodeIgniter.php(363): CodeIgniter\CodeIgniter->handleRequest(null, Object(Config\Cache), false)
 9 SYSTEMPATH\Boot.php(417): CodeIgniter\CodeIgniter->run()
10 SYSTEMPATH\Boot.php(68): CodeIgniter\Boot::runCodeIgniter(Object(CodeIgniter\CodeIgniter))
11 FCPATH\index.php(59): CodeIgniter\Boot::bootWeb(Object(Config\Paths))
12 SYSTEMPATH\rewrite.php(44): require_once('C:\\Users\\ASUS\\Downloads\\Projectmagang_dr\\Projectmagang_dr\\public\\index.php')
WARNING - 2026-08-04 15:17:48 --> [DEPRECATED] Passing lowercase HTTP method "post" is deprecated. Use uppercase HTTP method like "POST". in SYSTEMPATH\Router\RouteCollection.php on line 1026.
 1 SYSTEMPATH\Router\RouteCollection.php(1026): trigger_error('Passing lowercase HTTP method "post" is deprecated. Use uppercase HTTP method like "POST".', 16384)
 2 APPPATH\Config\Routes.php(77): CodeIgniter\Router\RouteCollection->match([...], 'logbook', 'C_Logbook::logbook')
 3 SYSTEMPATH\Router\RouteCollection.php(799): CodeIgniter\Router\RouteCollection::{closure:C:\Users\ASUS\Downloads\Projectmagang_dr\Projectmagang_dr\app\Config\Routes.php:59}(Object(CodeIgniter\Router\RouteCollection))
 4 APPPATH\Config\Routes.php(59): CodeIgniter\Router\RouteCollection->group('mahasiswa', [...], Object(Closure))
 5 SYSTEMPATH\Router\RouteCollection.php(339): require('C:\\Users\\ASUS\\Downloads\\Projectmagang_dr\\Projectmagang_dr\\app\\Config\\Routes.php')
 6 SYSTEMPATH\CodeIgniter.php(841): CodeIgniter\Router\RouteCollection->loadRoutes()
 7 SYSTEMPATH\CodeIgniter.php(464): CodeIgniter\CodeIgniter->tryToRouteIt(null)
 8 SYSTEMPATH\CodeIgniter.php(363): CodeIgniter\CodeIgniter->handleRequest(null, Object(Config\Cache), false)
 9 SYSTEMPATH\Boot.php(417): CodeIgniter\CodeIgniter->run()
10 SYSTEMPATH\Boot.php(68): CodeIgniter\Boot::runCodeIgniter(Object(CodeIgniter\CodeIgniter))
11 FCPATH\index.php(59): CodeIgniter\Boot::bootWeb(Object(Config\Paths))
12 SYSTEMPATH\rewrite.php(44): require_once('C:\\Users\\ASUS\\Downloads\\Projectmagang_dr\\Projectmagang_dr\\public\\index.php')
WARNING - 2026-08-04 15:17:48 --> [DEPRECATED] Passing lowercase HTTP method "get" is deprecated. Use uppercase HTTP method like "GET". in SYSTEMPATH\Router\RouteCollection.php on line 1026.
 1 SYSTEMPATH\Router\RouteCollection.php(1026): trigger_error('Passing lowercase HTTP method "get" is deprecated. Use uppercase HTTP method like "GET".', 16384)
 2 APPPATH\Config\Routes.php(95): CodeIgniter\Router\RouteCollection->match([...], 'verifikasi', '\\App\\Controllers\\Sekretariat\\C_Verifikasi::index')
 3 SYSTEMPATH\Router\RouteCollection.php(799): CodeIgniter\Router\RouteCollection::{closure:C:\Users\ASUS\Downloads\Projectmagang_dr\Projectmagang_dr\app\Config\Routes.php:89}(Object(CodeIgniter\Router\RouteCollection))
 4 APPPATH\Config\Routes.php(89): CodeIgniter\Router\RouteCollection->group('sekretariat', [...], Object(Closure))
 5 SYSTEMPATH\Router\RouteCollection.php(339): require('C:\\Users\\ASUS\\Downloads\\Projectmagang_dr\\Projectmagang_dr\\app\\Config\\Routes.php')
 6 SYSTEMPATH\CodeIgniter.php(841): CodeIgniter\Router\RouteCollection->loadRoutes()
 7 SYSTEMPATH\CodeIgniter.php(464): CodeIgniter\CodeIgniter->tryToRouteIt(null)
 8 SYSTEMPATH\CodeIgniter.php(363): CodeIgniter\CodeIgniter->handleRequest(null, Object(Config\Cache), false)
 9 SYSTEMPATH\Boot.php(417): CodeIgniter\CodeIgniter->run()
10 SYSTEMPATH\Boot.php(68): CodeIgniter\Boot::runCodeIgniter(Object(CodeIgniter\CodeIgniter))
11 FCPATH\index.php(59): CodeIgniter\Boot::bootWeb(Object(Config\Paths))
12 SYSTEMPATH\rewrite.php(44): require_once('C:\\Users\\ASUS\\Downloads\\Projectmagang_dr\\Projectmagang_dr\\public\\index.php')
WARNING - 2026-08-04 15:17:48 --> [DEPRECATED] Passing lowercase HTTP method "post" is deprecated. Use uppercase HTTP method like "POST". in SYSTEMPATH\Router\RouteCollection.php on line 1026.
 1 SYSTEMPATH\Router\RouteCollection.php(1026): trigger_error('Passing lowercase HTTP method "post" is deprecated. Use uppercase HTTP method like "POST".', 16384)
 2 APPPATH\Config\Routes.php(95): CodeIgniter\Router\RouteCollection->match([...], 'verifikasi', '\\App\\Controllers\\Sekretariat\\C_Verifikasi::index')
 3 SYSTEMPATH\Router\RouteCollection.php(799): CodeIgniter\Router\RouteCollection::{closure:C:\Users\ASUS\Downloads\Projectmagang_dr\Projectmagang_dr\app\Config\Routes.php:89}(Object(CodeIgniter\Router\RouteCollection))
 4 APPPATH\Config\Routes.php(89): CodeIgniter\Router\RouteCollection->group('sekretariat', [...], Object(Closure))
 5 SYSTEMPATH\Router\RouteCollection.php(339): require('C:\\Users\\ASUS\\Downloads\\Projectmagang_dr\\Projectmagang_dr\\app\\Config\\Routes.php')
 6 SYSTEMPATH\CodeIgniter.php(841): CodeIgniter\Router\RouteCollection->loadRoutes()
 7 SYSTEMPATH\CodeIgniter.php(464): CodeIgniter\CodeIgniter->tryToRouteIt(null)
 8 SYSTEMPATH\CodeIgniter.php(363): CodeIgniter\CodeIgniter->handleRequest(null, Object(Config\Cache), false)
 9 SYSTEMPATH\Boot.php(417): CodeIgniter\CodeIgniter->run()
10 SYSTEMPATH\Boot.php(68): CodeIgniter\Boot::runCodeIgniter(Object(CodeIgniter\CodeIgniter))
11 FCPATH\index.php(59): CodeIgniter\Boot::bootWeb(Object(Config\Paths))
12 SYSTEMPATH\rewrite.php(44): require_once('C:\\Users\\ASUS\\Downloads\\Projectmagang_dr\\Projectmagang_dr\\public\\index.php')
WARNING - 2026-08-04 15:17:48 --> [DEPRECATED] Passing lowercase HTTP method "get" is deprecated. Use uppercase HTTP method like "GET". in SYSTEMPATH\Router\RouteCollection.php on line 1026.
 1 SYSTEMPATH\Router\RouteCollection.php(1026): trigger_error('Passing lowercase HTTP method "get" is deprecated. Use uppercase HTTP method like "GET".', 16384)
 2 APPPATH\Config\Routes.php(144): CodeIgniter\Router\RouteCollection->match([...], 'upload-surat-penerimaan', '\\App\\Controllers\\Sekretariat\\C_UploadSuratPenerimaan::index')
 3 SYSTEMPATH\Router\RouteCollection.php(799): CodeIgniter\Router\RouteCollection::{closure:C:\Users\ASUS\Downloads\Projectmagang_dr\Projectmagang_dr\app\Config\Routes.php:89}(Object(CodeIgniter\Router\RouteCollection))
 4 APPPATH\Config\Routes.php(89): CodeIgniter\Router\RouteCollection->group('sekretariat', [...], Object(Closure))
 5 SYSTEMPATH\Router\RouteCollection.php(339): require('C:\\Users\\ASUS\\Downloads\\Projectmagang_dr\\Projectmagang_dr\\app\\Config\\Routes.php')
 6 SYSTEMPATH\CodeIgniter.php(841): CodeIgniter\Router\RouteCollection->loadRoutes()
 7 SYSTEMPATH\CodeIgniter.php(464): CodeIgniter\CodeIgniter->tryToRouteIt(null)
 8 SYSTEMPATH\CodeIgniter.php(363): CodeIgniter\CodeIgniter->handleRequest(null, Object(Config\Cache), false)
 9 SYSTEMPATH\Boot.php(417): CodeIgniter\CodeIgniter->run()
10 SYSTEMPATH\Boot.php(68): CodeIgniter\Boot::runCodeIgniter(Object(CodeIgniter\CodeIgniter))
11 FCPATH\index.php(59): CodeIgniter\Boot::bootWeb(Object(Config\Paths))
12 SYSTEMPATH\rewrite.php(44): require_once('C:\\Users\\ASUS\\Downloads\\Projectmagang_dr\\Projectmagang_dr\\public\\index.php')
WARNING - 2026-08-04 15:17:48 --> [DEPRECATED] Passing lowercase HTTP method "post" is deprecated. Use uppercase HTTP method like "POST". in SYSTEMPATH\Router\RouteCollection.php on line 1026.
 1 SYSTEMPATH\Router\RouteCollection.php(1026): trigger_error('Passing lowercase HTTP method "post" is deprecated. Use uppercase HTTP method like "POST".', 16384)
 2 APPPATH\Config\Routes.php(144): CodeIgniter\Router\RouteCollection->match([...], 'upload-surat-penerimaan', '\\App\\Controllers\\Sekretariat\\C_UploadSuratPenerimaan::index')
 3 SYSTEMPATH\Router\RouteCollection.php(799): CodeIgniter\Router\RouteCollection::{closure:C:\Users\ASUS\Downloads\Projectmagang_dr\Projectmagang_dr\app\Config\Routes.php:89}(Object(CodeIgniter\Router\RouteCollection))
 4 APPPATH\Config\Routes.php(89): CodeIgniter\Router\RouteCollection->group('sekretariat', [...], Object(Closure))
 5 SYSTEMPATH\Router\RouteCollection.php(339): require('C:\\Users\\ASUS\\Downloads\\Projectmagang_dr\\Projectmagang_dr\\app\\Config\\Routes.php')
 6 SYSTEMPATH\CodeIgniter.php(841): CodeIgniter\Router\RouteCollection->loadRoutes()
 7 SYSTEMPATH\CodeIgniter.php(464): CodeIgniter\CodeIgniter->tryToRouteIt(null)
 8 SYSTEMPATH\CodeIgniter.php(363): CodeIgniter\CodeIgniter->handleRequest(null, Object(Config\Cache), false)
 9 SYSTEMPATH\Boot.php(417): CodeIgniter\CodeIgniter->run()
10 SYSTEMPATH\Boot.php(68): CodeIgniter\Boot::runCodeIgniter(Object(CodeIgniter\CodeIgniter))
11 FCPATH\index.php(59): CodeIgniter\Boot::bootWeb(Object(Config\Paths))
12 SYSTEMPATH\rewrite.php(44): require_once('C:\\Users\\ASUS\\Downloads\\Projectmagang_dr\\Projectmagang_dr\\public\\index.php')
WARNING - 2026-08-04 15:17:48 --> [DEPRECATED] Passing lowercase HTTP method "get" is deprecated. Use uppercase HTTP method like "GET". in SYSTEMPATH\Router\RouteCollection.php on line 1026.
 1 SYSTEMPATH\Router\RouteCollection.php(1026): trigger_error('Passing lowercase HTTP method "get" is deprecated. Use uppercase HTTP method like "GET".', 16384)
 2 APPPATH\Config\Routes.php(165): CodeIgniter\Router\RouteCollection->match([...], 'logbook', '\\App\\Controllers\\Kabid\\C_LogbookKabid::index')
 3 SYSTEMPATH\Router\RouteCollection.php(799): CodeIgniter\Router\RouteCollection::{closure:C:\Users\ASUS\Downloads\Projectmagang_dr\Projectmagang_dr\app\Config\Routes.php:153}(Object(CodeIgniter\Router\RouteCollection))
 4 APPPATH\Config\Routes.php(153): CodeIgniter\Router\RouteCollection->group('kabid', [...], Object(Closure))
 5 SYSTEMPATH\Router\RouteCollection.php(339): require('C:\\Users\\ASUS\\Downloads\\Projectmagang_dr\\Projectmagang_dr\\app\\Config\\Routes.php')
 6 SYSTEMPATH\CodeIgniter.php(841): CodeIgniter\Router\RouteCollection->loadRoutes()
 7 SYSTEMPATH\CodeIgniter.php(464): CodeIgniter\CodeIgniter->tryToRouteIt(null)
 8 SYSTEMPATH\CodeIgniter.php(363): CodeIgniter\CodeIgniter->handleRequest(null, Object(Config\Cache), false)
 9 SYSTEMPATH\Boot.php(417): CodeIgniter\CodeIgniter->run()
10 SYSTEMPATH\Boot.php(68): CodeIgniter\Boot::runCodeIgniter(Object(CodeIgniter\CodeIgniter))
11 FCPATH\index.php(59): CodeIgniter\Boot::bootWeb(Object(Config\Paths))
12 SYSTEMPATH\rewrite.php(44): require_once('C:\\Users\\ASUS\\Downloads\\Projectmagang_dr\\Projectmagang_dr\\public\\index.php')
WARNING - 2026-08-04 15:17:48 --> [DEPRECATED] Passing lowercase HTTP method "post" is deprecated. Use uppercase HTTP method like "POST". in SYSTEMPATH\Router\RouteCollection.php on line 1026.
 1 SYSTEMPATH\Router\RouteCollection.php(1026): trigger_error('Passing lowercase HTTP method "post" is deprecated. Use uppercase HTTP method like "POST".', 16384)
 2 APPPATH\Config\Routes.php(165): CodeIgniter\Router\RouteCollection->match([...], 'logbook', '\\App\\Controllers\\Kabid\\C_LogbookKabid::index')
 3 SYSTEMPATH\Router\RouteCollection.php(799): CodeIgniter\Router\RouteCollection::{closure:C:\Users\ASUS\Downloads\Projectmagang_dr\Projectmagang_dr\app\Config\Routes.php:153}(Object(CodeIgniter\Router\RouteCollection))
 4 APPPATH\Config\Routes.php(153): CodeIgniter\Router\RouteCollection->group('kabid', [...], Object(Closure))
 5 SYSTEMPATH\Router\RouteCollection.php(339): require('C:\\Users\\ASUS\\Downloads\\Projectmagang_dr\\Projectmagang_dr\\app\\Config\\Routes.php')
 6 SYSTEMPATH\CodeIgniter.php(841): CodeIgniter\Router\RouteCollection->loadRoutes()
 7 SYSTEMPATH\CodeIgniter.php(464): CodeIgniter\CodeIgniter->tryToRouteIt(null)
 8 SYSTEMPATH\CodeIgniter.php(363): CodeIgniter\CodeIgniter->handleRequest(null, Object(Config\Cache), false)
 9 SYSTEMPATH\Boot.php(417): CodeIgniter\CodeIgniter->run()
10 SYSTEMPATH\Boot.php(68): CodeIgniter\Boot::runCodeIgniter(Object(CodeIgniter\CodeIgniter))
11 FCPATH\index.php(59): CodeIgniter\Boot::bootWeb(Object(Config\Paths))
12 SYSTEMPATH\rewrite.php(44): require_once('C:\\Users\\ASUS\\Downloads\\Projectmagang_dr\\Projectmagang_dr\\public\\index.php')
WARNING - 2026-08-04 15:17:48 --> [DEPRECATED] Passing lowercase HTTP method "get" is deprecated. Use uppercase HTTP method like "GET". in SYSTEMPATH\Router\RouteCollection.php on line 1026.
 1 SYSTEMPATH\Router\RouteCollection.php(1026): trigger_error('Passing lowercase HTTP method "get" is deprecated. Use uppercase HTTP method like "GET".', 16384)
 2 APPPATH\Config\Routes.php(177): CodeIgniter\Router\RouteCollection->match([...], 'upload-dokumen', '\\App\\Controllers\\Kabid\\C_UploadDokumen::index')
 3 SYSTEMPATH\Router\RouteCollection.php(799): CodeIgniter\Router\RouteCollection::{closure:C:\Users\ASUS\Downloads\Projectmagang_dr\Projectmagang_dr\app\Config\Routes.php:153}(Object(CodeIgniter\Router\RouteCollection))
 4 APPPATH\Config\Routes.php(153): CodeIgniter\Router\RouteCollection->group('kabid', [...], Object(Closure))
 5 SYSTEMPATH\Router\RouteCollection.php(339): require('C:\\Users\\ASUS\\Downloads\\Projectmagang_dr\\Projectmagang_dr\\app\\Config\\Routes.php')
 6 SYSTEMPATH\CodeIgniter.php(841): CodeIgniter\Router\RouteCollection->loadRoutes()
 7 SYSTEMPATH\CodeIgniter.php(464): CodeIgniter\CodeIgniter->tryToRouteIt(null)
 8 SYSTEMPATH\CodeIgniter.php(363): CodeIgniter\CodeIgniter->handleRequest(null, Object(Config\Cache), false)
 9 SYSTEMPATH\Boot.php(417): CodeIgniter\CodeIgniter->run()
10 SYSTEMPATH\Boot.php(68): CodeIgniter\Boot::runCodeIgniter(Object(CodeIgniter\CodeIgniter))
11 FCPATH\index.php(59): CodeIgniter\Boot::bootWeb(Object(Config\Paths))
12 SYSTEMPATH\rewrite.php(44): require_once('C:\\Users\\ASUS\\Downloads\\Projectmagang_dr\\Projectmagang_dr\\public\\index.php')
WARNING - 2026-08-04 15:17:48 --> [DEPRECATED] Passing lowercase HTTP method "post" is deprecated. Use uppercase HTTP method like "POST". in SYSTEMPATH\Router\RouteCollection.php on line 1026.
 1 SYSTEMPATH\Router\RouteCollection.php(1026): trigger_error('Passing lowercase HTTP method "post" is deprecated. Use uppercase HTTP method like "POST".', 16384)
 2 APPPATH\Config\Routes.php(177): CodeIgniter\Router\RouteCollection->match([...], 'upload-dokumen', '\\App\\Controllers\\Kabid\\C_UploadDokumen::index')
 3 SYSTEMPATH\Router\RouteCollection.php(799): CodeIgniter\Router\RouteCollection::{closure:C:\Users\ASUS\Downloads\Projectmagang_dr\Projectmagang_dr\app\Config\Routes.php:153}(Object(CodeIgniter\Router\RouteCollection))
 4 APPPATH\Config\Routes.php(153): CodeIgniter\Router\RouteCollection->group('kabid', [...], Object(Closure))
 5 SYSTEMPATH\Router\RouteCollection.php(339): require('C:\\Users\\ASUS\\Downloads\\Projectmagang_dr\\Projectmagang_dr\\app\\Config\\Routes.php')
 6 SYSTEMPATH\CodeIgniter.php(841): CodeIgniter\Router\RouteCollection->loadRoutes()
 7 SYSTEMPATH\CodeIgniter.php(464): CodeIgniter\CodeIgniter->tryToRouteIt(null)
 8 SYSTEMPATH\CodeIgniter.php(363): CodeIgniter\CodeIgniter->handleRequest(null, Object(Config\Cache), false)
 9 SYSTEMPATH\Boot.php(417): CodeIgniter\CodeIgniter->run()
10 SYSTEMPATH\Boot.php(68): CodeIgniter\Boot::runCodeIgniter(Object(CodeIgniter\CodeIgniter))
11 FCPATH\index.php(59): CodeIgniter\Boot::bootWeb(Object(Config\Paths))
12 SYSTEMPATH\rewrite.php(44): require_once('C:\\Users\\ASUS\\Downloads\\Projectmagang_dr\\Projectmagang_dr\\public\\index.php')
ERROR - 2026-08-04 15:17:48 --> Error connecting to the database: mysqli_sql_exception: Unknown database 'db_elayanan_akademik_kominfo' in C:\Users\ASUS\Downloads\Projectmagang_dr\Projectmagang_dr\vendor\codeigniter4\framework\system\Database\MySQLi\Connection.php:201
Stack trace:
#0 C:\Users\ASUS\Downloads\Projectmagang_dr\Projectmagang_dr\vendor\codeigniter4\framework\system\Database\MySQLi\Connection.php(201): mysqli->real_connect()
#1 C:\Users\ASUS\Downloads\Projectmagang_dr\Projectmagang_dr\vendor\codeigniter4\framework\system\Database\BaseConnection.php(555): CodeIgniter\Database\MySQLi\Connection->connect()
#2 C:\Users\ASUS\Downloads\Projectmagang_dr\Projectmagang_dr\vendor\codeigniter4\framework\system\Database\BaseConnection.php(795): CodeIgniter\Database\BaseConnection->initialize()
#3 C:\Users\ASUS\Downloads\Projectmagang_dr\Projectmagang_dr\vendor\codeigniter4\framework\system\Database\BaseBuilder.php(1647): CodeIgniter\Database\BaseConnection->query()
#4 C:\Users\ASUS\Downloads\Projectmagang_dr\Projectmagang_dr\vendor\codeigniter4\framework\system\Model.php(255): CodeIgniter\Database\BaseBuilder->get()
#5 C:\Users\ASUS\Downloads\Projectmagang_dr\Projectmagang_dr\vendor\codeigniter4\framework\system\BaseModel.php(676): CodeIgniter\Model->doFindAll()
#6 C:\Users\ASUS\Downloads\Projectmagang_dr\Projectmagang_dr\app\Controllers\AuthController.php(31): CodeIgniter\BaseModel->findAll()
#7 C:\Users\ASUS\Downloads\Projectmagang_dr\Projectmagang_dr\vendor\codeigniter4\framework\system\CodeIgniter.php(974): App\Controllers\AuthController->register()
#8 C:\Users\ASUS\Downloads\Projectmagang_dr\Projectmagang_dr\vendor\codeigniter4\framework\system\CodeIgniter.php(520): CodeIgniter\CodeIgniter->runController()
#9 C:\Users\ASUS\Downloads\Projectmagang_dr\Projectmagang_dr\vendor\codeigniter4\framework\system\CodeIgniter.php(363): CodeIgniter\CodeIgniter->handleRequest()
#10 C:\Users\ASUS\Downloads\Projectmagang_dr\Projectmagang_dr\vendor\codeigniter4\framework\system\Boot.php(417): CodeIgniter\CodeIgniter->run()
#11 C:\Users\ASUS\Downloads\Projectmagang_dr\Projectmagang_dr\vendor\codeigniter4\framework\system\Boot.php(68): CodeIgniter\Boot::runCodeIgniter()
#12 C:\Users\ASUS\Downloads\Projectmagang_dr\Projectmagang_dr\public\index.php(59): CodeIgniter\Boot::bootWeb()
#13 C:\Users\ASUS\Downloads\Projectmagang_dr\Projectmagang_dr\vendor\codeigniter4\framework\system\rewrite.php(44): require_once('...')
#14 {main}

Next CodeIgniter\Database\Exceptions\DatabaseException: Unknown database 'db_elayanan_akademik_kominfo' in C:\Users\ASUS\Downloads\Projectmagang_dr\Projectmagang_dr\vendor\codeigniter4\framework\system\Database\MySQLi\Connection.php:231
Stack trace:
#0 C:\Users\ASUS\Downloads\Projectmagang_dr\Projectmagang_dr\vendor\codeigniter4\framework\system\Database\BaseConnection.php(555): CodeIgniter\Database\MySQLi\Connection->connect()
#1 C:\Users\ASUS\Downloads\Projectmagang_dr\Projectmagang_dr\vendor\codeigniter4\framework\system\Database\BaseConnection.php(795): CodeIgniter\Database\BaseConnection->initialize()
#2 C:\Users\ASUS\Downloads\Projectmagang_dr\Projectmagang_dr\vendor\codeigniter4\framework\system\Database\BaseBuilder.php(1647): CodeIgniter\Database\BaseConnection->query()
#3 C:\Users\ASUS\Downloads\Projectmagang_dr\Projectmagang_dr\vendor\codeigniter4\framework\system\Model.php(255): CodeIgniter\Database\BaseBuilder->get()
#4 C:\Users\ASUS\Downloads\Projectmagang_dr\Projectmagang_dr\vendor\codeigniter4\framework\system\BaseModel.php(676): CodeIgniter\Model->doFindAll()
#5 C:\Users\ASUS\Downloads\Projectmagang_dr\Projectmagang_dr\app\Controllers\AuthController.php(31): CodeIgniter\BaseModel->findAll()
#6 C:\Users\ASUS\Downloads\Projectmagang_dr\Projectmagang_dr\vendor\codeigniter4\framework\system\CodeIgniter.php(974): App\Controllers\AuthController->register()
#7 C:\Users\ASUS\Downloads\Projectmagang_dr\Projectmagang_dr\vendor\codeigniter4\framework\system\CodeIgniter.php(520): CodeIgniter\CodeIgniter->runController()
#8 C:\Users\ASUS\Downloads\Projectmagang_dr\Projectmagang_dr\vendor\codeigniter4\framework\system\CodeIgniter.php(363): CodeIgniter\CodeIgniter->handleRequest()
#9 C:\Users\ASUS\Downloads\Projectmagang_dr\Projectmagang_dr\vendor\codeigniter4\framework\system\Boot.php(417): CodeIgniter\CodeIgniter->run()
#10 C:\Users\ASUS\Downloads\Projectmagang_dr\Projectmagang_dr\vendor\codeigniter4\framework\system\Boot.php(68): CodeIgniter\Boot::runCodeIgniter()
#11 C:\Users\ASUS\Downloads\Projectmagang_dr\Projectmagang_dr\public\index.php(59): CodeIgniter\Boot::bootWeb()
#12 C:\Users\ASUS\Downloads\Projectmagang_dr\Projectmagang_dr\vendor\codeigniter4\framework\system\rewrite.php(44): require_once('...')
#13 {main}
CRITICAL - 2026-08-04 15:17:48 --> CodeIgniter\Database\Exceptions\DatabaseException: Unable to connect to the database.
Main connection [MySQLi]: Unknown database 'db_elayanan_akademik_kominfo'
[Method: GET, Route: register]
in SYSTEMPATH\Database\BaseConnection.php on line 606.
 1 SYSTEMPATH\Database\BaseConnection.php(795): CodeIgniter\Database\BaseConnection->initialize()
 2 SYSTEMPATH\Database\BaseBuilder.php(1647): CodeIgniter\Database\BaseConnection->query()
 3 SYSTEMPATH\Model.php(255): CodeIgniter\Database\BaseBuilder->get()
 4 SYSTEMPATH\BaseModel.php(676): CodeIgniter\Model->doFindAll()
 5 APPPATH\Controllers\AuthController.php(31): CodeIgniter\BaseModel->findAll()
 6 SYSTEMPATH\CodeIgniter.php(974): App\Controllers\AuthController->register()
 7 SYSTEMPATH\CodeIgniter.php(520): CodeIgniter\CodeIgniter->runController()
 8 SYSTEMPATH\CodeIgniter.php(363): CodeIgniter\CodeIgniter->handleRequest()
 9 SYSTEMPATH\Boot.php(417): CodeIgniter\CodeIgniter->run()
10 SYSTEMPATH\Boot.php(68): CodeIgniter\Boot::runCodeIgniter()
11 FCPATH\index.php(59): CodeIgniter\Boot::bootWeb()
12 SYSTEMPATH\rewrite.php(44): require_once('C:\\Users\\ASUS\\Downloads\\Projectmagang_dr\\Projectmagang_dr\\public\\index.php')
WARNING - 2026-08-04 15:20:50 --> [DEPRECATED] Passing lowercase HTTP method "get" is deprecated. Use uppercase HTTP method like "GET". in SYSTEMPATH\Router\RouteCollection.php on line 1026.
 1 SYSTEMPATH\Router\RouteCollection.php(1026): trigger_error('Passing lowercase HTTP method "get" is deprecated. Use uppercase HTTP method like "GET".', 16384)
 2 APPPATH\Config\Routes.php(77): CodeIgniter\Router\RouteCollection->match([...], 'logbook', 'C_Logbook::logbook')
 3 SYSTEMPATH\Router\RouteCollection.php(799): CodeIgniter\Router\RouteCollection::{closure:C:\Users\ASUS\Downloads\Projectmagang_dr\Projectmagang_dr\app\Config\Routes.php:59}(Object(CodeIgniter\Router\RouteCollection))
 4 APPPATH\Config\Routes.php(59): CodeIgniter\Router\RouteCollection->group('mahasiswa', [...], Object(Closure))
 5 SYSTEMPATH\Router\RouteCollection.php(339): require('C:\\Users\\ASUS\\Downloads\\Projectmagang_dr\\Projectmagang_dr\\app\\Config\\Routes.php')
 6 SYSTEMPATH\CLI\Console.php(41): CodeIgniter\Router\RouteCollection->loadRoutes()
 7 SYSTEMPATH\Boot.php(442): CodeIgniter\CLI\Console->run()
 8 SYSTEMPATH\Boot.php(166): CodeIgniter\Boot::runCommand(Object(CodeIgniter\CLI\Console))
 9 ROOTPATH\spark(87): CodeIgniter\Boot::bootSpark(Object(Config\Paths))
WARNING - 2026-08-04 15:20:50 --> [DEPRECATED] Passing lowercase HTTP method "post" is deprecated. Use uppercase HTTP method like "POST". in SYSTEMPATH\Router\RouteCollection.php on line 1026.
 1 SYSTEMPATH\Router\RouteCollection.php(1026): trigger_error('Passing lowercase HTTP method "post" is deprecated. Use uppercase HTTP method like "POST".', 16384)
 2 APPPATH\Config\Routes.php(77): CodeIgniter\Router\RouteCollection->match([...], 'logbook', 'C_Logbook::logbook')
 3 SYSTEMPATH\Router\RouteCollection.php(799): CodeIgniter\Router\RouteCollection::{closure:C:\Users\ASUS\Downloads\Projectmagang_dr\Projectmagang_dr\app\Config\Routes.php:59}(Object(CodeIgniter\Router\RouteCollection))
 4 APPPATH\Config\Routes.php(59): CodeIgniter\Router\RouteCollection->group('mahasiswa', [...], Object(Closure))
 5 SYSTEMPATH\Router\RouteCollection.php(339): require('C:\\Users\\ASUS\\Downloads\\Projectmagang_dr\\Projectmagang_dr\\app\\Config\\Routes.php')
 6 SYSTEMPATH\CLI\Console.php(41): CodeIgniter\Router\RouteCollection->loadRoutes()
 7 SYSTEMPATH\Boot.php(442): CodeIgniter\CLI\Console->run()
 8 SYSTEMPATH\Boot.php(166): CodeIgniter\Boot::runCommand(Object(CodeIgniter\CLI\Console))
 9 ROOTPATH\spark(87): CodeIgniter\Boot::bootSpark(Object(Config\Paths))
WARNING - 2026-08-04 15:20:50 --> [DEPRECATED] Passing lowercase HTTP method "get" is deprecated. Use uppercase HTTP method like "GET". in SYSTEMPATH\Router\RouteCollection.php on line 1026.
 1 SYSTEMPATH\Router\RouteCollection.php(1026): trigger_error('Passing lowercase HTTP method "get" is deprecated. Use uppercase HTTP method like "GET".', 16384)
 2 APPPATH\Config\Routes.php(95): CodeIgniter\Router\RouteCollection->match([...], 'verifikasi', '\\App\\Controllers\\Sekretariat\\C_Verifikasi::index')
 3 SYSTEMPATH\Router\RouteCollection.php(799): CodeIgniter\Router\RouteCollection::{closure:C:\Users\ASUS\Downloads\Projectmagang_dr\Projectmagang_dr\app\Config\Routes.php:89}(Object(CodeIgniter\Router\RouteCollection))
 4 APPPATH\Config\Routes.php(89): CodeIgniter\Router\RouteCollection->group('sekretariat', [...], Object(Closure))
 5 SYSTEMPATH\Router\RouteCollection.php(339): require('C:\\Users\\ASUS\\Downloads\\Projectmagang_dr\\Projectmagang_dr\\app\\Config\\Routes.php')
 6 SYSTEMPATH\CLI\Console.php(41): CodeIgniter\Router\RouteCollection->loadRoutes()
 7 SYSTEMPATH\Boot.php(442): CodeIgniter\CLI\Console->run()
 8 SYSTEMPATH\Boot.php(166): CodeIgniter\Boot::runCommand(Object(CodeIgniter\CLI\Console))
 9 ROOTPATH\spark(87): CodeIgniter\Boot::bootSpark(Object(Config\Paths))
WARNING - 2026-08-04 15:20:50 --> [DEPRECATED] Passing lowercase HTTP method "post" is deprecated. Use uppercase HTTP method like "POST". in SYSTEMPATH\Router\RouteCollection.php on line 1026.
 1 SYSTEMPATH\Router\RouteCollection.php(1026): trigger_error('Passing lowercase HTTP method "post" is deprecated. Use uppercase HTTP method like "POST".', 16384)
 2 APPPATH\Config\Routes.php(95): CodeIgniter\Router\RouteCollection->match([...], 'verifikasi', '\\App\\Controllers\\Sekretariat\\C_Verifikasi::index')
 3 SYSTEMPATH\Router\RouteCollection.php(799): CodeIgniter\Router\RouteCollection::{closure:C:\Users\ASUS\Downloads\Projectmagang_dr\Projectmagang_dr\app\Config\Routes.php:89}(Object(CodeIgniter\Router\RouteCollection))
 4 APPPATH\Config\Routes.php(89): CodeIgniter\Router\RouteCollection->group('sekretariat', [...], Object(Closure))
 5 SYSTEMPATH\Router\RouteCollection.php(339): require('C:\\Users\\ASUS\\Downloads\\Projectmagang_dr\\Projectmagang_dr\\app\\Config\\Routes.php')
 6 SYSTEMPATH\CLI\Console.php(41): CodeIgniter\Router\RouteCollection->loadRoutes()
 7 SYSTEMPATH\Boot.php(442): CodeIgniter\CLI\Console->run()
 8 SYSTEMPATH\Boot.php(166): CodeIgniter\Boot::runCommand(Object(CodeIgniter\CLI\Console))
 9 ROOTPATH\spark(87): CodeIgniter\Boot::bootSpark(Object(Config\Paths))
WARNING - 2026-08-04 15:20:50 --> [DEPRECATED] Passing lowercase HTTP method "get" is deprecated. Use uppercase HTTP method like "GET". in SYSTEMPATH\Router\RouteCollection.php on line 1026.
 1 SYSTEMPATH\Router\RouteCollection.php(1026): trigger_error('Passing lowercase HTTP method "get" is deprecated. Use uppercase HTTP method like "GET".', 16384)
 2 APPPATH\Config\Routes.php(144): CodeIgniter\Router\RouteCollection->match([...], 'upload-surat-penerimaan', '\\App\\Controllers\\Sekretariat\\C_UploadSuratPenerimaan::index')
 3 SYSTEMPATH\Router\RouteCollection.php(799): CodeIgniter\Router\RouteCollection::{closure:C:\Users\ASUS\Downloads\Projectmagang_dr\Projectmagang_dr\app\Config\Routes.php:89}(Object(CodeIgniter\Router\RouteCollection))
 4 APPPATH\Config\Routes.php(89): CodeIgniter\Router\RouteCollection->group('sekretariat', [...], Object(Closure))
 5 SYSTEMPATH\Router\RouteCollection.php(339): require('C:\\Users\\ASUS\\Downloads\\Projectmagang_dr\\Projectmagang_dr\\app\\Config\\Routes.php')
 6 SYSTEMPATH\CLI\Console.php(41): CodeIgniter\Router\RouteCollection->loadRoutes()
 7 SYSTEMPATH\Boot.php(442): CodeIgniter\CLI\Console->run()
 8 SYSTEMPATH\Boot.php(166): CodeIgniter\Boot::runCommand(Object(CodeIgniter\CLI\Console))
 9 ROOTPATH\spark(87): CodeIgniter\Boot::bootSpark(Object(Config\Paths))
WARNING - 2026-08-04 15:20:50 --> [DEPRECATED] Passing lowercase HTTP method "post" is deprecated. Use uppercase HTTP method like "POST". in SYSTEMPATH\Router\RouteCollection.php on line 1026.
 1 SYSTEMPATH\Router\RouteCollection.php(1026): trigger_error('Passing lowercase HTTP method "post" is deprecated. Use uppercase HTTP method like "POST".', 16384)
 2 APPPATH\Config\Routes.php(144): CodeIgniter\Router\RouteCollection->match([...], 'upload-surat-penerimaan', '\\App\\Controllers\\Sekretariat\\C_UploadSuratPenerimaan::index')
 3 SYSTEMPATH\Router\RouteCollection.php(799): CodeIgniter\Router\RouteCollection::{closure:C:\Users\ASUS\Downloads\Projectmagang_dr\Projectmagang_dr\app\Config\Routes.php:89}(Object(CodeIgniter\Router\RouteCollection))
 4 APPPATH\Config\Routes.php(89): CodeIgniter\Router\RouteCollection->group('sekretariat', [...], Object(Closure))
 5 SYSTEMPATH\Router\RouteCollection.php(339): require('C:\\Users\\ASUS\\Downloads\\Projectmagang_dr\\Projectmagang_dr\\app\\Config\\Routes.php')
 6 SYSTEMPATH\CLI\Console.php(41): CodeIgniter\Router\RouteCollection->loadRoutes()
 7 SYSTEMPATH\Boot.php(442): CodeIgniter\CLI\Console->run()
 8 SYSTEMPATH\Boot.php(166): CodeIgniter\Boot::runCommand(Object(CodeIgniter\CLI\Console))
 9 ROOTPATH\spark(87): CodeIgniter\Boot::bootSpark(Object(Config\Paths))
WARNING - 2026-08-04 15:20:50 --> [DEPRECATED] Passing lowercase HTTP method "get" is deprecated. Use uppercase HTTP method like "GET". in SYSTEMPATH\Router\RouteCollection.php on line 1026.
 1 SYSTEMPATH\Router\RouteCollection.php(1026): trigger_error('Passing lowercase HTTP method "get" is deprecated. Use uppercase HTTP method like "GET".', 16384)
 2 APPPATH\Config\Routes.php(165): CodeIgniter\Router\RouteCollection->match([...], 'logbook', '\\App\\Controllers\\Kabid\\C_LogbookKabid::index')
 3 SYSTEMPATH\Router\RouteCollection.php(799): CodeIgniter\Router\RouteCollection::{closure:C:\Users\ASUS\Downloads\Projectmagang_dr\Projectmagang_dr\app\Config\Routes.php:153}(Object(CodeIgniter\Router\RouteCollection))
 4 APPPATH\Config\Routes.php(153): CodeIgniter\Router\RouteCollection->group('kabid', [...], Object(Closure))
 5 SYSTEMPATH\Router\RouteCollection.php(339): require('C:\\Users\\ASUS\\Downloads\\Projectmagang_dr\\Projectmagang_dr\\app\\Config\\Routes.php')
 6 SYSTEMPATH\CLI\Console.php(41): CodeIgniter\Router\RouteCollection->loadRoutes()
 7 SYSTEMPATH\Boot.php(442): CodeIgniter\CLI\Console->run()
 8 SYSTEMPATH\Boot.php(166): CodeIgniter\Boot::runCommand(Object(CodeIgniter\CLI\Console))
 9 ROOTPATH\spark(87): CodeIgniter\Boot::bootSpark(Object(Config\Paths))
WARNING - 2026-08-04 15:20:50 --> [DEPRECATED] Passing lowercase HTTP method "post" is deprecated. Use uppercase HTTP method like "POST". in SYSTEMPATH\Router\RouteCollection.php on line 1026.
 1 SYSTEMPATH\Router\RouteCollection.php(1026): trigger_error('Passing lowercase HTTP method "post" is deprecated. Use uppercase HTTP method like "POST".', 16384)
 2 APPPATH\Config\Routes.php(165): CodeIgniter\Router\RouteCollection->match([...], 'logbook', '\\App\\Controllers\\Kabid\\C_LogbookKabid::index')
 3 SYSTEMPATH\Router\RouteCollection.php(799): CodeIgniter\Router\RouteCollection::{closure:C:\Users\ASUS\Downloads\Projectmagang_dr\Projectmagang_dr\app\Config\Routes.php:153}(Object(CodeIgniter\Router\RouteCollection))
 4 APPPATH\Config\Routes.php(153): CodeIgniter\Router\RouteCollection->group('kabid', [...], Object(Closure))
 5 SYSTEMPATH\Router\RouteCollection.php(339): require('C:\\Users\\ASUS\\Downloads\\Projectmagang_dr\\Projectmagang_dr\\app\\Config\\Routes.php')
 6 SYSTEMPATH\CLI\Console.php(41): CodeIgniter\Router\RouteCollection->loadRoutes()
 7 SYSTEMPATH\Boot.php(442): CodeIgniter\CLI\Console->run()
 8 SYSTEMPATH\Boot.php(166): CodeIgniter\Boot::runCommand(Object(CodeIgniter\CLI\Console))
 9 ROOTPATH\spark(87): CodeIgniter\Boot::bootSpark(Object(Config\Paths))
WARNING - 2026-08-04 15:20:50 --> [DEPRECATED] Passing lowercase HTTP method "get" is deprecated. Use uppercase HTTP method like "GET". in SYSTEMPATH\Router\RouteCollection.php on line 1026.
 1 SYSTEMPATH\Router\RouteCollection.php(1026): trigger_error('Passing lowercase HTTP method "get" is deprecated. Use uppercase HTTP method like "GET".', 16384)
 2 APPPATH\Config\Routes.php(177): CodeIgniter\Router\RouteCollection->match([...], 'upload-dokumen', '\\App\\Controllers\\Kabid\\C_UploadDokumen::index')
 3 SYSTEMPATH\Router\RouteCollection.php(799): CodeIgniter\Router\RouteCollection::{closure:C:\Users\ASUS\Downloads\Projectmagang_dr\Projectmagang_dr\app\Config\Routes.php:153}(Object(CodeIgniter\Router\RouteCollection))
 4 APPPATH\Config\Routes.php(153): CodeIgniter\Router\RouteCollection->group('kabid', [...], Object(Closure))
 5 SYSTEMPATH\Router\RouteCollection.php(339): require('C:\\Users\\ASUS\\Downloads\\Projectmagang_dr\\Projectmagang_dr\\app\\Config\\Routes.php')
 6 SYSTEMPATH\CLI\Console.php(41): CodeIgniter\Router\RouteCollection->loadRoutes()
 7 SYSTEMPATH\Boot.php(442): CodeIgniter\CLI\Console->run()
 8 SYSTEMPATH\Boot.php(166): CodeIgniter\Boot::runCommand(Object(CodeIgniter\CLI\Console))
 9 ROOTPATH\spark(87): CodeIgniter\Boot::bootSpark(Object(Config\Paths))
WARNING - 2026-08-04 15:20:50 --> [DEPRECATED] Passing lowercase HTTP method "post" is deprecated. Use uppercase HTTP method like "POST". in SYSTEMPATH\Router\RouteCollection.php on line 1026.
 1 SYSTEMPATH\Router\RouteCollection.php(1026): trigger_error('Passing lowercase HTTP method "post" is deprecated. Use uppercase HTTP method like "POST".', 16384)
 2 APPPATH\Config\Routes.php(177): CodeIgniter\Router\RouteCollection->match([...], 'upload-dokumen', '\\App\\Controllers\\Kabid\\C_UploadDokumen::index')
 3 SYSTEMPATH\Router\RouteCollection.php(799): CodeIgniter\Router\RouteCollection::{closure:C:\Users\ASUS\Downloads\Projectmagang_dr\Projectmagang_dr\app\Config\Routes.php:153}(Object(CodeIgniter\Router\RouteCollection))
 4 APPPATH\Config\Routes.php(153): CodeIgniter\Router\RouteCollection->group('kabid', [...], Object(Closure))
 5 SYSTEMPATH\Router\RouteCollection.php(339): require('C:\\Users\\ASUS\\Downloads\\Projectmagang_dr\\Projectmagang_dr\\app\\Config\\Routes.php')
 6 SYSTEMPATH\CLI\Console.php(41): CodeIgniter\Router\RouteCollection->loadRoutes()
 7 SYSTEMPATH\Boot.php(442): CodeIgniter\CLI\Console->run()
 8 SYSTEMPATH\Boot.php(166): CodeIgniter\Boot::runCommand(Object(CodeIgniter\CLI\Console))
 9 ROOTPATH\spark(87): CodeIgniter\Boot::bootSpark(Object(Config\Paths))
WARNING - 2026-08-04 15:20:59 --> [DEPRECATED] Passing lowercase HTTP method "get" is deprecated. Use uppercase HTTP method like "GET". in SYSTEMPATH\Router\RouteCollection.php on line 1026.
 1 SYSTEMPATH\Router\RouteCollection.php(1026): trigger_error('Passing lowercase HTTP method "get" is deprecated. Use uppercase HTTP method like "GET".', 16384)
 2 APPPATH\Config\Routes.php(77): CodeIgniter\Router\RouteCollection->match([...], 'logbook', 'C_Logbook::logbook')
 3 SYSTEMPATH\Router\RouteCollection.php(799): CodeIgniter\Router\RouteCollection::{closure:C:\Users\ASUS\Downloads\Projectmagang_dr\Projectmagang_dr\app\Config\Routes.php:59}(Object(CodeIgniter\Router\RouteCollection))
 4 APPPATH\Config\Routes.php(59): CodeIgniter\Router\RouteCollection->group('mahasiswa', [...], Object(Closure))
 5 SYSTEMPATH\Router\RouteCollection.php(339): require('C:\\Users\\ASUS\\Downloads\\Projectmagang_dr\\Projectmagang_dr\\app\\Config\\Routes.php')
 6 SYSTEMPATH\CodeIgniter.php(841): CodeIgniter\Router\RouteCollection->loadRoutes()
 7 SYSTEMPATH\CodeIgniter.php(464): CodeIgniter\CodeIgniter->tryToRouteIt(null)
 8 SYSTEMPATH\CodeIgniter.php(363): CodeIgniter\CodeIgniter->handleRequest(null, Object(Config\Cache), false)
 9 SYSTEMPATH\Boot.php(417): CodeIgniter\CodeIgniter->run()
10 SYSTEMPATH\Boot.php(68): CodeIgniter\Boot::runCodeIgniter(Object(CodeIgniter\CodeIgniter))
11 FCPATH\index.php(59): CodeIgniter\Boot::bootWeb(Object(Config\Paths))
12 SYSTEMPATH\rewrite.php(44): require_once('C:\\Users\\ASUS\\Downloads\\Projectmagang_dr\\Projectmagang_dr\\public\\index.php')
WARNING - 2026-08-04 15:20:59 --> [DEPRECATED] Passing lowercase HTTP method "post" is deprecated. Use uppercase HTTP method like "POST". in SYSTEMPATH\Router\RouteCollection.php on line 1026.
 1 SYSTEMPATH\Router\RouteCollection.php(1026): trigger_error('Passing lowercase HTTP method "post" is deprecated. Use uppercase HTTP method like "POST".', 16384)
 2 APPPATH\Config\Routes.php(77): CodeIgniter\Router\RouteCollection->match([...], 'logbook', 'C_Logbook::logbook')
 3 SYSTEMPATH\Router\RouteCollection.php(799): CodeIgniter\Router\RouteCollection::{closure:C:\Users\ASUS\Downloads\Projectmagang_dr\Projectmagang_dr\app\Config\Routes.php:59}(Object(CodeIgniter\Router\RouteCollection))
 4 APPPATH\Config\Routes.php(59): CodeIgniter\Router\RouteCollection->group('mahasiswa', [...], Object(Closure))
 5 SYSTEMPATH\Router\RouteCollection.php(339): require('C:\\Users\\ASUS\\Downloads\\Projectmagang_dr\\Projectmagang_dr\\app\\Config\\Routes.php')
 6 SYSTEMPATH\CodeIgniter.php(841): CodeIgniter\Router\RouteCollection->loadRoutes()
 7 SYSTEMPATH\CodeIgniter.php(464): CodeIgniter\CodeIgniter->tryToRouteIt(null)
 8 SYSTEMPATH\CodeIgniter.php(363): CodeIgniter\CodeIgniter->handleRequest(null, Object(Config\Cache), false)
 9 SYSTEMPATH\Boot.php(417): CodeIgniter\CodeIgniter->run()
10 SYSTEMPATH\Boot.php(68): CodeIgniter\Boot::runCodeIgniter(Object(CodeIgniter\CodeIgniter))
11 FCPATH\index.php(59): CodeIgniter\Boot::bootWeb(Object(Config\Paths))
12 SYSTEMPATH\rewrite.php(44): require_once('C:\\Users\\ASUS\\Downloads\\Projectmagang_dr\\Projectmagang_dr\\public\\index.php')
WARNING - 2026-08-04 15:20:59 --> [DEPRECATED] Passing lowercase HTTP method "get" is deprecated. Use uppercase HTTP method like "GET". in SYSTEMPATH\Router\RouteCollection.php on line 1026.
 1 SYSTEMPATH\Router\RouteCollection.php(1026): trigger_error('Passing lowercase HTTP method "get" is deprecated. Use uppercase HTTP method like "GET".', 16384)
 2 APPPATH\Config\Routes.php(95): CodeIgniter\Router\RouteCollection->match([...], 'verifikasi', '\\App\\Controllers\\Sekretariat\\C_Verifikasi::index')
 3 SYSTEMPATH\Router\RouteCollection.php(799): CodeIgniter\Router\RouteCollection::{closure:C:\Users\ASUS\Downloads\Projectmagang_dr\Projectmagang_dr\app\Config\Routes.php:89}(Object(CodeIgniter\Router\RouteCollection))
 4 APPPATH\Config\Routes.php(89): CodeIgniter\Router\RouteCollection->group('sekretariat', [...], Object(Closure))
 5 SYSTEMPATH\Router\RouteCollection.php(339): require('C:\\Users\\ASUS\\Downloads\\Projectmagang_dr\\Projectmagang_dr\\app\\Config\\Routes.php')
 6 SYSTEMPATH\CodeIgniter.php(841): CodeIgniter\Router\RouteCollection->loadRoutes()
 7 SYSTEMPATH\CodeIgniter.php(464): CodeIgniter\CodeIgniter->tryToRouteIt(null)
 8 SYSTEMPATH\CodeIgniter.php(363): CodeIgniter\CodeIgniter->handleRequest(null, Object(Config\Cache), false)
 9 SYSTEMPATH\Boot.php(417): CodeIgniter\CodeIgniter->run()
10 SYSTEMPATH\Boot.php(68): CodeIgniter\Boot::runCodeIgniter(Object(CodeIgniter\CodeIgniter))
11 FCPATH\index.php(59): CodeIgniter\Boot::bootWeb(Object(Config\Paths))
12 SYSTEMPATH\rewrite.php(44): require_once('C:\\Users\\ASUS\\Downloads\\Projectmagang_dr\\Projectmagang_dr\\public\\index.php')
WARNING - 2026-08-04 15:20:59 --> [DEPRECATED] Passing lowercase HTTP method "post" is deprecated. Use uppercase HTTP method like "POST". in SYSTEMPATH\Router\RouteCollection.php on line 1026.
 1 SYSTEMPATH\Router\RouteCollection.php(1026): trigger_error('Passing lowercase HTTP method "post" is deprecated. Use uppercase HTTP method like "POST".', 16384)
 2 APPPATH\Config\Routes.php(95): CodeIgniter\Router\RouteCollection->match([...], 'verifikasi', '\\App\\Controllers\\Sekretariat\\C_Verifikasi::index')
 3 SYSTEMPATH\Router\RouteCollection.php(799): CodeIgniter\Router\RouteCollection::{closure:C:\Users\ASUS\Downloads\Projectmagang_dr\Projectmagang_dr\app\Config\Routes.php:89}(Object(CodeIgniter\Router\RouteCollection))
 4 APPPATH\Config\Routes.php(89): CodeIgniter\Router\RouteCollection->group('sekretariat', [...], Object(Closure))
 5 SYSTEMPATH\Router\RouteCollection.php(339): require('C:\\Users\\ASUS\\Downloads\\Projectmagang_dr\\Projectmagang_dr\\app\\Config\\Routes.php')
 6 SYSTEMPATH\CodeIgniter.php(841): CodeIgniter\Router\RouteCollection->loadRoutes()
 7 SYSTEMPATH\CodeIgniter.php(464): CodeIgniter\CodeIgniter->tryToRouteIt(null)
 8 SYSTEMPATH\CodeIgniter.php(363): CodeIgniter\CodeIgniter->handleRequest(null, Object(Config\Cache), false)
 9 SYSTEMPATH\Boot.php(417): CodeIgniter\CodeIgniter->run()
10 SYSTEMPATH\Boot.php(68): CodeIgniter\Boot::runCodeIgniter(Object(CodeIgniter\CodeIgniter))
11 FCPATH\index.php(59): CodeIgniter\Boot::bootWeb(Object(Config\Paths))
12 SYSTEMPATH\rewrite.php(44): require_once('C:\\Users\\ASUS\\Downloads\\Projectmagang_dr\\Projectmagang_dr\\public\\index.php')
WARNING - 2026-08-04 15:20:59 --> [DEPRECATED] Passing lowercase HTTP method "get" is deprecated. Use uppercase HTTP method like "GET". in SYSTEMPATH\Router\RouteCollection.php on line 1026.
 1 SYSTEMPATH\Router\RouteCollection.php(1026): trigger_error('Passing lowercase HTTP method "get" is deprecated. Use uppercase HTTP method like "GET".', 16384)
 2 APPPATH\Config\Routes.php(144): CodeIgniter\Router\RouteCollection->match([...], 'upload-surat-penerimaan', '\\App\\Controllers\\Sekretariat\\C_UploadSuratPenerimaan::index')
 3 SYSTEMPATH\Router\RouteCollection.php(799): CodeIgniter\Router\RouteCollection::{closure:C:\Users\ASUS\Downloads\Projectmagang_dr\Projectmagang_dr\app\Config\Routes.php:89}(Object(CodeIgniter\Router\RouteCollection))
 4 APPPATH\Config\Routes.php(89): CodeIgniter\Router\RouteCollection->group('sekretariat', [...], Object(Closure))
 5 SYSTEMPATH\Router\RouteCollection.php(339): require('C:\\Users\\ASUS\\Downloads\\Projectmagang_dr\\Projectmagang_dr\\app\\Config\\Routes.php')
 6 SYSTEMPATH\CodeIgniter.php(841): CodeIgniter\Router\RouteCollection->loadRoutes()
 7 SYSTEMPATH\CodeIgniter.php(464): CodeIgniter\CodeIgniter->tryToRouteIt(null)
 8 SYSTEMPATH\CodeIgniter.php(363): CodeIgniter\CodeIgniter->handleRequest(null, Object(Config\Cache), false)
 9 SYSTEMPATH\Boot.php(417): CodeIgniter\CodeIgniter->run()
10 SYSTEMPATH\Boot.php(68): CodeIgniter\Boot::runCodeIgniter(Object(CodeIgniter\CodeIgniter))
11 FCPATH\index.php(59): CodeIgniter\Boot::bootWeb(Object(Config\Paths))
12 SYSTEMPATH\rewrite.php(44): require_once('C:\\Users\\ASUS\\Downloads\\Projectmagang_dr\\Projectmagang_dr\\public\\index.php')
WARNING - 2026-08-04 15:20:59 --> [DEPRECATED] Passing lowercase HTTP method "post" is deprecated. Use uppercase HTTP method like "POST". in SYSTEMPATH\Router\RouteCollection.php on line 1026.
 1 SYSTEMPATH\Router\RouteCollection.php(1026): trigger_error('Passing lowercase HTTP method "post" is deprecated. Use uppercase HTTP method like "POST".', 16384)
 2 APPPATH\Config\Routes.php(144): CodeIgniter\Router\RouteCollection->match([...], 'upload-surat-penerimaan', '\\App\\Controllers\\Sekretariat\\C_UploadSuratPenerimaan::index')
 3 SYSTEMPATH\Router\RouteCollection.php(799): CodeIgniter\Router\RouteCollection::{closure:C:\Users\ASUS\Downloads\Projectmagang_dr\Projectmagang_dr\app\Config\Routes.php:89}(Object(CodeIgniter\Router\RouteCollection))
 4 APPPATH\Config\Routes.php(89): CodeIgniter\Router\RouteCollection->group('sekretariat', [...], Object(Closure))
 5 SYSTEMPATH\Router\RouteCollection.php(339): require('C:\\Users\\ASUS\\Downloads\\Projectmagang_dr\\Projectmagang_dr\\app\\Config\\Routes.php')
 6 SYSTEMPATH\CodeIgniter.php(841): CodeIgniter\Router\RouteCollection->loadRoutes()
 7 SYSTEMPATH\CodeIgniter.php(464): CodeIgniter\CodeIgniter->tryToRouteIt(null)
 8 SYSTEMPATH\CodeIgniter.php(363): CodeIgniter\CodeIgniter->handleRequest(null, Object(Config\Cache), false)
 9 SYSTEMPATH\Boot.php(417): CodeIgniter\CodeIgniter->run()
10 SYSTEMPATH\Boot.php(68): CodeIgniter\Boot::runCodeIgniter(Object(CodeIgniter\CodeIgniter))
11 FCPATH\index.php(59): CodeIgniter\Boot::bootWeb(Object(Config\Paths))
12 SYSTEMPATH\rewrite.php(44): require_once('C:\\Users\\ASUS\\Downloads\\Projectmagang_dr\\Projectmagang_dr\\public\\index.php')
WARNING - 2026-08-04 15:20:59 --> [DEPRECATED] Passing lowercase HTTP method "get" is deprecated. Use uppercase HTTP method like "GET". in SYSTEMPATH\Router\RouteCollection.php on line 1026.
 1 SYSTEMPATH\Router\RouteCollection.php(1026): trigger_error('Passing lowercase HTTP method "get" is deprecated. Use uppercase HTTP method like "GET".', 16384)
 2 APPPATH\Config\Routes.php(165): CodeIgniter\Router\RouteCollection->match([...], 'logbook', '\\App\\Controllers\\Kabid\\C_LogbookKabid::index')
 3 SYSTEMPATH\Router\RouteCollection.php(799): CodeIgniter\Router\RouteCollection::{closure:C:\Users\ASUS\Downloads\Projectmagang_dr\Projectmagang_dr\app\Config\Routes.php:153}(Object(CodeIgniter\Router\RouteCollection))
 4 APPPATH\Config\Routes.php(153): CodeIgniter\Router\RouteCollection->group('kabid', [...], Object(Closure))
 5 SYSTEMPATH\Router\RouteCollection.php(339): require('C:\\Users\\ASUS\\Downloads\\Projectmagang_dr\\Projectmagang_dr\\app\\Config\\Routes.php')
 6 SYSTEMPATH\CodeIgniter.php(841): CodeIgniter\Router\RouteCollection->loadRoutes()
 7 SYSTEMPATH\CodeIgniter.php(464): CodeIgniter\CodeIgniter->tryToRouteIt(null)
 8 SYSTEMPATH\CodeIgniter.php(363): CodeIgniter\CodeIgniter->handleRequest(null, Object(Config\Cache), false)
 9 SYSTEMPATH\Boot.php(417): CodeIgniter\CodeIgniter->run()
10 SYSTEMPATH\Boot.php(68): CodeIgniter\Boot::runCodeIgniter(Object(CodeIgniter\CodeIgniter))
11 FCPATH\index.php(59): CodeIgniter\Boot::bootWeb(Object(Config\Paths))
12 SYSTEMPATH\rewrite.php(44): require_once('C:\\Users\\ASUS\\Downloads\\Projectmagang_dr\\Projectmagang_dr\\public\\index.php')
WARNING - 2026-08-04 15:20:59 --> [DEPRECATED] Passing lowercase HTTP method "post" is deprecated. Use uppercase HTTP method like "POST". in SYSTEMPATH\Router\RouteCollection.php on line 1026.
 1 SYSTEMPATH\Router\RouteCollection.php(1026): trigger_error('Passing lowercase HTTP method "post" is deprecated. Use uppercase HTTP method like "POST".', 16384)
 2 APPPATH\Config\Routes.php(165): CodeIgniter\Router\RouteCollection->match([...], 'logbook', '\\App\\Controllers\\Kabid\\C_LogbookKabid::index')
 3 SYSTEMPATH\Router\RouteCollection.php(799): CodeIgniter\Router\RouteCollection::{closure:C:\Users\ASUS\Downloads\Projectmagang_dr\Projectmagang_dr\app\Config\Routes.php:153}(Object(CodeIgniter\Router\RouteCollection))
 4 APPPATH\Config\Routes.php(153): CodeIgniter\Router\RouteCollection->group('kabid', [...], Object(Closure))
 5 SYSTEMPATH\Router\RouteCollection.php(339): require('C:\\Users\\ASUS\\Downloads\\Projectmagang_dr\\Projectmagang_dr\\app\\Config\\Routes.php')
 6 SYSTEMPATH\CodeIgniter.php(841): CodeIgniter\Router\RouteCollection->loadRoutes()
 7 SYSTEMPATH\CodeIgniter.php(464): CodeIgniter\CodeIgniter->tryToRouteIt(null)
 8 SYSTEMPATH\CodeIgniter.php(363): CodeIgniter\CodeIgniter->handleRequest(null, Object(Config\Cache), false)
 9 SYSTEMPATH\Boot.php(417): CodeIgniter\CodeIgniter->run()
10 SYSTEMPATH\Boot.php(68): CodeIgniter\Boot::runCodeIgniter(Object(CodeIgniter\CodeIgniter))
11 FCPATH\index.php(59): CodeIgniter\Boot::bootWeb(Object(Config\Paths))
12 SYSTEMPATH\rewrite.php(44): require_once('C:\\Users\\ASUS\\Downloads\\Projectmagang_dr\\Projectmagang_dr\\public\\index.php')
WARNING - 2026-08-04 15:21:00 --> [DEPRECATED] Passing lowercase HTTP method "get" is deprecated. Use uppercase HTTP method like "GET". in SYSTEMPATH\Router\RouteCollection.php on line 1026.
 1 SYSTEMPATH\Router\RouteCollection.php(1026): trigger_error('Passing lowercase HTTP method "get" is deprecated. Use uppercase HTTP method like "GET".', 16384)
 2 APPPATH\Config\Routes.php(177): CodeIgniter\Router\RouteCollection->match([...], 'upload-dokumen', '\\App\\Controllers\\Kabid\\C_UploadDokumen::index')
 3 SYSTEMPATH\Router\RouteCollection.php(799): CodeIgniter\Router\RouteCollection::{closure:C:\Users\ASUS\Downloads\Projectmagang_dr\Projectmagang_dr\app\Config\Routes.php:153}(Object(CodeIgniter\Router\RouteCollection))
 4 APPPATH\Config\Routes.php(153): CodeIgniter\Router\RouteCollection->group('kabid', [...], Object(Closure))
 5 SYSTEMPATH\Router\RouteCollection.php(339): require('C:\\Users\\ASUS\\Downloads\\Projectmagang_dr\\Projectmagang_dr\\app\\Config\\Routes.php')
 6 SYSTEMPATH\CodeIgniter.php(841): CodeIgniter\Router\RouteCollection->loadRoutes()
 7 SYSTEMPATH\CodeIgniter.php(464): CodeIgniter\CodeIgniter->tryToRouteIt(null)
 8 SYSTEMPATH\CodeIgniter.php(363): CodeIgniter\CodeIgniter->handleRequest(null, Object(Config\Cache), false)
 9 SYSTEMPATH\Boot.php(417): CodeIgniter\CodeIgniter->run()
10 SYSTEMPATH\Boot.php(68): CodeIgniter\Boot::runCodeIgniter(Object(CodeIgniter\CodeIgniter))
11 FCPATH\index.php(59): CodeIgniter\Boot::bootWeb(Object(Config\Paths))
12 SYSTEMPATH\rewrite.php(44): require_once('C:\\Users\\ASUS\\Downloads\\Projectmagang_dr\\Projectmagang_dr\\public\\index.php')
WARNING - 2026-08-04 15:21:00 --> [DEPRECATED] Passing lowercase HTTP method "post" is deprecated. Use uppercase HTTP method like "POST". in SYSTEMPATH\Router\RouteCollection.php on line 1026.
 1 SYSTEMPATH\Router\RouteCollection.php(1026): trigger_error('Passing lowercase HTTP method "post" is deprecated. Use uppercase HTTP method like "POST".', 16384)
 2 APPPATH\Config\Routes.php(177): CodeIgniter\Router\RouteCollection->match([...], 'upload-dokumen', '\\App\\Controllers\\Kabid\\C_UploadDokumen::index')
 3 SYSTEMPATH\Router\RouteCollection.php(799): CodeIgniter\Router\RouteCollection::{closure:C:\Users\ASUS\Downloads\Projectmagang_dr\Projectmagang_dr\app\Config\Routes.php:153}(Object(CodeIgniter\Router\RouteCollection))
 4 APPPATH\Config\Routes.php(153): CodeIgniter\Router\RouteCollection->group('kabid', [...], Object(Closure))
 5 SYSTEMPATH\Router\RouteCollection.php(339): require('C:\\Users\\ASUS\\Downloads\\Projectmagang_dr\\Projectmagang_dr\\app\\Config\\Routes.php')
 6 SYSTEMPATH\CodeIgniter.php(841): CodeIgniter\Router\RouteCollection->loadRoutes()
 7 SYSTEMPATH\CodeIgniter.php(464): CodeIgniter\CodeIgniter->tryToRouteIt(null)
 8 SYSTEMPATH\CodeIgniter.php(363): CodeIgniter\CodeIgniter->handleRequest(null, Object(Config\Cache), false)
 9 SYSTEMPATH\Boot.php(417): CodeIgniter\CodeIgniter->run()
10 SYSTEMPATH\Boot.php(68): CodeIgniter\Boot::runCodeIgniter(Object(CodeIgniter\CodeIgniter))
11 FCPATH\index.php(59): CodeIgniter\Boot::bootWeb(Object(Config\Paths))
12 SYSTEMPATH\rewrite.php(44): require_once('C:\\Users\\ASUS\\Downloads\\Projectmagang_dr\\Projectmagang_dr\\public\\index.php')
DEBUG - 2026-08-04 15:21:03 --> Session: Class initialized using 'CodeIgniter\Session\Handlers\FileHandler' driver.
WARNING - 2026-08-04 15:21:38 --> [DEPRECATED] Passing lowercase HTTP method "get" is deprecated. Use uppercase HTTP method like "GET". in SYSTEMPATH\Router\RouteCollection.php on line 1026.
 1 SYSTEMPATH\Router\RouteCollection.php(1026): trigger_error('Passing lowercase HTTP method "get" is deprecated. Use uppercase HTTP method like "GET".', 16384)
 2 APPPATH\Config\Routes.php(77): CodeIgniter\Router\RouteCollection->match([...], 'logbook', 'C_Logbook::logbook')
 3 SYSTEMPATH\Router\RouteCollection.php(799): CodeIgniter\Router\RouteCollection::{closure:C:\Users\ASUS\Downloads\Projectmagang_dr\Projectmagang_dr\app\Config\Routes.php:59}(Object(CodeIgniter\Router\RouteCollection))
 4 APPPATH\Config\Routes.php(59): CodeIgniter\Router\RouteCollection->group('mahasiswa', [...], Object(Closure))
 5 SYSTEMPATH\Router\RouteCollection.php(339): require('C:\\Users\\ASUS\\Downloads\\Projectmagang_dr\\Projectmagang_dr\\app\\Config\\Routes.php')
 6 SYSTEMPATH\CodeIgniter.php(841): CodeIgniter\Router\RouteCollection->loadRoutes()
 7 SYSTEMPATH\CodeIgniter.php(464): CodeIgniter\CodeIgniter->tryToRouteIt(null)
 8 SYSTEMPATH\CodeIgniter.php(363): CodeIgniter\CodeIgniter->handleRequest(null, Object(Config\Cache), false)
 9 SYSTEMPATH\Boot.php(417): CodeIgniter\CodeIgniter->run()
10 SYSTEMPATH\Boot.php(68): CodeIgniter\Boot::runCodeIgniter(Object(CodeIgniter\CodeIgniter))
11 FCPATH\index.php(59): CodeIgniter\Boot::bootWeb(Object(Config\Paths))
12 SYSTEMPATH\rewrite.php(44): require_once('C:\\Users\\ASUS\\Downloads\\Projectmagang_dr\\Projectmagang_dr\\public\\index.php')
WARNING - 2026-08-04 15:21:38 --> [DEPRECATED] Passing lowercase HTTP method "post" is deprecated. Use uppercase HTTP method like "POST". in SYSTEMPATH\Router\RouteCollection.php on line 1026.
 1 SYSTEMPATH\Router\RouteCollection.php(1026): trigger_error('Passing lowercase HTTP method "post" is deprecated. Use uppercase HTTP method like "POST".', 16384)
 2 APPPATH\Config\Routes.php(77): CodeIgniter\Router\RouteCollection->match([...], 'logbook', 'C_Logbook::logbook')
 3 SYSTEMPATH\Router\RouteCollection.php(799): CodeIgniter\Router\RouteCollection::{closure:C:\Users\ASUS\Downloads\Projectmagang_dr\Projectmagang_dr\app\Config\Routes.php:59}(Object(CodeIgniter\Router\RouteCollection))
 4 APPPATH\Config\Routes.php(59): CodeIgniter\Router\RouteCollection->group('mahasiswa', [...], Object(Closure))
 5 SYSTEMPATH\Router\RouteCollection.php(339): require('C:\\Users\\ASUS\\Downloads\\Projectmagang_dr\\Projectmagang_dr\\app\\Config\\Routes.php')
 6 SYSTEMPATH\CodeIgniter.php(841): CodeIgniter\Router\RouteCollection->loadRoutes()
 7 SYSTEMPATH\CodeIgniter.php(464): CodeIgniter\CodeIgniter->tryToRouteIt(null)
 8 SYSTEMPATH\CodeIgniter.php(363): CodeIgniter\CodeIgniter->handleRequest(null, Object(Config\Cache), false)
 9 SYSTEMPATH\Boot.php(417): CodeIgniter\CodeIgniter->run()
10 SYSTEMPATH\Boot.php(68): CodeIgniter\Boot::runCodeIgniter(Object(CodeIgniter\CodeIgniter))
11 FCPATH\index.php(59): CodeIgniter\Boot::bootWeb(Object(Config\Paths))
12 SYSTEMPATH\rewrite.php(44): require_once('C:\\Users\\ASUS\\Downloads\\Projectmagang_dr\\Projectmagang_dr\\public\\index.php')
WARNING - 2026-08-04 15:21:38 --> [DEPRECATED] Passing lowercase HTTP method "get" is deprecated. Use uppercase HTTP method like "GET". in SYSTEMPATH\Router\RouteCollection.php on line 1026.
 1 SYSTEMPATH\Router\RouteCollection.php(1026): trigger_error('Passing lowercase HTTP method "get" is deprecated. Use uppercase HTTP method like "GET".', 16384)
 2 APPPATH\Config\Routes.php(95): CodeIgniter\Router\RouteCollection->match([...], 'verifikasi', '\\App\\Controllers\\Sekretariat\\C_Verifikasi::index')
 3 SYSTEMPATH\Router\RouteCollection.php(799): CodeIgniter\Router\RouteCollection::{closure:C:\Users\ASUS\Downloads\Projectmagang_dr\Projectmagang_dr\app\Config\Routes.php:89}(Object(CodeIgniter\Router\RouteCollection))
 4 APPPATH\Config\Routes.php(89): CodeIgniter\Router\RouteCollection->group('sekretariat', [...], Object(Closure))
 5 SYSTEMPATH\Router\RouteCollection.php(339): require('C:\\Users\\ASUS\\Downloads\\Projectmagang_dr\\Projectmagang_dr\\app\\Config\\Routes.php')
 6 SYSTEMPATH\CodeIgniter.php(841): CodeIgniter\Router\RouteCollection->loadRoutes()
 7 SYSTEMPATH\CodeIgniter.php(464): CodeIgniter\CodeIgniter->tryToRouteIt(null)
 8 SYSTEMPATH\CodeIgniter.php(363): CodeIgniter\CodeIgniter->handleRequest(null, Object(Config\Cache), false)
 9 SYSTEMPATH\Boot.php(417): CodeIgniter\CodeIgniter->run()
10 SYSTEMPATH\Boot.php(68): CodeIgniter\Boot::runCodeIgniter(Object(CodeIgniter\CodeIgniter))
11 FCPATH\index.php(59): CodeIgniter\Boot::bootWeb(Object(Config\Paths))
12 SYSTEMPATH\rewrite.php(44): require_once('C:\\Users\\ASUS\\Downloads\\Projectmagang_dr\\Projectmagang_dr\\public\\index.php')
WARNING - 2026-08-04 15:21:38 --> [DEPRECATED] Passing lowercase HTTP method "post" is deprecated. Use uppercase HTTP method like "POST". in SYSTEMPATH\Router\RouteCollection.php on line 1026.
 1 SYSTEMPATH\Router\RouteCollection.php(1026): trigger_error('Passing lowercase HTTP method "post" is deprecated. Use uppercase HTTP method like "POST".', 16384)
 2 APPPATH\Config\Routes.php(95): CodeIgniter\Router\RouteCollection->match([...], 'verifikasi', '\\App\\Controllers\\Sekretariat\\C_Verifikasi::index')
 3 SYSTEMPATH\Router\RouteCollection.php(799): CodeIgniter\Router\RouteCollection::{closure:C:\Users\ASUS\Downloads\Projectmagang_dr\Projectmagang_dr\app\Config\Routes.php:89}(Object(CodeIgniter\Router\RouteCollection))
 4 APPPATH\Config\Routes.php(89): CodeIgniter\Router\RouteCollection->group('sekretariat', [...], Object(Closure))
 5 SYSTEMPATH\Router\RouteCollection.php(339): require('C:\\Users\\ASUS\\Downloads\\Projectmagang_dr\\Projectmagang_dr\\app\\Config\\Routes.php')
 6 SYSTEMPATH\CodeIgniter.php(841): CodeIgniter\Router\RouteCollection->loadRoutes()
 7 SYSTEMPATH\CodeIgniter.php(464): CodeIgniter\CodeIgniter->tryToRouteIt(null)
 8 SYSTEMPATH\CodeIgniter.php(363): CodeIgniter\CodeIgniter->handleRequest(null, Object(Config\Cache), false)
 9 SYSTEMPATH\Boot.php(417): CodeIgniter\CodeIgniter->run()
10 SYSTEMPATH\Boot.php(68): CodeIgniter\Boot::runCodeIgniter(Object(CodeIgniter\CodeIgniter))
11 FCPATH\index.php(59): CodeIgniter\Boot::bootWeb(Object(Config\Paths))
12 SYSTEMPATH\rewrite.php(44): require_once('C:\\Users\\ASUS\\Downloads\\Projectmagang_dr\\Projectmagang_dr\\public\\index.php')
WARNING - 2026-08-04 15:21:38 --> [DEPRECATED] Passing lowercase HTTP method "get" is deprecated. Use uppercase HTTP method like "GET". in SYSTEMPATH\Router\RouteCollection.php on line 1026.
 1 SYSTEMPATH\Router\RouteCollection.php(1026): trigger_error('Passing lowercase HTTP method "get" is deprecated. Use uppercase HTTP method like "GET".', 16384)
 2 APPPATH\Config\Routes.php(144): CodeIgniter\Router\RouteCollection->match([...], 'upload-surat-penerimaan', '\\App\\Controllers\\Sekretariat\\C_UploadSuratPenerimaan::index')
 3 SYSTEMPATH\Router\RouteCollection.php(799): CodeIgniter\Router\RouteCollection::{closure:C:\Users\ASUS\Downloads\Projectmagang_dr\Projectmagang_dr\app\Config\Routes.php:89}(Object(CodeIgniter\Router\RouteCollection))
 4 APPPATH\Config\Routes.php(89): CodeIgniter\Router\RouteCollection->group('sekretariat', [...], Object(Closure))
 5 SYSTEMPATH\Router\RouteCollection.php(339): require('C:\\Users\\ASUS\\Downloads\\Projectmagang_dr\\Projectmagang_dr\\app\\Config\\Routes.php')
 6 SYSTEMPATH\CodeIgniter.php(841): CodeIgniter\Router\RouteCollection->loadRoutes()
 7 SYSTEMPATH\CodeIgniter.php(464): CodeIgniter\CodeIgniter->tryToRouteIt(null)
 8 SYSTEMPATH\CodeIgniter.php(363): CodeIgniter\CodeIgniter->handleRequest(null, Object(Config\Cache), false)
 9 SYSTEMPATH\Boot.php(417): CodeIgniter\CodeIgniter->run()
10 SYSTEMPATH\Boot.php(68): CodeIgniter\Boot::runCodeIgniter(Object(CodeIgniter\CodeIgniter))
11 FCPATH\index.php(59): CodeIgniter\Boot::bootWeb(Object(Config\Paths))
12 SYSTEMPATH\rewrite.php(44): require_once('C:\\Users\\ASUS\\Downloads\\Projectmagang_dr\\Projectmagang_dr\\public\\index.php')
WARNING - 2026-08-04 15:21:38 --> [DEPRECATED] Passing lowercase HTTP method "post" is deprecated. Use uppercase HTTP method like "POST". in SYSTEMPATH\Router\RouteCollection.php on line 1026.
 1 SYSTEMPATH\Router\RouteCollection.php(1026): trigger_error('Passing lowercase HTTP method "post" is deprecated. Use uppercase HTTP method like "POST".', 16384)
 2 APPPATH\Config\Routes.php(144): CodeIgniter\Router\RouteCollection->match([...], 'upload-surat-penerimaan', '\\App\\Controllers\\Sekretariat\\C_UploadSuratPenerimaan::index')
 3 SYSTEMPATH\Router\RouteCollection.php(799): CodeIgniter\Router\RouteCollection::{closure:C:\Users\ASUS\Downloads\Projectmagang_dr\Projectmagang_dr\app\Config\Routes.php:89}(Object(CodeIgniter\Router\RouteCollection))
 4 APPPATH\Config\Routes.php(89): CodeIgniter\Router\RouteCollection->group('sekretariat', [...], Object(Closure))
 5 SYSTEMPATH\Router\RouteCollection.php(339): require('C:\\Users\\ASUS\\Downloads\\Projectmagang_dr\\Projectmagang_dr\\app\\Config\\Routes.php')
 6 SYSTEMPATH\CodeIgniter.php(841): CodeIgniter\Router\RouteCollection->loadRoutes()
 7 SYSTEMPATH\CodeIgniter.php(464): CodeIgniter\CodeIgniter->tryToRouteIt(null)
 8 SYSTEMPATH\CodeIgniter.php(363): CodeIgniter\CodeIgniter->handleRequest(null, Object(Config\Cache), false)
 9 SYSTEMPATH\Boot.php(417): CodeIgniter\CodeIgniter->run()
10 SYSTEMPATH\Boot.php(68): CodeIgniter\Boot::runCodeIgniter(Object(CodeIgniter\CodeIgniter))
11 FCPATH\index.php(59): CodeIgniter\Boot::bootWeb(Object(Config\Paths))
12 SYSTEMPATH\rewrite.php(44): require_once('C:\\Users\\ASUS\\Downloads\\Projectmagang_dr\\Projectmagang_dr\\public\\index.php')
WARNING - 2026-08-04 15:21:38 --> [DEPRECATED] Passing lowercase HTTP method "get" is deprecated. Use uppercase HTTP method like "GET". in SYSTEMPATH\Router\RouteCollection.php on line 1026.
 1 SYSTEMPATH\Router\RouteCollection.php(1026): trigger_error('Passing lowercase HTTP method "get" is deprecated. Use uppercase HTTP method like "GET".', 16384)
 2 APPPATH\Config\Routes.php(165): CodeIgniter\Router\RouteCollection->match([...], 'logbook', '\\App\\Controllers\\Kabid\\C_LogbookKabid::index')
 3 SYSTEMPATH\Router\RouteCollection.php(799): CodeIgniter\Router\RouteCollection::{closure:C:\Users\ASUS\Downloads\Projectmagang_dr\Projectmagang_dr\app\Config\Routes.php:153}(Object(CodeIgniter\Router\RouteCollection))
 4 APPPATH\Config\Routes.php(153): CodeIgniter\Router\RouteCollection->group('kabid', [...], Object(Closure))
 5 SYSTEMPATH\Router\RouteCollection.php(339): require('C:\\Users\\ASUS\\Downloads\\Projectmagang_dr\\Projectmagang_dr\\app\\Config\\Routes.php')
 6 SYSTEMPATH\CodeIgniter.php(841): CodeIgniter\Router\RouteCollection->loadRoutes()
 7 SYSTEMPATH\CodeIgniter.php(464): CodeIgniter\CodeIgniter->tryToRouteIt(null)
 8 SYSTEMPATH\CodeIgniter.php(363): CodeIgniter\CodeIgniter->handleRequest(null, Object(Config\Cache), false)
 9 SYSTEMPATH\Boot.php(417): CodeIgniter\CodeIgniter->run()
10 SYSTEMPATH\Boot.php(68): CodeIgniter\Boot::runCodeIgniter(Object(CodeIgniter\CodeIgniter))
11 FCPATH\index.php(59): CodeIgniter\Boot::bootWeb(Object(Config\Paths))
12 SYSTEMPATH\rewrite.php(44): require_once('C:\\Users\\ASUS\\Downloads\\Projectmagang_dr\\Projectmagang_dr\\public\\index.php')
WARNING - 2026-08-04 15:21:38 --> [DEPRECATED] Passing lowercase HTTP method "post" is deprecated. Use uppercase HTTP method like "POST". in SYSTEMPATH\Router\RouteCollection.php on line 1026.
 1 SYSTEMPATH\Router\RouteCollection.php(1026): trigger_error('Passing lowercase HTTP method "post" is deprecated. Use uppercase HTTP method like "POST".', 16384)
 2 APPPATH\Config\Routes.php(165): CodeIgniter\Router\RouteCollection->match([...], 'logbook', '\\App\\Controllers\\Kabid\\C_LogbookKabid::index')
 3 SYSTEMPATH\Router\RouteCollection.php(799): CodeIgniter\Router\RouteCollection::{closure:C:\Users\ASUS\Downloads\Projectmagang_dr\Projectmagang_dr\app\Config\Routes.php:153}(Object(CodeIgniter\Router\RouteCollection))
 4 APPPATH\Config\Routes.php(153): CodeIgniter\Router\RouteCollection->group('kabid', [...], Object(Closure))
 5 SYSTEMPATH\Router\RouteCollection.php(339): require('C:\\Users\\ASUS\\Downloads\\Projectmagang_dr\\Projectmagang_dr\\app\\Config\\Routes.php')
 6 SYSTEMPATH\CodeIgniter.php(841): CodeIgniter\Router\RouteCollection->loadRoutes()
 7 SYSTEMPATH\CodeIgniter.php(464): CodeIgniter\CodeIgniter->tryToRouteIt(null)
 8 SYSTEMPATH\CodeIgniter.php(363): CodeIgniter\CodeIgniter->handleRequest(null, Object(Config\Cache), false)
 9 SYSTEMPATH\Boot.php(417): CodeIgniter\CodeIgniter->run()
10 SYSTEMPATH\Boot.php(68): CodeIgniter\Boot::runCodeIgniter(Object(CodeIgniter\CodeIgniter))
11 FCPATH\index.php(59): CodeIgniter\Boot::bootWeb(Object(Config\Paths))
12 SYSTEMPATH\rewrite.php(44): require_once('C:\\Users\\ASUS\\Downloads\\Projectmagang_dr\\Projectmagang_dr\\public\\index.php')
WARNING - 2026-08-04 15:21:38 --> [DEPRECATED] Passing lowercase HTTP method "get" is deprecated. Use uppercase HTTP method like "GET". in SYSTEMPATH\Router\RouteCollection.php on line 1026.
 1 SYSTEMPATH\Router\RouteCollection.php(1026): trigger_error('Passing lowercase HTTP method "get" is deprecated. Use uppercase HTTP method like "GET".', 16384)
 2 APPPATH\Config\Routes.php(177): CodeIgniter\Router\RouteCollection->match([...], 'upload-dokumen', '\\App\\Controllers\\Kabid\\C_UploadDokumen::index')
 3 SYSTEMPATH\Router\RouteCollection.php(799): CodeIgniter\Router\RouteCollection::{closure:C:\Users\ASUS\Downloads\Projectmagang_dr\Projectmagang_dr\app\Config\Routes.php:153}(Object(CodeIgniter\Router\RouteCollection))
 4 APPPATH\Config\Routes.php(153): CodeIgniter\Router\RouteCollection->group('kabid', [...], Object(Closure))
 5 SYSTEMPATH\Router\RouteCollection.php(339): require('C:\\Users\\ASUS\\Downloads\\Projectmagang_dr\\Projectmagang_dr\\app\\Config\\Routes.php')
 6 SYSTEMPATH\CodeIgniter.php(841): CodeIgniter\Router\RouteCollection->loadRoutes()
 7 SYSTEMPATH\CodeIgniter.php(464): CodeIgniter\CodeIgniter->tryToRouteIt(null)
 8 SYSTEMPATH\CodeIgniter.php(363): CodeIgniter\CodeIgniter->handleRequest(null, Object(Config\Cache), false)
 9 SYSTEMPATH\Boot.php(417): CodeIgniter\CodeIgniter->run()
10 SYSTEMPATH\Boot.php(68): CodeIgniter\Boot::runCodeIgniter(Object(CodeIgniter\CodeIgniter))
11 FCPATH\index.php(59): CodeIgniter\Boot::bootWeb(Object(Config\Paths))
12 SYSTEMPATH\rewrite.php(44): require_once('C:\\Users\\ASUS\\Downloads\\Projectmagang_dr\\Projectmagang_dr\\public\\index.php')
WARNING - 2026-08-04 15:21:38 --> [DEPRECATED] Passing lowercase HTTP method "post" is deprecated. Use uppercase HTTP method like "POST". in SYSTEMPATH\Router\RouteCollection.php on line 1026.
 1 SYSTEMPATH\Router\RouteCollection.php(1026): trigger_error('Passing lowercase HTTP method "post" is deprecated. Use uppercase HTTP method like "POST".', 16384)
 2 APPPATH\Config\Routes.php(177): CodeIgniter\Router\RouteCollection->match([...], 'upload-dokumen', '\\App\\Controllers\\Kabid\\C_UploadDokumen::index')
 3 SYSTEMPATH\Router\RouteCollection.php(799): CodeIgniter\Router\RouteCollection::{closure:C:\Users\ASUS\Downloads\Projectmagang_dr\Projectmagang_dr\app\Config\Routes.php:153}(Object(CodeIgniter\Router\RouteCollection))
 4 APPPATH\Config\Routes.php(153): CodeIgniter\Router\RouteCollection->group('kabid', [...], Object(Closure))
 5 SYSTEMPATH\Router\RouteCollection.php(339): require('C:\\Users\\ASUS\\Downloads\\Projectmagang_dr\\Projectmagang_dr\\app\\Config\\Routes.php')
 6 SYSTEMPATH\CodeIgniter.php(841): CodeIgniter\Router\RouteCollection->loadRoutes()
 7 SYSTEMPATH\CodeIgniter.php(464): CodeIgniter\CodeIgniter->tryToRouteIt(null)
 8 SYSTEMPATH\CodeIgniter.php(363): CodeIgniter\CodeIgniter->handleRequest(null, Object(Config\Cache), false)
 9 SYSTEMPATH\Boot.php(417): CodeIgniter\CodeIgniter->run()
10 SYSTEMPATH\Boot.php(68): CodeIgniter\Boot::runCodeIgniter(Object(CodeIgniter\CodeIgniter))
11 FCPATH\index.php(59): CodeIgniter\Boot::bootWeb(Object(Config\Paths))
12 SYSTEMPATH\rewrite.php(44): require_once('C:\\Users\\ASUS\\Downloads\\Projectmagang_dr\\Projectmagang_dr\\public\\index.php')
WARNING - 2026-08-04 15:21:40 --> [DEPRECATED] Passing lowercase HTTP method "get" is deprecated. Use uppercase HTTP method like "GET". in SYSTEMPATH\Router\RouteCollection.php on line 1026.
 1 SYSTEMPATH\Router\RouteCollection.php(1026): trigger_error('Passing lowercase HTTP method "get" is deprecated. Use uppercase HTTP method like "GET".', 16384)
 2 APPPATH\Config\Routes.php(77): CodeIgniter\Router\RouteCollection->match([...], 'logbook', 'C_Logbook::logbook')
 3 SYSTEMPATH\Router\RouteCollection.php(799): CodeIgniter\Router\RouteCollection::{closure:C:\Users\ASUS\Downloads\Projectmagang_dr\Projectmagang_dr\app\Config\Routes.php:59}(Object(CodeIgniter\Router\RouteCollection))
 4 APPPATH\Config\Routes.php(59): CodeIgniter\Router\RouteCollection->group('mahasiswa', [...], Object(Closure))
 5 SYSTEMPATH\Router\RouteCollection.php(339): require('C:\\Users\\ASUS\\Downloads\\Projectmagang_dr\\Projectmagang_dr\\app\\Config\\Routes.php')
 6 SYSTEMPATH\CodeIgniter.php(841): CodeIgniter\Router\RouteCollection->loadRoutes()
 7 SYSTEMPATH\CodeIgniter.php(464): CodeIgniter\CodeIgniter->tryToRouteIt(null)
 8 SYSTEMPATH\CodeIgniter.php(363): CodeIgniter\CodeIgniter->handleRequest(null, Object(Config\Cache), false)
 9 SYSTEMPATH\Boot.php(417): CodeIgniter\CodeIgniter->run()
10 SYSTEMPATH\Boot.php(68): CodeIgniter\Boot::runCodeIgniter(Object(CodeIgniter\CodeIgniter))
11 FCPATH\index.php(59): CodeIgniter\Boot::bootWeb(Object(Config\Paths))
12 SYSTEMPATH\rewrite.php(44): require_once('C:\\Users\\ASUS\\Downloads\\Projectmagang_dr\\Projectmagang_dr\\public\\index.php')
WARNING - 2026-08-04 15:21:40 --> [DEPRECATED] Passing lowercase HTTP method "post" is deprecated. Use uppercase HTTP method like "POST". in SYSTEMPATH\Router\RouteCollection.php on line 1026.
 1 SYSTEMPATH\Router\RouteCollection.php(1026): trigger_error('Passing lowercase HTTP method "post" is deprecated. Use uppercase HTTP method like "POST".', 16384)
 2 APPPATH\Config\Routes.php(77): CodeIgniter\Router\RouteCollection->match([...], 'logbook', 'C_Logbook::logbook')
 3 SYSTEMPATH\Router\RouteCollection.php(799): CodeIgniter\Router\RouteCollection::{closure:C:\Users\ASUS\Downloads\Projectmagang_dr\Projectmagang_dr\app\Config\Routes.php:59}(Object(CodeIgniter\Router\RouteCollection))
 4 APPPATH\Config\Routes.php(59): CodeIgniter\Router\RouteCollection->group('mahasiswa', [...], Object(Closure))
 5 SYSTEMPATH\Router\RouteCollection.php(339): require('C:\\Users\\ASUS\\Downloads\\Projectmagang_dr\\Projectmagang_dr\\app\\Config\\Routes.php')
 6 SYSTEMPATH\CodeIgniter.php(841): CodeIgniter\Router\RouteCollection->loadRoutes()
 7 SYSTEMPATH\CodeIgniter.php(464): CodeIgniter\CodeIgniter->tryToRouteIt(null)
 8 SYSTEMPATH\CodeIgniter.php(363): CodeIgniter\CodeIgniter->handleRequest(null, Object(Config\Cache), false)
 9 SYSTEMPATH\Boot.php(417): CodeIgniter\CodeIgniter->run()
10 SYSTEMPATH\Boot.php(68): CodeIgniter\Boot::runCodeIgniter(Object(CodeIgniter\CodeIgniter))
11 FCPATH\index.php(59): CodeIgniter\Boot::bootWeb(Object(Config\Paths))
12 SYSTEMPATH\rewrite.php(44): require_once('C:\\Users\\ASUS\\Downloads\\Projectmagang_dr\\Projectmagang_dr\\public\\index.php')
WARNING - 2026-08-04 15:21:40 --> [DEPRECATED] Passing lowercase HTTP method "get" is deprecated. Use uppercase HTTP method like "GET". in SYSTEMPATH\Router\RouteCollection.php on line 1026.
 1 SYSTEMPATH\Router\RouteCollection.php(1026): trigger_error('Passing lowercase HTTP method "get" is deprecated. Use uppercase HTTP method like "GET".', 16384)
 2 APPPATH\Config\Routes.php(95): CodeIgniter\Router\RouteCollection->match([...], 'verifikasi', '\\App\\Controllers\\Sekretariat\\C_Verifikasi::index')
 3 SYSTEMPATH\Router\RouteCollection.php(799): CodeIgniter\Router\RouteCollection::{closure:C:\Users\ASUS\Downloads\Projectmagang_dr\Projectmagang_dr\app\Config\Routes.php:89}(Object(CodeIgniter\Router\RouteCollection))
 4 APPPATH\Config\Routes.php(89): CodeIgniter\Router\RouteCollection->group('sekretariat', [...], Object(Closure))
 5 SYSTEMPATH\Router\RouteCollection.php(339): require('C:\\Users\\ASUS\\Downloads\\Projectmagang_dr\\Projectmagang_dr\\app\\Config\\Routes.php')
 6 SYSTEMPATH\CodeIgniter.php(841): CodeIgniter\Router\RouteCollection->loadRoutes()
 7 SYSTEMPATH\CodeIgniter.php(464): CodeIgniter\CodeIgniter->tryToRouteIt(null)
 8 SYSTEMPATH\CodeIgniter.php(363): CodeIgniter\CodeIgniter->handleRequest(null, Object(Config\Cache), false)
 9 SYSTEMPATH\Boot.php(417): CodeIgniter\CodeIgniter->run()
10 SYSTEMPATH\Boot.php(68): CodeIgniter\Boot::runCodeIgniter(Object(CodeIgniter\CodeIgniter))
11 FCPATH\index.php(59): CodeIgniter\Boot::bootWeb(Object(Config\Paths))
12 SYSTEMPATH\rewrite.php(44): require_once('C:\\Users\\ASUS\\Downloads\\Projectmagang_dr\\Projectmagang_dr\\public\\index.php')
WARNING - 2026-08-04 15:21:40 --> [DEPRECATED] Passing lowercase HTTP method "post" is deprecated. Use uppercase HTTP method like "POST". in SYSTEMPATH\Router\RouteCollection.php on line 1026.
 1 SYSTEMPATH\Router\RouteCollection.php(1026): trigger_error('Passing lowercase HTTP method "post" is deprecated. Use uppercase HTTP method like "POST".', 16384)
 2 APPPATH\Config\Routes.php(95): CodeIgniter\Router\RouteCollection->match([...], 'verifikasi', '\\App\\Controllers\\Sekretariat\\C_Verifikasi::index')
 3 SYSTEMPATH\Router\RouteCollection.php(799): CodeIgniter\Router\RouteCollection::{closure:C:\Users\ASUS\Downloads\Projectmagang_dr\Projectmagang_dr\app\Config\Routes.php:89}(Object(CodeIgniter\Router\RouteCollection))
 4 APPPATH\Config\Routes.php(89): CodeIgniter\Router\RouteCollection->group('sekretariat', [...], Object(Closure))
 5 SYSTEMPATH\Router\RouteCollection.php(339): require('C:\\Users\\ASUS\\Downloads\\Projectmagang_dr\\Projectmagang_dr\\app\\Config\\Routes.php')
 6 SYSTEMPATH\CodeIgniter.php(841): CodeIgniter\Router\RouteCollection->loadRoutes()
 7 SYSTEMPATH\CodeIgniter.php(464): CodeIgniter\CodeIgniter->tryToRouteIt(null)
 8 SYSTEMPATH\CodeIgniter.php(363): CodeIgniter\CodeIgniter->handleRequest(null, Object(Config\Cache), false)
 9 SYSTEMPATH\Boot.php(417): CodeIgniter\CodeIgniter->run()
10 SYSTEMPATH\Boot.php(68): CodeIgniter\Boot::runCodeIgniter(Object(CodeIgniter\CodeIgniter))
11 FCPATH\index.php(59): CodeIgniter\Boot::bootWeb(Object(Config\Paths))
12 SYSTEMPATH\rewrite.php(44): require_once('C:\\Users\\ASUS\\Downloads\\Projectmagang_dr\\Projectmagang_dr\\public\\index.php')
WARNING - 2026-08-04 15:21:40 --> [DEPRECATED] Passing lowercase HTTP method "get" is deprecated. Use uppercase HTTP method like "GET". in SYSTEMPATH\Router\RouteCollection.php on line 1026.
 1 SYSTEMPATH\Router\RouteCollection.php(1026): trigger_error('Passing lowercase HTTP method "get" is deprecated. Use uppercase HTTP method like "GET".', 16384)
 2 APPPATH\Config\Routes.php(144): CodeIgniter\Router\RouteCollection->match([...], 'upload-surat-penerimaan', '\\App\\Controllers\\Sekretariat\\C_UploadSuratPenerimaan::index')
 3 SYSTEMPATH\Router\RouteCollection.php(799): CodeIgniter\Router\RouteCollection::{closure:C:\Users\ASUS\Downloads\Projectmagang_dr\Projectmagang_dr\app\Config\Routes.php:89}(Object(CodeIgniter\Router\RouteCollection))
 4 APPPATH\Config\Routes.php(89): CodeIgniter\Router\RouteCollection->group('sekretariat', [...], Object(Closure))
 5 SYSTEMPATH\Router\RouteCollection.php(339): require('C:\\Users\\ASUS\\Downloads\\Projectmagang_dr\\Projectmagang_dr\\app\\Config\\Routes.php')
 6 SYSTEMPATH\CodeIgniter.php(841): CodeIgniter\Router\RouteCollection->loadRoutes()
 7 SYSTEMPATH\CodeIgniter.php(464): CodeIgniter\CodeIgniter->tryToRouteIt(null)
 8 SYSTEMPATH\CodeIgniter.php(363): CodeIgniter\CodeIgniter->handleRequest(null, Object(Config\Cache), false)
 9 SYSTEMPATH\Boot.php(417): CodeIgniter\CodeIgniter->run()
10 SYSTEMPATH\Boot.php(68): CodeIgniter\Boot::runCodeIgniter(Object(CodeIgniter\CodeIgniter))
11 FCPATH\index.php(59): CodeIgniter\Boot::bootWeb(Object(Config\Paths))
12 SYSTEMPATH\rewrite.php(44): require_once('C:\\Users\\ASUS\\Downloads\\Projectmagang_dr\\Projectmagang_dr\\public\\index.php')
WARNING - 2026-08-04 15:21:40 --> [DEPRECATED] Passing lowercase HTTP method "post" is deprecated. Use uppercase HTTP method like "POST". in SYSTEMPATH\Router\RouteCollection.php on line 1026.
 1 SYSTEMPATH\Router\RouteCollection.php(1026): trigger_error('Passing lowercase HTTP method "post" is deprecated. Use uppercase HTTP method like "POST".', 16384)
 2 APPPATH\Config\Routes.php(144): CodeIgniter\Router\RouteCollection->match([...], 'upload-surat-penerimaan', '\\App\\Controllers\\Sekretariat\\C_UploadSuratPenerimaan::index')
 3 SYSTEMPATH\Router\RouteCollection.php(799): CodeIgniter\Router\RouteCollection::{closure:C:\Users\ASUS\Downloads\Projectmagang_dr\Projectmagang_dr\app\Config\Routes.php:89}(Object(CodeIgniter\Router\RouteCollection))
 4 APPPATH\Config\Routes.php(89): CodeIgniter\Router\RouteCollection->group('sekretariat', [...], Object(Closure))
 5 SYSTEMPATH\Router\RouteCollection.php(339): require('C:\\Users\\ASUS\\Downloads\\Projectmagang_dr\\Projectmagang_dr\\app\\Config\\Routes.php')
 6 SYSTEMPATH\CodeIgniter.php(841): CodeIgniter\Router\RouteCollection->loadRoutes()
 7 SYSTEMPATH\CodeIgniter.php(464): CodeIgniter\CodeIgniter->tryToRouteIt(null)
 8 SYSTEMPATH\CodeIgniter.php(363): CodeIgniter\CodeIgniter->handleRequest(null, Object(Config\Cache), false)
 9 SYSTEMPATH\Boot.php(417): CodeIgniter\CodeIgniter->run()
10 SYSTEMPATH\Boot.php(68): CodeIgniter\Boot::runCodeIgniter(Object(CodeIgniter\CodeIgniter))
11 FCPATH\index.php(59): CodeIgniter\Boot::bootWeb(Object(Config\Paths))
12 SYSTEMPATH\rewrite.php(44): require_once('C:\\Users\\ASUS\\Downloads\\Projectmagang_dr\\Projectmagang_dr\\public\\index.php')
WARNING - 2026-08-04 15:21:40 --> [DEPRECATED] Passing lowercase HTTP method "get" is deprecated. Use uppercase HTTP method like "GET". in SYSTEMPATH\Router\RouteCollection.php on line 1026.
 1 SYSTEMPATH\Router\RouteCollection.php(1026): trigger_error('Passing lowercase HTTP method "get" is deprecated. Use uppercase HTTP method like "GET".', 16384)
 2 APPPATH\Config\Routes.php(165): CodeIgniter\Router\RouteCollection->match([...], 'logbook', '\\App\\Controllers\\Kabid\\C_LogbookKabid::index')
 3 SYSTEMPATH\Router\RouteCollection.php(799): CodeIgniter\Router\RouteCollection::{closure:C:\Users\ASUS\Downloads\Projectmagang_dr\Projectmagang_dr\app\Config\Routes.php:153}(Object(CodeIgniter\Router\RouteCollection))
 4 APPPATH\Config\Routes.php(153): CodeIgniter\Router\RouteCollection->group('kabid', [...], Object(Closure))
 5 SYSTEMPATH\Router\RouteCollection.php(339): require('C:\\Users\\ASUS\\Downloads\\Projectmagang_dr\\Projectmagang_dr\\app\\Config\\Routes.php')
 6 SYSTEMPATH\CodeIgniter.php(841): CodeIgniter\Router\RouteCollection->loadRoutes()
 7 SYSTEMPATH\CodeIgniter.php(464): CodeIgniter\CodeIgniter->tryToRouteIt(null)
 8 SYSTEMPATH\CodeIgniter.php(363): CodeIgniter\CodeIgniter->handleRequest(null, Object(Config\Cache), false)
 9 SYSTEMPATH\Boot.php(417): CodeIgniter\CodeIgniter->run()
10 SYSTEMPATH\Boot.php(68): CodeIgniter\Boot::runCodeIgniter(Object(CodeIgniter\CodeIgniter))
11 FCPATH\index.php(59): CodeIgniter\Boot::bootWeb(Object(Config\Paths))
12 SYSTEMPATH\rewrite.php(44): require_once('C:\\Users\\ASUS\\Downloads\\Projectmagang_dr\\Projectmagang_dr\\public\\index.php')
WARNING - 2026-08-04 15:21:40 --> [DEPRECATED] Passing lowercase HTTP method "post" is deprecated. Use uppercase HTTP method like "POST". in SYSTEMPATH\Router\RouteCollection.php on line 1026.
 1 SYSTEMPATH\Router\RouteCollection.php(1026): trigger_error('Passing lowercase HTTP method "post" is deprecated. Use uppercase HTTP method like "POST".', 16384)
 2 APPPATH\Config\Routes.php(165): CodeIgniter\Router\RouteCollection->match([...], 'logbook', '\\App\\Controllers\\Kabid\\C_LogbookKabid::index')
 3 SYSTEMPATH\Router\RouteCollection.php(799): CodeIgniter\Router\RouteCollection::{closure:C:\Users\ASUS\Downloads\Projectmagang_dr\Projectmagang_dr\app\Config\Routes.php:153}(Object(CodeIgniter\Router\RouteCollection))
 4 APPPATH\Config\Routes.php(153): CodeIgniter\Router\RouteCollection->group('kabid', [...], Object(Closure))
 5 SYSTEMPATH\Router\RouteCollection.php(339): require('C:\\Users\\ASUS\\Downloads\\Projectmagang_dr\\Projectmagang_dr\\app\\Config\\Routes.php')
 6 SYSTEMPATH\CodeIgniter.php(841): CodeIgniter\Router\RouteCollection->loadRoutes()
 7 SYSTEMPATH\CodeIgniter.php(464): CodeIgniter\CodeIgniter->tryToRouteIt(null)
 8 SYSTEMPATH\CodeIgniter.php(363): CodeIgniter\CodeIgniter->handleRequest(null, Object(Config\Cache), false)
 9 SYSTEMPATH\Boot.php(417): CodeIgniter\CodeIgniter->run()
10 SYSTEMPATH\Boot.php(68): CodeIgniter\Boot::runCodeIgniter(Object(CodeIgniter\CodeIgniter))
11 FCPATH\index.php(59): CodeIgniter\Boot::bootWeb(Object(Config\Paths))
12 SYSTEMPATH\rewrite.php(44): require_once('C:\\Users\\ASUS\\Downloads\\Projectmagang_dr\\Projectmagang_dr\\public\\index.php')
WARNING - 2026-08-04 15:21:40 --> [DEPRECATED] Passing lowercase HTTP method "get" is deprecated. Use uppercase HTTP method like "GET". in SYSTEMPATH\Router\RouteCollection.php on line 1026.
 1 SYSTEMPATH\Router\RouteCollection.php(1026): trigger_error('Passing lowercase HTTP method "get" is deprecated. Use uppercase HTTP method like "GET".', 16384)
 2 APPPATH\Config\Routes.php(177): CodeIgniter\Router\RouteCollection->match([...], 'upload-dokumen', '\\App\\Controllers\\Kabid\\C_UploadDokumen::index')
 3 SYSTEMPATH\Router\RouteCollection.php(799): CodeIgniter\Router\RouteCollection::{closure:C:\Users\ASUS\Downloads\Projectmagang_dr\Projectmagang_dr\app\Config\Routes.php:153}(Object(CodeIgniter\Router\RouteCollection))
 4 APPPATH\Config\Routes.php(153): CodeIgniter\Router\RouteCollection->group('kabid', [...], Object(Closure))
 5 SYSTEMPATH\Router\RouteCollection.php(339): require('C:\\Users\\ASUS\\Downloads\\Projectmagang_dr\\Projectmagang_dr\\app\\Config\\Routes.php')
 6 SYSTEMPATH\CodeIgniter.php(841): CodeIgniter\Router\RouteCollection->loadRoutes()
 7 SYSTEMPATH\CodeIgniter.php(464): CodeIgniter\CodeIgniter->tryToRouteIt(null)
 8 SYSTEMPATH\CodeIgniter.php(363): CodeIgniter\CodeIgniter->handleRequest(null, Object(Config\Cache), false)
 9 SYSTEMPATH\Boot.php(417): CodeIgniter\CodeIgniter->run()
10 SYSTEMPATH\Boot.php(68): CodeIgniter\Boot::runCodeIgniter(Object(CodeIgniter\CodeIgniter))
11 FCPATH\index.php(59): CodeIgniter\Boot::bootWeb(Object(Config\Paths))
12 SYSTEMPATH\rewrite.php(44): require_once('C:\\Users\\ASUS\\Downloads\\Projectmagang_dr\\Projectmagang_dr\\public\\index.php')
WARNING - 2026-08-04 15:21:40 --> [DEPRECATED] Passing lowercase HTTP method "post" is deprecated. Use uppercase HTTP method like "POST". in SYSTEMPATH\Router\RouteCollection.php on line 1026.
 1 SYSTEMPATH\Router\RouteCollection.php(1026): trigger_error('Passing lowercase HTTP method "post" is deprecated. Use uppercase HTTP method like "POST".', 16384)
 2 APPPATH\Config\Routes.php(177): CodeIgniter\Router\RouteCollection->match([...], 'upload-dokumen', '\\App\\Controllers\\Kabid\\C_UploadDokumen::index')
 3 SYSTEMPATH\Router\RouteCollection.php(799): CodeIgniter\Router\RouteCollection::{closure:C:\Users\ASUS\Downloads\Projectmagang_dr\Projectmagang_dr\app\Config\Routes.php:153}(Object(CodeIgniter\Router\RouteCollection))
 4 APPPATH\Config\Routes.php(153): CodeIgniter\Router\RouteCollection->group('kabid', [...], Object(Closure))
 5 SYSTEMPATH\Router\RouteCollection.php(339): require('C:\\Users\\ASUS\\Downloads\\Projectmagang_dr\\Projectmagang_dr\\app\\Config\\Routes.php')
 6 SYSTEMPATH\CodeIgniter.php(841): CodeIgniter\Router\RouteCollection->loadRoutes()
 7 SYSTEMPATH\CodeIgniter.php(464): CodeIgniter\CodeIgniter->tryToRouteIt(null)
 8 SYSTEMPATH\CodeIgniter.php(363): CodeIgniter\CodeIgniter->handleRequest(null, Object(Config\Cache), false)
 9 SYSTEMPATH\Boot.php(417): CodeIgniter\CodeIgniter->run()
10 SYSTEMPATH\Boot.php(68): CodeIgniter\Boot::runCodeIgniter(Object(CodeIgniter\CodeIgniter))
11 FCPATH\index.php(59): CodeIgniter\Boot::bootWeb(Object(Config\Paths))
12 SYSTEMPATH\rewrite.php(44): require_once('C:\\Users\\ASUS\\Downloads\\Projectmagang_dr\\Projectmagang_dr\\public\\index.php')
WARNING - 2026-08-04 15:23:27 --> [DEPRECATED] Passing lowercase HTTP method "get" is deprecated. Use uppercase HTTP method like "GET". in SYSTEMPATH\Router\RouteCollection.php on line 1026.
 1 SYSTEMPATH\Router\RouteCollection.php(1026): trigger_error('Passing lowercase HTTP method "get" is deprecated. Use uppercase HTTP method like "GET".', 16384)
 2 APPPATH\Config\Routes.php(77): CodeIgniter\Router\RouteCollection->match([...], 'logbook', 'C_Logbook::logbook')
 3 SYSTEMPATH\Router\RouteCollection.php(799): CodeIgniter\Router\RouteCollection::{closure:C:\Users\ASUS\Downloads\Projectmagang_dr\Projectmagang_dr\app\Config\Routes.php:59}(Object(CodeIgniter\Router\RouteCollection))
 4 APPPATH\Config\Routes.php(59): CodeIgniter\Router\RouteCollection->group('mahasiswa', [...], Object(Closure))
 5 SYSTEMPATH\Router\RouteCollection.php(339): require('C:\\Users\\ASUS\\Downloads\\Projectmagang_dr\\Projectmagang_dr\\app\\Config\\Routes.php')
 6 SYSTEMPATH\CodeIgniter.php(841): CodeIgniter\Router\RouteCollection->loadRoutes()
 7 SYSTEMPATH\CodeIgniter.php(464): CodeIgniter\CodeIgniter->tryToRouteIt(null)
 8 SYSTEMPATH\CodeIgniter.php(363): CodeIgniter\CodeIgniter->handleRequest(null, Object(Config\Cache), false)
 9 SYSTEMPATH\Boot.php(417): CodeIgniter\CodeIgniter->run()
10 SYSTEMPATH\Boot.php(68): CodeIgniter\Boot::runCodeIgniter(Object(CodeIgniter\CodeIgniter))
11 FCPATH\index.php(59): CodeIgniter\Boot::bootWeb(Object(Config\Paths))
12 SYSTEMPATH\rewrite.php(44): require_once('C:\\Users\\ASUS\\Downloads\\Projectmagang_dr\\Projectmagang_dr\\public\\index.php')
WARNING - 2026-08-04 15:23:27 --> [DEPRECATED] Passing lowercase HTTP method "post" is deprecated. Use uppercase HTTP method like "POST". in SYSTEMPATH\Router\RouteCollection.php on line 1026.
 1 SYSTEMPATH\Router\RouteCollection.php(1026): trigger_error('Passing lowercase HTTP method "post" is deprecated. Use uppercase HTTP method like "POST".', 16384)
 2 APPPATH\Config\Routes.php(77): CodeIgniter\Router\RouteCollection->match([...], 'logbook', 'C_Logbook::logbook')
 3 SYSTEMPATH\Router\RouteCollection.php(799): CodeIgniter\Router\RouteCollection::{closure:C:\Users\ASUS\Downloads\Projectmagang_dr\Projectmagang_dr\app\Config\Routes.php:59}(Object(CodeIgniter\Router\RouteCollection))
 4 APPPATH\Config\Routes.php(59): CodeIgniter\Router\RouteCollection->group('mahasiswa', [...], Object(Closure))
 5 SYSTEMPATH\Router\RouteCollection.php(339): require('C:\\Users\\ASUS\\Downloads\\Projectmagang_dr\\Projectmagang_dr\\app\\Config\\Routes.php')
 6 SYSTEMPATH\CodeIgniter.php(841): CodeIgniter\Router\RouteCollection->loadRoutes()
 7 SYSTEMPATH\CodeIgniter.php(464): CodeIgniter\CodeIgniter->tryToRouteIt(null)
 8 SYSTEMPATH\CodeIgniter.php(363): CodeIgniter\CodeIgniter->handleRequest(null, Object(Config\Cache), false)
 9 SYSTEMPATH\Boot.php(417): CodeIgniter\CodeIgniter->run()
10 SYSTEMPATH\Boot.php(68): CodeIgniter\Boot::runCodeIgniter(Object(CodeIgniter\CodeIgniter))
11 FCPATH\index.php(59): CodeIgniter\Boot::bootWeb(Object(Config\Paths))
12 SYSTEMPATH\rewrite.php(44): require_once('C:\\Users\\ASUS\\Downloads\\Projectmagang_dr\\Projectmagang_dr\\public\\index.php')
WARNING - 2026-08-04 15:23:27 --> [DEPRECATED] Passing lowercase HTTP method "get" is deprecated. Use uppercase HTTP method like "GET". in SYSTEMPATH\Router\RouteCollection.php on line 1026.
 1 SYSTEMPATH\Router\RouteCollection.php(1026): trigger_error('Passing lowercase HTTP method "get" is deprecated. Use uppercase HTTP method like "GET".', 16384)
 2 APPPATH\Config\Routes.php(95): CodeIgniter\Router\RouteCollection->match([...], 'verifikasi', '\\App\\Controllers\\Sekretariat\\C_Verifikasi::index')
 3 SYSTEMPATH\Router\RouteCollection.php(799): CodeIgniter\Router\RouteCollection::{closure:C:\Users\ASUS\Downloads\Projectmagang_dr\Projectmagang_dr\app\Config\Routes.php:89}(Object(CodeIgniter\Router\RouteCollection))
 4 APPPATH\Config\Routes.php(89): CodeIgniter\Router\RouteCollection->group('sekretariat', [...], Object(Closure))
 5 SYSTEMPATH\Router\RouteCollection.php(339): require('C:\\Users\\ASUS\\Downloads\\Projectmagang_dr\\Projectmagang_dr\\app\\Config\\Routes.php')
 6 SYSTEMPATH\CodeIgniter.php(841): CodeIgniter\Router\RouteCollection->loadRoutes()
 7 SYSTEMPATH\CodeIgniter.php(464): CodeIgniter\CodeIgniter->tryToRouteIt(null)
 8 SYSTEMPATH\CodeIgniter.php(363): CodeIgniter\CodeIgniter->handleRequest(null, Object(Config\Cache), false)
 9 SYSTEMPATH\Boot.php(417): CodeIgniter\CodeIgniter->run()
10 SYSTEMPATH\Boot.php(68): CodeIgniter\Boot::runCodeIgniter(Object(CodeIgniter\CodeIgniter))
11 FCPATH\index.php(59): CodeIgniter\Boot::bootWeb(Object(Config\Paths))
12 SYSTEMPATH\rewrite.php(44): require_once('C:\\Users\\ASUS\\Downloads\\Projectmagang_dr\\Projectmagang_dr\\public\\index.php')
WARNING - 2026-08-04 15:23:27 --> [DEPRECATED] Passing lowercase HTTP method "post" is deprecated. Use uppercase HTTP method like "POST". in SYSTEMPATH\Router\RouteCollection.php on line 1026.
 1 SYSTEMPATH\Router\RouteCollection.php(1026): trigger_error('Passing lowercase HTTP method "post" is deprecated. Use uppercase HTTP method like "POST".', 16384)
 2 APPPATH\Config\Routes.php(95): CodeIgniter\Router\RouteCollection->match([...], 'verifikasi', '\\App\\Controllers\\Sekretariat\\C_Verifikasi::index')
 3 SYSTEMPATH\Router\RouteCollection.php(799): CodeIgniter\Router\RouteCollection::{closure:C:\Users\ASUS\Downloads\Projectmagang_dr\Projectmagang_dr\app\Config\Routes.php:89}(Object(CodeIgniter\Router\RouteCollection))
 4 APPPATH\Config\Routes.php(89): CodeIgniter\Router\RouteCollection->group('sekretariat', [...], Object(Closure))
 5 SYSTEMPATH\Router\RouteCollection.php(339): require('C:\\Users\\ASUS\\Downloads\\Projectmagang_dr\\Projectmagang_dr\\app\\Config\\Routes.php')
 6 SYSTEMPATH\CodeIgniter.php(841): CodeIgniter\Router\RouteCollection->loadRoutes()
 7 SYSTEMPATH\CodeIgniter.php(464): CodeIgniter\CodeIgniter->tryToRouteIt(null)
 8 SYSTEMPATH\CodeIgniter.php(363): CodeIgniter\CodeIgniter->handleRequest(null, Object(Config\Cache), false)
 9 SYSTEMPATH\Boot.php(417): CodeIgniter\CodeIgniter->run()
10 SYSTEMPATH\Boot.php(68): CodeIgniter\Boot::runCodeIgniter(Object(CodeIgniter\CodeIgniter))
11 FCPATH\index.php(59): CodeIgniter\Boot::bootWeb(Object(Config\Paths))
12 SYSTEMPATH\rewrite.php(44): require_once('C:\\Users\\ASUS\\Downloads\\Projectmagang_dr\\Projectmagang_dr\\public\\index.php')
WARNING - 2026-08-04 15:23:27 --> [DEPRECATED] Passing lowercase HTTP method "get" is deprecated. Use uppercase HTTP method like "GET". in SYSTEMPATH\Router\RouteCollection.php on line 1026.
 1 SYSTEMPATH\Router\RouteCollection.php(1026): trigger_error('Passing lowercase HTTP method "get" is deprecated. Use uppercase HTTP method like "GET".', 16384)
 2 APPPATH\Config\Routes.php(144): CodeIgniter\Router\RouteCollection->match([...], 'upload-surat-penerimaan', '\\App\\Controllers\\Sekretariat\\C_UploadSuratPenerimaan::index')
 3 SYSTEMPATH\Router\RouteCollection.php(799): CodeIgniter\Router\RouteCollection::{closure:C:\Users\ASUS\Downloads\Projectmagang_dr\Projectmagang_dr\app\Config\Routes.php:89}(Object(CodeIgniter\Router\RouteCollection))
 4 APPPATH\Config\Routes.php(89): CodeIgniter\Router\RouteCollection->group('sekretariat', [...], Object(Closure))
 5 SYSTEMPATH\Router\RouteCollection.php(339): require('C:\\Users\\ASUS\\Downloads\\Projectmagang_dr\\Projectmagang_dr\\app\\Config\\Routes.php')
 6 SYSTEMPATH\CodeIgniter.php(841): CodeIgniter\Router\RouteCollection->loadRoutes()
 7 SYSTEMPATH\CodeIgniter.php(464): CodeIgniter\CodeIgniter->tryToRouteIt(null)
 8 SYSTEMPATH\CodeIgniter.php(363): CodeIgniter\CodeIgniter->handleRequest(null, Object(Config\Cache), false)
 9 SYSTEMPATH\Boot.php(417): CodeIgniter\CodeIgniter->run()
10 SYSTEMPATH\Boot.php(68): CodeIgniter\Boot::runCodeIgniter(Object(CodeIgniter\CodeIgniter))
11 FCPATH\index.php(59): CodeIgniter\Boot::bootWeb(Object(Config\Paths))
12 SYSTEMPATH\rewrite.php(44): require_once('C:\\Users\\ASUS\\Downloads\\Projectmagang_dr\\Projectmagang_dr\\public\\index.php')
WARNING - 2026-08-04 15:23:27 --> [DEPRECATED] Passing lowercase HTTP method "post" is deprecated. Use uppercase HTTP method like "POST". in SYSTEMPATH\Router\RouteCollection.php on line 1026.
 1 SYSTEMPATH\Router\RouteCollection.php(1026): trigger_error('Passing lowercase HTTP method "post" is deprecated. Use uppercase HTTP method like "POST".', 16384)
 2 APPPATH\Config\Routes.php(144): CodeIgniter\Router\RouteCollection->match([...], 'upload-surat-penerimaan', '\\App\\Controllers\\Sekretariat\\C_UploadSuratPenerimaan::index')
 3 SYSTEMPATH\Router\RouteCollection.php(799): CodeIgniter\Router\RouteCollection::{closure:C:\Users\ASUS\Downloads\Projectmagang_dr\Projectmagang_dr\app\Config\Routes.php:89}(Object(CodeIgniter\Router\RouteCollection))
 4 APPPATH\Config\Routes.php(89): CodeIgniter\Router\RouteCollection->group('sekretariat', [...], Object(Closure))
 5 SYSTEMPATH\Router\RouteCollection.php(339): require('C:\\Users\\ASUS\\Downloads\\Projectmagang_dr\\Projectmagang_dr\\app\\Config\\Routes.php')
 6 SYSTEMPATH\CodeIgniter.php(841): CodeIgniter\Router\RouteCollection->loadRoutes()
 7 SYSTEMPATH\CodeIgniter.php(464): CodeIgniter\CodeIgniter->tryToRouteIt(null)
 8 SYSTEMPATH\CodeIgniter.php(363): CodeIgniter\CodeIgniter->handleRequest(null, Object(Config\Cache), false)
 9 SYSTEMPATH\Boot.php(417): CodeIgniter\CodeIgniter->run()
10 SYSTEMPATH\Boot.php(68): CodeIgniter\Boot::runCodeIgniter(Object(CodeIgniter\CodeIgniter))
11 FCPATH\index.php(59): CodeIgniter\Boot::bootWeb(Object(Config\Paths))
12 SYSTEMPATH\rewrite.php(44): require_once('C:\\Users\\ASUS\\Downloads\\Projectmagang_dr\\Projectmagang_dr\\public\\index.php')
WARNING - 2026-08-04 15:23:27 --> [DEPRECATED] Passing lowercase HTTP method "get" is deprecated. Use uppercase HTTP method like "GET". in SYSTEMPATH\Router\RouteCollection.php on line 1026.
 1 SYSTEMPATH\Router\RouteCollection.php(1026): trigger_error('Passing lowercase HTTP method "get" is deprecated. Use uppercase HTTP method like "GET".', 16384)
 2 APPPATH\Config\Routes.php(165): CodeIgniter\Router\RouteCollection->match([...], 'logbook', '\\App\\Controllers\\Kabid\\C_LogbookKabid::index')
 3 SYSTEMPATH\Router\RouteCollection.php(799): CodeIgniter\Router\RouteCollection::{closure:C:\Users\ASUS\Downloads\Projectmagang_dr\Projectmagang_dr\app\Config\Routes.php:153}(Object(CodeIgniter\Router\RouteCollection))
 4 APPPATH\Config\Routes.php(153): CodeIgniter\Router\RouteCollection->group('kabid', [...], Object(Closure))
 5 SYSTEMPATH\Router\RouteCollection.php(339): require('C:\\Users\\ASUS\\Downloads\\Projectmagang_dr\\Projectmagang_dr\\app\\Config\\Routes.php')
 6 SYSTEMPATH\CodeIgniter.php(841): CodeIgniter\Router\RouteCollection->loadRoutes()
 7 SYSTEMPATH\CodeIgniter.php(464): CodeIgniter\CodeIgniter->tryToRouteIt(null)
 8 SYSTEMPATH\CodeIgniter.php(363): CodeIgniter\CodeIgniter->handleRequest(null, Object(Config\Cache), false)
 9 SYSTEMPATH\Boot.php(417): CodeIgniter\CodeIgniter->run()
10 SYSTEMPATH\Boot.php(68): CodeIgniter\Boot::runCodeIgniter(Object(CodeIgniter\CodeIgniter))
11 FCPATH\index.php(59): CodeIgniter\Boot::bootWeb(Object(Config\Paths))
12 SYSTEMPATH\rewrite.php(44): require_once('C:\\Users\\ASUS\\Downloads\\Projectmagang_dr\\Projectmagang_dr\\public\\index.php')
WARNING - 2026-08-04 15:23:27 --> [DEPRECATED] Passing lowercase HTTP method "post" is deprecated. Use uppercase HTTP method like "POST". in SYSTEMPATH\Router\RouteCollection.php on line 1026.
 1 SYSTEMPATH\Router\RouteCollection.php(1026): trigger_error('Passing lowercase HTTP method "post" is deprecated. Use uppercase HTTP method like "POST".', 16384)
 2 APPPATH\Config\Routes.php(165): CodeIgniter\Router\RouteCollection->match([...], 'logbook', '\\App\\Controllers\\Kabid\\C_LogbookKabid::index')
 3 SYSTEMPATH\Router\RouteCollection.php(799): CodeIgniter\Router\RouteCollection::{closure:C:\Users\ASUS\Downloads\Projectmagang_dr\Projectmagang_dr\app\Config\Routes.php:153}(Object(CodeIgniter\Router\RouteCollection))
 4 APPPATH\Config\Routes.php(153): CodeIgniter\Router\RouteCollection->group('kabid', [...], Object(Closure))
 5 SYSTEMPATH\Router\RouteCollection.php(339): require('C:\\Users\\ASUS\\Downloads\\Projectmagang_dr\\Projectmagang_dr\\app\\Config\\Routes.php')
 6 SYSTEMPATH\CodeIgniter.php(841): CodeIgniter\Router\RouteCollection->loadRoutes()
 7 SYSTEMPATH\CodeIgniter.php(464): CodeIgniter\CodeIgniter->tryToRouteIt(null)
 8 SYSTEMPATH\CodeIgniter.php(363): CodeIgniter\CodeIgniter->handleRequest(null, Object(Config\Cache), false)
 9 SYSTEMPATH\Boot.php(417): CodeIgniter\CodeIgniter->run()
10 SYSTEMPATH\Boot.php(68): CodeIgniter\Boot::runCodeIgniter(Object(CodeIgniter\CodeIgniter))
11 FCPATH\index.php(59): CodeIgniter\Boot::bootWeb(Object(Config\Paths))
12 SYSTEMPATH\rewrite.php(44): require_once('C:\\Users\\ASUS\\Downloads\\Projectmagang_dr\\Projectmagang_dr\\public\\index.php')
WARNING - 2026-08-04 15:23:27 --> [DEPRECATED] Passing lowercase HTTP method "get" is deprecated. Use uppercase HTTP method like "GET". in SYSTEMPATH\Router\RouteCollection.php on line 1026.
 1 SYSTEMPATH\Router\RouteCollection.php(1026): trigger_error('Passing lowercase HTTP method "get" is deprecated. Use uppercase HTTP method like "GET".', 16384)
 2 APPPATH\Config\Routes.php(177): CodeIgniter\Router\RouteCollection->match([...], 'upload-dokumen', '\\App\\Controllers\\Kabid\\C_UploadDokumen::index')
 3 SYSTEMPATH\Router\RouteCollection.php(799): CodeIgniter\Router\RouteCollection::{closure:C:\Users\ASUS\Downloads\Projectmagang_dr\Projectmagang_dr\app\Config\Routes.php:153}(Object(CodeIgniter\Router\RouteCollection))
 4 APPPATH\Config\Routes.php(153): CodeIgniter\Router\RouteCollection->group('kabid', [...], Object(Closure))
 5 SYSTEMPATH\Router\RouteCollection.php(339): require('C:\\Users\\ASUS\\Downloads\\Projectmagang_dr\\Projectmagang_dr\\app\\Config\\Routes.php')
 6 SYSTEMPATH\CodeIgniter.php(841): CodeIgniter\Router\RouteCollection->loadRoutes()
 7 SYSTEMPATH\CodeIgniter.php(464): CodeIgniter\CodeIgniter->tryToRouteIt(null)
 8 SYSTEMPATH\CodeIgniter.php(363): CodeIgniter\CodeIgniter->handleRequest(null, Object(Config\Cache), false)
 9 SYSTEMPATH\Boot.php(417): CodeIgniter\CodeIgniter->run()
10 SYSTEMPATH\Boot.php(68): CodeIgniter\Boot::runCodeIgniter(Object(CodeIgniter\CodeIgniter))
11 FCPATH\index.php(59): CodeIgniter\Boot::bootWeb(Object(Config\Paths))
12 SYSTEMPATH\rewrite.php(44): require_once('C:\\Users\\ASUS\\Downloads\\Projectmagang_dr\\Projectmagang_dr\\public\\index.php')
WARNING - 2026-08-04 15:23:27 --> [DEPRECATED] Passing lowercase HTTP method "post" is deprecated. Use uppercase HTTP method like "POST". in SYSTEMPATH\Router\RouteCollection.php on line 1026.
 1 SYSTEMPATH\Router\RouteCollection.php(1026): trigger_error('Passing lowercase HTTP method "post" is deprecated. Use uppercase HTTP method like "POST".', 16384)
 2 APPPATH\Config\Routes.php(177): CodeIgniter\Router\RouteCollection->match([...], 'upload-dokumen', '\\App\\Controllers\\Kabid\\C_UploadDokumen::index')
 3 SYSTEMPATH\Router\RouteCollection.php(799): CodeIgniter\Router\RouteCollection::{closure:C:\Users\ASUS\Downloads\Projectmagang_dr\Projectmagang_dr\app\Config\Routes.php:153}(Object(CodeIgniter\Router\RouteCollection))
 4 APPPATH\Config\Routes.php(153): CodeIgniter\Router\RouteCollection->group('kabid', [...], Object(Closure))
 5 SYSTEMPATH\Router\RouteCollection.php(339): require('C:\\Users\\ASUS\\Downloads\\Projectmagang_dr\\Projectmagang_dr\\app\\Config\\Routes.php')
 6 SYSTEMPATH\CodeIgniter.php(841): CodeIgniter\Router\RouteCollection->loadRoutes()
 7 SYSTEMPATH\CodeIgniter.php(464): CodeIgniter\CodeIgniter->tryToRouteIt(null)
 8 SYSTEMPATH\CodeIgniter.php(363): CodeIgniter\CodeIgniter->handleRequest(null, Object(Config\Cache), false)
 9 SYSTEMPATH\Boot.php(417): CodeIgniter\CodeIgniter->run()
10 SYSTEMPATH\Boot.php(68): CodeIgniter\Boot::runCodeIgniter(Object(CodeIgniter\CodeIgniter))
11 FCPATH\index.php(59): CodeIgniter\Boot::bootWeb(Object(Config\Paths))
12 SYSTEMPATH\rewrite.php(44): require_once('C:\\Users\\ASUS\\Downloads\\Projectmagang_dr\\Projectmagang_dr\\public\\index.php')
DEBUG - 2026-08-04 15:23:28 --> Session: Class initialized using 'CodeIgniter\Session\Handlers\FileHandler' driver.
WARNING - 2026-08-04 15:23:28 --> [DEPRECATED] Passing lowercase HTTP method "get" is deprecated. Use uppercase HTTP method like "GET". in SYSTEMPATH\Router\RouteCollection.php on line 1026.
 1 SYSTEMPATH\Router\RouteCollection.php(1026): trigger_error('Passing lowercase HTTP method "get" is deprecated. Use uppercase HTTP method like "GET".', 16384)
 2 APPPATH\Config\Routes.php(77): CodeIgniter\Router\RouteCollection->match([...], 'logbook', 'C_Logbook::logbook')
 3 SYSTEMPATH\Router\RouteCollection.php(799): CodeIgniter\Router\RouteCollection::{closure:C:\Users\ASUS\Downloads\Projectmagang_dr\Projectmagang_dr\app\Config\Routes.php:59}(Object(CodeIgniter\Router\RouteCollection))
 4 APPPATH\Config\Routes.php(59): CodeIgniter\Router\RouteCollection->group('mahasiswa', [...], Object(Closure))
 5 SYSTEMPATH\Router\RouteCollection.php(339): require('C:\\Users\\ASUS\\Downloads\\Projectmagang_dr\\Projectmagang_dr\\app\\Config\\Routes.php')
 6 SYSTEMPATH\CodeIgniter.php(841): CodeIgniter\Router\RouteCollection->loadRoutes()
 7 SYSTEMPATH\CodeIgniter.php(464): CodeIgniter\CodeIgniter->tryToRouteIt(null)
 8 SYSTEMPATH\CodeIgniter.php(363): CodeIgniter\CodeIgniter->handleRequest(null, Object(Config\Cache), false)
 9 SYSTEMPATH\Boot.php(417): CodeIgniter\CodeIgniter->run()
10 SYSTEMPATH\Boot.php(68): CodeIgniter\Boot::runCodeIgniter(Object(CodeIgniter\CodeIgniter))
11 FCPATH\index.php(59): CodeIgniter\Boot::bootWeb(Object(Config\Paths))
12 SYSTEMPATH\rewrite.php(44): require_once('C:\\Users\\ASUS\\Downloads\\Projectmagang_dr\\Projectmagang_dr\\public\\index.php')
WARNING - 2026-08-04 15:23:28 --> [DEPRECATED] Passing lowercase HTTP method "post" is deprecated. Use uppercase HTTP method like "POST". in SYSTEMPATH\Router\RouteCollection.php on line 1026.
 1 SYSTEMPATH\Router\RouteCollection.php(1026): trigger_error('Passing lowercase HTTP method "post" is deprecated. Use uppercase HTTP method like "POST".', 16384)
 2 APPPATH\Config\Routes.php(77): CodeIgniter\Router\RouteCollection->match([...], 'logbook', 'C_Logbook::logbook')
 3 SYSTEMPATH\Router\RouteCollection.php(799): CodeIgniter\Router\RouteCollection::{closure:C:\Users\ASUS\Downloads\Projectmagang_dr\Projectmagang_dr\app\Config\Routes.php:59}(Object(CodeIgniter\Router\RouteCollection))
 4 APPPATH\Config\Routes.php(59): CodeIgniter\Router\RouteCollection->group('mahasiswa', [...], Object(Closure))
 5 SYSTEMPATH\Router\RouteCollection.php(339): require('C:\\Users\\ASUS\\Downloads\\Projectmagang_dr\\Projectmagang_dr\\app\\Config\\Routes.php')
 6 SYSTEMPATH\CodeIgniter.php(841): CodeIgniter\Router\RouteCollection->loadRoutes()
 7 SYSTEMPATH\CodeIgniter.php(464): CodeIgniter\CodeIgniter->tryToRouteIt(null)
 8 SYSTEMPATH\CodeIgniter.php(363): CodeIgniter\CodeIgniter->handleRequest(null, Object(Config\Cache), false)
 9 SYSTEMPATH\Boot.php(417): CodeIgniter\CodeIgniter->run()
10 SYSTEMPATH\Boot.php(68): CodeIgniter\Boot::runCodeIgniter(Object(CodeIgniter\CodeIgniter))
11 FCPATH\index.php(59): CodeIgniter\Boot::bootWeb(Object(Config\Paths))
12 SYSTEMPATH\rewrite.php(44): require_once('C:\\Users\\ASUS\\Downloads\\Projectmagang_dr\\Projectmagang_dr\\public\\index.php')
WARNING - 2026-08-04 15:23:28 --> [DEPRECATED] Passing lowercase HTTP method "get" is deprecated. Use uppercase HTTP method like "GET". in SYSTEMPATH\Router\RouteCollection.php on line 1026.
 1 SYSTEMPATH\Router\RouteCollection.php(1026): trigger_error('Passing lowercase HTTP method "get" is deprecated. Use uppercase HTTP method like "GET".', 16384)
 2 APPPATH\Config\Routes.php(95): CodeIgniter\Router\RouteCollection->match([...], 'verifikasi', '\\App\\Controllers\\Sekretariat\\C_Verifikasi::index')
 3 SYSTEMPATH\Router\RouteCollection.php(799): CodeIgniter\Router\RouteCollection::{closure:C:\Users\ASUS\Downloads\Projectmagang_dr\Projectmagang_dr\app\Config\Routes.php:89}(Object(CodeIgniter\Router\RouteCollection))
 4 APPPATH\Config\Routes.php(89): CodeIgniter\Router\RouteCollection->group('sekretariat', [...], Object(Closure))
 5 SYSTEMPATH\Router\RouteCollection.php(339): require('C:\\Users\\ASUS\\Downloads\\Projectmagang_dr\\Projectmagang_dr\\app\\Config\\Routes.php')
 6 SYSTEMPATH\CodeIgniter.php(841): CodeIgniter\Router\RouteCollection->loadRoutes()
 7 SYSTEMPATH\CodeIgniter.php(464): CodeIgniter\CodeIgniter->tryToRouteIt(null)
 8 SYSTEMPATH\CodeIgniter.php(363): CodeIgniter\CodeIgniter->handleRequest(null, Object(Config\Cache), false)
 9 SYSTEMPATH\Boot.php(417): CodeIgniter\CodeIgniter->run()
10 SYSTEMPATH\Boot.php(68): CodeIgniter\Boot::runCodeIgniter(Object(CodeIgniter\CodeIgniter))
11 FCPATH\index.php(59): CodeIgniter\Boot::bootWeb(Object(Config\Paths))
12 SYSTEMPATH\rewrite.php(44): require_once('C:\\Users\\ASUS\\Downloads\\Projectmagang_dr\\Projectmagang_dr\\public\\index.php')
WARNING - 2026-08-04 15:23:28 --> [DEPRECATED] Passing lowercase HTTP method "post" is deprecated. Use uppercase HTTP method like "POST". in SYSTEMPATH\Router\RouteCollection.php on line 1026.
 1 SYSTEMPATH\Router\RouteCollection.php(1026): trigger_error('Passing lowercase HTTP method "post" is deprecated. Use uppercase HTTP method like "POST".', 16384)
 2 APPPATH\Config\Routes.php(95): CodeIgniter\Router\RouteCollection->match([...], 'verifikasi', '\\App\\Controllers\\Sekretariat\\C_Verifikasi::index')
 3 SYSTEMPATH\Router\RouteCollection.php(799): CodeIgniter\Router\RouteCollection::{closure:C:\Users\ASUS\Downloads\Projectmagang_dr\Projectmagang_dr\app\Config\Routes.php:89}(Object(CodeIgniter\Router\RouteCollection))
 4 APPPATH\Config\Routes.php(89): CodeIgniter\Router\RouteCollection->group('sekretariat', [...], Object(Closure))
 5 SYSTEMPATH\Router\RouteCollection.php(339): require('C:\\Users\\ASUS\\Downloads\\Projectmagang_dr\\Projectmagang_dr\\app\\Config\\Routes.php')
 6 SYSTEMPATH\CodeIgniter.php(841): CodeIgniter\Router\RouteCollection->loadRoutes()
 7 SYSTEMPATH\CodeIgniter.php(464): CodeIgniter\CodeIgniter->tryToRouteIt(null)
 8 SYSTEMPATH\CodeIgniter.php(363): CodeIgniter\CodeIgniter->handleRequest(null, Object(Config\Cache), false)
 9 SYSTEMPATH\Boot.php(417): CodeIgniter\CodeIgniter->run()
10 SYSTEMPATH\Boot.php(68): CodeIgniter\Boot::runCodeIgniter(Object(CodeIgniter\CodeIgniter))
11 FCPATH\index.php(59): CodeIgniter\Boot::bootWeb(Object(Config\Paths))
12 SYSTEMPATH\rewrite.php(44): require_once('C:\\Users\\ASUS\\Downloads\\Projectmagang_dr\\Projectmagang_dr\\public\\index.php')
WARNING - 2026-08-04 15:23:28 --> [DEPRECATED] Passing lowercase HTTP method "get" is deprecated. Use uppercase HTTP method like "GET". in SYSTEMPATH\Router\RouteCollection.php on line 1026.
 1 SYSTEMPATH\Router\RouteCollection.php(1026): trigger_error('Passing lowercase HTTP method "get" is deprecated. Use uppercase HTTP method like "GET".', 16384)
 2 APPPATH\Config\Routes.php(144): CodeIgniter\Router\RouteCollection->match([...], 'upload-surat-penerimaan', '\\App\\Controllers\\Sekretariat\\C_UploadSuratPenerimaan::index')
 3 SYSTEMPATH\Router\RouteCollection.php(799): CodeIgniter\Router\RouteCollection::{closure:C:\Users\ASUS\Downloads\Projectmagang_dr\Projectmagang_dr\app\Config\Routes.php:89}(Object(CodeIgniter\Router\RouteCollection))
 4 APPPATH\Config\Routes.php(89): CodeIgniter\Router\RouteCollection->group('sekretariat', [...], Object(Closure))
 5 SYSTEMPATH\Router\RouteCollection.php(339): require('C:\\Users\\ASUS\\Downloads\\Projectmagang_dr\\Projectmagang_dr\\app\\Config\\Routes.php')
 6 SYSTEMPATH\CodeIgniter.php(841): CodeIgniter\Router\RouteCollection->loadRoutes()
 7 SYSTEMPATH\CodeIgniter.php(464): CodeIgniter\CodeIgniter->tryToRouteIt(null)
 8 SYSTEMPATH\CodeIgniter.php(363): CodeIgniter\CodeIgniter->handleRequest(null, Object(Config\Cache), false)
 9 SYSTEMPATH\Boot.php(417): CodeIgniter\CodeIgniter->run()
10 SYSTEMPATH\Boot.php(68): CodeIgniter\Boot::runCodeIgniter(Object(CodeIgniter\CodeIgniter))
11 FCPATH\index.php(59): CodeIgniter\Boot::bootWeb(Object(Config\Paths))
12 SYSTEMPATH\rewrite.php(44): require_once('C:\\Users\\ASUS\\Downloads\\Projectmagang_dr\\Projectmagang_dr\\public\\index.php')
WARNING - 2026-08-04 15:23:28 --> [DEPRECATED] Passing lowercase HTTP method "post" is deprecated. Use uppercase HTTP method like "POST". in SYSTEMPATH\Router\RouteCollection.php on line 1026.
 1 SYSTEMPATH\Router\RouteCollection.php(1026): trigger_error('Passing lowercase HTTP method "post" is deprecated. Use uppercase HTTP method like "POST".', 16384)
 2 APPPATH\Config\Routes.php(144): CodeIgniter\Router\RouteCollection->match([...], 'upload-surat-penerimaan', '\\App\\Controllers\\Sekretariat\\C_UploadSuratPenerimaan::index')
 3 SYSTEMPATH\Router\RouteCollection.php(799): CodeIgniter\Router\RouteCollection::{closure:C:\Users\ASUS\Downloads\Projectmagang_dr\Projectmagang_dr\app\Config\Routes.php:89}(Object(CodeIgniter\Router\RouteCollection))
 4 APPPATH\Config\Routes.php(89): CodeIgniter\Router\RouteCollection->group('sekretariat', [...], Object(Closure))
 5 SYSTEMPATH\Router\RouteCollection.php(339): require('C:\\Users\\ASUS\\Downloads\\Projectmagang_dr\\Projectmagang_dr\\app\\Config\\Routes.php')
 6 SYSTEMPATH\CodeIgniter.php(841): CodeIgniter\Router\RouteCollection->loadRoutes()
 7 SYSTEMPATH\CodeIgniter.php(464): CodeIgniter\CodeIgniter->tryToRouteIt(null)
 8 SYSTEMPATH\CodeIgniter.php(363): CodeIgniter\CodeIgniter->handleRequest(null, Object(Config\Cache), false)
 9 SYSTEMPATH\Boot.php(417): CodeIgniter\CodeIgniter->run()
10 SYSTEMPATH\Boot.php(68): CodeIgniter\Boot::runCodeIgniter(Object(CodeIgniter\CodeIgniter))
11 FCPATH\index.php(59): CodeIgniter\Boot::bootWeb(Object(Config\Paths))
12 SYSTEMPATH\rewrite.php(44): require_once('C:\\Users\\ASUS\\Downloads\\Projectmagang_dr\\Projectmagang_dr\\public\\index.php')
WARNING - 2026-08-04 15:23:28 --> [DEPRECATED] Passing lowercase HTTP method "get" is deprecated. Use uppercase HTTP method like "GET". in SYSTEMPATH\Router\RouteCollection.php on line 1026.
 1 SYSTEMPATH\Router\RouteCollection.php(1026): trigger_error('Passing lowercase HTTP method "get" is deprecated. Use uppercase HTTP method like "GET".', 16384)
 2 APPPATH\Config\Routes.php(165): CodeIgniter\Router\RouteCollection->match([...], 'logbook', '\\App\\Controllers\\Kabid\\C_LogbookKabid::index')
 3 SYSTEMPATH\Router\RouteCollection.php(799): CodeIgniter\Router\RouteCollection::{closure:C:\Users\ASUS\Downloads\Projectmagang_dr\Projectmagang_dr\app\Config\Routes.php:153}(Object(CodeIgniter\Router\RouteCollection))
 4 APPPATH\Config\Routes.php(153): CodeIgniter\Router\RouteCollection->group('kabid', [...], Object(Closure))
 5 SYSTEMPATH\Router\RouteCollection.php(339): require('C:\\Users\\ASUS\\Downloads\\Projectmagang_dr\\Projectmagang_dr\\app\\Config\\Routes.php')
 6 SYSTEMPATH\CodeIgniter.php(841): CodeIgniter\Router\RouteCollection->loadRoutes()
 7 SYSTEMPATH\CodeIgniter.php(464): CodeIgniter\CodeIgniter->tryToRouteIt(null)
 8 SYSTEMPATH\CodeIgniter.php(363): CodeIgniter\CodeIgniter->handleRequest(null, Object(Config\Cache), false)
 9 SYSTEMPATH\Boot.php(417): CodeIgniter\CodeIgniter->run()
10 SYSTEMPATH\Boot.php(68): CodeIgniter\Boot::runCodeIgniter(Object(CodeIgniter\CodeIgniter))
11 FCPATH\index.php(59): CodeIgniter\Boot::bootWeb(Object(Config\Paths))
12 SYSTEMPATH\rewrite.php(44): require_once('C:\\Users\\ASUS\\Downloads\\Projectmagang_dr\\Projectmagang_dr\\public\\index.php')
WARNING - 2026-08-04 15:23:28 --> [DEPRECATED] Passing lowercase HTTP method "post" is deprecated. Use uppercase HTTP method like "POST". in SYSTEMPATH\Router\RouteCollection.php on line 1026.
 1 SYSTEMPATH\Router\RouteCollection.php(1026): trigger_error('Passing lowercase HTTP method "post" is deprecated. Use uppercase HTTP method like "POST".', 16384)
 2 APPPATH\Config\Routes.php(165): CodeIgniter\Router\RouteCollection->match([...], 'logbook', '\\App\\Controllers\\Kabid\\C_LogbookKabid::index')
 3 SYSTEMPATH\Router\RouteCollection.php(799): CodeIgniter\Router\RouteCollection::{closure:C:\Users\ASUS\Downloads\Projectmagang_dr\Projectmagang_dr\app\Config\Routes.php:153}(Object(CodeIgniter\Router\RouteCollection))
 4 APPPATH\Config\Routes.php(153): CodeIgniter\Router\RouteCollection->group('kabid', [...], Object(Closure))
 5 SYSTEMPATH\Router\RouteCollection.php(339): require('C:\\Users\\ASUS\\Downloads\\Projectmagang_dr\\Projectmagang_dr\\app\\Config\\Routes.php')
 6 SYSTEMPATH\CodeIgniter.php(841): CodeIgniter\Router\RouteCollection->loadRoutes()
 7 SYSTEMPATH\CodeIgniter.php(464): CodeIgniter\CodeIgniter->tryToRouteIt(null)
 8 SYSTEMPATH\CodeIgniter.php(363): CodeIgniter\CodeIgniter->handleRequest(null, Object(Config\Cache), false)
 9 SYSTEMPATH\Boot.php(417): CodeIgniter\CodeIgniter->run()
10 SYSTEMPATH\Boot.php(68): CodeIgniter\Boot::runCodeIgniter(Object(CodeIgniter\CodeIgniter))
11 FCPATH\index.php(59): CodeIgniter\Boot::bootWeb(Object(Config\Paths))
12 SYSTEMPATH\rewrite.php(44): require_once('C:\\Users\\ASUS\\Downloads\\Projectmagang_dr\\Projectmagang_dr\\public\\index.php')
WARNING - 2026-08-04 15:23:28 --> [DEPRECATED] Passing lowercase HTTP method "get" is deprecated. Use uppercase HTTP method like "GET". in SYSTEMPATH\Router\RouteCollection.php on line 1026.
 1 SYSTEMPATH\Router\RouteCollection.php(1026): trigger_error('Passing lowercase HTTP method "get" is deprecated. Use uppercase HTTP method like "GET".', 16384)
 2 APPPATH\Config\Routes.php(177): CodeIgniter\Router\RouteCollection->match([...], 'upload-dokumen', '\\App\\Controllers\\Kabid\\C_UploadDokumen::index')
 3 SYSTEMPATH\Router\RouteCollection.php(799): CodeIgniter\Router\RouteCollection::{closure:C:\Users\ASUS\Downloads\Projectmagang_dr\Projectmagang_dr\app\Config\Routes.php:153}(Object(CodeIgniter\Router\RouteCollection))
 4 APPPATH\Config\Routes.php(153): CodeIgniter\Router\RouteCollection->group('kabid', [...], Object(Closure))
 5 SYSTEMPATH\Router\RouteCollection.php(339): require('C:\\Users\\ASUS\\Downloads\\Projectmagang_dr\\Projectmagang_dr\\app\\Config\\Routes.php')
 6 SYSTEMPATH\CodeIgniter.php(841): CodeIgniter\Router\RouteCollection->loadRoutes()
 7 SYSTEMPATH\CodeIgniter.php(464): CodeIgniter\CodeIgniter->tryToRouteIt(null)
 8 SYSTEMPATH\CodeIgniter.php(363): CodeIgniter\CodeIgniter->handleRequest(null, Object(Config\Cache), false)
 9 SYSTEMPATH\Boot.php(417): CodeIgniter\CodeIgniter->run()
10 SYSTEMPATH\Boot.php(68): CodeIgniter\Boot::runCodeIgniter(Object(CodeIgniter\CodeIgniter))
11 FCPATH\index.php(59): CodeIgniter\Boot::bootWeb(Object(Config\Paths))
12 SYSTEMPATH\rewrite.php(44): require_once('C:\\Users\\ASUS\\Downloads\\Projectmagang_dr\\Projectmagang_dr\\public\\index.php')
WARNING - 2026-08-04 15:23:28 --> [DEPRECATED] Passing lowercase HTTP method "post" is deprecated. Use uppercase HTTP method like "POST". in SYSTEMPATH\Router\RouteCollection.php on line 1026.
 1 SYSTEMPATH\Router\RouteCollection.php(1026): trigger_error('Passing lowercase HTTP method "post" is deprecated. Use uppercase HTTP method like "POST".', 16384)
 2 APPPATH\Config\Routes.php(177): CodeIgniter\Router\RouteCollection->match([...], 'upload-dokumen', '\\App\\Controllers\\Kabid\\C_UploadDokumen::index')
 3 SYSTEMPATH\Router\RouteCollection.php(799): CodeIgniter\Router\RouteCollection::{closure:C:\Users\ASUS\Downloads\Projectmagang_dr\Projectmagang_dr\app\Config\Routes.php:153}(Object(CodeIgniter\Router\RouteCollection))
 4 APPPATH\Config\Routes.php(153): CodeIgniter\Router\RouteCollection->group('kabid', [...], Object(Closure))
 5 SYSTEMPATH\Router\RouteCollection.php(339): require('C:\\Users\\ASUS\\Downloads\\Projectmagang_dr\\Projectmagang_dr\\app\\Config\\Routes.php')
 6 SYSTEMPATH\CodeIgniter.php(841): CodeIgniter\Router\RouteCollection->loadRoutes()
 7 SYSTEMPATH\CodeIgniter.php(464): CodeIgniter\CodeIgniter->tryToRouteIt(null)
 8 SYSTEMPATH\CodeIgniter.php(363): CodeIgniter\CodeIgniter->handleRequest(null, Object(Config\Cache), false)
 9 SYSTEMPATH\Boot.php(417): CodeIgniter\CodeIgniter->run()
10 SYSTEMPATH\Boot.php(68): CodeIgniter\Boot::runCodeIgniter(Object(CodeIgniter\CodeIgniter))
11 FCPATH\index.php(59): CodeIgniter\Boot::bootWeb(Object(Config\Paths))
12 SYSTEMPATH\rewrite.php(44): require_once('C:\\Users\\ASUS\\Downloads\\Projectmagang_dr\\Projectmagang_dr\\public\\index.php')
DEBUG - 2026-08-04 15:23:28 --> Session: Class initialized using 'CodeIgniter\Session\Handlers\FileHandler' driver.
WARNING - 2026-08-04 15:23:28 --> [DEPRECATED] Passing lowercase HTTP method "get" is deprecated. Use uppercase HTTP method like "GET". in SYSTEMPATH\Router\RouteCollection.php on line 1026.
 1 SYSTEMPATH\Router\RouteCollection.php(1026): trigger_error('Passing lowercase HTTP method "get" is deprecated. Use uppercase HTTP method like "GET".', 16384)
 2 APPPATH\Config\Routes.php(77): CodeIgniter\Router\RouteCollection->match([...], 'logbook', 'C_Logbook::logbook')
 3 SYSTEMPATH\Router\RouteCollection.php(799): CodeIgniter\Router\RouteCollection::{closure:C:\Users\ASUS\Downloads\Projectmagang_dr\Projectmagang_dr\app\Config\Routes.php:59}(Object(CodeIgniter\Router\RouteCollection))
 4 APPPATH\Config\Routes.php(59): CodeIgniter\Router\RouteCollection->group('mahasiswa', [...], Object(Closure))
 5 SYSTEMPATH\Router\RouteCollection.php(339): require('C:\\Users\\ASUS\\Downloads\\Projectmagang_dr\\Projectmagang_dr\\app\\Config\\Routes.php')
 6 SYSTEMPATH\CodeIgniter.php(841): CodeIgniter\Router\RouteCollection->loadRoutes()
 7 SYSTEMPATH\CodeIgniter.php(464): CodeIgniter\CodeIgniter->tryToRouteIt(null)
 8 SYSTEMPATH\CodeIgniter.php(363): CodeIgniter\CodeIgniter->handleRequest(null, Object(Config\Cache), false)
 9 SYSTEMPATH\Boot.php(417): CodeIgniter\CodeIgniter->run()
10 SYSTEMPATH\Boot.php(68): CodeIgniter\Boot::runCodeIgniter(Object(CodeIgniter\CodeIgniter))
11 FCPATH\index.php(59): CodeIgniter\Boot::bootWeb(Object(Config\Paths))
12 SYSTEMPATH\rewrite.php(44): require_once('C:\\Users\\ASUS\\Downloads\\Projectmagang_dr\\Projectmagang_dr\\public\\index.php')
WARNING - 2026-08-04 15:23:28 --> [DEPRECATED] Passing lowercase HTTP method "post" is deprecated. Use uppercase HTTP method like "POST". in SYSTEMPATH\Router\RouteCollection.php on line 1026.
 1 SYSTEMPATH\Router\RouteCollection.php(1026): trigger_error('Passing lowercase HTTP method "post" is deprecated. Use uppercase HTTP method like "POST".', 16384)
 2 APPPATH\Config\Routes.php(77): CodeIgniter\Router\RouteCollection->match([...], 'logbook', 'C_Logbook::logbook')
 3 SYSTEMPATH\Router\RouteCollection.php(799): CodeIgniter\Router\RouteCollection::{closure:C:\Users\ASUS\Downloads\Projectmagang_dr\Projectmagang_dr\app\Config\Routes.php:59}(Object(CodeIgniter\Router\RouteCollection))
 4 APPPATH\Config\Routes.php(59): CodeIgniter\Router\RouteCollection->group('mahasiswa', [...], Object(Closure))
 5 SYSTEMPATH\Router\RouteCollection.php(339): require('C:\\Users\\ASUS\\Downloads\\Projectmagang_dr\\Projectmagang_dr\\app\\Config\\Routes.php')
 6 SYSTEMPATH\CodeIgniter.php(841): CodeIgniter\Router\RouteCollection->loadRoutes()
 7 SYSTEMPATH\CodeIgniter.php(464): CodeIgniter\CodeIgniter->tryToRouteIt(null)
 8 SYSTEMPATH\CodeIgniter.php(363): CodeIgniter\CodeIgniter->handleRequest(null, Object(Config\Cache), false)
 9 SYSTEMPATH\Boot.php(417): CodeIgniter\CodeIgniter->run()
10 SYSTEMPATH\Boot.php(68): CodeIgniter\Boot::runCodeIgniter(Object(CodeIgniter\CodeIgniter))
11 FCPATH\index.php(59): CodeIgniter\Boot::bootWeb(Object(Config\Paths))
12 SYSTEMPATH\rewrite.php(44): require_once('C:\\Users\\ASUS\\Downloads\\Projectmagang_dr\\Projectmagang_dr\\public\\index.php')
WARNING - 2026-08-04 15:23:28 --> [DEPRECATED] Passing lowercase HTTP method "get" is deprecated. Use uppercase HTTP method like "GET". in SYSTEMPATH\Router\RouteCollection.php on line 1026.
 1 SYSTEMPATH\Router\RouteCollection.php(1026): trigger_error('Passing lowercase HTTP method "get" is deprecated. Use uppercase HTTP method like "GET".', 16384)
 2 APPPATH\Config\Routes.php(95): CodeIgniter\Router\RouteCollection->match([...], 'verifikasi', '\\App\\Controllers\\Sekretariat\\C_Verifikasi::index')
 3 SYSTEMPATH\Router\RouteCollection.php(799): CodeIgniter\Router\RouteCollection::{closure:C:\Users\ASUS\Downloads\Projectmagang_dr\Projectmagang_dr\app\Config\Routes.php:89}(Object(CodeIgniter\Router\RouteCollection))
 4 APPPATH\Config\Routes.php(89): CodeIgniter\Router\RouteCollection->group('sekretariat', [...], Object(Closure))
 5 SYSTEMPATH\Router\RouteCollection.php(339): require('C:\\Users\\ASUS\\Downloads\\Projectmagang_dr\\Projectmagang_dr\\app\\Config\\Routes.php')
 6 SYSTEMPATH\CodeIgniter.php(841): CodeIgniter\Router\RouteCollection->loadRoutes()
 7 SYSTEMPATH\CodeIgniter.php(464): CodeIgniter\CodeIgniter->tryToRouteIt(null)
 8 SYSTEMPATH\CodeIgniter.php(363): CodeIgniter\CodeIgniter->handleRequest(null, Object(Config\Cache), false)
 9 SYSTEMPATH\Boot.php(417): CodeIgniter\CodeIgniter->run()
10 SYSTEMPATH\Boot.php(68): CodeIgniter\Boot::runCodeIgniter(Object(CodeIgniter\CodeIgniter))
11 FCPATH\index.php(59): CodeIgniter\Boot::bootWeb(Object(Config\Paths))
12 SYSTEMPATH\rewrite.php(44): require_once('C:\\Users\\ASUS\\Downloads\\Projectmagang_dr\\Projectmagang_dr\\public\\index.php')
WARNING - 2026-08-04 15:23:28 --> [DEPRECATED] Passing lowercase HTTP method "post" is deprecated. Use uppercase HTTP method like "POST". in SYSTEMPATH\Router\RouteCollection.php on line 1026.
 1 SYSTEMPATH\Router\RouteCollection.php(1026): trigger_error('Passing lowercase HTTP method "post" is deprecated. Use uppercase HTTP method like "POST".', 16384)
 2 APPPATH\Config\Routes.php(95): CodeIgniter\Router\RouteCollection->match([...], 'verifikasi', '\\App\\Controllers\\Sekretariat\\C_Verifikasi::index')
 3 SYSTEMPATH\Router\RouteCollection.php(799): CodeIgniter\Router\RouteCollection::{closure:C:\Users\ASUS\Downloads\Projectmagang_dr\Projectmagang_dr\app\Config\Routes.php:89}(Object(CodeIgniter\Router\RouteCollection))
 4 APPPATH\Config\Routes.php(89): CodeIgniter\Router\RouteCollection->group('sekretariat', [...], Object(Closure))
 5 SYSTEMPATH\Router\RouteCollection.php(339): require('C:\\Users\\ASUS\\Downloads\\Projectmagang_dr\\Projectmagang_dr\\app\\Config\\Routes.php')
 6 SYSTEMPATH\CodeIgniter.php(841): CodeIgniter\Router\RouteCollection->loadRoutes()
 7 SYSTEMPATH\CodeIgniter.php(464): CodeIgniter\CodeIgniter->tryToRouteIt(null)
 8 SYSTEMPATH\CodeIgniter.php(363): CodeIgniter\CodeIgniter->handleRequest(null, Object(Config\Cache), false)
 9 SYSTEMPATH\Boot.php(417): CodeIgniter\CodeIgniter->run()
10 SYSTEMPATH\Boot.php(68): CodeIgniter\Boot::runCodeIgniter(Object(CodeIgniter\CodeIgniter))
11 FCPATH\index.php(59): CodeIgniter\Boot::bootWeb(Object(Config\Paths))
12 SYSTEMPATH\rewrite.php(44): require_once('C:\\Users\\ASUS\\Downloads\\Projectmagang_dr\\Projectmagang_dr\\public\\index.php')
WARNING - 2026-08-04 15:23:28 --> [DEPRECATED] Passing lowercase HTTP method "get" is deprecated. Use uppercase HTTP method like "GET". in SYSTEMPATH\Router\RouteCollection.php on line 1026.
 1 SYSTEMPATH\Router\RouteCollection.php(1026): trigger_error('Passing lowercase HTTP method "get" is deprecated. Use uppercase HTTP method like "GET".', 16384)
 2 APPPATH\Config\Routes.php(144): CodeIgniter\Router\RouteCollection->match([...], 'upload-surat-penerimaan', '\\App\\Controllers\\Sekretariat\\C_UploadSuratPenerimaan::index')
 3 SYSTEMPATH\Router\RouteCollection.php(799): CodeIgniter\Router\RouteCollection::{closure:C:\Users\ASUS\Downloads\Projectmagang_dr\Projectmagang_dr\app\Config\Routes.php:89}(Object(CodeIgniter\Router\RouteCollection))
 4 APPPATH\Config\Routes.php(89): CodeIgniter\Router\RouteCollection->group('sekretariat', [...], Object(Closure))
 5 SYSTEMPATH\Router\RouteCollection.php(339): require('C:\\Users\\ASUS\\Downloads\\Projectmagang_dr\\Projectmagang_dr\\app\\Config\\Routes.php')
 6 SYSTEMPATH\CodeIgniter.php(841): CodeIgniter\Router\RouteCollection->loadRoutes()
 7 SYSTEMPATH\CodeIgniter.php(464): CodeIgniter\CodeIgniter->tryToRouteIt(null)
 8 SYSTEMPATH\CodeIgniter.php(363): CodeIgniter\CodeIgniter->handleRequest(null, Object(Config\Cache), false)
 9 SYSTEMPATH\Boot.php(417): CodeIgniter\CodeIgniter->run()
10 SYSTEMPATH\Boot.php(68): CodeIgniter\Boot::runCodeIgniter(Object(CodeIgniter\CodeIgniter))
11 FCPATH\index.php(59): CodeIgniter\Boot::bootWeb(Object(Config\Paths))
12 SYSTEMPATH\rewrite.php(44): require_once('C:\\Users\\ASUS\\Downloads\\Projectmagang_dr\\Projectmagang_dr\\public\\index.php')
WARNING - 2026-08-04 15:23:28 --> [DEPRECATED] Passing lowercase HTTP method "post" is deprecated. Use uppercase HTTP method like "POST". in SYSTEMPATH\Router\RouteCollection.php on line 1026.
 1 SYSTEMPATH\Router\RouteCollection.php(1026): trigger_error('Passing lowercase HTTP method "post" is deprecated. Use uppercase HTTP method like "POST".', 16384)
 2 APPPATH\Config\Routes.php(144): CodeIgniter\Router\RouteCollection->match([...], 'upload-surat-penerimaan', '\\App\\Controllers\\Sekretariat\\C_UploadSuratPenerimaan::index')
 3 SYSTEMPATH\Router\RouteCollection.php(799): CodeIgniter\Router\RouteCollection::{closure:C:\Users\ASUS\Downloads\Projectmagang_dr\Projectmagang_dr\app\Config\Routes.php:89}(Object(CodeIgniter\Router\RouteCollection))
 4 APPPATH\Config\Routes.php(89): CodeIgniter\Router\RouteCollection->group('sekretariat', [...], Object(Closure))
 5 SYSTEMPATH\Router\RouteCollection.php(339): require('C:\\Users\\ASUS\\Downloads\\Projectmagang_dr\\Projectmagang_dr\\app\\Config\\Routes.php')
 6 SYSTEMPATH\CodeIgniter.php(841): CodeIgniter\Router\RouteCollection->loadRoutes()
 7 SYSTEMPATH\CodeIgniter.php(464): CodeIgniter\CodeIgniter->tryToRouteIt(null)
 8 SYSTEMPATH\CodeIgniter.php(363): CodeIgniter\CodeIgniter->handleRequest(null, Object(Config\Cache), false)
 9 SYSTEMPATH\Boot.php(417): CodeIgniter\CodeIgniter->run()
10 SYSTEMPATH\Boot.php(68): CodeIgniter\Boot::runCodeIgniter(Object(CodeIgniter\CodeIgniter))
11 FCPATH\index.php(59): CodeIgniter\Boot::bootWeb(Object(Config\Paths))
12 SYSTEMPATH\rewrite.php(44): require_once('C:\\Users\\ASUS\\Downloads\\Projectmagang_dr\\Projectmagang_dr\\public\\index.php')
WARNING - 2026-08-04 15:23:28 --> [DEPRECATED] Passing lowercase HTTP method "get" is deprecated. Use uppercase HTTP method like "GET". in SYSTEMPATH\Router\RouteCollection.php on line 1026.
 1 SYSTEMPATH\Router\RouteCollection.php(1026): trigger_error('Passing lowercase HTTP method "get" is deprecated. Use uppercase HTTP method like "GET".', 16384)
 2 APPPATH\Config\Routes.php(165): CodeIgniter\Router\RouteCollection->match([...], 'logbook', '\\App\\Controllers\\Kabid\\C_LogbookKabid::index')
 3 SYSTEMPATH\Router\RouteCollection.php(799): CodeIgniter\Router\RouteCollection::{closure:C:\Users\ASUS\Downloads\Projectmagang_dr\Projectmagang_dr\app\Config\Routes.php:153}(Object(CodeIgniter\Router\RouteCollection))
 4 APPPATH\Config\Routes.php(153): CodeIgniter\Router\RouteCollection->group('kabid', [...], Object(Closure))
 5 SYSTEMPATH\Router\RouteCollection.php(339): require('C:\\Users\\ASUS\\Downloads\\Projectmagang_dr\\Projectmagang_dr\\app\\Config\\Routes.php')
 6 SYSTEMPATH\CodeIgniter.php(841): CodeIgniter\Router\RouteCollection->loadRoutes()
 7 SYSTEMPATH\CodeIgniter.php(464): CodeIgniter\CodeIgniter->tryToRouteIt(null)
 8 SYSTEMPATH\CodeIgniter.php(363): CodeIgniter\CodeIgniter->handleRequest(null, Object(Config\Cache), false)
 9 SYSTEMPATH\Boot.php(417): CodeIgniter\CodeIgniter->run()
10 SYSTEMPATH\Boot.php(68): CodeIgniter\Boot::runCodeIgniter(Object(CodeIgniter\CodeIgniter))
11 FCPATH\index.php(59): CodeIgniter\Boot::bootWeb(Object(Config\Paths))
12 SYSTEMPATH\rewrite.php(44): require_once('C:\\Users\\ASUS\\Downloads\\Projectmagang_dr\\Projectmagang_dr\\public\\index.php')
WARNING - 2026-08-04 15:23:28 --> [DEPRECATED] Passing lowercase HTTP method "post" is deprecated. Use uppercase HTTP method like "POST". in SYSTEMPATH\Router\RouteCollection.php on line 1026.
 1 SYSTEMPATH\Router\RouteCollection.php(1026): trigger_error('Passing lowercase HTTP method "post" is deprecated. Use uppercase HTTP method like "POST".', 16384)
 2 APPPATH\Config\Routes.php(165): CodeIgniter\Router\RouteCollection->match([...], 'logbook', '\\App\\Controllers\\Kabid\\C_LogbookKabid::index')
 3 SYSTEMPATH\Router\RouteCollection.php(799): CodeIgniter\Router\RouteCollection::{closure:C:\Users\ASUS\Downloads\Projectmagang_dr\Projectmagang_dr\app\Config\Routes.php:153}(Object(CodeIgniter\Router\RouteCollection))
 4 APPPATH\Config\Routes.php(153): CodeIgniter\Router\RouteCollection->group('kabid', [...], Object(Closure))
 5 SYSTEMPATH\Router\RouteCollection.php(339): require('C:\\Users\\ASUS\\Downloads\\Projectmagang_dr\\Projectmagang_dr\\app\\Config\\Routes.php')
 6 SYSTEMPATH\CodeIgniter.php(841): CodeIgniter\Router\RouteCollection->loadRoutes()
 7 SYSTEMPATH\CodeIgniter.php(464): CodeIgniter\CodeIgniter->tryToRouteIt(null)
 8 SYSTEMPATH\CodeIgniter.php(363): CodeIgniter\CodeIgniter->handleRequest(null, Object(Config\Cache), false)
 9 SYSTEMPATH\Boot.php(417): CodeIgniter\CodeIgniter->run()
10 SYSTEMPATH\Boot.php(68): CodeIgniter\Boot::runCodeIgniter(Object(CodeIgniter\CodeIgniter))
11 FCPATH\index.php(59): CodeIgniter\Boot::bootWeb(Object(Config\Paths))
12 SYSTEMPATH\rewrite.php(44): require_once('C:\\Users\\ASUS\\Downloads\\Projectmagang_dr\\Projectmagang_dr\\public\\index.php')
WARNING - 2026-08-04 15:23:28 --> [DEPRECATED] Passing lowercase HTTP method "get" is deprecated. Use uppercase HTTP method like "GET". in SYSTEMPATH\Router\RouteCollection.php on line 1026.
 1 SYSTEMPATH\Router\RouteCollection.php(1026): trigger_error('Passing lowercase HTTP method "get" is deprecated. Use uppercase HTTP method like "GET".', 16384)
 2 APPPATH\Config\Routes.php(177): CodeIgniter\Router\RouteCollection->match([...], 'upload-dokumen', '\\App\\Controllers\\Kabid\\C_UploadDokumen::index')
 3 SYSTEMPATH\Router\RouteCollection.php(799): CodeIgniter\Router\RouteCollection::{closure:C:\Users\ASUS\Downloads\Projectmagang_dr\Projectmagang_dr\app\Config\Routes.php:153}(Object(CodeIgniter\Router\RouteCollection))
 4 APPPATH\Config\Routes.php(153): CodeIgniter\Router\RouteCollection->group('kabid', [...], Object(Closure))
 5 SYSTEMPATH\Router\RouteCollection.php(339): require('C:\\Users\\ASUS\\Downloads\\Projectmagang_dr\\Projectmagang_dr\\app\\Config\\Routes.php')
 6 SYSTEMPATH\CodeIgniter.php(841): CodeIgniter\Router\RouteCollection->loadRoutes()
 7 SYSTEMPATH\CodeIgniter.php(464): CodeIgniter\CodeIgniter->tryToRouteIt(null)
 8 SYSTEMPATH\CodeIgniter.php(363): CodeIgniter\CodeIgniter->handleRequest(null, Object(Config\Cache), false)
 9 SYSTEMPATH\Boot.php(417): CodeIgniter\CodeIgniter->run()
10 SYSTEMPATH\Boot.php(68): CodeIgniter\Boot::runCodeIgniter(Object(CodeIgniter\CodeIgniter))
11 FCPATH\index.php(59): CodeIgniter\Boot::bootWeb(Object(Config\Paths))
12 SYSTEMPATH\rewrite.php(44): require_once('C:\\Users\\ASUS\\Downloads\\Projectmagang_dr\\Projectmagang_dr\\public\\index.php')
WARNING - 2026-08-04 15:23:28 --> [DEPRECATED] Passing lowercase HTTP method "post" is deprecated. Use uppercase HTTP method like "POST". in SYSTEMPATH\Router\RouteCollection.php on line 1026.
 1 SYSTEMPATH\Router\RouteCollection.php(1026): trigger_error('Passing lowercase HTTP method "post" is deprecated. Use uppercase HTTP method like "POST".', 16384)
 2 APPPATH\Config\Routes.php(177): CodeIgniter\Router\RouteCollection->match([...], 'upload-dokumen', '\\App\\Controllers\\Kabid\\C_UploadDokumen::index')
 3 SYSTEMPATH\Router\RouteCollection.php(799): CodeIgniter\Router\RouteCollection::{closure:C:\Users\ASUS\Downloads\Projectmagang_dr\Projectmagang_dr\app\Config\Routes.php:153}(Object(CodeIgniter\Router\RouteCollection))
 4 APPPATH\Config\Routes.php(153): CodeIgniter\Router\RouteCollection->group('kabid', [...], Object(Closure))
 5 SYSTEMPATH\Router\RouteCollection.php(339): require('C:\\Users\\ASUS\\Downloads\\Projectmagang_dr\\Projectmagang_dr\\app\\Config\\Routes.php')
 6 SYSTEMPATH\CodeIgniter.php(841): CodeIgniter\Router\RouteCollection->loadRoutes()
 7 SYSTEMPATH\CodeIgniter.php(464): CodeIgniter\CodeIgniter->tryToRouteIt(null)
 8 SYSTEMPATH\CodeIgniter.php(363): CodeIgniter\CodeIgniter->handleRequest(null, Object(Config\Cache), false)
 9 SYSTEMPATH\Boot.php(417): CodeIgniter\CodeIgniter->run()
10 SYSTEMPATH\Boot.php(68): CodeIgniter\Boot::runCodeIgniter(Object(CodeIgniter\CodeIgniter))
11 FCPATH\index.php(59): CodeIgniter\Boot::bootWeb(Object(Config\Paths))
12 SYSTEMPATH\rewrite.php(44): require_once('C:\\Users\\ASUS\\Downloads\\Projectmagang_dr\\Projectmagang_dr\\public\\index.php')
DEBUG - 2026-08-04 15:23:28 --> Session: Class initialized using 'CodeIgniter\Session\Handlers\FileHandler' driver.
WARNING - 2026-08-04 15:23:28 --> [DEPRECATED] Passing lowercase HTTP method "get" is deprecated. Use uppercase HTTP method like "GET". in SYSTEMPATH\Router\RouteCollection.php on line 1026.
 1 SYSTEMPATH\Router\RouteCollection.php(1026): trigger_error('Passing lowercase HTTP method "get" is deprecated. Use uppercase HTTP method like "GET".', 16384)
 2 APPPATH\Config\Routes.php(77): CodeIgniter\Router\RouteCollection->match([...], 'logbook', 'C_Logbook::logbook')
 3 SYSTEMPATH\Router\RouteCollection.php(799): CodeIgniter\Router\RouteCollection::{closure:C:\Users\ASUS\Downloads\Projectmagang_dr\Projectmagang_dr\app\Config\Routes.php:59}(Object(CodeIgniter\Router\RouteCollection))
 4 APPPATH\Config\Routes.php(59): CodeIgniter\Router\RouteCollection->group('mahasiswa', [...], Object(Closure))
 5 SYSTEMPATH\Router\RouteCollection.php(339): require('C:\\Users\\ASUS\\Downloads\\Projectmagang_dr\\Projectmagang_dr\\app\\Config\\Routes.php')
 6 SYSTEMPATH\CodeIgniter.php(841): CodeIgniter\Router\RouteCollection->loadRoutes()
 7 SYSTEMPATH\CodeIgniter.php(464): CodeIgniter\CodeIgniter->tryToRouteIt(null)
 8 SYSTEMPATH\CodeIgniter.php(363): CodeIgniter\CodeIgniter->handleRequest(null, Object(Config\Cache), false)
 9 SYSTEMPATH\Boot.php(417): CodeIgniter\CodeIgniter->run()
10 SYSTEMPATH\Boot.php(68): CodeIgniter\Boot::runCodeIgniter(Object(CodeIgniter\CodeIgniter))
11 FCPATH\index.php(59): CodeIgniter\Boot::bootWeb(Object(Config\Paths))
12 SYSTEMPATH\rewrite.php(44): require_once('C:\\Users\\ASUS\\Downloads\\Projectmagang_dr\\Projectmagang_dr\\public\\index.php')
WARNING - 2026-08-04 15:23:28 --> [DEPRECATED] Passing lowercase HTTP method "post" is deprecated. Use uppercase HTTP method like "POST". in SYSTEMPATH\Router\RouteCollection.php on line 1026.
 1 SYSTEMPATH\Router\RouteCollection.php(1026): trigger_error('Passing lowercase HTTP method "post" is deprecated. Use uppercase HTTP method like "POST".', 16384)
 2 APPPATH\Config\Routes.php(77): CodeIgniter\Router\RouteCollection->match([...], 'logbook', 'C_Logbook::logbook')
 3 SYSTEMPATH\Router\RouteCollection.php(799): CodeIgniter\Router\RouteCollection::{closure:C:\Users\ASUS\Downloads\Projectmagang_dr\Projectmagang_dr\app\Config\Routes.php:59}(Object(CodeIgniter\Router\RouteCollection))
 4 APPPATH\Config\Routes.php(59): CodeIgniter\Router\RouteCollection->group('mahasiswa', [...], Object(Closure))
 5 SYSTEMPATH\Router\RouteCollection.php(339): require('C:\\Users\\ASUS\\Downloads\\Projectmagang_dr\\Projectmagang_dr\\app\\Config\\Routes.php')
 6 SYSTEMPATH\CodeIgniter.php(841): CodeIgniter\Router\RouteCollection->loadRoutes()
 7 SYSTEMPATH\CodeIgniter.php(464): CodeIgniter\CodeIgniter->tryToRouteIt(null)
 8 SYSTEMPATH\CodeIgniter.php(363): CodeIgniter\CodeIgniter->handleRequest(null, Object(Config\Cache), false)
 9 SYSTEMPATH\Boot.php(417): CodeIgniter\CodeIgniter->run()
10 SYSTEMPATH\Boot.php(68): CodeIgniter\Boot::runCodeIgniter(Object(CodeIgniter\CodeIgniter))
11 FCPATH\index.php(59): CodeIgniter\Boot::bootWeb(Object(Config\Paths))
12 SYSTEMPATH\rewrite.php(44): require_once('C:\\Users\\ASUS\\Downloads\\Projectmagang_dr\\Projectmagang_dr\\public\\index.php')
WARNING - 2026-08-04 15:23:28 --> [DEPRECATED] Passing lowercase HTTP method "get" is deprecated. Use uppercase HTTP method like "GET". in SYSTEMPATH\Router\RouteCollection.php on line 1026.
 1 SYSTEMPATH\Router\RouteCollection.php(1026): trigger_error('Passing lowercase HTTP method "get" is deprecated. Use uppercase HTTP method like "GET".', 16384)
 2 APPPATH\Config\Routes.php(95): CodeIgniter\Router\RouteCollection->match([...], 'verifikasi', '\\App\\Controllers\\Sekretariat\\C_Verifikasi::index')
 3 SYSTEMPATH\Router\RouteCollection.php(799): CodeIgniter\Router\RouteCollection::{closure:C:\Users\ASUS\Downloads\Projectmagang_dr\Projectmagang_dr\app\Config\Routes.php:89}(Object(CodeIgniter\Router\RouteCollection))
 4 APPPATH\Config\Routes.php(89): CodeIgniter\Router\RouteCollection->group('sekretariat', [...], Object(Closure))
 5 SYSTEMPATH\Router\RouteCollection.php(339): require('C:\\Users\\ASUS\\Downloads\\Projectmagang_dr\\Projectmagang_dr\\app\\Config\\Routes.php')
 6 SYSTEMPATH\CodeIgniter.php(841): CodeIgniter\Router\RouteCollection->loadRoutes()
 7 SYSTEMPATH\CodeIgniter.php(464): CodeIgniter\CodeIgniter->tryToRouteIt(null)
 8 SYSTEMPATH\CodeIgniter.php(363): CodeIgniter\CodeIgniter->handleRequest(null, Object(Config\Cache), false)
 9 SYSTEMPATH\Boot.php(417): CodeIgniter\CodeIgniter->run()
10 SYSTEMPATH\Boot.php(68): CodeIgniter\Boot::runCodeIgniter(Object(CodeIgniter\CodeIgniter))
11 FCPATH\index.php(59): CodeIgniter\Boot::bootWeb(Object(Config\Paths))
12 SYSTEMPATH\rewrite.php(44): require_once('C:\\Users\\ASUS\\Downloads\\Projectmagang_dr\\Projectmagang_dr\\public\\index.php')
WARNING - 2026-08-04 15:23:28 --> [DEPRECATED] Passing lowercase HTTP method "post" is deprecated. Use uppercase HTTP method like "POST". in SYSTEMPATH\Router\RouteCollection.php on line 1026.
 1 SYSTEMPATH\Router\RouteCollection.php(1026): trigger_error('Passing lowercase HTTP method "post" is deprecated. Use uppercase HTTP method like "POST".', 16384)
 2 APPPATH\Config\Routes.php(95): CodeIgniter\Router\RouteCollection->match([...], 'verifikasi', '\\App\\Controllers\\Sekretariat\\C_Verifikasi::index')
 3 SYSTEMPATH\Router\RouteCollection.php(799): CodeIgniter\Router\RouteCollection::{closure:C:\Users\ASUS\Downloads\Projectmagang_dr\Projectmagang_dr\app\Config\Routes.php:89}(Object(CodeIgniter\Router\RouteCollection))
 4 APPPATH\Config\Routes.php(89): CodeIgniter\Router\RouteCollection->group('sekretariat', [...], Object(Closure))
 5 SYSTEMPATH\Router\RouteCollection.php(339): require('C:\\Users\\ASUS\\Downloads\\Projectmagang_dr\\Projectmagang_dr\\app\\Config\\Routes.php')
 6 SYSTEMPATH\CodeIgniter.php(841): CodeIgniter\Router\RouteCollection->loadRoutes()
 7 SYSTEMPATH\CodeIgniter.php(464): CodeIgniter\CodeIgniter->tryToRouteIt(null)
 8 SYSTEMPATH\CodeIgniter.php(363): CodeIgniter\CodeIgniter->handleRequest(null, Object(Config\Cache), false)
 9 SYSTEMPATH\Boot.php(417): CodeIgniter\CodeIgniter->run()
10 SYSTEMPATH\Boot.php(68): CodeIgniter\Boot::runCodeIgniter(Object(CodeIgniter\CodeIgniter))
11 FCPATH\index.php(59): CodeIgniter\Boot::bootWeb(Object(Config\Paths))
12 SYSTEMPATH\rewrite.php(44): require_once('C:\\Users\\ASUS\\Downloads\\Projectmagang_dr\\Projectmagang_dr\\public\\index.php')
WARNING - 2026-08-04 15:23:28 --> [DEPRECATED] Passing lowercase HTTP method "get" is deprecated. Use uppercase HTTP method like "GET". in SYSTEMPATH\Router\RouteCollection.php on line 1026.
 1 SYSTEMPATH\Router\RouteCollection.php(1026): trigger_error('Passing lowercase HTTP method "get" is deprecated. Use uppercase HTTP method like "GET".', 16384)
 2 APPPATH\Config\Routes.php(144): CodeIgniter\Router\RouteCollection->match([...], 'upload-surat-penerimaan', '\\App\\Controllers\\Sekretariat\\C_UploadSuratPenerimaan::index')
 3 SYSTEMPATH\Router\RouteCollection.php(799): CodeIgniter\Router\RouteCollection::{closure:C:\Users\ASUS\Downloads\Projectmagang_dr\Projectmagang_dr\app\Config\Routes.php:89}(Object(CodeIgniter\Router\RouteCollection))
 4 APPPATH\Config\Routes.php(89): CodeIgniter\Router\RouteCollection->group('sekretariat', [...], Object(Closure))
 5 SYSTEMPATH\Router\RouteCollection.php(339): require('C:\\Users\\ASUS\\Downloads\\Projectmagang_dr\\Projectmagang_dr\\app\\Config\\Routes.php')
 6 SYSTEMPATH\CodeIgniter.php(841): CodeIgniter\Router\RouteCollection->loadRoutes()
 7 SYSTEMPATH\CodeIgniter.php(464): CodeIgniter\CodeIgniter->tryToRouteIt(null)
 8 SYSTEMPATH\CodeIgniter.php(363): CodeIgniter\CodeIgniter->handleRequest(null, Object(Config\Cache), false)
 9 SYSTEMPATH\Boot.php(417): CodeIgniter\CodeIgniter->run()
10 SYSTEMPATH\Boot.php(68): CodeIgniter\Boot::runCodeIgniter(Object(CodeIgniter\CodeIgniter))
11 FCPATH\index.php(59): CodeIgniter\Boot::bootWeb(Object(Config\Paths))
12 SYSTEMPATH\rewrite.php(44): require_once('C:\\Users\\ASUS\\Downloads\\Projectmagang_dr\\Projectmagang_dr\\public\\index.php')
WARNING - 2026-08-04 15:23:28 --> [DEPRECATED] Passing lowercase HTTP method "post" is deprecated. Use uppercase HTTP method like "POST". in SYSTEMPATH\Router\RouteCollection.php on line 1026.
 1 SYSTEMPATH\Router\RouteCollection.php(1026): trigger_error('Passing lowercase HTTP method "post" is deprecated. Use uppercase HTTP method like "POST".', 16384)
 2 APPPATH\Config\Routes.php(144): CodeIgniter\Router\RouteCollection->match([...], 'upload-surat-penerimaan', '\\App\\Controllers\\Sekretariat\\C_UploadSuratPenerimaan::index')
 3 SYSTEMPATH\Router\RouteCollection.php(799): CodeIgniter\Router\RouteCollection::{closure:C:\Users\ASUS\Downloads\Projectmagang_dr\Projectmagang_dr\app\Config\Routes.php:89}(Object(CodeIgniter\Router\RouteCollection))
 4 APPPATH\Config\Routes.php(89): CodeIgniter\Router\RouteCollection->group('sekretariat', [...], Object(Closure))
 5 SYSTEMPATH\Router\RouteCollection.php(339): require('C:\\Users\\ASUS\\Downloads\\Projectmagang_dr\\Projectmagang_dr\\app\\Config\\Routes.php')
 6 SYSTEMPATH\CodeIgniter.php(841): CodeIgniter\Router\RouteCollection->loadRoutes()
 7 SYSTEMPATH\CodeIgniter.php(464): CodeIgniter\CodeIgniter->tryToRouteIt(null)
 8 SYSTEMPATH\CodeIgniter.php(363): CodeIgniter\CodeIgniter->handleRequest(null, Object(Config\Cache), false)
 9 SYSTEMPATH\Boot.php(417): CodeIgniter\CodeIgniter->run()
10 SYSTEMPATH\Boot.php(68): CodeIgniter\Boot::runCodeIgniter(Object(CodeIgniter\CodeIgniter))
11 FCPATH\index.php(59): CodeIgniter\Boot::bootWeb(Object(Config\Paths))
12 SYSTEMPATH\rewrite.php(44): require_once('C:\\Users\\ASUS\\Downloads\\Projectmagang_dr\\Projectmagang_dr\\public\\index.php')
WARNING - 2026-08-04 15:23:28 --> [DEPRECATED] Passing lowercase HTTP method "get" is deprecated. Use uppercase HTTP method like "GET". in SYSTEMPATH\Router\RouteCollection.php on line 1026.
 1 SYSTEMPATH\Router\RouteCollection.php(1026): trigger_error('Passing lowercase HTTP method "get" is deprecated. Use uppercase HTTP method like "GET".', 16384)
 2 APPPATH\Config\Routes.php(165): CodeIgniter\Router\RouteCollection->match([...], 'logbook', '\\App\\Controllers\\Kabid\\C_LogbookKabid::index')
 3 SYSTEMPATH\Router\RouteCollection.php(799): CodeIgniter\Router\RouteCollection::{closure:C:\Users\ASUS\Downloads\Projectmagang_dr\Projectmagang_dr\app\Config\Routes.php:153}(Object(CodeIgniter\Router\RouteCollection))
 4 APPPATH\Config\Routes.php(153): CodeIgniter\Router\RouteCollection->group('kabid', [...], Object(Closure))
 5 SYSTEMPATH\Router\RouteCollection.php(339): require('C:\\Users\\ASUS\\Downloads\\Projectmagang_dr\\Projectmagang_dr\\app\\Config\\Routes.php')
 6 SYSTEMPATH\CodeIgniter.php(841): CodeIgniter\Router\RouteCollection->loadRoutes()
 7 SYSTEMPATH\CodeIgniter.php(464): CodeIgniter\CodeIgniter->tryToRouteIt(null)
 8 SYSTEMPATH\CodeIgniter.php(363): CodeIgniter\CodeIgniter->handleRequest(null, Object(Config\Cache), false)
 9 SYSTEMPATH\Boot.php(417): CodeIgniter\CodeIgniter->run()
10 SYSTEMPATH\Boot.php(68): CodeIgniter\Boot::runCodeIgniter(Object(CodeIgniter\CodeIgniter))
11 FCPATH\index.php(59): CodeIgniter\Boot::bootWeb(Object(Config\Paths))
12 SYSTEMPATH\rewrite.php(44): require_once('C:\\Users\\ASUS\\Downloads\\Projectmagang_dr\\Projectmagang_dr\\public\\index.php')
WARNING - 2026-08-04 15:23:28 --> [DEPRECATED] Passing lowercase HTTP method "post" is deprecated. Use uppercase HTTP method like "POST". in SYSTEMPATH\Router\RouteCollection.php on line 1026.
 1 SYSTEMPATH\Router\RouteCollection.php(1026): trigger_error('Passing lowercase HTTP method "post" is deprecated. Use uppercase HTTP method like "POST".', 16384)
 2 APPPATH\Config\Routes.php(165): CodeIgniter\Router\RouteCollection->match([...], 'logbook', '\\App\\Controllers\\Kabid\\C_LogbookKabid::index')
 3 SYSTEMPATH\Router\RouteCollection.php(799): CodeIgniter\Router\RouteCollection::{closure:C:\Users\ASUS\Downloads\Projectmagang_dr\Projectmagang_dr\app\Config\Routes.php:153}(Object(CodeIgniter\Router\RouteCollection))
 4 APPPATH\Config\Routes.php(153): CodeIgniter\Router\RouteCollection->group('kabid', [...], Object(Closure))
 5 SYSTEMPATH\Router\RouteCollection.php(339): require('C:\\Users\\ASUS\\Downloads\\Projectmagang_dr\\Projectmagang_dr\\app\\Config\\Routes.php')
 6 SYSTEMPATH\CodeIgniter.php(841): CodeIgniter\Router\RouteCollection->loadRoutes()
 7 SYSTEMPATH\CodeIgniter.php(464): CodeIgniter\CodeIgniter->tryToRouteIt(null)
 8 SYSTEMPATH\CodeIgniter.php(363): CodeIgniter\CodeIgniter->handleRequest(null, Object(Config\Cache), false)
 9 SYSTEMPATH\Boot.php(417): CodeIgniter\CodeIgniter->run()
10 SYSTEMPATH\Boot.php(68): CodeIgniter\Boot::runCodeIgniter(Object(CodeIgniter\CodeIgniter))
11 FCPATH\index.php(59): CodeIgniter\Boot::bootWeb(Object(Config\Paths))
12 SYSTEMPATH\rewrite.php(44): require_once('C:\\Users\\ASUS\\Downloads\\Projectmagang_dr\\Projectmagang_dr\\public\\index.php')
WARNING - 2026-08-04 15:23:28 --> [DEPRECATED] Passing lowercase HTTP method "get" is deprecated. Use uppercase HTTP method like "GET". in SYSTEMPATH\Router\RouteCollection.php on line 1026.
 1 SYSTEMPATH\Router\RouteCollection.php(1026): trigger_error('Passing lowercase HTTP method "get" is deprecated. Use uppercase HTTP method like "GET".', 16384)
 2 APPPATH\Config\Routes.php(177): CodeIgniter\Router\RouteCollection->match([...], 'upload-dokumen', '\\App\\Controllers\\Kabid\\C_UploadDokumen::index')
 3 SYSTEMPATH\Router\RouteCollection.php(799): CodeIgniter\Router\RouteCollection::{closure:C:\Users\ASUS\Downloads\Projectmagang_dr\Projectmagang_dr\app\Config\Routes.php:153}(Object(CodeIgniter\Router\RouteCollection))
 4 APPPATH\Config\Routes.php(153): CodeIgniter\Router\RouteCollection->group('kabid', [...], Object(Closure))
 5 SYSTEMPATH\Router\RouteCollection.php(339): require('C:\\Users\\ASUS\\Downloads\\Projectmagang_dr\\Projectmagang_dr\\app\\Config\\Routes.php')
 6 SYSTEMPATH\CodeIgniter.php(841): CodeIgniter\Router\RouteCollection->loadRoutes()
 7 SYSTEMPATH\CodeIgniter.php(464): CodeIgniter\CodeIgniter->tryToRouteIt(null)
 8 SYSTEMPATH\CodeIgniter.php(363): CodeIgniter\CodeIgniter->handleRequest(null, Object(Config\Cache), false)
 9 SYSTEMPATH\Boot.php(417): CodeIgniter\CodeIgniter->run()
10 SYSTEMPATH\Boot.php(68): CodeIgniter\Boot::runCodeIgniter(Object(CodeIgniter\CodeIgniter))
11 FCPATH\index.php(59): CodeIgniter\Boot::bootWeb(Object(Config\Paths))
12 SYSTEMPATH\rewrite.php(44): require_once('C:\\Users\\ASUS\\Downloads\\Projectmagang_dr\\Projectmagang_dr\\public\\index.php')
WARNING - 2026-08-04 15:23:28 --> [DEPRECATED] Passing lowercase HTTP method "post" is deprecated. Use uppercase HTTP method like "POST". in SYSTEMPATH\Router\RouteCollection.php on line 1026.
 1 SYSTEMPATH\Router\RouteCollection.php(1026): trigger_error('Passing lowercase HTTP method "post" is deprecated. Use uppercase HTTP method like "POST".', 16384)
 2 APPPATH\Config\Routes.php(177): CodeIgniter\Router\RouteCollection->match([...], 'upload-dokumen', '\\App\\Controllers\\Kabid\\C_UploadDokumen::index')
 3 SYSTEMPATH\Router\RouteCollection.php(799): CodeIgniter\Router\RouteCollection::{closure:C:\Users\ASUS\Downloads\Projectmagang_dr\Projectmagang_dr\app\Config\Routes.php:153}(Object(CodeIgniter\Router\RouteCollection))
 4 APPPATH\Config\Routes.php(153): CodeIgniter\Router\RouteCollection->group('kabid', [...], Object(Closure))
 5 SYSTEMPATH\Router\RouteCollection.php(339): require('C:\\Users\\ASUS\\Downloads\\Projectmagang_dr\\Projectmagang_dr\\app\\Config\\Routes.php')
 6 SYSTEMPATH\CodeIgniter.php(841): CodeIgniter\Router\RouteCollection->loadRoutes()
 7 SYSTEMPATH\CodeIgniter.php(464): CodeIgniter\CodeIgniter->tryToRouteIt(null)
 8 SYSTEMPATH\CodeIgniter.php(363): CodeIgniter\CodeIgniter->handleRequest(null, Object(Config\Cache), false)
 9 SYSTEMPATH\Boot.php(417): CodeIgniter\CodeIgniter->run()
10 SYSTEMPATH\Boot.php(68): CodeIgniter\Boot::runCodeIgniter(Object(CodeIgniter\CodeIgniter))
11 FCPATH\index.php(59): CodeIgniter\Boot::bootWeb(Object(Config\Paths))
12 SYSTEMPATH\rewrite.php(44): require_once('C:\\Users\\ASUS\\Downloads\\Projectmagang_dr\\Projectmagang_dr\\public\\index.php')
DEBUG - 2026-08-04 15:23:28 --> Session: Class initialized using 'CodeIgniter\Session\Handlers\FileHandler' driver.
WARNING - 2026-08-04 15:23:44 --> [DEPRECATED] Passing lowercase HTTP method "get" is deprecated. Use uppercase HTTP method like "GET". in SYSTEMPATH\Router\RouteCollection.php on line 1026.
 1 SYSTEMPATH\Router\RouteCollection.php(1026): trigger_error('Passing lowercase HTTP method "get" is deprecated. Use uppercase HTTP method like "GET".', 16384)
 2 APPPATH\Config\Routes.php(77): CodeIgniter\Router\RouteCollection->match([...], 'logbook', 'C_Logbook::logbook')
 3 SYSTEMPATH\Router\RouteCollection.php(799): CodeIgniter\Router\RouteCollection::{closure:C:\Users\ASUS\Downloads\Projectmagang_dr\Projectmagang_dr\app\Config\Routes.php:59}(Object(CodeIgniter\Router\RouteCollection))
 4 APPPATH\Config\Routes.php(59): CodeIgniter\Router\RouteCollection->group('mahasiswa', [...], Object(Closure))
 5 SYSTEMPATH\Router\RouteCollection.php(339): require('C:\\Users\\ASUS\\Downloads\\Projectmagang_dr\\Projectmagang_dr\\app\\Config\\Routes.php')
 6 SYSTEMPATH\CodeIgniter.php(841): CodeIgniter\Router\RouteCollection->loadRoutes()
 7 SYSTEMPATH\CodeIgniter.php(464): CodeIgniter\CodeIgniter->tryToRouteIt(null)
 8 SYSTEMPATH\CodeIgniter.php(363): CodeIgniter\CodeIgniter->handleRequest(null, Object(Config\Cache), false)
 9 SYSTEMPATH\Boot.php(417): CodeIgniter\CodeIgniter->run()
10 SYSTEMPATH\Boot.php(68): CodeIgniter\Boot::runCodeIgniter(Object(CodeIgniter\CodeIgniter))
11 FCPATH\index.php(59): CodeIgniter\Boot::bootWeb(Object(Config\Paths))
12 SYSTEMPATH\rewrite.php(44): require_once('C:\\Users\\ASUS\\Downloads\\Projectmagang_dr\\Projectmagang_dr\\public\\index.php')
WARNING - 2026-08-04 15:23:44 --> [DEPRECATED] Passing lowercase HTTP method "post" is deprecated. Use uppercase HTTP method like "POST". in SYSTEMPATH\Router\RouteCollection.php on line 1026.
 1 SYSTEMPATH\Router\RouteCollection.php(1026): trigger_error('Passing lowercase HTTP method "post" is deprecated. Use uppercase HTTP method like "POST".', 16384)
 2 APPPATH\Config\Routes.php(77): CodeIgniter\Router\RouteCollection->match([...], 'logbook', 'C_Logbook::logbook')
 3 SYSTEMPATH\Router\RouteCollection.php(799): CodeIgniter\Router\RouteCollection::{closure:C:\Users\ASUS\Downloads\Projectmagang_dr\Projectmagang_dr\app\Config\Routes.php:59}(Object(CodeIgniter\Router\RouteCollection))
 4 APPPATH\Config\Routes.php(59): CodeIgniter\Router\RouteCollection->group('mahasiswa', [...], Object(Closure))
 5 SYSTEMPATH\Router\RouteCollection.php(339): require('C:\\Users\\ASUS\\Downloads\\Projectmagang_dr\\Projectmagang_dr\\app\\Config\\Routes.php')
 6 SYSTEMPATH\CodeIgniter.php(841): CodeIgniter\Router\RouteCollection->loadRoutes()
 7 SYSTEMPATH\CodeIgniter.php(464): CodeIgniter\CodeIgniter->tryToRouteIt(null)
 8 SYSTEMPATH\CodeIgniter.php(363): CodeIgniter\CodeIgniter->handleRequest(null, Object(Config\Cache), false)
 9 SYSTEMPATH\Boot.php(417): CodeIgniter\CodeIgniter->run()
10 SYSTEMPATH\Boot.php(68): CodeIgniter\Boot::runCodeIgniter(Object(CodeIgniter\CodeIgniter))
11 FCPATH\index.php(59): CodeIgniter\Boot::bootWeb(Object(Config\Paths))
12 SYSTEMPATH\rewrite.php(44): require_once('C:\\Users\\ASUS\\Downloads\\Projectmagang_dr\\Projectmagang_dr\\public\\index.php')
WARNING - 2026-08-04 15:23:44 --> [DEPRECATED] Passing lowercase HTTP method "get" is deprecated. Use uppercase HTTP method like "GET". in SYSTEMPATH\Router\RouteCollection.php on line 1026.
 1 SYSTEMPATH\Router\RouteCollection.php(1026): trigger_error('Passing lowercase HTTP method "get" is deprecated. Use uppercase HTTP method like "GET".', 16384)
 2 APPPATH\Config\Routes.php(95): CodeIgniter\Router\RouteCollection->match([...], 'verifikasi', '\\App\\Controllers\\Sekretariat\\C_Verifikasi::index')
 3 SYSTEMPATH\Router\RouteCollection.php(799): CodeIgniter\Router\RouteCollection::{closure:C:\Users\ASUS\Downloads\Projectmagang_dr\Projectmagang_dr\app\Config\Routes.php:89}(Object(CodeIgniter\Router\RouteCollection))
 4 APPPATH\Config\Routes.php(89): CodeIgniter\Router\RouteCollection->group('sekretariat', [...], Object(Closure))
 5 SYSTEMPATH\Router\RouteCollection.php(339): require('C:\\Users\\ASUS\\Downloads\\Projectmagang_dr\\Projectmagang_dr\\app\\Config\\Routes.php')
 6 SYSTEMPATH\CodeIgniter.php(841): CodeIgniter\Router\RouteCollection->loadRoutes()
 7 SYSTEMPATH\CodeIgniter.php(464): CodeIgniter\CodeIgniter->tryToRouteIt(null)
 8 SYSTEMPATH\CodeIgniter.php(363): CodeIgniter\CodeIgniter->handleRequest(null, Object(Config\Cache), false)
 9 SYSTEMPATH\Boot.php(417): CodeIgniter\CodeIgniter->run()
10 SYSTEMPATH\Boot.php(68): CodeIgniter\Boot::runCodeIgniter(Object(CodeIgniter\CodeIgniter))
11 FCPATH\index.php(59): CodeIgniter\Boot::bootWeb(Object(Config\Paths))
12 SYSTEMPATH\rewrite.php(44): require_once('C:\\Users\\ASUS\\Downloads\\Projectmagang_dr\\Projectmagang_dr\\public\\index.php')
WARNING - 2026-08-04 15:23:44 --> [DEPRECATED] Passing lowercase HTTP method "post" is deprecated. Use uppercase HTTP method like "POST". in SYSTEMPATH\Router\RouteCollection.php on line 1026.
 1 SYSTEMPATH\Router\RouteCollection.php(1026): trigger_error('Passing lowercase HTTP method "post" is deprecated. Use uppercase HTTP method like "POST".', 16384)
 2 APPPATH\Config\Routes.php(95): CodeIgniter\Router\RouteCollection->match([...], 'verifikasi', '\\App\\Controllers\\Sekretariat\\C_Verifikasi::index')
 3 SYSTEMPATH\Router\RouteCollection.php(799): CodeIgniter\Router\RouteCollection::{closure:C:\Users\ASUS\Downloads\Projectmagang_dr\Projectmagang_dr\app\Config\Routes.php:89}(Object(CodeIgniter\Router\RouteCollection))
 4 APPPATH\Config\Routes.php(89): CodeIgniter\Router\RouteCollection->group('sekretariat', [...], Object(Closure))
 5 SYSTEMPATH\Router\RouteCollection.php(339): require('C:\\Users\\ASUS\\Downloads\\Projectmagang_dr\\Projectmagang_dr\\app\\Config\\Routes.php')
 6 SYSTEMPATH\CodeIgniter.php(841): CodeIgniter\Router\RouteCollection->loadRoutes()
 7 SYSTEMPATH\CodeIgniter.php(464): CodeIgniter\CodeIgniter->tryToRouteIt(null)
 8 SYSTEMPATH\CodeIgniter.php(363): CodeIgniter\CodeIgniter->handleRequest(null, Object(Config\Cache), false)
 9 SYSTEMPATH\Boot.php(417): CodeIgniter\CodeIgniter->run()
10 SYSTEMPATH\Boot.php(68): CodeIgniter\Boot::runCodeIgniter(Object(CodeIgniter\CodeIgniter))
11 FCPATH\index.php(59): CodeIgniter\Boot::bootWeb(Object(Config\Paths))
12 SYSTEMPATH\rewrite.php(44): require_once('C:\\Users\\ASUS\\Downloads\\Projectmagang_dr\\Projectmagang_dr\\public\\index.php')
WARNING - 2026-08-04 15:23:44 --> [DEPRECATED] Passing lowercase HTTP method "get" is deprecated. Use uppercase HTTP method like "GET". in SYSTEMPATH\Router\RouteCollection.php on line 1026.
 1 SYSTEMPATH\Router\RouteCollection.php(1026): trigger_error('Passing lowercase HTTP method "get" is deprecated. Use uppercase HTTP method like "GET".', 16384)
 2 APPPATH\Config\Routes.php(144): CodeIgniter\Router\RouteCollection->match([...], 'upload-surat-penerimaan', '\\App\\Controllers\\Sekretariat\\C_UploadSuratPenerimaan::index')
 3 SYSTEMPATH\Router\RouteCollection.php(799): CodeIgniter\Router\RouteCollection::{closure:C:\Users\ASUS\Downloads\Projectmagang_dr\Projectmagang_dr\app\Config\Routes.php:89}(Object(CodeIgniter\Router\RouteCollection))
 4 APPPATH\Config\Routes.php(89): CodeIgniter\Router\RouteCollection->group('sekretariat', [...], Object(Closure))
 5 SYSTEMPATH\Router\RouteCollection.php(339): require('C:\\Users\\ASUS\\Downloads\\Projectmagang_dr\\Projectmagang_dr\\app\\Config\\Routes.php')
 6 SYSTEMPATH\CodeIgniter.php(841): CodeIgniter\Router\RouteCollection->loadRoutes()
 7 SYSTEMPATH\CodeIgniter.php(464): CodeIgniter\CodeIgniter->tryToRouteIt(null)
 8 SYSTEMPATH\CodeIgniter.php(363): CodeIgniter\CodeIgniter->handleRequest(null, Object(Config\Cache), false)
 9 SYSTEMPATH\Boot.php(417): CodeIgniter\CodeIgniter->run()
10 SYSTEMPATH\Boot.php(68): CodeIgniter\Boot::runCodeIgniter(Object(CodeIgniter\CodeIgniter))
11 FCPATH\index.php(59): CodeIgniter\Boot::bootWeb(Object(Config\Paths))
12 SYSTEMPATH\rewrite.php(44): require_once('C:\\Users\\ASUS\\Downloads\\Projectmagang_dr\\Projectmagang_dr\\public\\index.php')
WARNING - 2026-08-04 15:23:44 --> [DEPRECATED] Passing lowercase HTTP method "post" is deprecated. Use uppercase HTTP method like "POST". in SYSTEMPATH\Router\RouteCollection.php on line 1026.
 1 SYSTEMPATH\Router\RouteCollection.php(1026): trigger_error('Passing lowercase HTTP method "post" is deprecated. Use uppercase HTTP method like "POST".', 16384)
 2 APPPATH\Config\Routes.php(144): CodeIgniter\Router\RouteCollection->match([...], 'upload-surat-penerimaan', '\\App\\Controllers\\Sekretariat\\C_UploadSuratPenerimaan::index')
 3 SYSTEMPATH\Router\RouteCollection.php(799): CodeIgniter\Router\RouteCollection::{closure:C:\Users\ASUS\Downloads\Projectmagang_dr\Projectmagang_dr\app\Config\Routes.php:89}(Object(CodeIgniter\Router\RouteCollection))
 4 APPPATH\Config\Routes.php(89): CodeIgniter\Router\RouteCollection->group('sekretariat', [...], Object(Closure))
 5 SYSTEMPATH\Router\RouteCollection.php(339): require('C:\\Users\\ASUS\\Downloads\\Projectmagang_dr\\Projectmagang_dr\\app\\Config\\Routes.php')
 6 SYSTEMPATH\CodeIgniter.php(841): CodeIgniter\Router\RouteCollection->loadRoutes()
 7 SYSTEMPATH\CodeIgniter.php(464): CodeIgniter\CodeIgniter->tryToRouteIt(null)
 8 SYSTEMPATH\CodeIgniter.php(363): CodeIgniter\CodeIgniter->handleRequest(null, Object(Config\Cache), false)
 9 SYSTEMPATH\Boot.php(417): CodeIgniter\CodeIgniter->run()
10 SYSTEMPATH\Boot.php(68): CodeIgniter\Boot::runCodeIgniter(Object(CodeIgniter\CodeIgniter))
11 FCPATH\index.php(59): CodeIgniter\Boot::bootWeb(Object(Config\Paths))
12 SYSTEMPATH\rewrite.php(44): require_once('C:\\Users\\ASUS\\Downloads\\Projectmagang_dr\\Projectmagang_dr\\public\\index.php')
WARNING - 2026-08-04 15:23:44 --> [DEPRECATED] Passing lowercase HTTP method "get" is deprecated. Use uppercase HTTP method like "GET". in SYSTEMPATH\Router\RouteCollection.php on line 1026.
 1 SYSTEMPATH\Router\RouteCollection.php(1026): trigger_error('Passing lowercase HTTP method "get" is deprecated. Use uppercase HTTP method like "GET".', 16384)
 2 APPPATH\Config\Routes.php(165): CodeIgniter\Router\RouteCollection->match([...], 'logbook', '\\App\\Controllers\\Kabid\\C_LogbookKabid::index')
 3 SYSTEMPATH\Router\RouteCollection.php(799): CodeIgniter\Router\RouteCollection::{closure:C:\Users\ASUS\Downloads\Projectmagang_dr\Projectmagang_dr\app\Config\Routes.php:153}(Object(CodeIgniter\Router\RouteCollection))
 4 APPPATH\Config\Routes.php(153): CodeIgniter\Router\RouteCollection->group('kabid', [...], Object(Closure))
 5 SYSTEMPATH\Router\RouteCollection.php(339): require('C:\\Users\\ASUS\\Downloads\\Projectmagang_dr\\Projectmagang_dr\\app\\Config\\Routes.php')
 6 SYSTEMPATH\CodeIgniter.php(841): CodeIgniter\Router\RouteCollection->loadRoutes()
 7 SYSTEMPATH\CodeIgniter.php(464): CodeIgniter\CodeIgniter->tryToRouteIt(null)
 8 SYSTEMPATH\CodeIgniter.php(363): CodeIgniter\CodeIgniter->handleRequest(null, Object(Config\Cache), false)
 9 SYSTEMPATH\Boot.php(417): CodeIgniter\CodeIgniter->run()
10 SYSTEMPATH\Boot.php(68): CodeIgniter\Boot::runCodeIgniter(Object(CodeIgniter\CodeIgniter))
11 FCPATH\index.php(59): CodeIgniter\Boot::bootWeb(Object(Config\Paths))
12 SYSTEMPATH\rewrite.php(44): require_once('C:\\Users\\ASUS\\Downloads\\Projectmagang_dr\\Projectmagang_dr\\public\\index.php')
WARNING - 2026-08-04 15:23:44 --> [DEPRECATED] Passing lowercase HTTP method "post" is deprecated. Use uppercase HTTP method like "POST". in SYSTEMPATH\Router\RouteCollection.php on line 1026.
 1 SYSTEMPATH\Router\RouteCollection.php(1026): trigger_error('Passing lowercase HTTP method "post" is deprecated. Use uppercase HTTP method like "POST".', 16384)
 2 APPPATH\Config\Routes.php(165): CodeIgniter\Router\RouteCollection->match([...], 'logbook', '\\App\\Controllers\\Kabid\\C_LogbookKabid::index')
 3 SYSTEMPATH\Router\RouteCollection.php(799): CodeIgniter\Router\RouteCollection::{closure:C:\Users\ASUS\Downloads\Projectmagang_dr\Projectmagang_dr\app\Config\Routes.php:153}(Object(CodeIgniter\Router\RouteCollection))
 4 APPPATH\Config\Routes.php(153): CodeIgniter\Router\RouteCollection->group('kabid', [...], Object(Closure))
 5 SYSTEMPATH\Router\RouteCollection.php(339): require('C:\\Users\\ASUS\\Downloads\\Projectmagang_dr\\Projectmagang_dr\\app\\Config\\Routes.php')
 6 SYSTEMPATH\CodeIgniter.php(841): CodeIgniter\Router\RouteCollection->loadRoutes()
 7 SYSTEMPATH\CodeIgniter.php(464): CodeIgniter\CodeIgniter->tryToRouteIt(null)
 8 SYSTEMPATH\CodeIgniter.php(363): CodeIgniter\CodeIgniter->handleRequest(null, Object(Config\Cache), false)
 9 SYSTEMPATH\Boot.php(417): CodeIgniter\CodeIgniter->run()
10 SYSTEMPATH\Boot.php(68): CodeIgniter\Boot::runCodeIgniter(Object(CodeIgniter\CodeIgniter))
11 FCPATH\index.php(59): CodeIgniter\Boot::bootWeb(Object(Config\Paths))
12 SYSTEMPATH\rewrite.php(44): require_once('C:\\Users\\ASUS\\Downloads\\Projectmagang_dr\\Projectmagang_dr\\public\\index.php')
WARNING - 2026-08-04 15:23:44 --> [DEPRECATED] Passing lowercase HTTP method "get" is deprecated. Use uppercase HTTP method like "GET". in SYSTEMPATH\Router\RouteCollection.php on line 1026.
 1 SYSTEMPATH\Router\RouteCollection.php(1026): trigger_error('Passing lowercase HTTP method "get" is deprecated. Use uppercase HTTP method like "GET".', 16384)
 2 APPPATH\Config\Routes.php(177): CodeIgniter\Router\RouteCollection->match([...], 'upload-dokumen', '\\App\\Controllers\\Kabid\\C_UploadDokumen::index')
 3 SYSTEMPATH\Router\RouteCollection.php(799): CodeIgniter\Router\RouteCollection::{closure:C:\Users\ASUS\Downloads\Projectmagang_dr\Projectmagang_dr\app\Config\Routes.php:153}(Object(CodeIgniter\Router\RouteCollection))
 4 APPPATH\Config\Routes.php(153): CodeIgniter\Router\RouteCollection->group('kabid', [...], Object(Closure))
 5 SYSTEMPATH\Router\RouteCollection.php(339): require('C:\\Users\\ASUS\\Downloads\\Projectmagang_dr\\Projectmagang_dr\\app\\Config\\Routes.php')
 6 SYSTEMPATH\CodeIgniter.php(841): CodeIgniter\Router\RouteCollection->loadRoutes()
 7 SYSTEMPATH\CodeIgniter.php(464): CodeIgniter\CodeIgniter->tryToRouteIt(null)
 8 SYSTEMPATH\CodeIgniter.php(363): CodeIgniter\CodeIgniter->handleRequest(null, Object(Config\Cache), false)
 9 SYSTEMPATH\Boot.php(417): CodeIgniter\CodeIgniter->run()
10 SYSTEMPATH\Boot.php(68): CodeIgniter\Boot::runCodeIgniter(Object(CodeIgniter\CodeIgniter))
11 FCPATH\index.php(59): CodeIgniter\Boot::bootWeb(Object(Config\Paths))
12 SYSTEMPATH\rewrite.php(44): require_once('C:\\Users\\ASUS\\Downloads\\Projectmagang_dr\\Projectmagang_dr\\public\\index.php')
WARNING - 2026-08-04 15:23:44 --> [DEPRECATED] Passing lowercase HTTP method "post" is deprecated. Use uppercase HTTP method like "POST". in SYSTEMPATH\Router\RouteCollection.php on line 1026.
 1 SYSTEMPATH\Router\RouteCollection.php(1026): trigger_error('Passing lowercase HTTP method "post" is deprecated. Use uppercase HTTP method like "POST".', 16384)
 2 APPPATH\Config\Routes.php(177): CodeIgniter\Router\RouteCollection->match([...], 'upload-dokumen', '\\App\\Controllers\\Kabid\\C_UploadDokumen::index')
 3 SYSTEMPATH\Router\RouteCollection.php(799): CodeIgniter\Router\RouteCollection::{closure:C:\Users\ASUS\Downloads\Projectmagang_dr\Projectmagang_dr\app\Config\Routes.php:153}(Object(CodeIgniter\Router\RouteCollection))
 4 APPPATH\Config\Routes.php(153): CodeIgniter\Router\RouteCollection->group('kabid', [...], Object(Closure))
 5 SYSTEMPATH\Router\RouteCollection.php(339): require('C:\\Users\\ASUS\\Downloads\\Projectmagang_dr\\Projectmagang_dr\\app\\Config\\Routes.php')
 6 SYSTEMPATH\CodeIgniter.php(841): CodeIgniter\Router\RouteCollection->loadRoutes()
 7 SYSTEMPATH\CodeIgniter.php(464): CodeIgniter\CodeIgniter->tryToRouteIt(null)
 8 SYSTEMPATH\CodeIgniter.php(363): CodeIgniter\CodeIgniter->handleRequest(null, Object(Config\Cache), false)
 9 SYSTEMPATH\Boot.php(417): CodeIgniter\CodeIgniter->run()
10 SYSTEMPATH\Boot.php(68): CodeIgniter\Boot::runCodeIgniter(Object(CodeIgniter\CodeIgniter))
11 FCPATH\index.php(59): CodeIgniter\Boot::bootWeb(Object(Config\Paths))
12 SYSTEMPATH\rewrite.php(44): require_once('C:\\Users\\ASUS\\Downloads\\Projectmagang_dr\\Projectmagang_dr\\public\\index.php')
DEBUG - 2026-08-04 15:23:46 --> Session: Class initialized using 'CodeIgniter\Session\Handlers\FileHandler' driver.
WARNING - 2026-08-04 15:23:46 --> [DEPRECATED] Passing lowercase HTTP method "get" is deprecated. Use uppercase HTTP method like "GET". in SYSTEMPATH\Router\RouteCollection.php on line 1026.
 1 SYSTEMPATH\Router\RouteCollection.php(1026): trigger_error('Passing lowercase HTTP method "get" is deprecated. Use uppercase HTTP method like "GET".', 16384)
 2 APPPATH\Config\Routes.php(77): CodeIgniter\Router\RouteCollection->match([...], 'logbook', 'C_Logbook::logbook')
 3 SYSTEMPATH\Router\RouteCollection.php(799): CodeIgniter\Router\RouteCollection::{closure:C:\Users\ASUS\Downloads\Projectmagang_dr\Projectmagang_dr\app\Config\Routes.php:59}(Object(CodeIgniter\Router\RouteCollection))
 4 APPPATH\Config\Routes.php(59): CodeIgniter\Router\RouteCollection->group('mahasiswa', [...], Object(Closure))
 5 SYSTEMPATH\Router\RouteCollection.php(339): require('C:\\Users\\ASUS\\Downloads\\Projectmagang_dr\\Projectmagang_dr\\app\\Config\\Routes.php')
 6 SYSTEMPATH\CodeIgniter.php(841): CodeIgniter\Router\RouteCollection->loadRoutes()
 7 SYSTEMPATH\CodeIgniter.php(464): CodeIgniter\CodeIgniter->tryToRouteIt(null)
 8 SYSTEMPATH\CodeIgniter.php(363): CodeIgniter\CodeIgniter->handleRequest(null, Object(Config\Cache), false)
 9 SYSTEMPATH\Boot.php(417): CodeIgniter\CodeIgniter->run()
10 SYSTEMPATH\Boot.php(68): CodeIgniter\Boot::runCodeIgniter(Object(CodeIgniter\CodeIgniter))
11 FCPATH\index.php(59): CodeIgniter\Boot::bootWeb(Object(Config\Paths))
12 SYSTEMPATH\rewrite.php(44): require_once('C:\\Users\\ASUS\\Downloads\\Projectmagang_dr\\Projectmagang_dr\\public\\index.php')
WARNING - 2026-08-04 15:23:46 --> [DEPRECATED] Passing lowercase HTTP method "post" is deprecated. Use uppercase HTTP method like "POST". in SYSTEMPATH\Router\RouteCollection.php on line 1026.
 1 SYSTEMPATH\Router\RouteCollection.php(1026): trigger_error('Passing lowercase HTTP method "post" is deprecated. Use uppercase HTTP method like "POST".', 16384)
 2 APPPATH\Config\Routes.php(77): CodeIgniter\Router\RouteCollection->match([...], 'logbook', 'C_Logbook::logbook')
 3 SYSTEMPATH\Router\RouteCollection.php(799): CodeIgniter\Router\RouteCollection::{closure:C:\Users\ASUS\Downloads\Projectmagang_dr\Projectmagang_dr\app\Config\Routes.php:59}(Object(CodeIgniter\Router\RouteCollection))
 4 APPPATH\Config\Routes.php(59): CodeIgniter\Router\RouteCollection->group('mahasiswa', [...], Object(Closure))
 5 SYSTEMPATH\Router\RouteCollection.php(339): require('C:\\Users\\ASUS\\Downloads\\Projectmagang_dr\\Projectmagang_dr\\app\\Config\\Routes.php')
 6 SYSTEMPATH\CodeIgniter.php(841): CodeIgniter\Router\RouteCollection->loadRoutes()
 7 SYSTEMPATH\CodeIgniter.php(464): CodeIgniter\CodeIgniter->tryToRouteIt(null)
 8 SYSTEMPATH\CodeIgniter.php(363): CodeIgniter\CodeIgniter->handleRequest(null, Object(Config\Cache), false)
 9 SYSTEMPATH\Boot.php(417): CodeIgniter\CodeIgniter->run()
10 SYSTEMPATH\Boot.php(68): CodeIgniter\Boot::runCodeIgniter(Object(CodeIgniter\CodeIgniter))
11 FCPATH\index.php(59): CodeIgniter\Boot::bootWeb(Object(Config\Paths))
12 SYSTEMPATH\rewrite.php(44): require_once('C:\\Users\\ASUS\\Downloads\\Projectmagang_dr\\Projectmagang_dr\\public\\index.php')
WARNING - 2026-08-04 15:23:46 --> [DEPRECATED] Passing lowercase HTTP method "get" is deprecated. Use uppercase HTTP method like "GET". in SYSTEMPATH\Router\RouteCollection.php on line 1026.
 1 SYSTEMPATH\Router\RouteCollection.php(1026): trigger_error('Passing lowercase HTTP method "get" is deprecated. Use uppercase HTTP method like "GET".', 16384)
 2 APPPATH\Config\Routes.php(95): CodeIgniter\Router\RouteCollection->match([...], 'verifikasi', '\\App\\Controllers\\Sekretariat\\C_Verifikasi::index')
 3 SYSTEMPATH\Router\RouteCollection.php(799): CodeIgniter\Router\RouteCollection::{closure:C:\Users\ASUS\Downloads\Projectmagang_dr\Projectmagang_dr\app\Config\Routes.php:89}(Object(CodeIgniter\Router\RouteCollection))
 4 APPPATH\Config\Routes.php(89): CodeIgniter\Router\RouteCollection->group('sekretariat', [...], Object(Closure))
 5 SYSTEMPATH\Router\RouteCollection.php(339): require('C:\\Users\\ASUS\\Downloads\\Projectmagang_dr\\Projectmagang_dr\\app\\Config\\Routes.php')
 6 SYSTEMPATH\CodeIgniter.php(841): CodeIgniter\Router\RouteCollection->loadRoutes()
 7 SYSTEMPATH\CodeIgniter.php(464): CodeIgniter\CodeIgniter->tryToRouteIt(null)
 8 SYSTEMPATH\CodeIgniter.php(363): CodeIgniter\CodeIgniter->handleRequest(null, Object(Config\Cache), false)
 9 SYSTEMPATH\Boot.php(417): CodeIgniter\CodeIgniter->run()
10 SYSTEMPATH\Boot.php(68): CodeIgniter\Boot::runCodeIgniter(Object(CodeIgniter\CodeIgniter))
11 FCPATH\index.php(59): CodeIgniter\Boot::bootWeb(Object(Config\Paths))
12 SYSTEMPATH\rewrite.php(44): require_once('C:\\Users\\ASUS\\Downloads\\Projectmagang_dr\\Projectmagang_dr\\public\\index.php')
WARNING - 2026-08-04 15:23:46 --> [DEPRECATED] Passing lowercase HTTP method "post" is deprecated. Use uppercase HTTP method like "POST". in SYSTEMPATH\Router\RouteCollection.php on line 1026.
 1 SYSTEMPATH\Router\RouteCollection.php(1026): trigger_error('Passing lowercase HTTP method "post" is deprecated. Use uppercase HTTP method like "POST".', 16384)
 2 APPPATH\Config\Routes.php(95): CodeIgniter\Router\RouteCollection->match([...], 'verifikasi', '\\App\\Controllers\\Sekretariat\\C_Verifikasi::index')
 3 SYSTEMPATH\Router\RouteCollection.php(799): CodeIgniter\Router\RouteCollection::{closure:C:\Users\ASUS\Downloads\Projectmagang_dr\Projectmagang_dr\app\Config\Routes.php:89}(Object(CodeIgniter\Router\RouteCollection))
 4 APPPATH\Config\Routes.php(89): CodeIgniter\Router\RouteCollection->group('sekretariat', [...], Object(Closure))
 5 SYSTEMPATH\Router\RouteCollection.php(339): require('C:\\Users\\ASUS\\Downloads\\Projectmagang_dr\\Projectmagang_dr\\app\\Config\\Routes.php')
 6 SYSTEMPATH\CodeIgniter.php(841): CodeIgniter\Router\RouteCollection->loadRoutes()
 7 SYSTEMPATH\CodeIgniter.php(464): CodeIgniter\CodeIgniter->tryToRouteIt(null)
 8 SYSTEMPATH\CodeIgniter.php(363): CodeIgniter\CodeIgniter->handleRequest(null, Object(Config\Cache), false)
 9 SYSTEMPATH\Boot.php(417): CodeIgniter\CodeIgniter->run()
10 SYSTEMPATH\Boot.php(68): CodeIgniter\Boot::runCodeIgniter(Object(CodeIgniter\CodeIgniter))
11 FCPATH\index.php(59): CodeIgniter\Boot::bootWeb(Object(Config\Paths))
12 SYSTEMPATH\rewrite.php(44): require_once('C:\\Users\\ASUS\\Downloads\\Projectmagang_dr\\Projectmagang_dr\\public\\index.php')
WARNING - 2026-08-04 15:23:46 --> [DEPRECATED] Passing lowercase HTTP method "get" is deprecated. Use uppercase HTTP method like "GET". in SYSTEMPATH\Router\RouteCollection.php on line 1026.
 1 SYSTEMPATH\Router\RouteCollection.php(1026): trigger_error('Passing lowercase HTTP method "get" is deprecated. Use uppercase HTTP method like "GET".', 16384)
 2 APPPATH\Config\Routes.php(144): CodeIgniter\Router\RouteCollection->match([...], 'upload-surat-penerimaan', '\\App\\Controllers\\Sekretariat\\C_UploadSuratPenerimaan::index')
 3 SYSTEMPATH\Router\RouteCollection.php(799): CodeIgniter\Router\RouteCollection::{closure:C:\Users\ASUS\Downloads\Projectmagang_dr\Projectmagang_dr\app\Config\Routes.php:89}(Object(CodeIgniter\Router\RouteCollection))
 4 APPPATH\Config\Routes.php(89): CodeIgniter\Router\RouteCollection->group('sekretariat', [...], Object(Closure))
 5 SYSTEMPATH\Router\RouteCollection.php(339): require('C:\\Users\\ASUS\\Downloads\\Projectmagang_dr\\Projectmagang_dr\\app\\Config\\Routes.php')
 6 SYSTEMPATH\CodeIgniter.php(841): CodeIgniter\Router\RouteCollection->loadRoutes()
 7 SYSTEMPATH\CodeIgniter.php(464): CodeIgniter\CodeIgniter->tryToRouteIt(null)
 8 SYSTEMPATH\CodeIgniter.php(363): CodeIgniter\CodeIgniter->handleRequest(null, Object(Config\Cache), false)
 9 SYSTEMPATH\Boot.php(417): CodeIgniter\CodeIgniter->run()
10 SYSTEMPATH\Boot.php(68): CodeIgniter\Boot::runCodeIgniter(Object(CodeIgniter\CodeIgniter))
11 FCPATH\index.php(59): CodeIgniter\Boot::bootWeb(Object(Config\Paths))
12 SYSTEMPATH\rewrite.php(44): require_once('C:\\Users\\ASUS\\Downloads\\Projectmagang_dr\\Projectmagang_dr\\public\\index.php')
WARNING - 2026-08-04 15:23:46 --> [DEPRECATED] Passing lowercase HTTP method "post" is deprecated. Use uppercase HTTP method like "POST". in SYSTEMPATH\Router\RouteCollection.php on line 1026.
 1 SYSTEMPATH\Router\RouteCollection.php(1026): trigger_error('Passing lowercase HTTP method "post" is deprecated. Use uppercase HTTP method like "POST".', 16384)
 2 APPPATH\Config\Routes.php(144): CodeIgniter\Router\RouteCollection->match([...], 'upload-surat-penerimaan', '\\App\\Controllers\\Sekretariat\\C_UploadSuratPenerimaan::index')
 3 SYSTEMPATH\Router\RouteCollection.php(799): CodeIgniter\Router\RouteCollection::{closure:C:\Users\ASUS\Downloads\Projectmagang_dr\Projectmagang_dr\app\Config\Routes.php:89}(Object(CodeIgniter\Router\RouteCollection))
 4 APPPATH\Config\Routes.php(89): CodeIgniter\Router\RouteCollection->group('sekretariat', [...], Object(Closure))
 5 SYSTEMPATH\Router\RouteCollection.php(339): require('C:\\Users\\ASUS\\Downloads\\Projectmagang_dr\\Projectmagang_dr\\app\\Config\\Routes.php')
 6 SYSTEMPATH\CodeIgniter.php(841): CodeIgniter\Router\RouteCollection->loadRoutes()
 7 SYSTEMPATH\CodeIgniter.php(464): CodeIgniter\CodeIgniter->tryToRouteIt(null)
 8 SYSTEMPATH\CodeIgniter.php(363): CodeIgniter\CodeIgniter->handleRequest(null, Object(Config\Cache), false)
 9 SYSTEMPATH\Boot.php(417): CodeIgniter\CodeIgniter->run()
10 SYSTEMPATH\Boot.php(68): CodeIgniter\Boot::runCodeIgniter(Object(CodeIgniter\CodeIgniter))
11 FCPATH\index.php(59): CodeIgniter\Boot::bootWeb(Object(Config\Paths))
12 SYSTEMPATH\rewrite.php(44): require_once('C:\\Users\\ASUS\\Downloads\\Projectmagang_dr\\Projectmagang_dr\\public\\index.php')
WARNING - 2026-08-04 15:23:46 --> [DEPRECATED] Passing lowercase HTTP method "get" is deprecated. Use uppercase HTTP method like "GET". in SYSTEMPATH\Router\RouteCollection.php on line 1026.
 1 SYSTEMPATH\Router\RouteCollection.php(1026): trigger_error('Passing lowercase HTTP method "get" is deprecated. Use uppercase HTTP method like "GET".', 16384)
 2 APPPATH\Config\Routes.php(165): CodeIgniter\Router\RouteCollection->match([...], 'logbook', '\\App\\Controllers\\Kabid\\C_LogbookKabid::index')
 3 SYSTEMPATH\Router\RouteCollection.php(799): CodeIgniter\Router\RouteCollection::{closure:C:\Users\ASUS\Downloads\Projectmagang_dr\Projectmagang_dr\app\Config\Routes.php:153}(Object(CodeIgniter\Router\RouteCollection))
 4 APPPATH\Config\Routes.php(153): CodeIgniter\Router\RouteCollection->group('kabid', [...], Object(Closure))
 5 SYSTEMPATH\Router\RouteCollection.php(339): require('C:\\Users\\ASUS\\Downloads\\Projectmagang_dr\\Projectmagang_dr\\app\\Config\\Routes.php')
 6 SYSTEMPATH\CodeIgniter.php(841): CodeIgniter\Router\RouteCollection->loadRoutes()
 7 SYSTEMPATH\CodeIgniter.php(464): CodeIgniter\CodeIgniter->tryToRouteIt(null)
 8 SYSTEMPATH\CodeIgniter.php(363): CodeIgniter\CodeIgniter->handleRequest(null, Object(Config\Cache), false)
 9 SYSTEMPATH\Boot.php(417): CodeIgniter\CodeIgniter->run()
10 SYSTEMPATH\Boot.php(68): CodeIgniter\Boot::runCodeIgniter(Object(CodeIgniter\CodeIgniter))
11 FCPATH\index.php(59): CodeIgniter\Boot::bootWeb(Object(Config\Paths))
12 SYSTEMPATH\rewrite.php(44): require_once('C:\\Users\\ASUS\\Downloads\\Projectmagang_dr\\Projectmagang_dr\\public\\index.php')
WARNING - 2026-08-04 15:23:46 --> [DEPRECATED] Passing lowercase HTTP method "post" is deprecated. Use uppercase HTTP method like "POST". in SYSTEMPATH\Router\RouteCollection.php on line 1026.
 1 SYSTEMPATH\Router\RouteCollection.php(1026): trigger_error('Passing lowercase HTTP method "post" is deprecated. Use uppercase HTTP method like "POST".', 16384)
 2 APPPATH\Config\Routes.php(165): CodeIgniter\Router\RouteCollection->match([...], 'logbook', '\\App\\Controllers\\Kabid\\C_LogbookKabid::index')
 3 SYSTEMPATH\Router\RouteCollection.php(799): CodeIgniter\Router\RouteCollection::{closure:C:\Users\ASUS\Downloads\Projectmagang_dr\Projectmagang_dr\app\Config\Routes.php:153}(Object(CodeIgniter\Router\RouteCollection))
 4 APPPATH\Config\Routes.php(153): CodeIgniter\Router\RouteCollection->group('kabid', [...], Object(Closure))
 5 SYSTEMPATH\Router\RouteCollection.php(339): require('C:\\Users\\ASUS\\Downloads\\Projectmagang_dr\\Projectmagang_dr\\app\\Config\\Routes.php')
 6 SYSTEMPATH\CodeIgniter.php(841): CodeIgniter\Router\RouteCollection->loadRoutes()
 7 SYSTEMPATH\CodeIgniter.php(464): CodeIgniter\CodeIgniter->tryToRouteIt(null)
 8 SYSTEMPATH\CodeIgniter.php(363): CodeIgniter\CodeIgniter->handleRequest(null, Object(Config\Cache), false)
 9 SYSTEMPATH\Boot.php(417): CodeIgniter\CodeIgniter->run()
10 SYSTEMPATH\Boot.php(68): CodeIgniter\Boot::runCodeIgniter(Object(CodeIgniter\CodeIgniter))
11 FCPATH\index.php(59): CodeIgniter\Boot::bootWeb(Object(Config\Paths))
12 SYSTEMPATH\rewrite.php(44): require_once('C:\\Users\\ASUS\\Downloads\\Projectmagang_dr\\Projectmagang_dr\\public\\index.php')
WARNING - 2026-08-04 15:23:46 --> [DEPRECATED] Passing lowercase HTTP method "get" is deprecated. Use uppercase HTTP method like "GET". in SYSTEMPATH\Router\RouteCollection.php on line 1026.
 1 SYSTEMPATH\Router\RouteCollection.php(1026): trigger_error('Passing lowercase HTTP method "get" is deprecated. Use uppercase HTTP method like "GET".', 16384)
 2 APPPATH\Config\Routes.php(177): CodeIgniter\Router\RouteCollection->match([...], 'upload-dokumen', '\\App\\Controllers\\Kabid\\C_UploadDokumen::index')
 3 SYSTEMPATH\Router\RouteCollection.php(799): CodeIgniter\Router\RouteCollection::{closure:C:\Users\ASUS\Downloads\Projectmagang_dr\Projectmagang_dr\app\Config\Routes.php:153}(Object(CodeIgniter\Router\RouteCollection))
 4 APPPATH\Config\Routes.php(153): CodeIgniter\Router\RouteCollection->group('kabid', [...], Object(Closure))
 5 SYSTEMPATH\Router\RouteCollection.php(339): require('C:\\Users\\ASUS\\Downloads\\Projectmagang_dr\\Projectmagang_dr\\app\\Config\\Routes.php')
 6 SYSTEMPATH\CodeIgniter.php(841): CodeIgniter\Router\RouteCollection->loadRoutes()
 7 SYSTEMPATH\CodeIgniter.php(464): CodeIgniter\CodeIgniter->tryToRouteIt(null)
 8 SYSTEMPATH\CodeIgniter.php(363): CodeIgniter\CodeIgniter->handleRequest(null, Object(Config\Cache), false)
 9 SYSTEMPATH\Boot.php(417): CodeIgniter\CodeIgniter->run()
10 SYSTEMPATH\Boot.php(68): CodeIgniter\Boot::runCodeIgniter(Object(CodeIgniter\CodeIgniter))
11 FCPATH\index.php(59): CodeIgniter\Boot::bootWeb(Object(Config\Paths))
12 SYSTEMPATH\rewrite.php(44): require_once('C:\\Users\\ASUS\\Downloads\\Projectmagang_dr\\Projectmagang_dr\\public\\index.php')
WARNING - 2026-08-04 15:23:46 --> [DEPRECATED] Passing lowercase HTTP method "post" is deprecated. Use uppercase HTTP method like "POST". in SYSTEMPATH\Router\RouteCollection.php on line 1026.
 1 SYSTEMPATH\Router\RouteCollection.php(1026): trigger_error('Passing lowercase HTTP method "post" is deprecated. Use uppercase HTTP method like "POST".', 16384)
 2 APPPATH\Config\Routes.php(177): CodeIgniter\Router\RouteCollection->match([...], 'upload-dokumen', '\\App\\Controllers\\Kabid\\C_UploadDokumen::index')
 3 SYSTEMPATH\Router\RouteCollection.php(799): CodeIgniter\Router\RouteCollection::{closure:C:\Users\ASUS\Downloads\Projectmagang_dr\Projectmagang_dr\app\Config\Routes.php:153}(Object(CodeIgniter\Router\RouteCollection))
 4 APPPATH\Config\Routes.php(153): CodeIgniter\Router\RouteCollection->group('kabid', [...], Object(Closure))
 5 SYSTEMPATH\Router\RouteCollection.php(339): require('C:\\Users\\ASUS\\Downloads\\Projectmagang_dr\\Projectmagang_dr\\app\\Config\\Routes.php')
 6 SYSTEMPATH\CodeIgniter.php(841): CodeIgniter\Router\RouteCollection->loadRoutes()
 7 SYSTEMPATH\CodeIgniter.php(464): CodeIgniter\CodeIgniter->tryToRouteIt(null)
 8 SYSTEMPATH\CodeIgniter.php(363): CodeIgniter\CodeIgniter->handleRequest(null, Object(Config\Cache), false)
 9 SYSTEMPATH\Boot.php(417): CodeIgniter\CodeIgniter->run()
10 SYSTEMPATH\Boot.php(68): CodeIgniter\Boot::runCodeIgniter(Object(CodeIgniter\CodeIgniter))
11 FCPATH\index.php(59): CodeIgniter\Boot::bootWeb(Object(Config\Paths))
12 SYSTEMPATH\rewrite.php(44): require_once('C:\\Users\\ASUS\\Downloads\\Projectmagang_dr\\Projectmagang_dr\\public\\index.php')
DEBUG - 2026-08-04 15:23:46 --> Session: Class initialized using 'CodeIgniter\Session\Handlers\FileHandler' driver.
WARNING - 2026-08-04 15:26:48 --> [DEPRECATED] Passing lowercase HTTP method "get" is deprecated. Use uppercase HTTP method like "GET". in SYSTEMPATH\Router\RouteCollection.php on line 1026.
 1 SYSTEMPATH\Router\RouteCollection.php(1026): trigger_error('Passing lowercase HTTP method "get" is deprecated. Use uppercase HTTP method like "GET".', 16384)
 2 APPPATH\Config\Routes.php(77): CodeIgniter\Router\RouteCollection->match([...], 'logbook', 'C_Logbook::logbook')
 3 SYSTEMPATH\Router\RouteCollection.php(799): CodeIgniter\Router\RouteCollection::{closure:C:\Users\ASUS\Downloads\Projectmagang_dr\Projectmagang_dr\app\Config\Routes.php:59}(Object(CodeIgniter\Router\RouteCollection))
 4 APPPATH\Config\Routes.php(59): CodeIgniter\Router\RouteCollection->group('mahasiswa', [...], Object(Closure))
 5 SYSTEMPATH\Router\RouteCollection.php(339): require('C:\\Users\\ASUS\\Downloads\\Projectmagang_dr\\Projectmagang_dr\\app\\Config\\Routes.php')
 6 SYSTEMPATH\CodeIgniter.php(841): CodeIgniter\Router\RouteCollection->loadRoutes()
 7 SYSTEMPATH\CodeIgniter.php(464): CodeIgniter\CodeIgniter->tryToRouteIt(null)
 8 SYSTEMPATH\CodeIgniter.php(363): CodeIgniter\CodeIgniter->handleRequest(null, Object(Config\Cache), false)
 9 SYSTEMPATH\Boot.php(417): CodeIgniter\CodeIgniter->run()
10 SYSTEMPATH\Boot.php(68): CodeIgniter\Boot::runCodeIgniter(Object(CodeIgniter\CodeIgniter))
11 FCPATH\index.php(59): CodeIgniter\Boot::bootWeb(Object(Config\Paths))
12 SYSTEMPATH\rewrite.php(44): require_once('C:\\Users\\ASUS\\Downloads\\Projectmagang_dr\\Projectmagang_dr\\public\\index.php')
WARNING - 2026-08-04 15:26:48 --> [DEPRECATED] Passing lowercase HTTP method "post" is deprecated. Use uppercase HTTP method like "POST". in SYSTEMPATH\Router\RouteCollection.php on line 1026.
 1 SYSTEMPATH\Router\RouteCollection.php(1026): trigger_error('Passing lowercase HTTP method "post" is deprecated. Use uppercase HTTP method like "POST".', 16384)
 2 APPPATH\Config\Routes.php(77): CodeIgniter\Router\RouteCollection->match([...], 'logbook', 'C_Logbook::logbook')
 3 SYSTEMPATH\Router\RouteCollection.php(799): CodeIgniter\Router\RouteCollection::{closure:C:\Users\ASUS\Downloads\Projectmagang_dr\Projectmagang_dr\app\Config\Routes.php:59}(Object(CodeIgniter\Router\RouteCollection))
 4 APPPATH\Config\Routes.php(59): CodeIgniter\Router\RouteCollection->group('mahasiswa', [...], Object(Closure))
 5 SYSTEMPATH\Router\RouteCollection.php(339): require('C:\\Users\\ASUS\\Downloads\\Projectmagang_dr\\Projectmagang_dr\\app\\Config\\Routes.php')
 6 SYSTEMPATH\CodeIgniter.php(841): CodeIgniter\Router\RouteCollection->loadRoutes()
 7 SYSTEMPATH\CodeIgniter.php(464): CodeIgniter\CodeIgniter->tryToRouteIt(null)
 8 SYSTEMPATH\CodeIgniter.php(363): CodeIgniter\CodeIgniter->handleRequest(null, Object(Config\Cache), false)
 9 SYSTEMPATH\Boot.php(417): CodeIgniter\CodeIgniter->run()
10 SYSTEMPATH\Boot.php(68): CodeIgniter\Boot::runCodeIgniter(Object(CodeIgniter\CodeIgniter))
11 FCPATH\index.php(59): CodeIgniter\Boot::bootWeb(Object(Config\Paths))
12 SYSTEMPATH\rewrite.php(44): require_once('C:\\Users\\ASUS\\Downloads\\Projectmagang_dr\\Projectmagang_dr\\public\\index.php')
WARNING - 2026-08-04 15:26:48 --> [DEPRECATED] Passing lowercase HTTP method "get" is deprecated. Use uppercase HTTP method like "GET". in SYSTEMPATH\Router\RouteCollection.php on line 1026.
 1 SYSTEMPATH\Router\RouteCollection.php(1026): trigger_error('Passing lowercase HTTP method "get" is deprecated. Use uppercase HTTP method like "GET".', 16384)
 2 APPPATH\Config\Routes.php(95): CodeIgniter\Router\RouteCollection->match([...], 'verifikasi', '\\App\\Controllers\\Sekretariat\\C_Verifikasi::index')
 3 SYSTEMPATH\Router\RouteCollection.php(799): CodeIgniter\Router\RouteCollection::{closure:C:\Users\ASUS\Downloads\Projectmagang_dr\Projectmagang_dr\app\Config\Routes.php:89}(Object(CodeIgniter\Router\RouteCollection))
 4 APPPATH\Config\Routes.php(89): CodeIgniter\Router\RouteCollection->group('sekretariat', [...], Object(Closure))
 5 SYSTEMPATH\Router\RouteCollection.php(339): require('C:\\Users\\ASUS\\Downloads\\Projectmagang_dr\\Projectmagang_dr\\app\\Config\\Routes.php')
 6 SYSTEMPATH\CodeIgniter.php(841): CodeIgniter\Router\RouteCollection->loadRoutes()
 7 SYSTEMPATH\CodeIgniter.php(464): CodeIgniter\CodeIgniter->tryToRouteIt(null)
 8 SYSTEMPATH\CodeIgniter.php(363): CodeIgniter\CodeIgniter->handleRequest(null, Object(Config\Cache), false)
 9 SYSTEMPATH\Boot.php(417): CodeIgniter\CodeIgniter->run()
10 SYSTEMPATH\Boot.php(68): CodeIgniter\Boot::runCodeIgniter(Object(CodeIgniter\CodeIgniter))
11 FCPATH\index.php(59): CodeIgniter\Boot::bootWeb(Object(Config\Paths))
12 SYSTEMPATH\rewrite.php(44): require_once('C:\\Users\\ASUS\\Downloads\\Projectmagang_dr\\Projectmagang_dr\\public\\index.php')
WARNING - 2026-08-04 15:26:48 --> [DEPRECATED] Passing lowercase HTTP method "post" is deprecated. Use uppercase HTTP method like "POST". in SYSTEMPATH\Router\RouteCollection.php on line 1026.
 1 SYSTEMPATH\Router\RouteCollection.php(1026): trigger_error('Passing lowercase HTTP method "post" is deprecated. Use uppercase HTTP method like "POST".', 16384)
 2 APPPATH\Config\Routes.php(95): CodeIgniter\Router\RouteCollection->match([...], 'verifikasi', '\\App\\Controllers\\Sekretariat\\C_Verifikasi::index')
 3 SYSTEMPATH\Router\RouteCollection.php(799): CodeIgniter\Router\RouteCollection::{closure:C:\Users\ASUS\Downloads\Projectmagang_dr\Projectmagang_dr\app\Config\Routes.php:89}(Object(CodeIgniter\Router\RouteCollection))
 4 APPPATH\Config\Routes.php(89): CodeIgniter\Router\RouteCollection->group('sekretariat', [...], Object(Closure))
 5 SYSTEMPATH\Router\RouteCollection.php(339): require('C:\\Users\\ASUS\\Downloads\\Projectmagang_dr\\Projectmagang_dr\\app\\Config\\Routes.php')
 6 SYSTEMPATH\CodeIgniter.php(841): CodeIgniter\Router\RouteCollection->loadRoutes()
 7 SYSTEMPATH\CodeIgniter.php(464): CodeIgniter\CodeIgniter->tryToRouteIt(null)
 8 SYSTEMPATH\CodeIgniter.php(363): CodeIgniter\CodeIgniter->handleRequest(null, Object(Config\Cache), false)
 9 SYSTEMPATH\Boot.php(417): CodeIgniter\CodeIgniter->run()
10 SYSTEMPATH\Boot.php(68): CodeIgniter\Boot::runCodeIgniter(Object(CodeIgniter\CodeIgniter))
11 FCPATH\index.php(59): CodeIgniter\Boot::bootWeb(Object(Config\Paths))
12 SYSTEMPATH\rewrite.php(44): require_once('C:\\Users\\ASUS\\Downloads\\Projectmagang_dr\\Projectmagang_dr\\public\\index.php')
WARNING - 2026-08-04 15:26:48 --> [DEPRECATED] Passing lowercase HTTP method "get" is deprecated. Use uppercase HTTP method like "GET". in SYSTEMPATH\Router\RouteCollection.php on line 1026.
 1 SYSTEMPATH\Router\RouteCollection.php(1026): trigger_error('Passing lowercase HTTP method "get" is deprecated. Use uppercase HTTP method like "GET".', 16384)
 2 APPPATH\Config\Routes.php(144): CodeIgniter\Router\RouteCollection->match([...], 'upload-surat-penerimaan', '\\App\\Controllers\\Sekretariat\\C_UploadSuratPenerimaan::index')
 3 SYSTEMPATH\Router\RouteCollection.php(799): CodeIgniter\Router\RouteCollection::{closure:C:\Users\ASUS\Downloads\Projectmagang_dr\Projectmagang_dr\app\Config\Routes.php:89}(Object(CodeIgniter\Router\RouteCollection))
 4 APPPATH\Config\Routes.php(89): CodeIgniter\Router\RouteCollection->group('sekretariat', [...], Object(Closure))
 5 SYSTEMPATH\Router\RouteCollection.php(339): require('C:\\Users\\ASUS\\Downloads\\Projectmagang_dr\\Projectmagang_dr\\app\\Config\\Routes.php')
 6 SYSTEMPATH\CodeIgniter.php(841): CodeIgniter\Router\RouteCollection->loadRoutes()
 7 SYSTEMPATH\CodeIgniter.php(464): CodeIgniter\CodeIgniter->tryToRouteIt(null)
 8 SYSTEMPATH\CodeIgniter.php(363): CodeIgniter\CodeIgniter->handleRequest(null, Object(Config\Cache), false)
 9 SYSTEMPATH\Boot.php(417): CodeIgniter\CodeIgniter->run()
10 SYSTEMPATH\Boot.php(68): CodeIgniter\Boot::runCodeIgniter(Object(CodeIgniter\CodeIgniter))
11 FCPATH\index.php(59): CodeIgniter\Boot::bootWeb(Object(Config\Paths))
12 SYSTEMPATH\rewrite.php(44): require_once('C:\\Users\\ASUS\\Downloads\\Projectmagang_dr\\Projectmagang_dr\\public\\index.php')
WARNING - 2026-08-04 15:26:48 --> [DEPRECATED] Passing lowercase HTTP method "post" is deprecated. Use uppercase HTTP method like "POST". in SYSTEMPATH\Router\RouteCollection.php on line 1026.
 1 SYSTEMPATH\Router\RouteCollection.php(1026): trigger_error('Passing lowercase HTTP method "post" is deprecated. Use uppercase HTTP method like "POST".', 16384)
 2 APPPATH\Config\Routes.php(144): CodeIgniter\Router\RouteCollection->match([...], 'upload-surat-penerimaan', '\\App\\Controllers\\Sekretariat\\C_UploadSuratPenerimaan::index')
 3 SYSTEMPATH\Router\RouteCollection.php(799): CodeIgniter\Router\RouteCollection::{closure:C:\Users\ASUS\Downloads\Projectmagang_dr\Projectmagang_dr\app\Config\Routes.php:89}(Object(CodeIgniter\Router\RouteCollection))
 4 APPPATH\Config\Routes.php(89): CodeIgniter\Router\RouteCollection->group('sekretariat', [...], Object(Closure))
 5 SYSTEMPATH\Router\RouteCollection.php(339): require('C:\\Users\\ASUS\\Downloads\\Projectmagang_dr\\Projectmagang_dr\\app\\Config\\Routes.php')
 6 SYSTEMPATH\CodeIgniter.php(841): CodeIgniter\Router\RouteCollection->loadRoutes()
 7 SYSTEMPATH\CodeIgniter.php(464): CodeIgniter\CodeIgniter->tryToRouteIt(null)
 8 SYSTEMPATH\CodeIgniter.php(363): CodeIgniter\CodeIgniter->handleRequest(null, Object(Config\Cache), false)
 9 SYSTEMPATH\Boot.php(417): CodeIgniter\CodeIgniter->run()
10 SYSTEMPATH\Boot.php(68): CodeIgniter\Boot::runCodeIgniter(Object(CodeIgniter\CodeIgniter))
11 FCPATH\index.php(59): CodeIgniter\Boot::bootWeb(Object(Config\Paths))
12 SYSTEMPATH\rewrite.php(44): require_once('C:\\Users\\ASUS\\Downloads\\Projectmagang_dr\\Projectmagang_dr\\public\\index.php')
WARNING - 2026-08-04 15:26:48 --> [DEPRECATED] Passing lowercase HTTP method "get" is deprecated. Use uppercase HTTP method like "GET". in SYSTEMPATH\Router\RouteCollection.php on line 1026.
 1 SYSTEMPATH\Router\RouteCollection.php(1026): trigger_error('Passing lowercase HTTP method "get" is deprecated. Use uppercase HTTP method like "GET".', 16384)
 2 APPPATH\Config\Routes.php(165): CodeIgniter\Router\RouteCollection->match([...], 'logbook', '\\App\\Controllers\\Kabid\\C_LogbookKabid::index')
 3 SYSTEMPATH\Router\RouteCollection.php(799): CodeIgniter\Router\RouteCollection::{closure:C:\Users\ASUS\Downloads\Projectmagang_dr\Projectmagang_dr\app\Config\Routes.php:153}(Object(CodeIgniter\Router\RouteCollection))
 4 APPPATH\Config\Routes.php(153): CodeIgniter\Router\RouteCollection->group('kabid', [...], Object(Closure))
 5 SYSTEMPATH\Router\RouteCollection.php(339): require('C:\\Users\\ASUS\\Downloads\\Projectmagang_dr\\Projectmagang_dr\\app\\Config\\Routes.php')
 6 SYSTEMPATH\CodeIgniter.php(841): CodeIgniter\Router\RouteCollection->loadRoutes()
 7 SYSTEMPATH\CodeIgniter.php(464): CodeIgniter\CodeIgniter->tryToRouteIt(null)
 8 SYSTEMPATH\CodeIgniter.php(363): CodeIgniter\CodeIgniter->handleRequest(null, Object(Config\Cache), false)
 9 SYSTEMPATH\Boot.php(417): CodeIgniter\CodeIgniter->run()
10 SYSTEMPATH\Boot.php(68): CodeIgniter\Boot::runCodeIgniter(Object(CodeIgniter\CodeIgniter))
11 FCPATH\index.php(59): CodeIgniter\Boot::bootWeb(Object(Config\Paths))
12 SYSTEMPATH\rewrite.php(44): require_once('C:\\Users\\ASUS\\Downloads\\Projectmagang_dr\\Projectmagang_dr\\public\\index.php')
WARNING - 2026-08-04 15:26:48 --> [DEPRECATED] Passing lowercase HTTP method "post" is deprecated. Use uppercase HTTP method like "POST". in SYSTEMPATH\Router\RouteCollection.php on line 1026.
 1 SYSTEMPATH\Router\RouteCollection.php(1026): trigger_error('Passing lowercase HTTP method "post" is deprecated. Use uppercase HTTP method like "POST".', 16384)
 2 APPPATH\Config\Routes.php(165): CodeIgniter\Router\RouteCollection->match([...], 'logbook', '\\App\\Controllers\\Kabid\\C_LogbookKabid::index')
 3 SYSTEMPATH\Router\RouteCollection.php(799): CodeIgniter\Router\RouteCollection::{closure:C:\Users\ASUS\Downloads\Projectmagang_dr\Projectmagang_dr\app\Config\Routes.php:153}(Object(CodeIgniter\Router\RouteCollection))
 4 APPPATH\Config\Routes.php(153): CodeIgniter\Router\RouteCollection->group('kabid', [...], Object(Closure))
 5 SYSTEMPATH\Router\RouteCollection.php(339): require('C:\\Users\\ASUS\\Downloads\\Projectmagang_dr\\Projectmagang_dr\\app\\Config\\Routes.php')
 6 SYSTEMPATH\CodeIgniter.php(841): CodeIgniter\Router\RouteCollection->loadRoutes()
 7 SYSTEMPATH\CodeIgniter.php(464): CodeIgniter\CodeIgniter->tryToRouteIt(null)
 8 SYSTEMPATH\CodeIgniter.php(363): CodeIgniter\CodeIgniter->handleRequest(null, Object(Config\Cache), false)
 9 SYSTEMPATH\Boot.php(417): CodeIgniter\CodeIgniter->run()
10 SYSTEMPATH\Boot.php(68): CodeIgniter\Boot::runCodeIgniter(Object(CodeIgniter\CodeIgniter))
11 FCPATH\index.php(59): CodeIgniter\Boot::bootWeb(Object(Config\Paths))
12 SYSTEMPATH\rewrite.php(44): require_once('C:\\Users\\ASUS\\Downloads\\Projectmagang_dr\\Projectmagang_dr\\public\\index.php')
WARNING - 2026-08-04 15:26:48 --> [DEPRECATED] Passing lowercase HTTP method "get" is deprecated. Use uppercase HTTP method like "GET". in SYSTEMPATH\Router\RouteCollection.php on line 1026.
 1 SYSTEMPATH\Router\RouteCollection.php(1026): trigger_error('Passing lowercase HTTP method "get" is deprecated. Use uppercase HTTP method like "GET".', 16384)
 2 APPPATH\Config\Routes.php(177): CodeIgniter\Router\RouteCollection->match([...], 'upload-dokumen', '\\App\\Controllers\\Kabid\\C_UploadDokumen::index')
 3 SYSTEMPATH\Router\RouteCollection.php(799): CodeIgniter\Router\RouteCollection::{closure:C:\Users\ASUS\Downloads\Projectmagang_dr\Projectmagang_dr\app\Config\Routes.php:153}(Object(CodeIgniter\Router\RouteCollection))
 4 APPPATH\Config\Routes.php(153): CodeIgniter\Router\RouteCollection->group('kabid', [...], Object(Closure))
 5 SYSTEMPATH\Router\RouteCollection.php(339): require('C:\\Users\\ASUS\\Downloads\\Projectmagang_dr\\Projectmagang_dr\\app\\Config\\Routes.php')
 6 SYSTEMPATH\CodeIgniter.php(841): CodeIgniter\Router\RouteCollection->loadRoutes()
 7 SYSTEMPATH\CodeIgniter.php(464): CodeIgniter\CodeIgniter->tryToRouteIt(null)
 8 SYSTEMPATH\CodeIgniter.php(363): CodeIgniter\CodeIgniter->handleRequest(null, Object(Config\Cache), false)
 9 SYSTEMPATH\Boot.php(417): CodeIgniter\CodeIgniter->run()
10 SYSTEMPATH\Boot.php(68): CodeIgniter\Boot::runCodeIgniter(Object(CodeIgniter\CodeIgniter))
11 FCPATH\index.php(59): CodeIgniter\Boot::bootWeb(Object(Config\Paths))
12 SYSTEMPATH\rewrite.php(44): require_once('C:\\Users\\ASUS\\Downloads\\Projectmagang_dr\\Projectmagang_dr\\public\\index.php')
WARNING - 2026-08-04 15:26:48 --> [DEPRECATED] Passing lowercase HTTP method "post" is deprecated. Use uppercase HTTP method like "POST". in SYSTEMPATH\Router\RouteCollection.php on line 1026.
 1 SYSTEMPATH\Router\RouteCollection.php(1026): trigger_error('Passing lowercase HTTP method "post" is deprecated. Use uppercase HTTP method like "POST".', 16384)
 2 APPPATH\Config\Routes.php(177): CodeIgniter\Router\RouteCollection->match([...], 'upload-dokumen', '\\App\\Controllers\\Kabid\\C_UploadDokumen::index')
 3 SYSTEMPATH\Router\RouteCollection.php(799): CodeIgniter\Router\RouteCollection::{closure:C:\Users\ASUS\Downloads\Projectmagang_dr\Projectmagang_dr\app\Config\Routes.php:153}(Object(CodeIgniter\Router\RouteCollection))
 4 APPPATH\Config\Routes.php(153): CodeIgniter\Router\RouteCollection->group('kabid', [...], Object(Closure))
 5 SYSTEMPATH\Router\RouteCollection.php(339): require('C:\\Users\\ASUS\\Downloads\\Projectmagang_dr\\Projectmagang_dr\\app\\Config\\Routes.php')
 6 SYSTEMPATH\CodeIgniter.php(841): CodeIgniter\Router\RouteCollection->loadRoutes()
 7 SYSTEMPATH\CodeIgniter.php(464): CodeIgniter\CodeIgniter->tryToRouteIt(null)
 8 SYSTEMPATH\CodeIgniter.php(363): CodeIgniter\CodeIgniter->handleRequest(null, Object(Config\Cache), false)
 9 SYSTEMPATH\Boot.php(417): CodeIgniter\CodeIgniter->run()
10 SYSTEMPATH\Boot.php(68): CodeIgniter\Boot::runCodeIgniter(Object(CodeIgniter\CodeIgniter))
11 FCPATH\index.php(59): CodeIgniter\Boot::bootWeb(Object(Config\Paths))
12 SYSTEMPATH\rewrite.php(44): require_once('C:\\Users\\ASUS\\Downloads\\Projectmagang_dr\\Projectmagang_dr\\public\\index.php')
DEBUG - 2026-08-04 15:26:48 --> Session: Class initialized using 'CodeIgniter\Session\Handlers\FileHandler' driver.
WARNING - 2026-08-04 15:26:49 --> [DEPRECATED] Passing lowercase HTTP method "get" is deprecated. Use uppercase HTTP method like "GET". in SYSTEMPATH\Router\RouteCollection.php on line 1026.
 1 SYSTEMPATH\Router\RouteCollection.php(1026): trigger_error('Passing lowercase HTTP method "get" is deprecated. Use uppercase HTTP method like "GET".', 16384)
 2 APPPATH\Config\Routes.php(77): CodeIgniter\Router\RouteCollection->match([...], 'logbook', 'C_Logbook::logbook')
 3 SYSTEMPATH\Router\RouteCollection.php(799): CodeIgniter\Router\RouteCollection::{closure:C:\Users\ASUS\Downloads\Projectmagang_dr\Projectmagang_dr\app\Config\Routes.php:59}(Object(CodeIgniter\Router\RouteCollection))
 4 APPPATH\Config\Routes.php(59): CodeIgniter\Router\RouteCollection->group('mahasiswa', [...], Object(Closure))
 5 SYSTEMPATH\Router\RouteCollection.php(339): require('C:\\Users\\ASUS\\Downloads\\Projectmagang_dr\\Projectmagang_dr\\app\\Config\\Routes.php')
 6 SYSTEMPATH\CodeIgniter.php(841): CodeIgniter\Router\RouteCollection->loadRoutes()
 7 SYSTEMPATH\CodeIgniter.php(464): CodeIgniter\CodeIgniter->tryToRouteIt(null)
 8 SYSTEMPATH\CodeIgniter.php(363): CodeIgniter\CodeIgniter->handleRequest(null, Object(Config\Cache), false)
 9 SYSTEMPATH\Boot.php(417): CodeIgniter\CodeIgniter->run()
10 SYSTEMPATH\Boot.php(68): CodeIgniter\Boot::runCodeIgniter(Object(CodeIgniter\CodeIgniter))
11 FCPATH\index.php(59): CodeIgniter\Boot::bootWeb(Object(Config\Paths))
12 SYSTEMPATH\rewrite.php(44): require_once('C:\\Users\\ASUS\\Downloads\\Projectmagang_dr\\Projectmagang_dr\\public\\index.php')
WARNING - 2026-08-04 15:26:49 --> [DEPRECATED] Passing lowercase HTTP method "post" is deprecated. Use uppercase HTTP method like "POST". in SYSTEMPATH\Router\RouteCollection.php on line 1026.
 1 SYSTEMPATH\Router\RouteCollection.php(1026): trigger_error('Passing lowercase HTTP method "post" is deprecated. Use uppercase HTTP method like "POST".', 16384)
 2 APPPATH\Config\Routes.php(77): CodeIgniter\Router\RouteCollection->match([...], 'logbook', 'C_Logbook::logbook')
 3 SYSTEMPATH\Router\RouteCollection.php(799): CodeIgniter\Router\RouteCollection::{closure:C:\Users\ASUS\Downloads\Projectmagang_dr\Projectmagang_dr\app\Config\Routes.php:59}(Object(CodeIgniter\Router\RouteCollection))
 4 APPPATH\Config\Routes.php(59): CodeIgniter\Router\RouteCollection->group('mahasiswa', [...], Object(Closure))
 5 SYSTEMPATH\Router\RouteCollection.php(339): require('C:\\Users\\ASUS\\Downloads\\Projectmagang_dr\\Projectmagang_dr\\app\\Config\\Routes.php')
 6 SYSTEMPATH\CodeIgniter.php(841): CodeIgniter\Router\RouteCollection->loadRoutes()
 7 SYSTEMPATH\CodeIgniter.php(464): CodeIgniter\CodeIgniter->tryToRouteIt(null)
 8 SYSTEMPATH\CodeIgniter.php(363): CodeIgniter\CodeIgniter->handleRequest(null, Object(Config\Cache), false)
 9 SYSTEMPATH\Boot.php(417): CodeIgniter\CodeIgniter->run()
10 SYSTEMPATH\Boot.php(68): CodeIgniter\Boot::runCodeIgniter(Object(CodeIgniter\CodeIgniter))
11 FCPATH\index.php(59): CodeIgniter\Boot::bootWeb(Object(Config\Paths))
12 SYSTEMPATH\rewrite.php(44): require_once('C:\\Users\\ASUS\\Downloads\\Projectmagang_dr\\Projectmagang_dr\\public\\index.php')
WARNING - 2026-08-04 15:26:49 --> [DEPRECATED] Passing lowercase HTTP method "get" is deprecated. Use uppercase HTTP method like "GET". in SYSTEMPATH\Router\RouteCollection.php on line 1026.
 1 SYSTEMPATH\Router\RouteCollection.php(1026): trigger_error('Passing lowercase HTTP method "get" is deprecated. Use uppercase HTTP method like "GET".', 16384)
 2 APPPATH\Config\Routes.php(95): CodeIgniter\Router\RouteCollection->match([...], 'verifikasi', '\\App\\Controllers\\Sekretariat\\C_Verifikasi::index')
 3 SYSTEMPATH\Router\RouteCollection.php(799): CodeIgniter\Router\RouteCollection::{closure:C:\Users\ASUS\Downloads\Projectmagang_dr\Projectmagang_dr\app\Config\Routes.php:89}(Object(CodeIgniter\Router\RouteCollection))
 4 APPPATH\Config\Routes.php(89): CodeIgniter\Router\RouteCollection->group('sekretariat', [...], Object(Closure))
 5 SYSTEMPATH\Router\RouteCollection.php(339): require('C:\\Users\\ASUS\\Downloads\\Projectmagang_dr\\Projectmagang_dr\\app\\Config\\Routes.php')
 6 SYSTEMPATH\CodeIgniter.php(841): CodeIgniter\Router\RouteCollection->loadRoutes()
 7 SYSTEMPATH\CodeIgniter.php(464): CodeIgniter\CodeIgniter->tryToRouteIt(null)
 8 SYSTEMPATH\CodeIgniter.php(363): CodeIgniter\CodeIgniter->handleRequest(null, Object(Config\Cache), false)
 9 SYSTEMPATH\Boot.php(417): CodeIgniter\CodeIgniter->run()
10 SYSTEMPATH\Boot.php(68): CodeIgniter\Boot::runCodeIgniter(Object(CodeIgniter\CodeIgniter))
11 FCPATH\index.php(59): CodeIgniter\Boot::bootWeb(Object(Config\Paths))
12 SYSTEMPATH\rewrite.php(44): require_once('C:\\Users\\ASUS\\Downloads\\Projectmagang_dr\\Projectmagang_dr\\public\\index.php')
WARNING - 2026-08-04 15:26:49 --> [DEPRECATED] Passing lowercase HTTP method "post" is deprecated. Use uppercase HTTP method like "POST". in SYSTEMPATH\Router\RouteCollection.php on line 1026.
 1 SYSTEMPATH\Router\RouteCollection.php(1026): trigger_error('Passing lowercase HTTP method "post" is deprecated. Use uppercase HTTP method like "POST".', 16384)
 2 APPPATH\Config\Routes.php(95): CodeIgniter\Router\RouteCollection->match([...], 'verifikasi', '\\App\\Controllers\\Sekretariat\\C_Verifikasi::index')
 3 SYSTEMPATH\Router\RouteCollection.php(799): CodeIgniter\Router\RouteCollection::{closure:C:\Users\ASUS\Downloads\Projectmagang_dr\Projectmagang_dr\app\Config\Routes.php:89}(Object(CodeIgniter\Router\RouteCollection))
 4 APPPATH\Config\Routes.php(89): CodeIgniter\Router\RouteCollection->group('sekretariat', [...], Object(Closure))
 5 SYSTEMPATH\Router\RouteCollection.php(339): require('C:\\Users\\ASUS\\Downloads\\Projectmagang_dr\\Projectmagang_dr\\app\\Config\\Routes.php')
 6 SYSTEMPATH\CodeIgniter.php(841): CodeIgniter\Router\RouteCollection->loadRoutes()
 7 SYSTEMPATH\CodeIgniter.php(464): CodeIgniter\CodeIgniter->tryToRouteIt(null)
 8 SYSTEMPATH\CodeIgniter.php(363): CodeIgniter\CodeIgniter->handleRequest(null, Object(Config\Cache), false)
 9 SYSTEMPATH\Boot.php(417): CodeIgniter\CodeIgniter->run()
10 SYSTEMPATH\Boot.php(68): CodeIgniter\Boot::runCodeIgniter(Object(CodeIgniter\CodeIgniter))
11 FCPATH\index.php(59): CodeIgniter\Boot::bootWeb(Object(Config\Paths))
12 SYSTEMPATH\rewrite.php(44): require_once('C:\\Users\\ASUS\\Downloads\\Projectmagang_dr\\Projectmagang_dr\\public\\index.php')
WARNING - 2026-08-04 15:26:49 --> [DEPRECATED] Passing lowercase HTTP method "get" is deprecated. Use uppercase HTTP method like "GET". in SYSTEMPATH\Router\RouteCollection.php on line 1026.
 1 SYSTEMPATH\Router\RouteCollection.php(1026): trigger_error('Passing lowercase HTTP method "get" is deprecated. Use uppercase HTTP method like "GET".', 16384)
 2 APPPATH\Config\Routes.php(144): CodeIgniter\Router\RouteCollection->match([...], 'upload-surat-penerimaan', '\\App\\Controllers\\Sekretariat\\C_UploadSuratPenerimaan::index')
 3 SYSTEMPATH\Router\RouteCollection.php(799): CodeIgniter\Router\RouteCollection::{closure:C:\Users\ASUS\Downloads\Projectmagang_dr\Projectmagang_dr\app\Config\Routes.php:89}(Object(CodeIgniter\Router\RouteCollection))
 4 APPPATH\Config\Routes.php(89): CodeIgniter\Router\RouteCollection->group('sekretariat', [...], Object(Closure))
 5 SYSTEMPATH\Router\RouteCollection.php(339): require('C:\\Users\\ASUS\\Downloads\\Projectmagang_dr\\Projectmagang_dr\\app\\Config\\Routes.php')
 6 SYSTEMPATH\CodeIgniter.php(841): CodeIgniter\Router\RouteCollection->loadRoutes()
 7 SYSTEMPATH\CodeIgniter.php(464): CodeIgniter\CodeIgniter->tryToRouteIt(null)
 8 SYSTEMPATH\CodeIgniter.php(363): CodeIgniter\CodeIgniter->handleRequest(null, Object(Config\Cache), false)
 9 SYSTEMPATH\Boot.php(417): CodeIgniter\CodeIgniter->run()
10 SYSTEMPATH\Boot.php(68): CodeIgniter\Boot::runCodeIgniter(Object(CodeIgniter\CodeIgniter))
11 FCPATH\index.php(59): CodeIgniter\Boot::bootWeb(Object(Config\Paths))
12 SYSTEMPATH\rewrite.php(44): require_once('C:\\Users\\ASUS\\Downloads\\Projectmagang_dr\\Projectmagang_dr\\public\\index.php')
WARNING - 2026-08-04 15:26:49 --> [DEPRECATED] Passing lowercase HTTP method "post" is deprecated. Use uppercase HTTP method like "POST". in SYSTEMPATH\Router\RouteCollection.php on line 1026.
 1 SYSTEMPATH\Router\RouteCollection.php(1026): trigger_error('Passing lowercase HTTP method "post" is deprecated. Use uppercase HTTP method like "POST".', 16384)
 2 APPPATH\Config\Routes.php(144): CodeIgniter\Router\RouteCollection->match([...], 'upload-surat-penerimaan', '\\App\\Controllers\\Sekretariat\\C_UploadSuratPenerimaan::index')
 3 SYSTEMPATH\Router\RouteCollection.php(799): CodeIgniter\Router\RouteCollection::{closure:C:\Users\ASUS\Downloads\Projectmagang_dr\Projectmagang_dr\app\Config\Routes.php:89}(Object(CodeIgniter\Router\RouteCollection))
 4 APPPATH\Config\Routes.php(89): CodeIgniter\Router\RouteCollection->group('sekretariat', [...], Object(Closure))
 5 SYSTEMPATH\Router\RouteCollection.php(339): require('C:\\Users\\ASUS\\Downloads\\Projectmagang_dr\\Projectmagang_dr\\app\\Config\\Routes.php')
 6 SYSTEMPATH\CodeIgniter.php(841): CodeIgniter\Router\RouteCollection->loadRoutes()
 7 SYSTEMPATH\CodeIgniter.php(464): CodeIgniter\CodeIgniter->tryToRouteIt(null)
 8 SYSTEMPATH\CodeIgniter.php(363): CodeIgniter\CodeIgniter->handleRequest(null, Object(Config\Cache), false)
 9 SYSTEMPATH\Boot.php(417): CodeIgniter\CodeIgniter->run()
10 SYSTEMPATH\Boot.php(68): CodeIgniter\Boot::runCodeIgniter(Object(CodeIgniter\CodeIgniter))
11 FCPATH\index.php(59): CodeIgniter\Boot::bootWeb(Object(Config\Paths))
12 SYSTEMPATH\rewrite.php(44): require_once('C:\\Users\\ASUS\\Downloads\\Projectmagang_dr\\Projectmagang_dr\\public\\index.php')
WARNING - 2026-08-04 15:26:49 --> [DEPRECATED] Passing lowercase HTTP method "get" is deprecated. Use uppercase HTTP method like "GET". in SYSTEMPATH\Router\RouteCollection.php on line 1026.
 1 SYSTEMPATH\Router\RouteCollection.php(1026): trigger_error('Passing lowercase HTTP method "get" is deprecated. Use uppercase HTTP method like "GET".', 16384)
 2 APPPATH\Config\Routes.php(165): CodeIgniter\Router\RouteCollection->match([...], 'logbook', '\\App\\Controllers\\Kabid\\C_LogbookKabid::index')
 3 SYSTEMPATH\Router\RouteCollection.php(799): CodeIgniter\Router\RouteCollection::{closure:C:\Users\ASUS\Downloads\Projectmagang_dr\Projectmagang_dr\app\Config\Routes.php:153}(Object(CodeIgniter\Router\RouteCollection))
 4 APPPATH\Config\Routes.php(153): CodeIgniter\Router\RouteCollection->group('kabid', [...], Object(Closure))
 5 SYSTEMPATH\Router\RouteCollection.php(339): require('C:\\Users\\ASUS\\Downloads\\Projectmagang_dr\\Projectmagang_dr\\app\\Config\\Routes.php')
 6 SYSTEMPATH\CodeIgniter.php(841): CodeIgniter\Router\RouteCollection->loadRoutes()
 7 SYSTEMPATH\CodeIgniter.php(464): CodeIgniter\CodeIgniter->tryToRouteIt(null)
 8 SYSTEMPATH\CodeIgniter.php(363): CodeIgniter\CodeIgniter->handleRequest(null, Object(Config\Cache), false)
 9 SYSTEMPATH\Boot.php(417): CodeIgniter\CodeIgniter->run()
10 SYSTEMPATH\Boot.php(68): CodeIgniter\Boot::runCodeIgniter(Object(CodeIgniter\CodeIgniter))
11 FCPATH\index.php(59): CodeIgniter\Boot::bootWeb(Object(Config\Paths))
12 SYSTEMPATH\rewrite.php(44): require_once('C:\\Users\\ASUS\\Downloads\\Projectmagang_dr\\Projectmagang_dr\\public\\index.php')
WARNING - 2026-08-04 15:26:49 --> [DEPRECATED] Passing lowercase HTTP method "post" is deprecated. Use uppercase HTTP method like "POST". in SYSTEMPATH\Router\RouteCollection.php on line 1026.
 1 SYSTEMPATH\Router\RouteCollection.php(1026): trigger_error('Passing lowercase HTTP method "post" is deprecated. Use uppercase HTTP method like "POST".', 16384)
 2 APPPATH\Config\Routes.php(165): CodeIgniter\Router\RouteCollection->match([...], 'logbook', '\\App\\Controllers\\Kabid\\C_LogbookKabid::index')
 3 SYSTEMPATH\Router\RouteCollection.php(799): CodeIgniter\Router\RouteCollection::{closure:C:\Users\ASUS\Downloads\Projectmagang_dr\Projectmagang_dr\app\Config\Routes.php:153}(Object(CodeIgniter\Router\RouteCollection))
 4 APPPATH\Config\Routes.php(153): CodeIgniter\Router\RouteCollection->group('kabid', [...], Object(Closure))
 5 SYSTEMPATH\Router\RouteCollection.php(339): require('C:\\Users\\ASUS\\Downloads\\Projectmagang_dr\\Projectmagang_dr\\app\\Config\\Routes.php')
 6 SYSTEMPATH\CodeIgniter.php(841): CodeIgniter\Router\RouteCollection->loadRoutes()
 7 SYSTEMPATH\CodeIgniter.php(464): CodeIgniter\CodeIgniter->tryToRouteIt(null)
 8 SYSTEMPATH\CodeIgniter.php(363): CodeIgniter\CodeIgniter->handleRequest(null, Object(Config\Cache), false)
 9 SYSTEMPATH\Boot.php(417): CodeIgniter\CodeIgniter->run()
10 SYSTEMPATH\Boot.php(68): CodeIgniter\Boot::runCodeIgniter(Object(CodeIgniter\CodeIgniter))
11 FCPATH\index.php(59): CodeIgniter\Boot::bootWeb(Object(Config\Paths))
12 SYSTEMPATH\rewrite.php(44): require_once('C:\\Users\\ASUS\\Downloads\\Projectmagang_dr\\Projectmagang_dr\\public\\index.php')
WARNING - 2026-08-04 15:26:49 --> [DEPRECATED] Passing lowercase HTTP method "get" is deprecated. Use uppercase HTTP method like "GET". in SYSTEMPATH\Router\RouteCollection.php on line 1026.
 1 SYSTEMPATH\Router\RouteCollection.php(1026): trigger_error('Passing lowercase HTTP method "get" is deprecated. Use uppercase HTTP method like "GET".', 16384)
 2 APPPATH\Config\Routes.php(177): CodeIgniter\Router\RouteCollection->match([...], 'upload-dokumen', '\\App\\Controllers\\Kabid\\C_UploadDokumen::index')
 3 SYSTEMPATH\Router\RouteCollection.php(799): CodeIgniter\Router\RouteCollection::{closure:C:\Users\ASUS\Downloads\Projectmagang_dr\Projectmagang_dr\app\Config\Routes.php:153}(Object(CodeIgniter\Router\RouteCollection))
 4 APPPATH\Config\Routes.php(153): CodeIgniter\Router\RouteCollection->group('kabid', [...], Object(Closure))
 5 SYSTEMPATH\Router\RouteCollection.php(339): require('C:\\Users\\ASUS\\Downloads\\Projectmagang_dr\\Projectmagang_dr\\app\\Config\\Routes.php')
 6 SYSTEMPATH\CodeIgniter.php(841): CodeIgniter\Router\RouteCollection->loadRoutes()
 7 SYSTEMPATH\CodeIgniter.php(464): CodeIgniter\CodeIgniter->tryToRouteIt(null)
 8 SYSTEMPATH\CodeIgniter.php(363): CodeIgniter\CodeIgniter->handleRequest(null, Object(Config\Cache), false)
 9 SYSTEMPATH\Boot.php(417): CodeIgniter\CodeIgniter->run()
10 SYSTEMPATH\Boot.php(68): CodeIgniter\Boot::runCodeIgniter(Object(CodeIgniter\CodeIgniter))
11 FCPATH\index.php(59): CodeIgniter\Boot::bootWeb(Object(Config\Paths))
12 SYSTEMPATH\rewrite.php(44): require_once('C:\\Users\\ASUS\\Downloads\\Projectmagang_dr\\Projectmagang_dr\\public\\index.php')
WARNING - 2026-08-04 15:26:49 --> [DEPRECATED] Passing lowercase HTTP method "post" is deprecated. Use uppercase HTTP method like "POST". in SYSTEMPATH\Router\RouteCollection.php on line 1026.
 1 SYSTEMPATH\Router\RouteCollection.php(1026): trigger_error('Passing lowercase HTTP method "post" is deprecated. Use uppercase HTTP method like "POST".', 16384)
 2 APPPATH\Config\Routes.php(177): CodeIgniter\Router\RouteCollection->match([...], 'upload-dokumen', '\\App\\Controllers\\Kabid\\C_UploadDokumen::index')
 3 SYSTEMPATH\Router\RouteCollection.php(799): CodeIgniter\Router\RouteCollection::{closure:C:\Users\ASUS\Downloads\Projectmagang_dr\Projectmagang_dr\app\Config\Routes.php:153}(Object(CodeIgniter\Router\RouteCollection))
 4 APPPATH\Config\Routes.php(153): CodeIgniter\Router\RouteCollection->group('kabid', [...], Object(Closure))
 5 SYSTEMPATH\Router\RouteCollection.php(339): require('C:\\Users\\ASUS\\Downloads\\Projectmagang_dr\\Projectmagang_dr\\app\\Config\\Routes.php')
 6 SYSTEMPATH\CodeIgniter.php(841): CodeIgniter\Router\RouteCollection->loadRoutes()
 7 SYSTEMPATH\CodeIgniter.php(464): CodeIgniter\CodeIgniter->tryToRouteIt(null)
 8 SYSTEMPATH\CodeIgniter.php(363): CodeIgniter\CodeIgniter->handleRequest(null, Object(Config\Cache), false)
 9 SYSTEMPATH\Boot.php(417): CodeIgniter\CodeIgniter->run()
10 SYSTEMPATH\Boot.php(68): CodeIgniter\Boot::runCodeIgniter(Object(CodeIgniter\CodeIgniter))
11 FCPATH\index.php(59): CodeIgniter\Boot::bootWeb(Object(Config\Paths))
12 SYSTEMPATH\rewrite.php(44): require_once('C:\\Users\\ASUS\\Downloads\\Projectmagang_dr\\Projectmagang_dr\\public\\index.php')
DEBUG - 2026-08-04 15:26:49 --> Session: Class initialized using 'CodeIgniter\Session\Handlers\FileHandler' driver.
WARNING - 2026-08-04 15:27:17 --> [DEPRECATED] Passing lowercase HTTP method "get" is deprecated. Use uppercase HTTP method like "GET". in SYSTEMPATH\Router\RouteCollection.php on line 1026.
 1 SYSTEMPATH\Router\RouteCollection.php(1026): trigger_error('Passing lowercase HTTP method "get" is deprecated. Use uppercase HTTP method like "GET".', 16384)
 2 APPPATH\Config\Routes.php(77): CodeIgniter\Router\RouteCollection->match([...], 'logbook', 'C_Logbook::logbook')
 3 SYSTEMPATH\Router\RouteCollection.php(799): CodeIgniter\Router\RouteCollection::{closure:C:\Users\ASUS\Downloads\Projectmagang_dr\Projectmagang_dr\app\Config\Routes.php:59}(Object(CodeIgniter\Router\RouteCollection))
 4 APPPATH\Config\Routes.php(59): CodeIgniter\Router\RouteCollection->group('mahasiswa', [...], Object(Closure))
 5 SYSTEMPATH\Router\RouteCollection.php(339): require('C:\\Users\\ASUS\\Downloads\\Projectmagang_dr\\Projectmagang_dr\\app\\Config\\Routes.php')
 6 SYSTEMPATH\CodeIgniter.php(841): CodeIgniter\Router\RouteCollection->loadRoutes()
 7 SYSTEMPATH\CodeIgniter.php(464): CodeIgniter\CodeIgniter->tryToRouteIt(null)
 8 SYSTEMPATH\CodeIgniter.php(363): CodeIgniter\CodeIgniter->handleRequest(null, Object(Config\Cache), false)
 9 SYSTEMPATH\Boot.php(417): CodeIgniter\CodeIgniter->run()
10 SYSTEMPATH\Boot.php(68): CodeIgniter\Boot::runCodeIgniter(Object(CodeIgniter\CodeIgniter))
11 FCPATH\index.php(59): CodeIgniter\Boot::bootWeb(Object(Config\Paths))
12 SYSTEMPATH\rewrite.php(44): require_once('C:\\Users\\ASUS\\Downloads\\Projectmagang_dr\\Projectmagang_dr\\public\\index.php')
WARNING - 2026-08-04 15:27:17 --> [DEPRECATED] Passing lowercase HTTP method "post" is deprecated. Use uppercase HTTP method like "POST". in SYSTEMPATH\Router\RouteCollection.php on line 1026.
 1 SYSTEMPATH\Router\RouteCollection.php(1026): trigger_error('Passing lowercase HTTP method "post" is deprecated. Use uppercase HTTP method like "POST".', 16384)
 2 APPPATH\Config\Routes.php(77): CodeIgniter\Router\RouteCollection->match([...], 'logbook', 'C_Logbook::logbook')
 3 SYSTEMPATH\Router\RouteCollection.php(799): CodeIgniter\Router\RouteCollection::{closure:C:\Users\ASUS\Downloads\Projectmagang_dr\Projectmagang_dr\app\Config\Routes.php:59}(Object(CodeIgniter\Router\RouteCollection))
 4 APPPATH\Config\Routes.php(59): CodeIgniter\Router\RouteCollection->group('mahasiswa', [...], Object(Closure))
 5 SYSTEMPATH\Router\RouteCollection.php(339): require('C:\\Users\\ASUS\\Downloads\\Projectmagang_dr\\Projectmagang_dr\\app\\Config\\Routes.php')
 6 SYSTEMPATH\CodeIgniter.php(841): CodeIgniter\Router\RouteCollection->loadRoutes()
 7 SYSTEMPATH\CodeIgniter.php(464): CodeIgniter\CodeIgniter->tryToRouteIt(null)
 8 SYSTEMPATH\CodeIgniter.php(363): CodeIgniter\CodeIgniter->handleRequest(null, Object(Config\Cache), false)
 9 SYSTEMPATH\Boot.php(417): CodeIgniter\CodeIgniter->run()
10 SYSTEMPATH\Boot.php(68): CodeIgniter\Boot::runCodeIgniter(Object(CodeIgniter\CodeIgniter))
11 FCPATH\index.php(59): CodeIgniter\Boot::bootWeb(Object(Config\Paths))
12 SYSTEMPATH\rewrite.php(44): require_once('C:\\Users\\ASUS\\Downloads\\Projectmagang_dr\\Projectmagang_dr\\public\\index.php')
WARNING - 2026-08-04 15:27:17 --> [DEPRECATED] Passing lowercase HTTP method "get" is deprecated. Use uppercase HTTP method like "GET". in SYSTEMPATH\Router\RouteCollection.php on line 1026.
 1 SYSTEMPATH\Router\RouteCollection.php(1026): trigger_error('Passing lowercase HTTP method "get" is deprecated. Use uppercase HTTP method like "GET".', 16384)
 2 APPPATH\Config\Routes.php(95): CodeIgniter\Router\RouteCollection->match([...], 'verifikasi', '\\App\\Controllers\\Sekretariat\\C_Verifikasi::index')
 3 SYSTEMPATH\Router\RouteCollection.php(799): CodeIgniter\Router\RouteCollection::{closure:C:\Users\ASUS\Downloads\Projectmagang_dr\Projectmagang_dr\app\Config\Routes.php:89}(Object(CodeIgniter\Router\RouteCollection))
 4 APPPATH\Config\Routes.php(89): CodeIgniter\Router\RouteCollection->group('sekretariat', [...], Object(Closure))
 5 SYSTEMPATH\Router\RouteCollection.php(339): require('C:\\Users\\ASUS\\Downloads\\Projectmagang_dr\\Projectmagang_dr\\app\\Config\\Routes.php')
 6 SYSTEMPATH\CodeIgniter.php(841): CodeIgniter\Router\RouteCollection->loadRoutes()
 7 SYSTEMPATH\CodeIgniter.php(464): CodeIgniter\CodeIgniter->tryToRouteIt(null)
 8 SYSTEMPATH\CodeIgniter.php(363): CodeIgniter\CodeIgniter->handleRequest(null, Object(Config\Cache), false)
 9 SYSTEMPATH\Boot.php(417): CodeIgniter\CodeIgniter->run()
10 SYSTEMPATH\Boot.php(68): CodeIgniter\Boot::runCodeIgniter(Object(CodeIgniter\CodeIgniter))
11 FCPATH\index.php(59): CodeIgniter\Boot::bootWeb(Object(Config\Paths))
12 SYSTEMPATH\rewrite.php(44): require_once('C:\\Users\\ASUS\\Downloads\\Projectmagang_dr\\Projectmagang_dr\\public\\index.php')
WARNING - 2026-08-04 15:27:17 --> [DEPRECATED] Passing lowercase HTTP method "post" is deprecated. Use uppercase HTTP method like "POST". in SYSTEMPATH\Router\RouteCollection.php on line 1026.
 1 SYSTEMPATH\Router\RouteCollection.php(1026): trigger_error('Passing lowercase HTTP method "post" is deprecated. Use uppercase HTTP method like "POST".', 16384)
 2 APPPATH\Config\Routes.php(95): CodeIgniter\Router\RouteCollection->match([...], 'verifikasi', '\\App\\Controllers\\Sekretariat\\C_Verifikasi::index')
 3 SYSTEMPATH\Router\RouteCollection.php(799): CodeIgniter\Router\RouteCollection::{closure:C:\Users\ASUS\Downloads\Projectmagang_dr\Projectmagang_dr\app\Config\Routes.php:89}(Object(CodeIgniter\Router\RouteCollection))
 4 APPPATH\Config\Routes.php(89): CodeIgniter\Router\RouteCollection->group('sekretariat', [...], Object(Closure))
 5 SYSTEMPATH\Router\RouteCollection.php(339): require('C:\\Users\\ASUS\\Downloads\\Projectmagang_dr\\Projectmagang_dr\\app\\Config\\Routes.php')
 6 SYSTEMPATH\CodeIgniter.php(841): CodeIgniter\Router\RouteCollection->loadRoutes()
 7 SYSTEMPATH\CodeIgniter.php(464): CodeIgniter\CodeIgniter->tryToRouteIt(null)
 8 SYSTEMPATH\CodeIgniter.php(363): CodeIgniter\CodeIgniter->handleRequest(null, Object(Config\Cache), false)
 9 SYSTEMPATH\Boot.php(417): CodeIgniter\CodeIgniter->run()
10 SYSTEMPATH\Boot.php(68): CodeIgniter\Boot::runCodeIgniter(Object(CodeIgniter\CodeIgniter))
11 FCPATH\index.php(59): CodeIgniter\Boot::bootWeb(Object(Config\Paths))
12 SYSTEMPATH\rewrite.php(44): require_once('C:\\Users\\ASUS\\Downloads\\Projectmagang_dr\\Projectmagang_dr\\public\\index.php')
WARNING - 2026-08-04 15:27:17 --> [DEPRECATED] Passing lowercase HTTP method "get" is deprecated. Use uppercase HTTP method like "GET". in SYSTEMPATH\Router\RouteCollection.php on line 1026.
 1 SYSTEMPATH\Router\RouteCollection.php(1026): trigger_error('Passing lowercase HTTP method "get" is deprecated. Use uppercase HTTP method like "GET".', 16384)
 2 APPPATH\Config\Routes.php(144): CodeIgniter\Router\RouteCollection->match([...], 'upload-surat-penerimaan', '\\App\\Controllers\\Sekretariat\\C_UploadSuratPenerimaan::index')
 3 SYSTEMPATH\Router\RouteCollection.php(799): CodeIgniter\Router\RouteCollection::{closure:C:\Users\ASUS\Downloads\Projectmagang_dr\Projectmagang_dr\app\Config\Routes.php:89}(Object(CodeIgniter\Router\RouteCollection))
 4 APPPATH\Config\Routes.php(89): CodeIgniter\Router\RouteCollection->group('sekretariat', [...], Object(Closure))
 5 SYSTEMPATH\Router\RouteCollection.php(339): require('C:\\Users\\ASUS\\Downloads\\Projectmagang_dr\\Projectmagang_dr\\app\\Config\\Routes.php')
 6 SYSTEMPATH\CodeIgniter.php(841): CodeIgniter\Router\RouteCollection->loadRoutes()
 7 SYSTEMPATH\CodeIgniter.php(464): CodeIgniter\CodeIgniter->tryToRouteIt(null)
 8 SYSTEMPATH\CodeIgniter.php(363): CodeIgniter\CodeIgniter->handleRequest(null, Object(Config\Cache), false)
 9 SYSTEMPATH\Boot.php(417): CodeIgniter\CodeIgniter->run()
10 SYSTEMPATH\Boot.php(68): CodeIgniter\Boot::runCodeIgniter(Object(CodeIgniter\CodeIgniter))
11 FCPATH\index.php(59): CodeIgniter\Boot::bootWeb(Object(Config\Paths))
12 SYSTEMPATH\rewrite.php(44): require_once('C:\\Users\\ASUS\\Downloads\\Projectmagang_dr\\Projectmagang_dr\\public\\index.php')
WARNING - 2026-08-04 15:27:17 --> [DEPRECATED] Passing lowercase HTTP method "post" is deprecated. Use uppercase HTTP method like "POST". in SYSTEMPATH\Router\RouteCollection.php on line 1026.
 1 SYSTEMPATH\Router\RouteCollection.php(1026): trigger_error('Passing lowercase HTTP method "post" is deprecated. Use uppercase HTTP method like "POST".', 16384)
 2 APPPATH\Config\Routes.php(144): CodeIgniter\Router\RouteCollection->match([...], 'upload-surat-penerimaan', '\\App\\Controllers\\Sekretariat\\C_UploadSuratPenerimaan::index')
 3 SYSTEMPATH\Router\RouteCollection.php(799): CodeIgniter\Router\RouteCollection::{closure:C:\Users\ASUS\Downloads\Projectmagang_dr\Projectmagang_dr\app\Config\Routes.php:89}(Object(CodeIgniter\Router\RouteCollection))
 4 APPPATH\Config\Routes.php(89): CodeIgniter\Router\RouteCollection->group('sekretariat', [...], Object(Closure))
 5 SYSTEMPATH\Router\RouteCollection.php(339): require('C:\\Users\\ASUS\\Downloads\\Projectmagang_dr\\Projectmagang_dr\\app\\Config\\Routes.php')
 6 SYSTEMPATH\CodeIgniter.php(841): CodeIgniter\Router\RouteCollection->loadRoutes()
 7 SYSTEMPATH\CodeIgniter.php(464): CodeIgniter\CodeIgniter->tryToRouteIt(null)
 8 SYSTEMPATH\CodeIgniter.php(363): CodeIgniter\CodeIgniter->handleRequest(null, Object(Config\Cache), false)
 9 SYSTEMPATH\Boot.php(417): CodeIgniter\CodeIgniter->run()
10 SYSTEMPATH\Boot.php(68): CodeIgniter\Boot::runCodeIgniter(Object(CodeIgniter\CodeIgniter))
11 FCPATH\index.php(59): CodeIgniter\Boot::bootWeb(Object(Config\Paths))
12 SYSTEMPATH\rewrite.php(44): require_once('C:\\Users\\ASUS\\Downloads\\Projectmagang_dr\\Projectmagang_dr\\public\\index.php')
WARNING - 2026-08-04 15:27:17 --> [DEPRECATED] Passing lowercase HTTP method "get" is deprecated. Use uppercase HTTP method like "GET". in SYSTEMPATH\Router\RouteCollection.php on line 1026.
 1 SYSTEMPATH\Router\RouteCollection.php(1026): trigger_error('Passing lowercase HTTP method "get" is deprecated. Use uppercase HTTP method like "GET".', 16384)
 2 APPPATH\Config\Routes.php(165): CodeIgniter\Router\RouteCollection->match([...], 'logbook', '\\App\\Controllers\\Kabid\\C_LogbookKabid::index')
 3 SYSTEMPATH\Router\RouteCollection.php(799): CodeIgniter\Router\RouteCollection::{closure:C:\Users\ASUS\Downloads\Projectmagang_dr\Projectmagang_dr\app\Config\Routes.php:153}(Object(CodeIgniter\Router\RouteCollection))
 4 APPPATH\Config\Routes.php(153): CodeIgniter\Router\RouteCollection->group('kabid', [...], Object(Closure))
 5 SYSTEMPATH\Router\RouteCollection.php(339): require('C:\\Users\\ASUS\\Downloads\\Projectmagang_dr\\Projectmagang_dr\\app\\Config\\Routes.php')
 6 SYSTEMPATH\CodeIgniter.php(841): CodeIgniter\Router\RouteCollection->loadRoutes()
 7 SYSTEMPATH\CodeIgniter.php(464): CodeIgniter\CodeIgniter->tryToRouteIt(null)
 8 SYSTEMPATH\CodeIgniter.php(363): CodeIgniter\CodeIgniter->handleRequest(null, Object(Config\Cache), false)
 9 SYSTEMPATH\Boot.php(417): CodeIgniter\CodeIgniter->run()
10 SYSTEMPATH\Boot.php(68): CodeIgniter\Boot::runCodeIgniter(Object(CodeIgniter\CodeIgniter))
11 FCPATH\index.php(59): CodeIgniter\Boot::bootWeb(Object(Config\Paths))
12 SYSTEMPATH\rewrite.php(44): require_once('C:\\Users\\ASUS\\Downloads\\Projectmagang_dr\\Projectmagang_dr\\public\\index.php')
WARNING - 2026-08-04 15:27:17 --> [DEPRECATED] Passing lowercase HTTP method "post" is deprecated. Use uppercase HTTP method like "POST". in SYSTEMPATH\Router\RouteCollection.php on line 1026.
 1 SYSTEMPATH\Router\RouteCollection.php(1026): trigger_error('Passing lowercase HTTP method "post" is deprecated. Use uppercase HTTP method like "POST".', 16384)
 2 APPPATH\Config\Routes.php(165): CodeIgniter\Router\RouteCollection->match([...], 'logbook', '\\App\\Controllers\\Kabid\\C_LogbookKabid::index')
 3 SYSTEMPATH\Router\RouteCollection.php(799): CodeIgniter\Router\RouteCollection::{closure:C:\Users\ASUS\Downloads\Projectmagang_dr\Projectmagang_dr\app\Config\Routes.php:153}(Object(CodeIgniter\Router\RouteCollection))
 4 APPPATH\Config\Routes.php(153): CodeIgniter\Router\RouteCollection->group('kabid', [...], Object(Closure))
 5 SYSTEMPATH\Router\RouteCollection.php(339): require('C:\\Users\\ASUS\\Downloads\\Projectmagang_dr\\Projectmagang_dr\\app\\Config\\Routes.php')
 6 SYSTEMPATH\CodeIgniter.php(841): CodeIgniter\Router\RouteCollection->loadRoutes()
 7 SYSTEMPATH\CodeIgniter.php(464): CodeIgniter\CodeIgniter->tryToRouteIt(null)
 8 SYSTEMPATH\CodeIgniter.php(363): CodeIgniter\CodeIgniter->handleRequest(null, Object(Config\Cache), false)
 9 SYSTEMPATH\Boot.php(417): CodeIgniter\CodeIgniter->run()
10 SYSTEMPATH\Boot.php(68): CodeIgniter\Boot::runCodeIgniter(Object(CodeIgniter\CodeIgniter))
11 FCPATH\index.php(59): CodeIgniter\Boot::bootWeb(Object(Config\Paths))
12 SYSTEMPATH\rewrite.php(44): require_once('C:\\Users\\ASUS\\Downloads\\Projectmagang_dr\\Projectmagang_dr\\public\\index.php')
WARNING - 2026-08-04 15:27:17 --> [DEPRECATED] Passing lowercase HTTP method "get" is deprecated. Use uppercase HTTP method like "GET". in SYSTEMPATH\Router\RouteCollection.php on line 1026.
 1 SYSTEMPATH\Router\RouteCollection.php(1026): trigger_error('Passing lowercase HTTP method "get" is deprecated. Use uppercase HTTP method like "GET".', 16384)
 2 APPPATH\Config\Routes.php(177): CodeIgniter\Router\RouteCollection->match([...], 'upload-dokumen', '\\App\\Controllers\\Kabid\\C_UploadDokumen::index')
 3 SYSTEMPATH\Router\RouteCollection.php(799): CodeIgniter\Router\RouteCollection::{closure:C:\Users\ASUS\Downloads\Projectmagang_dr\Projectmagang_dr\app\Config\Routes.php:153}(Object(CodeIgniter\Router\RouteCollection))
 4 APPPATH\Config\Routes.php(153): CodeIgniter\Router\RouteCollection->group('kabid', [...], Object(Closure))
 5 SYSTEMPATH\Router\RouteCollection.php(339): require('C:\\Users\\ASUS\\Downloads\\Projectmagang_dr\\Projectmagang_dr\\app\\Config\\Routes.php')
 6 SYSTEMPATH\CodeIgniter.php(841): CodeIgniter\Router\RouteCollection->loadRoutes()
 7 SYSTEMPATH\CodeIgniter.php(464): CodeIgniter\CodeIgniter->tryToRouteIt(null)
 8 SYSTEMPATH\CodeIgniter.php(363): CodeIgniter\CodeIgniter->handleRequest(null, Object(Config\Cache), false)
 9 SYSTEMPATH\Boot.php(417): CodeIgniter\CodeIgniter->run()
10 SYSTEMPATH\Boot.php(68): CodeIgniter\Boot::runCodeIgniter(Object(CodeIgniter\CodeIgniter))
11 FCPATH\index.php(59): CodeIgniter\Boot::bootWeb(Object(Config\Paths))
12 SYSTEMPATH\rewrite.php(44): require_once('C:\\Users\\ASUS\\Downloads\\Projectmagang_dr\\Projectmagang_dr\\public\\index.php')
WARNING - 2026-08-04 15:27:17 --> [DEPRECATED] Passing lowercase HTTP method "post" is deprecated. Use uppercase HTTP method like "POST". in SYSTEMPATH\Router\RouteCollection.php on line 1026.
 1 SYSTEMPATH\Router\RouteCollection.php(1026): trigger_error('Passing lowercase HTTP method "post" is deprecated. Use uppercase HTTP method like "POST".', 16384)
 2 APPPATH\Config\Routes.php(177): CodeIgniter\Router\RouteCollection->match([...], 'upload-dokumen', '\\App\\Controllers\\Kabid\\C_UploadDokumen::index')
 3 SYSTEMPATH\Router\RouteCollection.php(799): CodeIgniter\Router\RouteCollection::{closure:C:\Users\ASUS\Downloads\Projectmagang_dr\Projectmagang_dr\app\Config\Routes.php:153}(Object(CodeIgniter\Router\RouteCollection))
 4 APPPATH\Config\Routes.php(153): CodeIgniter\Router\RouteCollection->group('kabid', [...], Object(Closure))
 5 SYSTEMPATH\Router\RouteCollection.php(339): require('C:\\Users\\ASUS\\Downloads\\Projectmagang_dr\\Projectmagang_dr\\app\\Config\\Routes.php')
 6 SYSTEMPATH\CodeIgniter.php(841): CodeIgniter\Router\RouteCollection->loadRoutes()
 7 SYSTEMPATH\CodeIgniter.php(464): CodeIgniter\CodeIgniter->tryToRouteIt(null)
 8 SYSTEMPATH\CodeIgniter.php(363): CodeIgniter\CodeIgniter->handleRequest(null, Object(Config\Cache), false)
 9 SYSTEMPATH\Boot.php(417): CodeIgniter\CodeIgniter->run()
10 SYSTEMPATH\Boot.php(68): CodeIgniter\Boot::runCodeIgniter(Object(CodeIgniter\CodeIgniter))
11 FCPATH\index.php(59): CodeIgniter\Boot::bootWeb(Object(Config\Paths))
12 SYSTEMPATH\rewrite.php(44): require_once('C:\\Users\\ASUS\\Downloads\\Projectmagang_dr\\Projectmagang_dr\\public\\index.php')
DEBUG - 2026-08-04 15:27:17 --> Session: Class initialized using 'CodeIgniter\Session\Handlers\FileHandler' driver.
WARNING - 2026-08-04 15:27:17 --> [DEPRECATED] Passing lowercase HTTP method "get" is deprecated. Use uppercase HTTP method like "GET". in SYSTEMPATH\Router\RouteCollection.php on line 1026.
 1 SYSTEMPATH\Router\RouteCollection.php(1026): trigger_error('Passing lowercase HTTP method "get" is deprecated. Use uppercase HTTP method like "GET".', 16384)
 2 APPPATH\Config\Routes.php(77): CodeIgniter\Router\RouteCollection->match([...], 'logbook', 'C_Logbook::logbook')
 3 SYSTEMPATH\Router\RouteCollection.php(799): CodeIgniter\Router\RouteCollection::{closure:C:\Users\ASUS\Downloads\Projectmagang_dr\Projectmagang_dr\app\Config\Routes.php:59}(Object(CodeIgniter\Router\RouteCollection))
 4 APPPATH\Config\Routes.php(59): CodeIgniter\Router\RouteCollection->group('mahasiswa', [...], Object(Closure))
 5 SYSTEMPATH\Router\RouteCollection.php(339): require('C:\\Users\\ASUS\\Downloads\\Projectmagang_dr\\Projectmagang_dr\\app\\Config\\Routes.php')
 6 SYSTEMPATH\CodeIgniter.php(841): CodeIgniter\Router\RouteCollection->loadRoutes()
 7 SYSTEMPATH\CodeIgniter.php(464): CodeIgniter\CodeIgniter->tryToRouteIt(null)
 8 SYSTEMPATH\CodeIgniter.php(363): CodeIgniter\CodeIgniter->handleRequest(null, Object(Config\Cache), false)
 9 SYSTEMPATH\Boot.php(417): CodeIgniter\CodeIgniter->run()
10 SYSTEMPATH\Boot.php(68): CodeIgniter\Boot::runCodeIgniter(Object(CodeIgniter\CodeIgniter))
11 FCPATH\index.php(59): CodeIgniter\Boot::bootWeb(Object(Config\Paths))
12 SYSTEMPATH\rewrite.php(44): require_once('C:\\Users\\ASUS\\Downloads\\Projectmagang_dr\\Projectmagang_dr\\public\\index.php')
WARNING - 2026-08-04 15:27:17 --> [DEPRECATED] Passing lowercase HTTP method "post" is deprecated. Use uppercase HTTP method like "POST". in SYSTEMPATH\Router\RouteCollection.php on line 1026.
 1 SYSTEMPATH\Router\RouteCollection.php(1026): trigger_error('Passing lowercase HTTP method "post" is deprecated. Use uppercase HTTP method like "POST".', 16384)
 2 APPPATH\Config\Routes.php(77): CodeIgniter\Router\RouteCollection->match([...], 'logbook', 'C_Logbook::logbook')
 3 SYSTEMPATH\Router\RouteCollection.php(799): CodeIgniter\Router\RouteCollection::{closure:C:\Users\ASUS\Downloads\Projectmagang_dr\Projectmagang_dr\app\Config\Routes.php:59}(Object(CodeIgniter\Router\RouteCollection))
 4 APPPATH\Config\Routes.php(59): CodeIgniter\Router\RouteCollection->group('mahasiswa', [...], Object(Closure))
 5 SYSTEMPATH\Router\RouteCollection.php(339): require('C:\\Users\\ASUS\\Downloads\\Projectmagang_dr\\Projectmagang_dr\\app\\Config\\Routes.php')
 6 SYSTEMPATH\CodeIgniter.php(841): CodeIgniter\Router\RouteCollection->loadRoutes()
 7 SYSTEMPATH\CodeIgniter.php(464): CodeIgniter\CodeIgniter->tryToRouteIt(null)
 8 SYSTEMPATH\CodeIgniter.php(363): CodeIgniter\CodeIgniter->handleRequest(null, Object(Config\Cache), false)
 9 SYSTEMPATH\Boot.php(417): CodeIgniter\CodeIgniter->run()
10 SYSTEMPATH\Boot.php(68): CodeIgniter\Boot::runCodeIgniter(Object(CodeIgniter\CodeIgniter))
11 FCPATH\index.php(59): CodeIgniter\Boot::bootWeb(Object(Config\Paths))
12 SYSTEMPATH\rewrite.php(44): require_once('C:\\Users\\ASUS\\Downloads\\Projectmagang_dr\\Projectmagang_dr\\public\\index.php')
WARNING - 2026-08-04 15:27:17 --> [DEPRECATED] Passing lowercase HTTP method "get" is deprecated. Use uppercase HTTP method like "GET". in SYSTEMPATH\Router\RouteCollection.php on line 1026.
 1 SYSTEMPATH\Router\RouteCollection.php(1026): trigger_error('Passing lowercase HTTP method "get" is deprecated. Use uppercase HTTP method like "GET".', 16384)
 2 APPPATH\Config\Routes.php(95): CodeIgniter\Router\RouteCollection->match([...], 'verifikasi', '\\App\\Controllers\\Sekretariat\\C_Verifikasi::index')
 3 SYSTEMPATH\Router\RouteCollection.php(799): CodeIgniter\Router\RouteCollection::{closure:C:\Users\ASUS\Downloads\Projectmagang_dr\Projectmagang_dr\app\Config\Routes.php:89}(Object(CodeIgniter\Router\RouteCollection))
 4 APPPATH\Config\Routes.php(89): CodeIgniter\Router\RouteCollection->group('sekretariat', [...], Object(Closure))
 5 SYSTEMPATH\Router\RouteCollection.php(339): require('C:\\Users\\ASUS\\Downloads\\Projectmagang_dr\\Projectmagang_dr\\app\\Config\\Routes.php')
 6 SYSTEMPATH\CodeIgniter.php(841): CodeIgniter\Router\RouteCollection->loadRoutes()
 7 SYSTEMPATH\CodeIgniter.php(464): CodeIgniter\CodeIgniter->tryToRouteIt(null)
 8 SYSTEMPATH\CodeIgniter.php(363): CodeIgniter\CodeIgniter->handleRequest(null, Object(Config\Cache), false)
 9 SYSTEMPATH\Boot.php(417): CodeIgniter\CodeIgniter->run()
10 SYSTEMPATH\Boot.php(68): CodeIgniter\Boot::runCodeIgniter(Object(CodeIgniter\CodeIgniter))
11 FCPATH\index.php(59): CodeIgniter\Boot::bootWeb(Object(Config\Paths))
12 SYSTEMPATH\rewrite.php(44): require_once('C:\\Users\\ASUS\\Downloads\\Projectmagang_dr\\Projectmagang_dr\\public\\index.php')
WARNING - 2026-08-04 15:27:17 --> [DEPRECATED] Passing lowercase HTTP method "post" is deprecated. Use uppercase HTTP method like "POST". in SYSTEMPATH\Router\RouteCollection.php on line 1026.
 1 SYSTEMPATH\Router\RouteCollection.php(1026): trigger_error('Passing lowercase HTTP method "post" is deprecated. Use uppercase HTTP method like "POST".', 16384)
 2 APPPATH\Config\Routes.php(95): CodeIgniter\Router\RouteCollection->match([...], 'verifikasi', '\\App\\Controllers\\Sekretariat\\C_Verifikasi::index')
 3 SYSTEMPATH\Router\RouteCollection.php(799): CodeIgniter\Router\RouteCollection::{closure:C:\Users\ASUS\Downloads\Projectmagang_dr\Projectmagang_dr\app\Config\Routes.php:89}(Object(CodeIgniter\Router\RouteCollection))
 4 APPPATH\Config\Routes.php(89): CodeIgniter\Router\RouteCollection->group('sekretariat', [...], Object(Closure))
 5 SYSTEMPATH\Router\RouteCollection.php(339): require('C:\\Users\\ASUS\\Downloads\\Projectmagang_dr\\Projectmagang_dr\\app\\Config\\Routes.php')
 6 SYSTEMPATH\CodeIgniter.php(841): CodeIgniter\Router\RouteCollection->loadRoutes()
 7 SYSTEMPATH\CodeIgniter.php(464): CodeIgniter\CodeIgniter->tryToRouteIt(null)
 8 SYSTEMPATH\CodeIgniter.php(363): CodeIgniter\CodeIgniter->handleRequest(null, Object(Config\Cache), false)
 9 SYSTEMPATH\Boot.php(417): CodeIgniter\CodeIgniter->run()
10 SYSTEMPATH\Boot.php(68): CodeIgniter\Boot::runCodeIgniter(Object(CodeIgniter\CodeIgniter))
11 FCPATH\index.php(59): CodeIgniter\Boot::bootWeb(Object(Config\Paths))
12 SYSTEMPATH\rewrite.php(44): require_once('C:\\Users\\ASUS\\Downloads\\Projectmagang_dr\\Projectmagang_dr\\public\\index.php')
WARNING - 2026-08-04 15:27:17 --> [DEPRECATED] Passing lowercase HTTP method "get" is deprecated. Use uppercase HTTP method like "GET". in SYSTEMPATH\Router\RouteCollection.php on line 1026.
 1 SYSTEMPATH\Router\RouteCollection.php(1026): trigger_error('Passing lowercase HTTP method "get" is deprecated. Use uppercase HTTP method like "GET".', 16384)
 2 APPPATH\Config\Routes.php(144): CodeIgniter\Router\RouteCollection->match([...], 'upload-surat-penerimaan', '\\App\\Controllers\\Sekretariat\\C_UploadSuratPenerimaan::index')
 3 SYSTEMPATH\Router\RouteCollection.php(799): CodeIgniter\Router\RouteCollection::{closure:C:\Users\ASUS\Downloads\Projectmagang_dr\Projectmagang_dr\app\Config\Routes.php:89}(Object(CodeIgniter\Router\RouteCollection))
 4 APPPATH\Config\Routes.php(89): CodeIgniter\Router\RouteCollection->group('sekretariat', [...], Object(Closure))
 5 SYSTEMPATH\Router\RouteCollection.php(339): require('C:\\Users\\ASUS\\Downloads\\Projectmagang_dr\\Projectmagang_dr\\app\\Config\\Routes.php')
 6 SYSTEMPATH\CodeIgniter.php(841): CodeIgniter\Router\RouteCollection->loadRoutes()
 7 SYSTEMPATH\CodeIgniter.php(464): CodeIgniter\CodeIgniter->tryToRouteIt(null)
 8 SYSTEMPATH\CodeIgniter.php(363): CodeIgniter\CodeIgniter->handleRequest(null, Object(Config\Cache), false)
 9 SYSTEMPATH\Boot.php(417): CodeIgniter\CodeIgniter->run()
10 SYSTEMPATH\Boot.php(68): CodeIgniter\Boot::runCodeIgniter(Object(CodeIgniter\CodeIgniter))
11 FCPATH\index.php(59): CodeIgniter\Boot::bootWeb(Object(Config\Paths))
12 SYSTEMPATH\rewrite.php(44): require_once('C:\\Users\\ASUS\\Downloads\\Projectmagang_dr\\Projectmagang_dr\\public\\index.php')
WARNING - 2026-08-04 15:27:17 --> [DEPRECATED] Passing lowercase HTTP method "post" is deprecated. Use uppercase HTTP method like "POST". in SYSTEMPATH\Router\RouteCollection.php on line 1026.
 1 SYSTEMPATH\Router\RouteCollection.php(1026): trigger_error('Passing lowercase HTTP method "post" is deprecated. Use uppercase HTTP method like "POST".', 16384)
 2 APPPATH\Config\Routes.php(144): CodeIgniter\Router\RouteCollection->match([...], 'upload-surat-penerimaan', '\\App\\Controllers\\Sekretariat\\C_UploadSuratPenerimaan::index')
 3 SYSTEMPATH\Router\RouteCollection.php(799): CodeIgniter\Router\RouteCollection::{closure:C:\Users\ASUS\Downloads\Projectmagang_dr\Projectmagang_dr\app\Config\Routes.php:89}(Object(CodeIgniter\Router\RouteCollection))
 4 APPPATH\Config\Routes.php(89): CodeIgniter\Router\RouteCollection->group('sekretariat', [...], Object(Closure))
 5 SYSTEMPATH\Router\RouteCollection.php(339): require('C:\\Users\\ASUS\\Downloads\\Projectmagang_dr\\Projectmagang_dr\\app\\Config\\Routes.php')
 6 SYSTEMPATH\CodeIgniter.php(841): CodeIgniter\Router\RouteCollection->loadRoutes()
 7 SYSTEMPATH\CodeIgniter.php(464): CodeIgniter\CodeIgniter->tryToRouteIt(null)
 8 SYSTEMPATH\CodeIgniter.php(363): CodeIgniter\CodeIgniter->handleRequest(null, Object(Config\Cache), false)
 9 SYSTEMPATH\Boot.php(417): CodeIgniter\CodeIgniter->run()
10 SYSTEMPATH\Boot.php(68): CodeIgniter\Boot::runCodeIgniter(Object(CodeIgniter\CodeIgniter))
11 FCPATH\index.php(59): CodeIgniter\Boot::bootWeb(Object(Config\Paths))
12 SYSTEMPATH\rewrite.php(44): require_once('C:\\Users\\ASUS\\Downloads\\Projectmagang_dr\\Projectmagang_dr\\public\\index.php')
WARNING - 2026-08-04 15:27:17 --> [DEPRECATED] Passing lowercase HTTP method "get" is deprecated. Use uppercase HTTP method like "GET". in SYSTEMPATH\Router\RouteCollection.php on line 1026.
 1 SYSTEMPATH\Router\RouteCollection.php(1026): trigger_error('Passing lowercase HTTP method "get" is deprecated. Use uppercase HTTP method like "GET".', 16384)
 2 APPPATH\Config\Routes.php(165): CodeIgniter\Router\RouteCollection->match([...], 'logbook', '\\App\\Controllers\\Kabid\\C_LogbookKabid::index')
 3 SYSTEMPATH\Router\RouteCollection.php(799): CodeIgniter\Router\RouteCollection::{closure:C:\Users\ASUS\Downloads\Projectmagang_dr\Projectmagang_dr\app\Config\Routes.php:153}(Object(CodeIgniter\Router\RouteCollection))
 4 APPPATH\Config\Routes.php(153): CodeIgniter\Router\RouteCollection->group('kabid', [...], Object(Closure))
 5 SYSTEMPATH\Router\RouteCollection.php(339): require('C:\\Users\\ASUS\\Downloads\\Projectmagang_dr\\Projectmagang_dr\\app\\Config\\Routes.php')
 6 SYSTEMPATH\CodeIgniter.php(841): CodeIgniter\Router\RouteCollection->loadRoutes()
 7 SYSTEMPATH\CodeIgniter.php(464): CodeIgniter\CodeIgniter->tryToRouteIt(null)
 8 SYSTEMPATH\CodeIgniter.php(363): CodeIgniter\CodeIgniter->handleRequest(null, Object(Config\Cache), false)
 9 SYSTEMPATH\Boot.php(417): CodeIgniter\CodeIgniter->run()
10 SYSTEMPATH\Boot.php(68): CodeIgniter\Boot::runCodeIgniter(Object(CodeIgniter\CodeIgniter))
11 FCPATH\index.php(59): CodeIgniter\Boot::bootWeb(Object(Config\Paths))
12 SYSTEMPATH\rewrite.php(44): require_once('C:\\Users\\ASUS\\Downloads\\Projectmagang_dr\\Projectmagang_dr\\public\\index.php')
WARNING - 2026-08-04 15:27:17 --> [DEPRECATED] Passing lowercase HTTP method "post" is deprecated. Use uppercase HTTP method like "POST". in SYSTEMPATH\Router\RouteCollection.php on line 1026.
 1 SYSTEMPATH\Router\RouteCollection.php(1026): trigger_error('Passing lowercase HTTP method "post" is deprecated. Use uppercase HTTP method like "POST".', 16384)
 2 APPPATH\Config\Routes.php(165): CodeIgniter\Router\RouteCollection->match([...], 'logbook', '\\App\\Controllers\\Kabid\\C_LogbookKabid::index')
 3 SYSTEMPATH\Router\RouteCollection.php(799): CodeIgniter\Router\RouteCollection::{closure:C:\Users\ASUS\Downloads\Projectmagang_dr\Projectmagang_dr\app\Config\Routes.php:153}(Object(CodeIgniter\Router\RouteCollection))
 4 APPPATH\Config\Routes.php(153): CodeIgniter\Router\RouteCollection->group('kabid', [...], Object(Closure))
 5 SYSTEMPATH\Router\RouteCollection.php(339): require('C:\\Users\\ASUS\\Downloads\\Projectmagang_dr\\Projectmagang_dr\\app\\Config\\Routes.php')
 6 SYSTEMPATH\CodeIgniter.php(841): CodeIgniter\Router\RouteCollection->loadRoutes()
 7 SYSTEMPATH\CodeIgniter.php(464): CodeIgniter\CodeIgniter->tryToRouteIt(null)
 8 SYSTEMPATH\CodeIgniter.php(363): CodeIgniter\CodeIgniter->handleRequest(null, Object(Config\Cache), false)
 9 SYSTEMPATH\Boot.php(417): CodeIgniter\CodeIgniter->run()
10 SYSTEMPATH\Boot.php(68): CodeIgniter\Boot::runCodeIgniter(Object(CodeIgniter\CodeIgniter))
11 FCPATH\index.php(59): CodeIgniter\Boot::bootWeb(Object(Config\Paths))
12 SYSTEMPATH\rewrite.php(44): require_once('C:\\Users\\ASUS\\Downloads\\Projectmagang_dr\\Projectmagang_dr\\public\\index.php')
WARNING - 2026-08-04 15:27:17 --> [DEPRECATED] Passing lowercase HTTP method "get" is deprecated. Use uppercase HTTP method like "GET". in SYSTEMPATH\Router\RouteCollection.php on line 1026.
 1 SYSTEMPATH\Router\RouteCollection.php(1026): trigger_error('Passing lowercase HTTP method "get" is deprecated. Use uppercase HTTP method like "GET".', 16384)
 2 APPPATH\Config\Routes.php(177): CodeIgniter\Router\RouteCollection->match([...], 'upload-dokumen', '\\App\\Controllers\\Kabid\\C_UploadDokumen::index')
 3 SYSTEMPATH\Router\RouteCollection.php(799): CodeIgniter\Router\RouteCollection::{closure:C:\Users\ASUS\Downloads\Projectmagang_dr\Projectmagang_dr\app\Config\Routes.php:153}(Object(CodeIgniter\Router\RouteCollection))
 4 APPPATH\Config\Routes.php(153): CodeIgniter\Router\RouteCollection->group('kabid', [...], Object(Closure))
 5 SYSTEMPATH\Router\RouteCollection.php(339): require('C:\\Users\\ASUS\\Downloads\\Projectmagang_dr\\Projectmagang_dr\\app\\Config\\Routes.php')
 6 SYSTEMPATH\CodeIgniter.php(841): CodeIgniter\Router\RouteCollection->loadRoutes()
 7 SYSTEMPATH\CodeIgniter.php(464): CodeIgniter\CodeIgniter->tryToRouteIt(null)
 8 SYSTEMPATH\CodeIgniter.php(363): CodeIgniter\CodeIgniter->handleRequest(null, Object(Config\Cache), false)
 9 SYSTEMPATH\Boot.php(417): CodeIgniter\CodeIgniter->run()
10 SYSTEMPATH\Boot.php(68): CodeIgniter\Boot::runCodeIgniter(Object(CodeIgniter\CodeIgniter))
11 FCPATH\index.php(59): CodeIgniter\Boot::bootWeb(Object(Config\Paths))
12 SYSTEMPATH\rewrite.php(44): require_once('C:\\Users\\ASUS\\Downloads\\Projectmagang_dr\\Projectmagang_dr\\public\\index.php')
WARNING - 2026-08-04 15:27:17 --> [DEPRECATED] Passing lowercase HTTP method "post" is deprecated. Use uppercase HTTP method like "POST". in SYSTEMPATH\Router\RouteCollection.php on line 1026.
 1 SYSTEMPATH\Router\RouteCollection.php(1026): trigger_error('Passing lowercase HTTP method "post" is deprecated. Use uppercase HTTP method like "POST".', 16384)
 2 APPPATH\Config\Routes.php(177): CodeIgniter\Router\RouteCollection->match([...], 'upload-dokumen', '\\App\\Controllers\\Kabid\\C_UploadDokumen::index')
 3 SYSTEMPATH\Router\RouteCollection.php(799): CodeIgniter\Router\RouteCollection::{closure:C:\Users\ASUS\Downloads\Projectmagang_dr\Projectmagang_dr\app\Config\Routes.php:153}(Object(CodeIgniter\Router\RouteCollection))
 4 APPPATH\Config\Routes.php(153): CodeIgniter\Router\RouteCollection->group('kabid', [...], Object(Closure))
 5 SYSTEMPATH\Router\RouteCollection.php(339): require('C:\\Users\\ASUS\\Downloads\\Projectmagang_dr\\Projectmagang_dr\\app\\Config\\Routes.php')
 6 SYSTEMPATH\CodeIgniter.php(841): CodeIgniter\Router\RouteCollection->loadRoutes()
 7 SYSTEMPATH\CodeIgniter.php(464): CodeIgniter\CodeIgniter->tryToRouteIt(null)
 8 SYSTEMPATH\CodeIgniter.php(363): CodeIgniter\CodeIgniter->handleRequest(null, Object(Config\Cache), false)
 9 SYSTEMPATH\Boot.php(417): CodeIgniter\CodeIgniter->run()
10 SYSTEMPATH\Boot.php(68): CodeIgniter\Boot::runCodeIgniter(Object(CodeIgniter\CodeIgniter))
11 FCPATH\index.php(59): CodeIgniter\Boot::bootWeb(Object(Config\Paths))
12 SYSTEMPATH\rewrite.php(44): require_once('C:\\Users\\ASUS\\Downloads\\Projectmagang_dr\\Projectmagang_dr\\public\\index.php')
DEBUG - 2026-08-04 15:27:17 --> Session: Class initialized using 'CodeIgniter\Session\Handlers\FileHandler' driver.
WARNING - 2026-08-04 15:27:52 --> [DEPRECATED] Passing lowercase HTTP method "get" is deprecated. Use uppercase HTTP method like "GET". in SYSTEMPATH\Router\RouteCollection.php on line 1026.
 1 SYSTEMPATH\Router\RouteCollection.php(1026): trigger_error('Passing lowercase HTTP method "get" is deprecated. Use uppercase HTTP method like "GET".', 16384)
 2 APPPATH\Config\Routes.php(77): CodeIgniter\Router\RouteCollection->match([...], 'logbook', 'C_Logbook::logbook')
 3 SYSTEMPATH\Router\RouteCollection.php(799): CodeIgniter\Router\RouteCollection::{closure:C:\Users\ASUS\Downloads\Projectmagang_dr\Projectmagang_dr\app\Config\Routes.php:59}(Object(CodeIgniter\Router\RouteCollection))
 4 APPPATH\Config\Routes.php(59): CodeIgniter\Router\RouteCollection->group('mahasiswa', [...], Object(Closure))
 5 SYSTEMPATH\Router\RouteCollection.php(339): require('C:\\Users\\ASUS\\Downloads\\Projectmagang_dr\\Projectmagang_dr\\app\\Config\\Routes.php')
 6 SYSTEMPATH\CodeIgniter.php(841): CodeIgniter\Router\RouteCollection->loadRoutes()
 7 SYSTEMPATH\CodeIgniter.php(464): CodeIgniter\CodeIgniter->tryToRouteIt(null)
 8 SYSTEMPATH\CodeIgniter.php(363): CodeIgniter\CodeIgniter->handleRequest(null, Object(Config\Cache), false)
 9 SYSTEMPATH\Boot.php(417): CodeIgniter\CodeIgniter->run()
10 SYSTEMPATH\Boot.php(68): CodeIgniter\Boot::runCodeIgniter(Object(CodeIgniter\CodeIgniter))
11 FCPATH\index.php(59): CodeIgniter\Boot::bootWeb(Object(Config\Paths))
12 SYSTEMPATH\rewrite.php(44): require_once('C:\\Users\\ASUS\\Downloads\\Projectmagang_dr\\Projectmagang_dr\\public\\index.php')
WARNING - 2026-08-04 15:27:52 --> [DEPRECATED] Passing lowercase HTTP method "post" is deprecated. Use uppercase HTTP method like "POST". in SYSTEMPATH\Router\RouteCollection.php on line 1026.
 1 SYSTEMPATH\Router\RouteCollection.php(1026): trigger_error('Passing lowercase HTTP method "post" is deprecated. Use uppercase HTTP method like "POST".', 16384)
 2 APPPATH\Config\Routes.php(77): CodeIgniter\Router\RouteCollection->match([...], 'logbook', 'C_Logbook::logbook')
 3 SYSTEMPATH\Router\RouteCollection.php(799): CodeIgniter\Router\RouteCollection::{closure:C:\Users\ASUS\Downloads\Projectmagang_dr\Projectmagang_dr\app\Config\Routes.php:59}(Object(CodeIgniter\Router\RouteCollection))
 4 APPPATH\Config\Routes.php(59): CodeIgniter\Router\RouteCollection->group('mahasiswa', [...], Object(Closure))
 5 SYSTEMPATH\Router\RouteCollection.php(339): require('C:\\Users\\ASUS\\Downloads\\Projectmagang_dr\\Projectmagang_dr\\app\\Config\\Routes.php')
 6 SYSTEMPATH\CodeIgniter.php(841): CodeIgniter\Router\RouteCollection->loadRoutes()
 7 SYSTEMPATH\CodeIgniter.php(464): CodeIgniter\CodeIgniter->tryToRouteIt(null)
 8 SYSTEMPATH\CodeIgniter.php(363): CodeIgniter\CodeIgniter->handleRequest(null, Object(Config\Cache), false)
 9 SYSTEMPATH\Boot.php(417): CodeIgniter\CodeIgniter->run()
10 SYSTEMPATH\Boot.php(68): CodeIgniter\Boot::runCodeIgniter(Object(CodeIgniter\CodeIgniter))
11 FCPATH\index.php(59): CodeIgniter\Boot::bootWeb(Object(Config\Paths))
12 SYSTEMPATH\rewrite.php(44): require_once('C:\\Users\\ASUS\\Downloads\\Projectmagang_dr\\Projectmagang_dr\\public\\index.php')
WARNING - 2026-08-04 15:27:52 --> [DEPRECATED] Passing lowercase HTTP method "get" is deprecated. Use uppercase HTTP method like "GET". in SYSTEMPATH\Router\RouteCollection.php on line 1026.
 1 SYSTEMPATH\Router\RouteCollection.php(1026): trigger_error('Passing lowercase HTTP method "get" is deprecated. Use uppercase HTTP method like "GET".', 16384)
 2 APPPATH\Config\Routes.php(95): CodeIgniter\Router\RouteCollection->match([...], 'verifikasi', '\\App\\Controllers\\Sekretariat\\C_Verifikasi::index')
 3 SYSTEMPATH\Router\RouteCollection.php(799): CodeIgniter\Router\RouteCollection::{closure:C:\Users\ASUS\Downloads\Projectmagang_dr\Projectmagang_dr\app\Config\Routes.php:89}(Object(CodeIgniter\Router\RouteCollection))
 4 APPPATH\Config\Routes.php(89): CodeIgniter\Router\RouteCollection->group('sekretariat', [...], Object(Closure))
 5 SYSTEMPATH\Router\RouteCollection.php(339): require('C:\\Users\\ASUS\\Downloads\\Projectmagang_dr\\Projectmagang_dr\\app\\Config\\Routes.php')
 6 SYSTEMPATH\CodeIgniter.php(841): CodeIgniter\Router\RouteCollection->loadRoutes()
 7 SYSTEMPATH\CodeIgniter.php(464): CodeIgniter\CodeIgniter->tryToRouteIt(null)
 8 SYSTEMPATH\CodeIgniter.php(363): CodeIgniter\CodeIgniter->handleRequest(null, Object(Config\Cache), false)
 9 SYSTEMPATH\Boot.php(417): CodeIgniter\CodeIgniter->run()
10 SYSTEMPATH\Boot.php(68): CodeIgniter\Boot::runCodeIgniter(Object(CodeIgniter\CodeIgniter))
11 FCPATH\index.php(59): CodeIgniter\Boot::bootWeb(Object(Config\Paths))
12 SYSTEMPATH\rewrite.php(44): require_once('C:\\Users\\ASUS\\Downloads\\Projectmagang_dr\\Projectmagang_dr\\public\\index.php')
WARNING - 2026-08-04 15:27:52 --> [DEPRECATED] Passing lowercase HTTP method "post" is deprecated. Use uppercase HTTP method like "POST". in SYSTEMPATH\Router\RouteCollection.php on line 1026.
 1 SYSTEMPATH\Router\RouteCollection.php(1026): trigger_error('Passing lowercase HTTP method "post" is deprecated. Use uppercase HTTP method like "POST".', 16384)
 2 APPPATH\Config\Routes.php(95): CodeIgniter\Router\RouteCollection->match([...], 'verifikasi', '\\App\\Controllers\\Sekretariat\\C_Verifikasi::index')
 3 SYSTEMPATH\Router\RouteCollection.php(799): CodeIgniter\Router\RouteCollection::{closure:C:\Users\ASUS\Downloads\Projectmagang_dr\Projectmagang_dr\app\Config\Routes.php:89}(Object(CodeIgniter\Router\RouteCollection))
 4 APPPATH\Config\Routes.php(89): CodeIgniter\Router\RouteCollection->group('sekretariat', [...], Object(Closure))
 5 SYSTEMPATH\Router\RouteCollection.php(339): require('C:\\Users\\ASUS\\Downloads\\Projectmagang_dr\\Projectmagang_dr\\app\\Config\\Routes.php')
 6 SYSTEMPATH\CodeIgniter.php(841): CodeIgniter\Router\RouteCollection->loadRoutes()
 7 SYSTEMPATH\CodeIgniter.php(464): CodeIgniter\CodeIgniter->tryToRouteIt(null)
 8 SYSTEMPATH\CodeIgniter.php(363): CodeIgniter\CodeIgniter->handleRequest(null, Object(Config\Cache), false)
 9 SYSTEMPATH\Boot.php(417): CodeIgniter\CodeIgniter->run()
10 SYSTEMPATH\Boot.php(68): CodeIgniter\Boot::runCodeIgniter(Object(CodeIgniter\CodeIgniter))
11 FCPATH\index.php(59): CodeIgniter\Boot::bootWeb(Object(Config\Paths))
12 SYSTEMPATH\rewrite.php(44): require_once('C:\\Users\\ASUS\\Downloads\\Projectmagang_dr\\Projectmagang_dr\\public\\index.php')
WARNING - 2026-08-04 15:27:52 --> [DEPRECATED] Passing lowercase HTTP method "get" is deprecated. Use uppercase HTTP method like "GET". in SYSTEMPATH\Router\RouteCollection.php on line 1026.
 1 SYSTEMPATH\Router\RouteCollection.php(1026): trigger_error('Passing lowercase HTTP method "get" is deprecated. Use uppercase HTTP method like "GET".', 16384)
 2 APPPATH\Config\Routes.php(144): CodeIgniter\Router\RouteCollection->match([...], 'upload-surat-penerimaan', '\\App\\Controllers\\Sekretariat\\C_UploadSuratPenerimaan::index')
 3 SYSTEMPATH\Router\RouteCollection.php(799): CodeIgniter\Router\RouteCollection::{closure:C:\Users\ASUS\Downloads\Projectmagang_dr\Projectmagang_dr\app\Config\Routes.php:89}(Object(CodeIgniter\Router\RouteCollection))
 4 APPPATH\Config\Routes.php(89): CodeIgniter\Router\RouteCollection->group('sekretariat', [...], Object(Closure))
 5 SYSTEMPATH\Router\RouteCollection.php(339): require('C:\\Users\\ASUS\\Downloads\\Projectmagang_dr\\Projectmagang_dr\\app\\Config\\Routes.php')
 6 SYSTEMPATH\CodeIgniter.php(841): CodeIgniter\Router\RouteCollection->loadRoutes()
 7 SYSTEMPATH\CodeIgniter.php(464): CodeIgniter\CodeIgniter->tryToRouteIt(null)
 8 SYSTEMPATH\CodeIgniter.php(363): CodeIgniter\CodeIgniter->handleRequest(null, Object(Config\Cache), false)
 9 SYSTEMPATH\Boot.php(417): CodeIgniter\CodeIgniter->run()
10 SYSTEMPATH\Boot.php(68): CodeIgniter\Boot::runCodeIgniter(Object(CodeIgniter\CodeIgniter))
11 FCPATH\index.php(59): CodeIgniter\Boot::bootWeb(Object(Config\Paths))
12 SYSTEMPATH\rewrite.php(44): require_once('C:\\Users\\ASUS\\Downloads\\Projectmagang_dr\\Projectmagang_dr\\public\\index.php')
WARNING - 2026-08-04 15:27:52 --> [DEPRECATED] Passing lowercase HTTP method "post" is deprecated. Use uppercase HTTP method like "POST". in SYSTEMPATH\Router\RouteCollection.php on line 1026.
 1 SYSTEMPATH\Router\RouteCollection.php(1026): trigger_error('Passing lowercase HTTP method "post" is deprecated. Use uppercase HTTP method like "POST".', 16384)
 2 APPPATH\Config\Routes.php(144): CodeIgniter\Router\RouteCollection->match([...], 'upload-surat-penerimaan', '\\App\\Controllers\\Sekretariat\\C_UploadSuratPenerimaan::index')
 3 SYSTEMPATH\Router\RouteCollection.php(799): CodeIgniter\Router\RouteCollection::{closure:C:\Users\ASUS\Downloads\Projectmagang_dr\Projectmagang_dr\app\Config\Routes.php:89}(Object(CodeIgniter\Router\RouteCollection))
 4 APPPATH\Config\Routes.php(89): CodeIgniter\Router\RouteCollection->group('sekretariat', [...], Object(Closure))
 5 SYSTEMPATH\Router\RouteCollection.php(339): require('C:\\Users\\ASUS\\Downloads\\Projectmagang_dr\\Projectmagang_dr\\app\\Config\\Routes.php')
 6 SYSTEMPATH\CodeIgniter.php(841): CodeIgniter\Router\RouteCollection->loadRoutes()
 7 SYSTEMPATH\CodeIgniter.php(464): CodeIgniter\CodeIgniter->tryToRouteIt(null)
 8 SYSTEMPATH\CodeIgniter.php(363): CodeIgniter\CodeIgniter->handleRequest(null, Object(Config\Cache), false)
 9 SYSTEMPATH\Boot.php(417): CodeIgniter\CodeIgniter->run()
10 SYSTEMPATH\Boot.php(68): CodeIgniter\Boot::runCodeIgniter(Object(CodeIgniter\CodeIgniter))
11 FCPATH\index.php(59): CodeIgniter\Boot::bootWeb(Object(Config\Paths))
12 SYSTEMPATH\rewrite.php(44): require_once('C:\\Users\\ASUS\\Downloads\\Projectmagang_dr\\Projectmagang_dr\\public\\index.php')
WARNING - 2026-08-04 15:27:52 --> [DEPRECATED] Passing lowercase HTTP method "get" is deprecated. Use uppercase HTTP method like "GET". in SYSTEMPATH\Router\RouteCollection.php on line 1026.
 1 SYSTEMPATH\Router\RouteCollection.php(1026): trigger_error('Passing lowercase HTTP method "get" is deprecated. Use uppercase HTTP method like "GET".', 16384)
 2 APPPATH\Config\Routes.php(165): CodeIgniter\Router\RouteCollection->match([...], 'logbook', '\\App\\Controllers\\Kabid\\C_LogbookKabid::index')
 3 SYSTEMPATH\Router\RouteCollection.php(799): CodeIgniter\Router\RouteCollection::{closure:C:\Users\ASUS\Downloads\Projectmagang_dr\Projectmagang_dr\app\Config\Routes.php:153}(Object(CodeIgniter\Router\RouteCollection))
 4 APPPATH\Config\Routes.php(153): CodeIgniter\Router\RouteCollection->group('kabid', [...], Object(Closure))
 5 SYSTEMPATH\Router\RouteCollection.php(339): require('C:\\Users\\ASUS\\Downloads\\Projectmagang_dr\\Projectmagang_dr\\app\\Config\\Routes.php')
 6 SYSTEMPATH\CodeIgniter.php(841): CodeIgniter\Router\RouteCollection->loadRoutes()
 7 SYSTEMPATH\CodeIgniter.php(464): CodeIgniter\CodeIgniter->tryToRouteIt(null)
 8 SYSTEMPATH\CodeIgniter.php(363): CodeIgniter\CodeIgniter->handleRequest(null, Object(Config\Cache), false)
 9 SYSTEMPATH\Boot.php(417): CodeIgniter\CodeIgniter->run()
10 SYSTEMPATH\Boot.php(68): CodeIgniter\Boot::runCodeIgniter(Object(CodeIgniter\CodeIgniter))
11 FCPATH\index.php(59): CodeIgniter\Boot::bootWeb(Object(Config\Paths))
12 SYSTEMPATH\rewrite.php(44): require_once('C:\\Users\\ASUS\\Downloads\\Projectmagang_dr\\Projectmagang_dr\\public\\index.php')
WARNING - 2026-08-04 15:27:52 --> [DEPRECATED] Passing lowercase HTTP method "post" is deprecated. Use uppercase HTTP method like "POST". in SYSTEMPATH\Router\RouteCollection.php on line 1026.
 1 SYSTEMPATH\Router\RouteCollection.php(1026): trigger_error('Passing lowercase HTTP method "post" is deprecated. Use uppercase HTTP method like "POST".', 16384)
 2 APPPATH\Config\Routes.php(165): CodeIgniter\Router\RouteCollection->match([...], 'logbook', '\\App\\Controllers\\Kabid\\C_LogbookKabid::index')
 3 SYSTEMPATH\Router\RouteCollection.php(799): CodeIgniter\Router\RouteCollection::{closure:C:\Users\ASUS\Downloads\Projectmagang_dr\Projectmagang_dr\app\Config\Routes.php:153}(Object(CodeIgniter\Router\RouteCollection))
 4 APPPATH\Config\Routes.php(153): CodeIgniter\Router\RouteCollection->group('kabid', [...], Object(Closure))
 5 SYSTEMPATH\Router\RouteCollection.php(339): require('C:\\Users\\ASUS\\Downloads\\Projectmagang_dr\\Projectmagang_dr\\app\\Config\\Routes.php')
 6 SYSTEMPATH\CodeIgniter.php(841): CodeIgniter\Router\RouteCollection->loadRoutes()
 7 SYSTEMPATH\CodeIgniter.php(464): CodeIgniter\CodeIgniter->tryToRouteIt(null)
 8 SYSTEMPATH\CodeIgniter.php(363): CodeIgniter\CodeIgniter->handleRequest(null, Object(Config\Cache), false)
 9 SYSTEMPATH\Boot.php(417): CodeIgniter\CodeIgniter->run()
10 SYSTEMPATH\Boot.php(68): CodeIgniter\Boot::runCodeIgniter(Object(CodeIgniter\CodeIgniter))
11 FCPATH\index.php(59): CodeIgniter\Boot::bootWeb(Object(Config\Paths))
12 SYSTEMPATH\rewrite.php(44): require_once('C:\\Users\\ASUS\\Downloads\\Projectmagang_dr\\Projectmagang_dr\\public\\index.php')
WARNING - 2026-08-04 15:27:52 --> [DEPRECATED] Passing lowercase HTTP method "get" is deprecated. Use uppercase HTTP method like "GET". in SYSTEMPATH\Router\RouteCollection.php on line 1026.
 1 SYSTEMPATH\Router\RouteCollection.php(1026): trigger_error('Passing lowercase HTTP method "get" is deprecated. Use uppercase HTTP method like "GET".', 16384)
 2 APPPATH\Config\Routes.php(177): CodeIgniter\Router\RouteCollection->match([...], 'upload-dokumen', '\\App\\Controllers\\Kabid\\C_UploadDokumen::index')
 3 SYSTEMPATH\Router\RouteCollection.php(799): CodeIgniter\Router\RouteCollection::{closure:C:\Users\ASUS\Downloads\Projectmagang_dr\Projectmagang_dr\app\Config\Routes.php:153}(Object(CodeIgniter\Router\RouteCollection))
 4 APPPATH\Config\Routes.php(153): CodeIgniter\Router\RouteCollection->group('kabid', [...], Object(Closure))
 5 SYSTEMPATH\Router\RouteCollection.php(339): require('C:\\Users\\ASUS\\Downloads\\Projectmagang_dr\\Projectmagang_dr\\app\\Config\\Routes.php')
 6 SYSTEMPATH\CodeIgniter.php(841): CodeIgniter\Router\RouteCollection->loadRoutes()
 7 SYSTEMPATH\CodeIgniter.php(464): CodeIgniter\CodeIgniter->tryToRouteIt(null)
 8 SYSTEMPATH\CodeIgniter.php(363): CodeIgniter\CodeIgniter->handleRequest(null, Object(Config\Cache), false)
 9 SYSTEMPATH\Boot.php(417): CodeIgniter\CodeIgniter->run()
10 SYSTEMPATH\Boot.php(68): CodeIgniter\Boot::runCodeIgniter(Object(CodeIgniter\CodeIgniter))
11 FCPATH\index.php(59): CodeIgniter\Boot::bootWeb(Object(Config\Paths))
12 SYSTEMPATH\rewrite.php(44): require_once('C:\\Users\\ASUS\\Downloads\\Projectmagang_dr\\Projectmagang_dr\\public\\index.php')
WARNING - 2026-08-04 15:27:52 --> [DEPRECATED] Passing lowercase HTTP method "post" is deprecated. Use uppercase HTTP method like "POST". in SYSTEMPATH\Router\RouteCollection.php on line 1026.
 1 SYSTEMPATH\Router\RouteCollection.php(1026): trigger_error('Passing lowercase HTTP method "post" is deprecated. Use uppercase HTTP method like "POST".', 16384)
 2 APPPATH\Config\Routes.php(177): CodeIgniter\Router\RouteCollection->match([...], 'upload-dokumen', '\\App\\Controllers\\Kabid\\C_UploadDokumen::index')
 3 SYSTEMPATH\Router\RouteCollection.php(799): CodeIgniter\Router\RouteCollection::{closure:C:\Users\ASUS\Downloads\Projectmagang_dr\Projectmagang_dr\app\Config\Routes.php:153}(Object(CodeIgniter\Router\RouteCollection))
 4 APPPATH\Config\Routes.php(153): CodeIgniter\Router\RouteCollection->group('kabid', [...], Object(Closure))
 5 SYSTEMPATH\Router\RouteCollection.php(339): require('C:\\Users\\ASUS\\Downloads\\Projectmagang_dr\\Projectmagang_dr\\app\\Config\\Routes.php')
 6 SYSTEMPATH\CodeIgniter.php(841): CodeIgniter\Router\RouteCollection->loadRoutes()
 7 SYSTEMPATH\CodeIgniter.php(464): CodeIgniter\CodeIgniter->tryToRouteIt(null)
 8 SYSTEMPATH\CodeIgniter.php(363): CodeIgniter\CodeIgniter->handleRequest(null, Object(Config\Cache), false)
 9 SYSTEMPATH\Boot.php(417): CodeIgniter\CodeIgniter->run()
10 SYSTEMPATH\Boot.php(68): CodeIgniter\Boot::runCodeIgniter(Object(CodeIgniter\CodeIgniter))
11 FCPATH\index.php(59): CodeIgniter\Boot::bootWeb(Object(Config\Paths))
12 SYSTEMPATH\rewrite.php(44): require_once('C:\\Users\\ASUS\\Downloads\\Projectmagang_dr\\Projectmagang_dr\\public\\index.php')
DEBUG - 2026-08-04 15:27:52 --> Session: Class initialized using 'CodeIgniter\Session\Handlers\FileHandler' driver.
WARNING - 2026-08-04 15:27:52 --> [DEPRECATED] Passing lowercase HTTP method "get" is deprecated. Use uppercase HTTP method like "GET". in SYSTEMPATH\Router\RouteCollection.php on line 1026.
 1 SYSTEMPATH\Router\RouteCollection.php(1026): trigger_error('Passing lowercase HTTP method "get" is deprecated. Use uppercase HTTP method like "GET".', 16384)
 2 APPPATH\Config\Routes.php(77): CodeIgniter\Router\RouteCollection->match([...], 'logbook', 'C_Logbook::logbook')
 3 SYSTEMPATH\Router\RouteCollection.php(799): CodeIgniter\Router\RouteCollection::{closure:C:\Users\ASUS\Downloads\Projectmagang_dr\Projectmagang_dr\app\Config\Routes.php:59}(Object(CodeIgniter\Router\RouteCollection))
 4 APPPATH\Config\Routes.php(59): CodeIgniter\Router\RouteCollection->group('mahasiswa', [...], Object(Closure))
 5 SYSTEMPATH\Router\RouteCollection.php(339): require('C:\\Users\\ASUS\\Downloads\\Projectmagang_dr\\Projectmagang_dr\\app\\Config\\Routes.php')
 6 SYSTEMPATH\CodeIgniter.php(841): CodeIgniter\Router\RouteCollection->loadRoutes()
 7 SYSTEMPATH\CodeIgniter.php(464): CodeIgniter\CodeIgniter->tryToRouteIt(null)
 8 SYSTEMPATH\CodeIgniter.php(363): CodeIgniter\CodeIgniter->handleRequest(null, Object(Config\Cache), false)
 9 SYSTEMPATH\Boot.php(417): CodeIgniter\CodeIgniter->run()
10 SYSTEMPATH\Boot.php(68): CodeIgniter\Boot::runCodeIgniter(Object(CodeIgniter\CodeIgniter))
11 FCPATH\index.php(59): CodeIgniter\Boot::bootWeb(Object(Config\Paths))
12 SYSTEMPATH\rewrite.php(44): require_once('C:\\Users\\ASUS\\Downloads\\Projectmagang_dr\\Projectmagang_dr\\public\\index.php')
WARNING - 2026-08-04 15:27:52 --> [DEPRECATED] Passing lowercase HTTP method "post" is deprecated. Use uppercase HTTP method like "POST". in SYSTEMPATH\Router\RouteCollection.php on line 1026.
 1 SYSTEMPATH\Router\RouteCollection.php(1026): trigger_error('Passing lowercase HTTP method "post" is deprecated. Use uppercase HTTP method like "POST".', 16384)
 2 APPPATH\Config\Routes.php(77): CodeIgniter\Router\RouteCollection->match([...], 'logbook', 'C_Logbook::logbook')
 3 SYSTEMPATH\Router\RouteCollection.php(799): CodeIgniter\Router\RouteCollection::{closure:C:\Users\ASUS\Downloads\Projectmagang_dr\Projectmagang_dr\app\Config\Routes.php:59}(Object(CodeIgniter\Router\RouteCollection))
 4 APPPATH\Config\Routes.php(59): CodeIgniter\Router\RouteCollection->group('mahasiswa', [...], Object(Closure))
 5 SYSTEMPATH\Router\RouteCollection.php(339): require('C:\\Users\\ASUS\\Downloads\\Projectmagang_dr\\Projectmagang_dr\\app\\Config\\Routes.php')
 6 SYSTEMPATH\CodeIgniter.php(841): CodeIgniter\Router\RouteCollection->loadRoutes()
 7 SYSTEMPATH\CodeIgniter.php(464): CodeIgniter\CodeIgniter->tryToRouteIt(null)
 8 SYSTEMPATH\CodeIgniter.php(363): CodeIgniter\CodeIgniter->handleRequest(null, Object(Config\Cache), false)
 9 SYSTEMPATH\Boot.php(417): CodeIgniter\CodeIgniter->run()
10 SYSTEMPATH\Boot.php(68): CodeIgniter\Boot::runCodeIgniter(Object(CodeIgniter\CodeIgniter))
11 FCPATH\index.php(59): CodeIgniter\Boot::bootWeb(Object(Config\Paths))
12 SYSTEMPATH\rewrite.php(44): require_once('C:\\Users\\ASUS\\Downloads\\Projectmagang_dr\\Projectmagang_dr\\public\\index.php')
WARNING - 2026-08-04 15:27:52 --> [DEPRECATED] Passing lowercase HTTP method "get" is deprecated. Use uppercase HTTP method like "GET". in SYSTEMPATH\Router\RouteCollection.php on line 1026.
 1 SYSTEMPATH\Router\RouteCollection.php(1026): trigger_error('Passing lowercase HTTP method "get" is deprecated. Use uppercase HTTP method like "GET".', 16384)
 2 APPPATH\Config\Routes.php(95): CodeIgniter\Router\RouteCollection->match([...], 'verifikasi', '\\App\\Controllers\\Sekretariat\\C_Verifikasi::index')
 3 SYSTEMPATH\Router\RouteCollection.php(799): CodeIgniter\Router\RouteCollection::{closure:C:\Users\ASUS\Downloads\Projectmagang_dr\Projectmagang_dr\app\Config\Routes.php:89}(Object(CodeIgniter\Router\RouteCollection))
 4 APPPATH\Config\Routes.php(89): CodeIgniter\Router\RouteCollection->group('sekretariat', [...], Object(Closure))
 5 SYSTEMPATH\Router\RouteCollection.php(339): require('C:\\Users\\ASUS\\Downloads\\Projectmagang_dr\\Projectmagang_dr\\app\\Config\\Routes.php')
 6 SYSTEMPATH\CodeIgniter.php(841): CodeIgniter\Router\RouteCollection->loadRoutes()
 7 SYSTEMPATH\CodeIgniter.php(464): CodeIgniter\CodeIgniter->tryToRouteIt(null)
 8 SYSTEMPATH\CodeIgniter.php(363): CodeIgniter\CodeIgniter->handleRequest(null, Object(Config\Cache), false)
 9 SYSTEMPATH\Boot.php(417): CodeIgniter\CodeIgniter->run()
10 SYSTEMPATH\Boot.php(68): CodeIgniter\Boot::runCodeIgniter(Object(CodeIgniter\CodeIgniter))
11 FCPATH\index.php(59): CodeIgniter\Boot::bootWeb(Object(Config\Paths))
12 SYSTEMPATH\rewrite.php(44): require_once('C:\\Users\\ASUS\\Downloads\\Projectmagang_dr\\Projectmagang_dr\\public\\index.php')
WARNING - 2026-08-04 15:27:52 --> [DEPRECATED] Passing lowercase HTTP method "post" is deprecated. Use uppercase HTTP method like "POST". in SYSTEMPATH\Router\RouteCollection.php on line 1026.
 1 SYSTEMPATH\Router\RouteCollection.php(1026): trigger_error('Passing lowercase HTTP method "post" is deprecated. Use uppercase HTTP method like "POST".', 16384)
 2 APPPATH\Config\Routes.php(95): CodeIgniter\Router\RouteCollection->match([...], 'verifikasi', '\\App\\Controllers\\Sekretariat\\C_Verifikasi::index')
 3 SYSTEMPATH\Router\RouteCollection.php(799): CodeIgniter\Router\RouteCollection::{closure:C:\Users\ASUS\Downloads\Projectmagang_dr\Projectmagang_dr\app\Config\Routes.php:89}(Object(CodeIgniter\Router\RouteCollection))
 4 APPPATH\Config\Routes.php(89): CodeIgniter\Router\RouteCollection->group('sekretariat', [...], Object(Closure))
 5 SYSTEMPATH\Router\RouteCollection.php(339): require('C:\\Users\\ASUS\\Downloads\\Projectmagang_dr\\Projectmagang_dr\\app\\Config\\Routes.php')
 6 SYSTEMPATH\CodeIgniter.php(841): CodeIgniter\Router\RouteCollection->loadRoutes()
 7 SYSTEMPATH\CodeIgniter.php(464): CodeIgniter\CodeIgniter->tryToRouteIt(null)
 8 SYSTEMPATH\CodeIgniter.php(363): CodeIgniter\CodeIgniter->handleRequest(null, Object(Config\Cache), false)
 9 SYSTEMPATH\Boot.php(417): CodeIgniter\CodeIgniter->run()
10 SYSTEMPATH\Boot.php(68): CodeIgniter\Boot::runCodeIgniter(Object(CodeIgniter\CodeIgniter))
11 FCPATH\index.php(59): CodeIgniter\Boot::bootWeb(Object(Config\Paths))
12 SYSTEMPATH\rewrite.php(44): require_once('C:\\Users\\ASUS\\Downloads\\Projectmagang_dr\\Projectmagang_dr\\public\\index.php')
WARNING - 2026-08-04 15:27:52 --> [DEPRECATED] Passing lowercase HTTP method "get" is deprecated. Use uppercase HTTP method like "GET". in SYSTEMPATH\Router\RouteCollection.php on line 1026.
 1 SYSTEMPATH\Router\RouteCollection.php(1026): trigger_error('Passing lowercase HTTP method "get" is deprecated. Use uppercase HTTP method like "GET".', 16384)
 2 APPPATH\Config\Routes.php(144): CodeIgniter\Router\RouteCollection->match([...], 'upload-surat-penerimaan', '\\App\\Controllers\\Sekretariat\\C_UploadSuratPenerimaan::index')
 3 SYSTEMPATH\Router\RouteCollection.php(799): CodeIgniter\Router\RouteCollection::{closure:C:\Users\ASUS\Downloads\Projectmagang_dr\Projectmagang_dr\app\Config\Routes.php:89}(Object(CodeIgniter\Router\RouteCollection))
 4 APPPATH\Config\Routes.php(89): CodeIgniter\Router\RouteCollection->group('sekretariat', [...], Object(Closure))
 5 SYSTEMPATH\Router\RouteCollection.php(339): require('C:\\Users\\ASUS\\Downloads\\Projectmagang_dr\\Projectmagang_dr\\app\\Config\\Routes.php')
 6 SYSTEMPATH\CodeIgniter.php(841): CodeIgniter\Router\RouteCollection->loadRoutes()
 7 SYSTEMPATH\CodeIgniter.php(464): CodeIgniter\CodeIgniter->tryToRouteIt(null)
 8 SYSTEMPATH\CodeIgniter.php(363): CodeIgniter\CodeIgniter->handleRequest(null, Object(Config\Cache), false)
 9 SYSTEMPATH\Boot.php(417): CodeIgniter\CodeIgniter->run()
10 SYSTEMPATH\Boot.php(68): CodeIgniter\Boot::runCodeIgniter(Object(CodeIgniter\CodeIgniter))
11 FCPATH\index.php(59): CodeIgniter\Boot::bootWeb(Object(Config\Paths))
12 SYSTEMPATH\rewrite.php(44): require_once('C:\\Users\\ASUS\\Downloads\\Projectmagang_dr\\Projectmagang_dr\\public\\index.php')
WARNING - 2026-08-04 15:27:52 --> [DEPRECATED] Passing lowercase HTTP method "post" is deprecated. Use uppercase HTTP method like "POST". in SYSTEMPATH\Router\RouteCollection.php on line 1026.
 1 SYSTEMPATH\Router\RouteCollection.php(1026): trigger_error('Passing lowercase HTTP method "post" is deprecated. Use uppercase HTTP method like "POST".', 16384)
 2 APPPATH\Config\Routes.php(144): CodeIgniter\Router\RouteCollection->match([...], 'upload-surat-penerimaan', '\\App\\Controllers\\Sekretariat\\C_UploadSuratPenerimaan::index')
 3 SYSTEMPATH\Router\RouteCollection.php(799): CodeIgniter\Router\RouteCollection::{closure:C:\Users\ASUS\Downloads\Projectmagang_dr\Projectmagang_dr\app\Config\Routes.php:89}(Object(CodeIgniter\Router\RouteCollection))
 4 APPPATH\Config\Routes.php(89): CodeIgniter\Router\RouteCollection->group('sekretariat', [...], Object(Closure))
 5 SYSTEMPATH\Router\RouteCollection.php(339): require('C:\\Users\\ASUS\\Downloads\\Projectmagang_dr\\Projectmagang_dr\\app\\Config\\Routes.php')
 6 SYSTEMPATH\CodeIgniter.php(841): CodeIgniter\Router\RouteCollection->loadRoutes()
 7 SYSTEMPATH\CodeIgniter.php(464): CodeIgniter\CodeIgniter->tryToRouteIt(null)
 8 SYSTEMPATH\CodeIgniter.php(363): CodeIgniter\CodeIgniter->handleRequest(null, Object(Config\Cache), false)
 9 SYSTEMPATH\Boot.php(417): CodeIgniter\CodeIgniter->run()
10 SYSTEMPATH\Boot.php(68): CodeIgniter\Boot::runCodeIgniter(Object(CodeIgniter\CodeIgniter))
11 FCPATH\index.php(59): CodeIgniter\Boot::bootWeb(Object(Config\Paths))
12 SYSTEMPATH\rewrite.php(44): require_once('C:\\Users\\ASUS\\Downloads\\Projectmagang_dr\\Projectmagang_dr\\public\\index.php')
WARNING - 2026-08-04 15:27:52 --> [DEPRECATED] Passing lowercase HTTP method "get" is deprecated. Use uppercase HTTP method like "GET". in SYSTEMPATH\Router\RouteCollection.php on line 1026.
 1 SYSTEMPATH\Router\RouteCollection.php(1026): trigger_error('Passing lowercase HTTP method "get" is deprecated. Use uppercase HTTP method like "GET".', 16384)
 2 APPPATH\Config\Routes.php(165): CodeIgniter\Router\RouteCollection->match([...], 'logbook', '\\App\\Controllers\\Kabid\\C_LogbookKabid::index')
 3 SYSTEMPATH\Router\RouteCollection.php(799): CodeIgniter\Router\RouteCollection::{closure:C:\Users\ASUS\Downloads\Projectmagang_dr\Projectmagang_dr\app\Config\Routes.php:153}(Object(CodeIgniter\Router\RouteCollection))
 4 APPPATH\Config\Routes.php(153): CodeIgniter\Router\RouteCollection->group('kabid', [...], Object(Closure))
 5 SYSTEMPATH\Router\RouteCollection.php(339): require('C:\\Users\\ASUS\\Downloads\\Projectmagang_dr\\Projectmagang_dr\\app\\Config\\Routes.php')
 6 SYSTEMPATH\CodeIgniter.php(841): CodeIgniter\Router\RouteCollection->loadRoutes()
 7 SYSTEMPATH\CodeIgniter.php(464): CodeIgniter\CodeIgniter->tryToRouteIt(null)
 8 SYSTEMPATH\CodeIgniter.php(363): CodeIgniter\CodeIgniter->handleRequest(null, Object(Config\Cache), false)
 9 SYSTEMPATH\Boot.php(417): CodeIgniter\CodeIgniter->run()
10 SYSTEMPATH\Boot.php(68): CodeIgniter\Boot::runCodeIgniter(Object(CodeIgniter\CodeIgniter))
11 FCPATH\index.php(59): CodeIgniter\Boot::bootWeb(Object(Config\Paths))
12 SYSTEMPATH\rewrite.php(44): require_once('C:\\Users\\ASUS\\Downloads\\Projectmagang_dr\\Projectmagang_dr\\public\\index.php')
WARNING - 2026-08-04 15:27:52 --> [DEPRECATED] Passing lowercase HTTP method "post" is deprecated. Use uppercase HTTP method like "POST". in SYSTEMPATH\Router\RouteCollection.php on line 1026.
 1 SYSTEMPATH\Router\RouteCollection.php(1026): trigger_error('Passing lowercase HTTP method "post" is deprecated. Use uppercase HTTP method like "POST".', 16384)
 2 APPPATH\Config\Routes.php(165): CodeIgniter\Router\RouteCollection->match([...], 'logbook', '\\App\\Controllers\\Kabid\\C_LogbookKabid::index')
 3 SYSTEMPATH\Router\RouteCollection.php(799): CodeIgniter\Router\RouteCollection::{closure:C:\Users\ASUS\Downloads\Projectmagang_dr\Projectmagang_dr\app\Config\Routes.php:153}(Object(CodeIgniter\Router\RouteCollection))
 4 APPPATH\Config\Routes.php(153): CodeIgniter\Router\RouteCollection->group('kabid', [...], Object(Closure))
 5 SYSTEMPATH\Router\RouteCollection.php(339): require('C:\\Users\\ASUS\\Downloads\\Projectmagang_dr\\Projectmagang_dr\\app\\Config\\Routes.php')
 6 SYSTEMPATH\CodeIgniter.php(841): CodeIgniter\Router\RouteCollection->loadRoutes()
 7 SYSTEMPATH\CodeIgniter.php(464): CodeIgniter\CodeIgniter->tryToRouteIt(null)
 8 SYSTEMPATH\CodeIgniter.php(363): CodeIgniter\CodeIgniter->handleRequest(null, Object(Config\Cache), false)
 9 SYSTEMPATH\Boot.php(417): CodeIgniter\CodeIgniter->run()
10 SYSTEMPATH\Boot.php(68): CodeIgniter\Boot::runCodeIgniter(Object(CodeIgniter\CodeIgniter))
11 FCPATH\index.php(59): CodeIgniter\Boot::bootWeb(Object(Config\Paths))
12 SYSTEMPATH\rewrite.php(44): require_once('C:\\Users\\ASUS\\Downloads\\Projectmagang_dr\\Projectmagang_dr\\public\\index.php')
WARNING - 2026-08-04 15:27:52 --> [DEPRECATED] Passing lowercase HTTP method "get" is deprecated. Use uppercase HTTP method like "GET". in SYSTEMPATH\Router\RouteCollection.php on line 1026.
 1 SYSTEMPATH\Router\RouteCollection.php(1026): trigger_error('Passing lowercase HTTP method "get" is deprecated. Use uppercase HTTP method like "GET".', 16384)
 2 APPPATH\Config\Routes.php(177): CodeIgniter\Router\RouteCollection->match([...], 'upload-dokumen', '\\App\\Controllers\\Kabid\\C_UploadDokumen::index')
 3 SYSTEMPATH\Router\RouteCollection.php(799): CodeIgniter\Router\RouteCollection::{closure:C:\Users\ASUS\Downloads\Projectmagang_dr\Projectmagang_dr\app\Config\Routes.php:153}(Object(CodeIgniter\Router\RouteCollection))
 4 APPPATH\Config\Routes.php(153): CodeIgniter\Router\RouteCollection->group('kabid', [...], Object(Closure))
 5 SYSTEMPATH\Router\RouteCollection.php(339): require('C:\\Users\\ASUS\\Downloads\\Projectmagang_dr\\Projectmagang_dr\\app\\Config\\Routes.php')
 6 SYSTEMPATH\CodeIgniter.php(841): CodeIgniter\Router\RouteCollection->loadRoutes()
 7 SYSTEMPATH\CodeIgniter.php(464): CodeIgniter\CodeIgniter->tryToRouteIt(null)
 8 SYSTEMPATH\CodeIgniter.php(363): CodeIgniter\CodeIgniter->handleRequest(null, Object(Config\Cache), false)
 9 SYSTEMPATH\Boot.php(417): CodeIgniter\CodeIgniter->run()
10 SYSTEMPATH\Boot.php(68): CodeIgniter\Boot::runCodeIgniter(Object(CodeIgniter\CodeIgniter))
11 FCPATH\index.php(59): CodeIgniter\Boot::bootWeb(Object(Config\Paths))
12 SYSTEMPATH\rewrite.php(44): require_once('C:\\Users\\ASUS\\Downloads\\Projectmagang_dr\\Projectmagang_dr\\public\\index.php')
WARNING - 2026-08-04 15:27:52 --> [DEPRECATED] Passing lowercase HTTP method "post" is deprecated. Use uppercase HTTP method like "POST". in SYSTEMPATH\Router\RouteCollection.php on line 1026.
 1 SYSTEMPATH\Router\RouteCollection.php(1026): trigger_error('Passing lowercase HTTP method "post" is deprecated. Use uppercase HTTP method like "POST".', 16384)
 2 APPPATH\Config\Routes.php(177): CodeIgniter\Router\RouteCollection->match([...], 'upload-dokumen', '\\App\\Controllers\\Kabid\\C_UploadDokumen::index')
 3 SYSTEMPATH\Router\RouteCollection.php(799): CodeIgniter\Router\RouteCollection::{closure:C:\Users\ASUS\Downloads\Projectmagang_dr\Projectmagang_dr\app\Config\Routes.php:153}(Object(CodeIgniter\Router\RouteCollection))
 4 APPPATH\Config\Routes.php(153): CodeIgniter\Router\RouteCollection->group('kabid', [...], Object(Closure))
 5 SYSTEMPATH\Router\RouteCollection.php(339): require('C:\\Users\\ASUS\\Downloads\\Projectmagang_dr\\Projectmagang_dr\\app\\Config\\Routes.php')
 6 SYSTEMPATH\CodeIgniter.php(841): CodeIgniter\Router\RouteCollection->loadRoutes()
 7 SYSTEMPATH\CodeIgniter.php(464): CodeIgniter\CodeIgniter->tryToRouteIt(null)
 8 SYSTEMPATH\CodeIgniter.php(363): CodeIgniter\CodeIgniter->handleRequest(null, Object(Config\Cache), false)
 9 SYSTEMPATH\Boot.php(417): CodeIgniter\CodeIgniter->run()
10 SYSTEMPATH\Boot.php(68): CodeIgniter\Boot::runCodeIgniter(Object(CodeIgniter\CodeIgniter))
11 FCPATH\index.php(59): CodeIgniter\Boot::bootWeb(Object(Config\Paths))
12 SYSTEMPATH\rewrite.php(44): require_once('C:\\Users\\ASUS\\Downloads\\Projectmagang_dr\\Projectmagang_dr\\public\\index.php')
DEBUG - 2026-08-04 15:27:52 --> Session: Class initialized using 'CodeIgniter\Session\Handlers\FileHandler' driver.
WARNING - 2026-08-04 15:27:55 --> [DEPRECATED] Passing lowercase HTTP method "get" is deprecated. Use uppercase HTTP method like "GET". in SYSTEMPATH\Router\RouteCollection.php on line 1026.
 1 SYSTEMPATH\Router\RouteCollection.php(1026): trigger_error('Passing lowercase HTTP method "get" is deprecated. Use uppercase HTTP method like "GET".', 16384)
 2 APPPATH\Config\Routes.php(77): CodeIgniter\Router\RouteCollection->match([...], 'logbook', 'C_Logbook::logbook')
 3 SYSTEMPATH\Router\RouteCollection.php(799): CodeIgniter\Router\RouteCollection::{closure:C:\Users\ASUS\Downloads\Projectmagang_dr\Projectmagang_dr\app\Config\Routes.php:59}(Object(CodeIgniter\Router\RouteCollection))
 4 APPPATH\Config\Routes.php(59): CodeIgniter\Router\RouteCollection->group('mahasiswa', [...], Object(Closure))
 5 SYSTEMPATH\Router\RouteCollection.php(339): require('C:\\Users\\ASUS\\Downloads\\Projectmagang_dr\\Projectmagang_dr\\app\\Config\\Routes.php')
 6 SYSTEMPATH\CodeIgniter.php(841): CodeIgniter\Router\RouteCollection->loadRoutes()
 7 SYSTEMPATH\CodeIgniter.php(464): CodeIgniter\CodeIgniter->tryToRouteIt(null)
 8 SYSTEMPATH\CodeIgniter.php(363): CodeIgniter\CodeIgniter->handleRequest(null, Object(Config\Cache), false)
 9 SYSTEMPATH\Boot.php(417): CodeIgniter\CodeIgniter->run()
10 SYSTEMPATH\Boot.php(68): CodeIgniter\Boot::runCodeIgniter(Object(CodeIgniter\CodeIgniter))
11 FCPATH\index.php(59): CodeIgniter\Boot::bootWeb(Object(Config\Paths))
12 SYSTEMPATH\rewrite.php(44): require_once('C:\\Users\\ASUS\\Downloads\\Projectmagang_dr\\Projectmagang_dr\\public\\index.php')
WARNING - 2026-08-04 15:27:55 --> [DEPRECATED] Passing lowercase HTTP method "post" is deprecated. Use uppercase HTTP method like "POST". in SYSTEMPATH\Router\RouteCollection.php on line 1026.
 1 SYSTEMPATH\Router\RouteCollection.php(1026): trigger_error('Passing lowercase HTTP method "post" is deprecated. Use uppercase HTTP method like "POST".', 16384)
 2 APPPATH\Config\Routes.php(77): CodeIgniter\Router\RouteCollection->match([...], 'logbook', 'C_Logbook::logbook')
 3 SYSTEMPATH\Router\RouteCollection.php(799): CodeIgniter\Router\RouteCollection::{closure:C:\Users\ASUS\Downloads\Projectmagang_dr\Projectmagang_dr\app\Config\Routes.php:59}(Object(CodeIgniter\Router\RouteCollection))
 4 APPPATH\Config\Routes.php(59): CodeIgniter\Router\RouteCollection->group('mahasiswa', [...], Object(Closure))
 5 SYSTEMPATH\Router\RouteCollection.php(339): require('C:\\Users\\ASUS\\Downloads\\Projectmagang_dr\\Projectmagang_dr\\app\\Config\\Routes.php')
 6 SYSTEMPATH\CodeIgniter.php(841): CodeIgniter\Router\RouteCollection->loadRoutes()
 7 SYSTEMPATH\CodeIgniter.php(464): CodeIgniter\CodeIgniter->tryToRouteIt(null)
 8 SYSTEMPATH\CodeIgniter.php(363): CodeIgniter\CodeIgniter->handleRequest(null, Object(Config\Cache), false)
 9 SYSTEMPATH\Boot.php(417): CodeIgniter\CodeIgniter->run()
10 SYSTEMPATH\Boot.php(68): CodeIgniter\Boot::runCodeIgniter(Object(CodeIgniter\CodeIgniter))
11 FCPATH\index.php(59): CodeIgniter\Boot::bootWeb(Object(Config\Paths))
12 SYSTEMPATH\rewrite.php(44): require_once('C:\\Users\\ASUS\\Downloads\\Projectmagang_dr\\Projectmagang_dr\\public\\index.php')
WARNING - 2026-08-04 15:27:55 --> [DEPRECATED] Passing lowercase HTTP method "get" is deprecated. Use uppercase HTTP method like "GET". in SYSTEMPATH\Router\RouteCollection.php on line 1026.
 1 SYSTEMPATH\Router\RouteCollection.php(1026): trigger_error('Passing lowercase HTTP method "get" is deprecated. Use uppercase HTTP method like "GET".', 16384)
 2 APPPATH\Config\Routes.php(95): CodeIgniter\Router\RouteCollection->match([...], 'verifikasi', '\\App\\Controllers\\Sekretariat\\C_Verifikasi::index')
 3 SYSTEMPATH\Router\RouteCollection.php(799): CodeIgniter\Router\RouteCollection::{closure:C:\Users\ASUS\Downloads\Projectmagang_dr\Projectmagang_dr\app\Config\Routes.php:89}(Object(CodeIgniter\Router\RouteCollection))
 4 APPPATH\Config\Routes.php(89): CodeIgniter\Router\RouteCollection->group('sekretariat', [...], Object(Closure))
 5 SYSTEMPATH\Router\RouteCollection.php(339): require('C:\\Users\\ASUS\\Downloads\\Projectmagang_dr\\Projectmagang_dr\\app\\Config\\Routes.php')
 6 SYSTEMPATH\CodeIgniter.php(841): CodeIgniter\Router\RouteCollection->loadRoutes()
 7 SYSTEMPATH\CodeIgniter.php(464): CodeIgniter\CodeIgniter->tryToRouteIt(null)
 8 SYSTEMPATH\CodeIgniter.php(363): CodeIgniter\CodeIgniter->handleRequest(null, Object(Config\Cache), false)
 9 SYSTEMPATH\Boot.php(417): CodeIgniter\CodeIgniter->run()
10 SYSTEMPATH\Boot.php(68): CodeIgniter\Boot::runCodeIgniter(Object(CodeIgniter\CodeIgniter))
11 FCPATH\index.php(59): CodeIgniter\Boot::bootWeb(Object(Config\Paths))
12 SYSTEMPATH\rewrite.php(44): require_once('C:\\Users\\ASUS\\Downloads\\Projectmagang_dr\\Projectmagang_dr\\public\\index.php')
WARNING - 2026-08-04 15:27:55 --> [DEPRECATED] Passing lowercase HTTP method "post" is deprecated. Use uppercase HTTP method like "POST". in SYSTEMPATH\Router\RouteCollection.php on line 1026.
 1 SYSTEMPATH\Router\RouteCollection.php(1026): trigger_error('Passing lowercase HTTP method "post" is deprecated. Use uppercase HTTP method like "POST".', 16384)
 2 APPPATH\Config\Routes.php(95): CodeIgniter\Router\RouteCollection->match([...], 'verifikasi', '\\App\\Controllers\\Sekretariat\\C_Verifikasi::index')
 3 SYSTEMPATH\Router\RouteCollection.php(799): CodeIgniter\Router\RouteCollection::{closure:C:\Users\ASUS\Downloads\Projectmagang_dr\Projectmagang_dr\app\Config\Routes.php:89}(Object(CodeIgniter\Router\RouteCollection))
 4 APPPATH\Config\Routes.php(89): CodeIgniter\Router\RouteCollection->group('sekretariat', [...], Object(Closure))
 5 SYSTEMPATH\Router\RouteCollection.php(339): require('C:\\Users\\ASUS\\Downloads\\Projectmagang_dr\\Projectmagang_dr\\app\\Config\\Routes.php')
 6 SYSTEMPATH\CodeIgniter.php(841): CodeIgniter\Router\RouteCollection->loadRoutes()
 7 SYSTEMPATH\CodeIgniter.php(464): CodeIgniter\CodeIgniter->tryToRouteIt(null)
 8 SYSTEMPATH\CodeIgniter.php(363): CodeIgniter\CodeIgniter->handleRequest(null, Object(Config\Cache), false)
 9 SYSTEMPATH\Boot.php(417): CodeIgniter\CodeIgniter->run()
10 SYSTEMPATH\Boot.php(68): CodeIgniter\Boot::runCodeIgniter(Object(CodeIgniter\CodeIgniter))
11 FCPATH\index.php(59): CodeIgniter\Boot::bootWeb(Object(Config\Paths))
12 SYSTEMPATH\rewrite.php(44): require_once('C:\\Users\\ASUS\\Downloads\\Projectmagang_dr\\Projectmagang_dr\\public\\index.php')
WARNING - 2026-08-04 15:27:55 --> [DEPRECATED] Passing lowercase HTTP method "get" is deprecated. Use uppercase HTTP method like "GET". in SYSTEMPATH\Router\RouteCollection.php on line 1026.
 1 SYSTEMPATH\Router\RouteCollection.php(1026): trigger_error('Passing lowercase HTTP method "get" is deprecated. Use uppercase HTTP method like "GET".', 16384)
 2 APPPATH\Config\Routes.php(144): CodeIgniter\Router\RouteCollection->match([...], 'upload-surat-penerimaan', '\\App\\Controllers\\Sekretariat\\C_UploadSuratPenerimaan::index')
 3 SYSTEMPATH\Router\RouteCollection.php(799): CodeIgniter\Router\RouteCollection::{closure:C:\Users\ASUS\Downloads\Projectmagang_dr\Projectmagang_dr\app\Config\Routes.php:89}(Object(CodeIgniter\Router\RouteCollection))
 4 APPPATH\Config\Routes.php(89): CodeIgniter\Router\RouteCollection->group('sekretariat', [...], Object(Closure))
 5 SYSTEMPATH\Router\RouteCollection.php(339): require('C:\\Users\\ASUS\\Downloads\\Projectmagang_dr\\Projectmagang_dr\\app\\Config\\Routes.php')
 6 SYSTEMPATH\CodeIgniter.php(841): CodeIgniter\Router\RouteCollection->loadRoutes()
 7 SYSTEMPATH\CodeIgniter.php(464): CodeIgniter\CodeIgniter->tryToRouteIt(null)
 8 SYSTEMPATH\CodeIgniter.php(363): CodeIgniter\CodeIgniter->handleRequest(null, Object(Config\Cache), false)
 9 SYSTEMPATH\Boot.php(417): CodeIgniter\CodeIgniter->run()
10 SYSTEMPATH\Boot.php(68): CodeIgniter\Boot::runCodeIgniter(Object(CodeIgniter\CodeIgniter))
11 FCPATH\index.php(59): CodeIgniter\Boot::bootWeb(Object(Config\Paths))
12 SYSTEMPATH\rewrite.php(44): require_once('C:\\Users\\ASUS\\Downloads\\Projectmagang_dr\\Projectmagang_dr\\public\\index.php')
WARNING - 2026-08-04 15:27:55 --> [DEPRECATED] Passing lowercase HTTP method "post" is deprecated. Use uppercase HTTP method like "POST". in SYSTEMPATH\Router\RouteCollection.php on line 1026.
 1 SYSTEMPATH\Router\RouteCollection.php(1026): trigger_error('Passing lowercase HTTP method "post" is deprecated. Use uppercase HTTP method like "POST".', 16384)
 2 APPPATH\Config\Routes.php(144): CodeIgniter\Router\RouteCollection->match([...], 'upload-surat-penerimaan', '\\App\\Controllers\\Sekretariat\\C_UploadSuratPenerimaan::index')
 3 SYSTEMPATH\Router\RouteCollection.php(799): CodeIgniter\Router\RouteCollection::{closure:C:\Users\ASUS\Downloads\Projectmagang_dr\Projectmagang_dr\app\Config\Routes.php:89}(Object(CodeIgniter\Router\RouteCollection))
 4 APPPATH\Config\Routes.php(89): CodeIgniter\Router\RouteCollection->group('sekretariat', [...], Object(Closure))
 5 SYSTEMPATH\Router\RouteCollection.php(339): require('C:\\Users\\ASUS\\Downloads\\Projectmagang_dr\\Projectmagang_dr\\app\\Config\\Routes.php')
 6 SYSTEMPATH\CodeIgniter.php(841): CodeIgniter\Router\RouteCollection->loadRoutes()
 7 SYSTEMPATH\CodeIgniter.php(464): CodeIgniter\CodeIgniter->tryToRouteIt(null)
 8 SYSTEMPATH\CodeIgniter.php(363): CodeIgniter\CodeIgniter->handleRequest(null, Object(Config\Cache), false)
 9 SYSTEMPATH\Boot.php(417): CodeIgniter\CodeIgniter->run()
10 SYSTEMPATH\Boot.php(68): CodeIgniter\Boot::runCodeIgniter(Object(CodeIgniter\CodeIgniter))
11 FCPATH\index.php(59): CodeIgniter\Boot::bootWeb(Object(Config\Paths))
12 SYSTEMPATH\rewrite.php(44): require_once('C:\\Users\\ASUS\\Downloads\\Projectmagang_dr\\Projectmagang_dr\\public\\index.php')
WARNING - 2026-08-04 15:27:55 --> [DEPRECATED] Passing lowercase HTTP method "get" is deprecated. Use uppercase HTTP method like "GET". in SYSTEMPATH\Router\RouteCollection.php on line 1026.
 1 SYSTEMPATH\Router\RouteCollection.php(1026): trigger_error('Passing lowercase HTTP method "get" is deprecated. Use uppercase HTTP method like "GET".', 16384)
 2 APPPATH\Config\Routes.php(165): CodeIgniter\Router\RouteCollection->match([...], 'logbook', '\\App\\Controllers\\Kabid\\C_LogbookKabid::index')
 3 SYSTEMPATH\Router\RouteCollection.php(799): CodeIgniter\Router\RouteCollection::{closure:C:\Users\ASUS\Downloads\Projectmagang_dr\Projectmagang_dr\app\Config\Routes.php:153}(Object(CodeIgniter\Router\RouteCollection))
 4 APPPATH\Config\Routes.php(153): CodeIgniter\Router\RouteCollection->group('kabid', [...], Object(Closure))
 5 SYSTEMPATH\Router\RouteCollection.php(339): require('C:\\Users\\ASUS\\Downloads\\Projectmagang_dr\\Projectmagang_dr\\app\\Config\\Routes.php')
 6 SYSTEMPATH\CodeIgniter.php(841): CodeIgniter\Router\RouteCollection->loadRoutes()
 7 SYSTEMPATH\CodeIgniter.php(464): CodeIgniter\CodeIgniter->tryToRouteIt(null)
 8 SYSTEMPATH\CodeIgniter.php(363): CodeIgniter\CodeIgniter->handleRequest(null, Object(Config\Cache), false)
 9 SYSTEMPATH\Boot.php(417): CodeIgniter\CodeIgniter->run()
10 SYSTEMPATH\Boot.php(68): CodeIgniter\Boot::runCodeIgniter(Object(CodeIgniter\CodeIgniter))
11 FCPATH\index.php(59): CodeIgniter\Boot::bootWeb(Object(Config\Paths))
12 SYSTEMPATH\rewrite.php(44): require_once('C:\\Users\\ASUS\\Downloads\\Projectmagang_dr\\Projectmagang_dr\\public\\index.php')
WARNING - 2026-08-04 15:27:55 --> [DEPRECATED] Passing lowercase HTTP method "post" is deprecated. Use uppercase HTTP method like "POST". in SYSTEMPATH\Router\RouteCollection.php on line 1026.
 1 SYSTEMPATH\Router\RouteCollection.php(1026): trigger_error('Passing lowercase HTTP method "post" is deprecated. Use uppercase HTTP method like "POST".', 16384)
 2 APPPATH\Config\Routes.php(165): CodeIgniter\Router\RouteCollection->match([...], 'logbook', '\\App\\Controllers\\Kabid\\C_LogbookKabid::index')
 3 SYSTEMPATH\Router\RouteCollection.php(799): CodeIgniter\Router\RouteCollection::{closure:C:\Users\ASUS\Downloads\Projectmagang_dr\Projectmagang_dr\app\Config\Routes.php:153}(Object(CodeIgniter\Router\RouteCollection))
 4 APPPATH\Config\Routes.php(153): CodeIgniter\Router\RouteCollection->group('kabid', [...], Object(Closure))
 5 SYSTEMPATH\Router\RouteCollection.php(339): require('C:\\Users\\ASUS\\Downloads\\Projectmagang_dr\\Projectmagang_dr\\app\\Config\\Routes.php')
 6 SYSTEMPATH\CodeIgniter.php(841): CodeIgniter\Router\RouteCollection->loadRoutes()
 7 SYSTEMPATH\CodeIgniter.php(464): CodeIgniter\CodeIgniter->tryToRouteIt(null)
 8 SYSTEMPATH\CodeIgniter.php(363): CodeIgniter\CodeIgniter->handleRequest(null, Object(Config\Cache), false)
 9 SYSTEMPATH\Boot.php(417): CodeIgniter\CodeIgniter->run()
10 SYSTEMPATH\Boot.php(68): CodeIgniter\Boot::runCodeIgniter(Object(CodeIgniter\CodeIgniter))
11 FCPATH\index.php(59): CodeIgniter\Boot::bootWeb(Object(Config\Paths))
12 SYSTEMPATH\rewrite.php(44): require_once('C:\\Users\\ASUS\\Downloads\\Projectmagang_dr\\Projectmagang_dr\\public\\index.php')
WARNING - 2026-08-04 15:27:55 --> [DEPRECATED] Passing lowercase HTTP method "get" is deprecated. Use uppercase HTTP method like "GET". in SYSTEMPATH\Router\RouteCollection.php on line 1026.
 1 SYSTEMPATH\Router\RouteCollection.php(1026): trigger_error('Passing lowercase HTTP method "get" is deprecated. Use uppercase HTTP method like "GET".', 16384)
 2 APPPATH\Config\Routes.php(177): CodeIgniter\Router\RouteCollection->match([...], 'upload-dokumen', '\\App\\Controllers\\Kabid\\C_UploadDokumen::index')
 3 SYSTEMPATH\Router\RouteCollection.php(799): CodeIgniter\Router\RouteCollection::{closure:C:\Users\ASUS\Downloads\Projectmagang_dr\Projectmagang_dr\app\Config\Routes.php:153}(Object(CodeIgniter\Router\RouteCollection))
 4 APPPATH\Config\Routes.php(153): CodeIgniter\Router\RouteCollection->group('kabid', [...], Object(Closure))
 5 SYSTEMPATH\Router\RouteCollection.php(339): require('C:\\Users\\ASUS\\Downloads\\Projectmagang_dr\\Projectmagang_dr\\app\\Config\\Routes.php')
 6 SYSTEMPATH\CodeIgniter.php(841): CodeIgniter\Router\RouteCollection->loadRoutes()
 7 SYSTEMPATH\CodeIgniter.php(464): CodeIgniter\CodeIgniter->tryToRouteIt(null)
 8 SYSTEMPATH\CodeIgniter.php(363): CodeIgniter\CodeIgniter->handleRequest(null, Object(Config\Cache), false)
 9 SYSTEMPATH\Boot.php(417): CodeIgniter\CodeIgniter->run()
10 SYSTEMPATH\Boot.php(68): CodeIgniter\Boot::runCodeIgniter(Object(CodeIgniter\CodeIgniter))
11 FCPATH\index.php(59): CodeIgniter\Boot::bootWeb(Object(Config\Paths))
12 SYSTEMPATH\rewrite.php(44): require_once('C:\\Users\\ASUS\\Downloads\\Projectmagang_dr\\Projectmagang_dr\\public\\index.php')
WARNING - 2026-08-04 15:27:55 --> [DEPRECATED] Passing lowercase HTTP method "post" is deprecated. Use uppercase HTTP method like "POST". in SYSTEMPATH\Router\RouteCollection.php on line 1026.
 1 SYSTEMPATH\Router\RouteCollection.php(1026): trigger_error('Passing lowercase HTTP method "post" is deprecated. Use uppercase HTTP method like "POST".', 16384)
 2 APPPATH\Config\Routes.php(177): CodeIgniter\Router\RouteCollection->match([...], 'upload-dokumen', '\\App\\Controllers\\Kabid\\C_UploadDokumen::index')
 3 SYSTEMPATH\Router\RouteCollection.php(799): CodeIgniter\Router\RouteCollection::{closure:C:\Users\ASUS\Downloads\Projectmagang_dr\Projectmagang_dr\app\Config\Routes.php:153}(Object(CodeIgniter\Router\RouteCollection))
 4 APPPATH\Config\Routes.php(153): CodeIgniter\Router\RouteCollection->group('kabid', [...], Object(Closure))
 5 SYSTEMPATH\Router\RouteCollection.php(339): require('C:\\Users\\ASUS\\Downloads\\Projectmagang_dr\\Projectmagang_dr\\app\\Config\\Routes.php')
 6 SYSTEMPATH\CodeIgniter.php(841): CodeIgniter\Router\RouteCollection->loadRoutes()
 7 SYSTEMPATH\CodeIgniter.php(464): CodeIgniter\CodeIgniter->tryToRouteIt(null)
 8 SYSTEMPATH\CodeIgniter.php(363): CodeIgniter\CodeIgniter->handleRequest(null, Object(Config\Cache), false)
 9 SYSTEMPATH\Boot.php(417): CodeIgniter\CodeIgniter->run()
10 SYSTEMPATH\Boot.php(68): CodeIgniter\Boot::runCodeIgniter(Object(CodeIgniter\CodeIgniter))
11 FCPATH\index.php(59): CodeIgniter\Boot::bootWeb(Object(Config\Paths))
12 SYSTEMPATH\rewrite.php(44): require_once('C:\\Users\\ASUS\\Downloads\\Projectmagang_dr\\Projectmagang_dr\\public\\index.php')
DEBUG - 2026-08-04 15:27:55 --> Session: Class initialized using 'CodeIgniter\Session\Handlers\FileHandler' driver.
WARNING - 2026-08-04 15:27:58 --> [DEPRECATED] Passing lowercase HTTP method "get" is deprecated. Use uppercase HTTP method like "GET". in SYSTEMPATH\Router\RouteCollection.php on line 1026.
 1 SYSTEMPATH\Router\RouteCollection.php(1026): trigger_error('Passing lowercase HTTP method "get" is deprecated. Use uppercase HTTP method like "GET".', 16384)
 2 APPPATH\Config\Routes.php(77): CodeIgniter\Router\RouteCollection->match([...], 'logbook', 'C_Logbook::logbook')
 3 SYSTEMPATH\Router\RouteCollection.php(799): CodeIgniter\Router\RouteCollection::{closure:C:\Users\ASUS\Downloads\Projectmagang_dr\Projectmagang_dr\app\Config\Routes.php:59}(Object(CodeIgniter\Router\RouteCollection))
 4 APPPATH\Config\Routes.php(59): CodeIgniter\Router\RouteCollection->group('mahasiswa', [...], Object(Closure))
 5 SYSTEMPATH\Router\RouteCollection.php(339): require('C:\\Users\\ASUS\\Downloads\\Projectmagang_dr\\Projectmagang_dr\\app\\Config\\Routes.php')
 6 SYSTEMPATH\CodeIgniter.php(841): CodeIgniter\Router\RouteCollection->loadRoutes()
 7 SYSTEMPATH\CodeIgniter.php(464): CodeIgniter\CodeIgniter->tryToRouteIt(null)
 8 SYSTEMPATH\CodeIgniter.php(363): CodeIgniter\CodeIgniter->handleRequest(null, Object(Config\Cache), false)
 9 SYSTEMPATH\Boot.php(417): CodeIgniter\CodeIgniter->run()
10 SYSTEMPATH\Boot.php(68): CodeIgniter\Boot::runCodeIgniter(Object(CodeIgniter\CodeIgniter))
11 FCPATH\index.php(59): CodeIgniter\Boot::bootWeb(Object(Config\Paths))
12 SYSTEMPATH\rewrite.php(44): require_once('C:\\Users\\ASUS\\Downloads\\Projectmagang_dr\\Projectmagang_dr\\public\\index.php')
WARNING - 2026-08-04 15:27:58 --> [DEPRECATED] Passing lowercase HTTP method "post" is deprecated. Use uppercase HTTP method like "POST". in SYSTEMPATH\Router\RouteCollection.php on line 1026.
 1 SYSTEMPATH\Router\RouteCollection.php(1026): trigger_error('Passing lowercase HTTP method "post" is deprecated. Use uppercase HTTP method like "POST".', 16384)
 2 APPPATH\Config\Routes.php(77): CodeIgniter\Router\RouteCollection->match([...], 'logbook', 'C_Logbook::logbook')
 3 SYSTEMPATH\Router\RouteCollection.php(799): CodeIgniter\Router\RouteCollection::{closure:C:\Users\ASUS\Downloads\Projectmagang_dr\Projectmagang_dr\app\Config\Routes.php:59}(Object(CodeIgniter\Router\RouteCollection))
 4 APPPATH\Config\Routes.php(59): CodeIgniter\Router\RouteCollection->group('mahasiswa', [...], Object(Closure))
 5 SYSTEMPATH\Router\RouteCollection.php(339): require('C:\\Users\\ASUS\\Downloads\\Projectmagang_dr\\Projectmagang_dr\\app\\Config\\Routes.php')
 6 SYSTEMPATH\CodeIgniter.php(841): CodeIgniter\Router\RouteCollection->loadRoutes()
 7 SYSTEMPATH\CodeIgniter.php(464): CodeIgniter\CodeIgniter->tryToRouteIt(null)
 8 SYSTEMPATH\CodeIgniter.php(363): CodeIgniter\CodeIgniter->handleRequest(null, Object(Config\Cache), false)
 9 SYSTEMPATH\Boot.php(417): CodeIgniter\CodeIgniter->run()
10 SYSTEMPATH\Boot.php(68): CodeIgniter\Boot::runCodeIgniter(Object(CodeIgniter\CodeIgniter))
11 FCPATH\index.php(59): CodeIgniter\Boot::bootWeb(Object(Config\Paths))
12 SYSTEMPATH\rewrite.php(44): require_once('C:\\Users\\ASUS\\Downloads\\Projectmagang_dr\\Projectmagang_dr\\public\\index.php')
WARNING - 2026-08-04 15:27:58 --> [DEPRECATED] Passing lowercase HTTP method "get" is deprecated. Use uppercase HTTP method like "GET". in SYSTEMPATH\Router\RouteCollection.php on line 1026.
 1 SYSTEMPATH\Router\RouteCollection.php(1026): trigger_error('Passing lowercase HTTP method "get" is deprecated. Use uppercase HTTP method like "GET".', 16384)
 2 APPPATH\Config\Routes.php(95): CodeIgniter\Router\RouteCollection->match([...], 'verifikasi', '\\App\\Controllers\\Sekretariat\\C_Verifikasi::index')
 3 SYSTEMPATH\Router\RouteCollection.php(799): CodeIgniter\Router\RouteCollection::{closure:C:\Users\ASUS\Downloads\Projectmagang_dr\Projectmagang_dr\app\Config\Routes.php:89}(Object(CodeIgniter\Router\RouteCollection))
 4 APPPATH\Config\Routes.php(89): CodeIgniter\Router\RouteCollection->group('sekretariat', [...], Object(Closure))
 5 SYSTEMPATH\Router\RouteCollection.php(339): require('C:\\Users\\ASUS\\Downloads\\Projectmagang_dr\\Projectmagang_dr\\app\\Config\\Routes.php')
 6 SYSTEMPATH\CodeIgniter.php(841): CodeIgniter\Router\RouteCollection->loadRoutes()
 7 SYSTEMPATH\CodeIgniter.php(464): CodeIgniter\CodeIgniter->tryToRouteIt(null)
 8 SYSTEMPATH\CodeIgniter.php(363): CodeIgniter\CodeIgniter->handleRequest(null, Object(Config\Cache), false)
 9 SYSTEMPATH\Boot.php(417): CodeIgniter\CodeIgniter->run()
10 SYSTEMPATH\Boot.php(68): CodeIgniter\Boot::runCodeIgniter(Object(CodeIgniter\CodeIgniter))
11 FCPATH\index.php(59): CodeIgniter\Boot::bootWeb(Object(Config\Paths))
12 SYSTEMPATH\rewrite.php(44): require_once('C:\\Users\\ASUS\\Downloads\\Projectmagang_dr\\Projectmagang_dr\\public\\index.php')
WARNING - 2026-08-04 15:27:58 --> [DEPRECATED] Passing lowercase HTTP method "post" is deprecated. Use uppercase HTTP method like "POST". in SYSTEMPATH\Router\RouteCollection.php on line 1026.
 1 SYSTEMPATH\Router\RouteCollection.php(1026): trigger_error('Passing lowercase HTTP method "post" is deprecated. Use uppercase HTTP method like "POST".', 16384)
 2 APPPATH\Config\Routes.php(95): CodeIgniter\Router\RouteCollection->match([...], 'verifikasi', '\\App\\Controllers\\Sekretariat\\C_Verifikasi::index')
 3 SYSTEMPATH\Router\RouteCollection.php(799): CodeIgniter\Router\RouteCollection::{closure:C:\Users\ASUS\Downloads\Projectmagang_dr\Projectmagang_dr\app\Config\Routes.php:89}(Object(CodeIgniter\Router\RouteCollection))
 4 APPPATH\Config\Routes.php(89): CodeIgniter\Router\RouteCollection->group('sekretariat', [...], Object(Closure))
 5 SYSTEMPATH\Router\RouteCollection.php(339): require('C:\\Users\\ASUS\\Downloads\\Projectmagang_dr\\Projectmagang_dr\\app\\Config\\Routes.php')
 6 SYSTEMPATH\CodeIgniter.php(841): CodeIgniter\Router\RouteCollection->loadRoutes()
 7 SYSTEMPATH\CodeIgniter.php(464): CodeIgniter\CodeIgniter->tryToRouteIt(null)
 8 SYSTEMPATH\CodeIgniter.php(363): CodeIgniter\CodeIgniter->handleRequest(null, Object(Config\Cache), false)
 9 SYSTEMPATH\Boot.php(417): CodeIgniter\CodeIgniter->run()
10 SYSTEMPATH\Boot.php(68): CodeIgniter\Boot::runCodeIgniter(Object(CodeIgniter\CodeIgniter))
11 FCPATH\index.php(59): CodeIgniter\Boot::bootWeb(Object(Config\Paths))
12 SYSTEMPATH\rewrite.php(44): require_once('C:\\Users\\ASUS\\Downloads\\Projectmagang_dr\\Projectmagang_dr\\public\\index.php')
WARNING - 2026-08-04 15:27:58 --> [DEPRECATED] Passing lowercase HTTP method "get" is deprecated. Use uppercase HTTP method like "GET". in SYSTEMPATH\Router\RouteCollection.php on line 1026.
 1 SYSTEMPATH\Router\RouteCollection.php(1026): trigger_error('Passing lowercase HTTP method "get" is deprecated. Use uppercase HTTP method like "GET".', 16384)
 2 APPPATH\Config\Routes.php(144): CodeIgniter\Router\RouteCollection->match([...], 'upload-surat-penerimaan', '\\App\\Controllers\\Sekretariat\\C_UploadSuratPenerimaan::index')
 3 SYSTEMPATH\Router\RouteCollection.php(799): CodeIgniter\Router\RouteCollection::{closure:C:\Users\ASUS\Downloads\Projectmagang_dr\Projectmagang_dr\app\Config\Routes.php:89}(Object(CodeIgniter\Router\RouteCollection))
 4 APPPATH\Config\Routes.php(89): CodeIgniter\Router\RouteCollection->group('sekretariat', [...], Object(Closure))
 5 SYSTEMPATH\Router\RouteCollection.php(339): require('C:\\Users\\ASUS\\Downloads\\Projectmagang_dr\\Projectmagang_dr\\app\\Config\\Routes.php')
 6 SYSTEMPATH\CodeIgniter.php(841): CodeIgniter\Router\RouteCollection->loadRoutes()
 7 SYSTEMPATH\CodeIgniter.php(464): CodeIgniter\CodeIgniter->tryToRouteIt(null)
 8 SYSTEMPATH\CodeIgniter.php(363): CodeIgniter\CodeIgniter->handleRequest(null, Object(Config\Cache), false)
 9 SYSTEMPATH\Boot.php(417): CodeIgniter\CodeIgniter->run()
10 SYSTEMPATH\Boot.php(68): CodeIgniter\Boot::runCodeIgniter(Object(CodeIgniter\CodeIgniter))
11 FCPATH\index.php(59): CodeIgniter\Boot::bootWeb(Object(Config\Paths))
12 SYSTEMPATH\rewrite.php(44): require_once('C:\\Users\\ASUS\\Downloads\\Projectmagang_dr\\Projectmagang_dr\\public\\index.php')
WARNING - 2026-08-04 15:27:58 --> [DEPRECATED] Passing lowercase HTTP method "post" is deprecated. Use uppercase HTTP method like "POST". in SYSTEMPATH\Router\RouteCollection.php on line 1026.
 1 SYSTEMPATH\Router\RouteCollection.php(1026): trigger_error('Passing lowercase HTTP method "post" is deprecated. Use uppercase HTTP method like "POST".', 16384)
 2 APPPATH\Config\Routes.php(144): CodeIgniter\Router\RouteCollection->match([...], 'upload-surat-penerimaan', '\\App\\Controllers\\Sekretariat\\C_UploadSuratPenerimaan::index')
 3 SYSTEMPATH\Router\RouteCollection.php(799): CodeIgniter\Router\RouteCollection::{closure:C:\Users\ASUS\Downloads\Projectmagang_dr\Projectmagang_dr\app\Config\Routes.php:89}(Object(CodeIgniter\Router\RouteCollection))
 4 APPPATH\Config\Routes.php(89): CodeIgniter\Router\RouteCollection->group('sekretariat', [...], Object(Closure))
 5 SYSTEMPATH\Router\RouteCollection.php(339): require('C:\\Users\\ASUS\\Downloads\\Projectmagang_dr\\Projectmagang_dr\\app\\Config\\Routes.php')
 6 SYSTEMPATH\CodeIgniter.php(841): CodeIgniter\Router\RouteCollection->loadRoutes()
 7 SYSTEMPATH\CodeIgniter.php(464): CodeIgniter\CodeIgniter->tryToRouteIt(null)
 8 SYSTEMPATH\CodeIgniter.php(363): CodeIgniter\CodeIgniter->handleRequest(null, Object(Config\Cache), false)
 9 SYSTEMPATH\Boot.php(417): CodeIgniter\CodeIgniter->run()
10 SYSTEMPATH\Boot.php(68): CodeIgniter\Boot::runCodeIgniter(Object(CodeIgniter\CodeIgniter))
11 FCPATH\index.php(59): CodeIgniter\Boot::bootWeb(Object(Config\Paths))
12 SYSTEMPATH\rewrite.php(44): require_once('C:\\Users\\ASUS\\Downloads\\Projectmagang_dr\\Projectmagang_dr\\public\\index.php')
WARNING - 2026-08-04 15:27:58 --> [DEPRECATED] Passing lowercase HTTP method "get" is deprecated. Use uppercase HTTP method like "GET". in SYSTEMPATH\Router\RouteCollection.php on line 1026.
 1 SYSTEMPATH\Router\RouteCollection.php(1026): trigger_error('Passing lowercase HTTP method "get" is deprecated. Use uppercase HTTP method like "GET".', 16384)
 2 APPPATH\Config\Routes.php(165): CodeIgniter\Router\RouteCollection->match([...], 'logbook', '\\App\\Controllers\\Kabid\\C_LogbookKabid::index')
 3 SYSTEMPATH\Router\RouteCollection.php(799): CodeIgniter\Router\RouteCollection::{closure:C:\Users\ASUS\Downloads\Projectmagang_dr\Projectmagang_dr\app\Config\Routes.php:153}(Object(CodeIgniter\Router\RouteCollection))
 4 APPPATH\Config\Routes.php(153): CodeIgniter\Router\RouteCollection->group('kabid', [...], Object(Closure))
 5 SYSTEMPATH\Router\RouteCollection.php(339): require('C:\\Users\\ASUS\\Downloads\\Projectmagang_dr\\Projectmagang_dr\\app\\Config\\Routes.php')
 6 SYSTEMPATH\CodeIgniter.php(841): CodeIgniter\Router\RouteCollection->loadRoutes()
 7 SYSTEMPATH\CodeIgniter.php(464): CodeIgniter\CodeIgniter->tryToRouteIt(null)
 8 SYSTEMPATH\CodeIgniter.php(363): CodeIgniter\CodeIgniter->handleRequest(null, Object(Config\Cache), false)
 9 SYSTEMPATH\Boot.php(417): CodeIgniter\CodeIgniter->run()
10 SYSTEMPATH\Boot.php(68): CodeIgniter\Boot::runCodeIgniter(Object(CodeIgniter\CodeIgniter))
11 FCPATH\index.php(59): CodeIgniter\Boot::bootWeb(Object(Config\Paths))
12 SYSTEMPATH\rewrite.php(44): require_once('C:\\Users\\ASUS\\Downloads\\Projectmagang_dr\\Projectmagang_dr\\public\\index.php')
WARNING - 2026-08-04 15:27:58 --> [DEPRECATED] Passing lowercase HTTP method "post" is deprecated. Use uppercase HTTP method like "POST". in SYSTEMPATH\Router\RouteCollection.php on line 1026.
 1 SYSTEMPATH\Router\RouteCollection.php(1026): trigger_error('Passing lowercase HTTP method "post" is deprecated. Use uppercase HTTP method like "POST".', 16384)
 2 APPPATH\Config\Routes.php(165): CodeIgniter\Router\RouteCollection->match([...], 'logbook', '\\App\\Controllers\\Kabid\\C_LogbookKabid::index')
 3 SYSTEMPATH\Router\RouteCollection.php(799): CodeIgniter\Router\RouteCollection::{closure:C:\Users\ASUS\Downloads\Projectmagang_dr\Projectmagang_dr\app\Config\Routes.php:153}(Object(CodeIgniter\Router\RouteCollection))
 4 APPPATH\Config\Routes.php(153): CodeIgniter\Router\RouteCollection->group('kabid', [...], Object(Closure))
 5 SYSTEMPATH\Router\RouteCollection.php(339): require('C:\\Users\\ASUS\\Downloads\\Projectmagang_dr\\Projectmagang_dr\\app\\Config\\Routes.php')
 6 SYSTEMPATH\CodeIgniter.php(841): CodeIgniter\Router\RouteCollection->loadRoutes()
 7 SYSTEMPATH\CodeIgniter.php(464): CodeIgniter\CodeIgniter->tryToRouteIt(null)
 8 SYSTEMPATH\CodeIgniter.php(363): CodeIgniter\CodeIgniter->handleRequest(null, Object(Config\Cache), false)
 9 SYSTEMPATH\Boot.php(417): CodeIgniter\CodeIgniter->run()
10 SYSTEMPATH\Boot.php(68): CodeIgniter\Boot::runCodeIgniter(Object(CodeIgniter\CodeIgniter))
11 FCPATH\index.php(59): CodeIgniter\Boot::bootWeb(Object(Config\Paths))
12 SYSTEMPATH\rewrite.php(44): require_once('C:\\Users\\ASUS\\Downloads\\Projectmagang_dr\\Projectmagang_dr\\public\\index.php')
WARNING - 2026-08-04 15:27:58 --> [DEPRECATED] Passing lowercase HTTP method "get" is deprecated. Use uppercase HTTP method like "GET". in SYSTEMPATH\Router\RouteCollection.php on line 1026.
 1 SYSTEMPATH\Router\RouteCollection.php(1026): trigger_error('Passing lowercase HTTP method "get" is deprecated. Use uppercase HTTP method like "GET".', 16384)
 2 APPPATH\Config\Routes.php(177): CodeIgniter\Router\RouteCollection->match([...], 'upload-dokumen', '\\App\\Controllers\\Kabid\\C_UploadDokumen::index')
 3 SYSTEMPATH\Router\RouteCollection.php(799): CodeIgniter\Router\RouteCollection::{closure:C:\Users\ASUS\Downloads\Projectmagang_dr\Projectmagang_dr\app\Config\Routes.php:153}(Object(CodeIgniter\Router\RouteCollection))
 4 APPPATH\Config\Routes.php(153): CodeIgniter\Router\RouteCollection->group('kabid', [...], Object(Closure))
 5 SYSTEMPATH\Router\RouteCollection.php(339): require('C:\\Users\\ASUS\\Downloads\\Projectmagang_dr\\Projectmagang_dr\\app\\Config\\Routes.php')
 6 SYSTEMPATH\CodeIgniter.php(841): CodeIgniter\Router\RouteCollection->loadRoutes()
 7 SYSTEMPATH\CodeIgniter.php(464): CodeIgniter\CodeIgniter->tryToRouteIt(null)
 8 SYSTEMPATH\CodeIgniter.php(363): CodeIgniter\CodeIgniter->handleRequest(null, Object(Config\Cache), false)
 9 SYSTEMPATH\Boot.php(417): CodeIgniter\CodeIgniter->run()
10 SYSTEMPATH\Boot.php(68): CodeIgniter\Boot::runCodeIgniter(Object(CodeIgniter\CodeIgniter))
11 FCPATH\index.php(59): CodeIgniter\Boot::bootWeb(Object(Config\Paths))
12 SYSTEMPATH\rewrite.php(44): require_once('C:\\Users\\ASUS\\Downloads\\Projectmagang_dr\\Projectmagang_dr\\public\\index.php')
WARNING - 2026-08-04 15:27:58 --> [DEPRECATED] Passing lowercase HTTP method "post" is deprecated. Use uppercase HTTP method like "POST". in SYSTEMPATH\Router\RouteCollection.php on line 1026.
 1 SYSTEMPATH\Router\RouteCollection.php(1026): trigger_error('Passing lowercase HTTP method "post" is deprecated. Use uppercase HTTP method like "POST".', 16384)
 2 APPPATH\Config\Routes.php(177): CodeIgniter\Router\RouteCollection->match([...], 'upload-dokumen', '\\App\\Controllers\\Kabid\\C_UploadDokumen::index')
 3 SYSTEMPATH\Router\RouteCollection.php(799): CodeIgniter\Router\RouteCollection::{closure:C:\Users\ASUS\Downloads\Projectmagang_dr\Projectmagang_dr\app\Config\Routes.php:153}(Object(CodeIgniter\Router\RouteCollection))
 4 APPPATH\Config\Routes.php(153): CodeIgniter\Router\RouteCollection->group('kabid', [...], Object(Closure))
 5 SYSTEMPATH\Router\RouteCollection.php(339): require('C:\\Users\\ASUS\\Downloads\\Projectmagang_dr\\Projectmagang_dr\\app\\Config\\Routes.php')
 6 SYSTEMPATH\CodeIgniter.php(841): CodeIgniter\Router\RouteCollection->loadRoutes()
 7 SYSTEMPATH\CodeIgniter.php(464): CodeIgniter\CodeIgniter->tryToRouteIt(null)
 8 SYSTEMPATH\CodeIgniter.php(363): CodeIgniter\CodeIgniter->handleRequest(null, Object(Config\Cache), false)
 9 SYSTEMPATH\Boot.php(417): CodeIgniter\CodeIgniter->run()
10 SYSTEMPATH\Boot.php(68): CodeIgniter\Boot::runCodeIgniter(Object(CodeIgniter\CodeIgniter))
11 FCPATH\index.php(59): CodeIgniter\Boot::bootWeb(Object(Config\Paths))
12 SYSTEMPATH\rewrite.php(44): require_once('C:\\Users\\ASUS\\Downloads\\Projectmagang_dr\\Projectmagang_dr\\public\\index.php')
DEBUG - 2026-08-04 15:27:58 --> Session: Class initialized using 'CodeIgniter\Session\Handlers\FileHandler' driver.
WARNING - 2026-08-04 15:27:58 --> [DEPRECATED] Passing lowercase HTTP method "get" is deprecated. Use uppercase HTTP method like "GET". in SYSTEMPATH\Router\RouteCollection.php on line 1026.
 1 SYSTEMPATH\Router\RouteCollection.php(1026): trigger_error('Passing lowercase HTTP method "get" is deprecated. Use uppercase HTTP method like "GET".', 16384)
 2 APPPATH\Config\Routes.php(77): CodeIgniter\Router\RouteCollection->match([...], 'logbook', 'C_Logbook::logbook')
 3 SYSTEMPATH\Router\RouteCollection.php(799): CodeIgniter\Router\RouteCollection::{closure:C:\Users\ASUS\Downloads\Projectmagang_dr\Projectmagang_dr\app\Config\Routes.php:59}(Object(CodeIgniter\Router\RouteCollection))
 4 APPPATH\Config\Routes.php(59): CodeIgniter\Router\RouteCollection->group('mahasiswa', [...], Object(Closure))
 5 SYSTEMPATH\Router\RouteCollection.php(339): require('C:\\Users\\ASUS\\Downloads\\Projectmagang_dr\\Projectmagang_dr\\app\\Config\\Routes.php')
 6 SYSTEMPATH\CodeIgniter.php(841): CodeIgniter\Router\RouteCollection->loadRoutes()
 7 SYSTEMPATH\CodeIgniter.php(464): CodeIgniter\CodeIgniter->tryToRouteIt(null)
 8 SYSTEMPATH\CodeIgniter.php(363): CodeIgniter\CodeIgniter->handleRequest(null, Object(Config\Cache), false)
 9 SYSTEMPATH\Boot.php(417): CodeIgniter\CodeIgniter->run()
10 SYSTEMPATH\Boot.php(68): CodeIgniter\Boot::runCodeIgniter(Object(CodeIgniter\CodeIgniter))
11 FCPATH\index.php(59): CodeIgniter\Boot::bootWeb(Object(Config\Paths))
12 SYSTEMPATH\rewrite.php(44): require_once('C:\\Users\\ASUS\\Downloads\\Projectmagang_dr\\Projectmagang_dr\\public\\index.php')
WARNING - 2026-08-04 15:27:58 --> [DEPRECATED] Passing lowercase HTTP method "post" is deprecated. Use uppercase HTTP method like "POST". in SYSTEMPATH\Router\RouteCollection.php on line 1026.
 1 SYSTEMPATH\Router\RouteCollection.php(1026): trigger_error('Passing lowercase HTTP method "post" is deprecated. Use uppercase HTTP method like "POST".', 16384)
 2 APPPATH\Config\Routes.php(77): CodeIgniter\Router\RouteCollection->match([...], 'logbook', 'C_Logbook::logbook')
 3 SYSTEMPATH\Router\RouteCollection.php(799): CodeIgniter\Router\RouteCollection::{closure:C:\Users\ASUS\Downloads\Projectmagang_dr\Projectmagang_dr\app\Config\Routes.php:59}(Object(CodeIgniter\Router\RouteCollection))
 4 APPPATH\Config\Routes.php(59): CodeIgniter\Router\RouteCollection->group('mahasiswa', [...], Object(Closure))
 5 SYSTEMPATH\Router\RouteCollection.php(339): require('C:\\Users\\ASUS\\Downloads\\Projectmagang_dr\\Projectmagang_dr\\app\\Config\\Routes.php')
 6 SYSTEMPATH\CodeIgniter.php(841): CodeIgniter\Router\RouteCollection->loadRoutes()
 7 SYSTEMPATH\CodeIgniter.php(464): CodeIgniter\CodeIgniter->tryToRouteIt(null)
 8 SYSTEMPATH\CodeIgniter.php(363): CodeIgniter\CodeIgniter->handleRequest(null, Object(Config\Cache), false)
 9 SYSTEMPATH\Boot.php(417): CodeIgniter\CodeIgniter->run()
10 SYSTEMPATH\Boot.php(68): CodeIgniter\Boot::runCodeIgniter(Object(CodeIgniter\CodeIgniter))
11 FCPATH\index.php(59): CodeIgniter\Boot::bootWeb(Object(Config\Paths))
12 SYSTEMPATH\rewrite.php(44): require_once('C:\\Users\\ASUS\\Downloads\\Projectmagang_dr\\Projectmagang_dr\\public\\index.php')
WARNING - 2026-08-04 15:27:58 --> [DEPRECATED] Passing lowercase HTTP method "get" is deprecated. Use uppercase HTTP method like "GET". in SYSTEMPATH\Router\RouteCollection.php on line 1026.
 1 SYSTEMPATH\Router\RouteCollection.php(1026): trigger_error('Passing lowercase HTTP method "get" is deprecated. Use uppercase HTTP method like "GET".', 16384)
 2 APPPATH\Config\Routes.php(95): CodeIgniter\Router\RouteCollection->match([...], 'verifikasi', '\\App\\Controllers\\Sekretariat\\C_Verifikasi::index')
 3 SYSTEMPATH\Router\RouteCollection.php(799): CodeIgniter\Router\RouteCollection::{closure:C:\Users\ASUS\Downloads\Projectmagang_dr\Projectmagang_dr\app\Config\Routes.php:89}(Object(CodeIgniter\Router\RouteCollection))
 4 APPPATH\Config\Routes.php(89): CodeIgniter\Router\RouteCollection->group('sekretariat', [...], Object(Closure))
 5 SYSTEMPATH\Router\RouteCollection.php(339): require('C:\\Users\\ASUS\\Downloads\\Projectmagang_dr\\Projectmagang_dr\\app\\Config\\Routes.php')
 6 SYSTEMPATH\CodeIgniter.php(841): CodeIgniter\Router\RouteCollection->loadRoutes()
 7 SYSTEMPATH\CodeIgniter.php(464): CodeIgniter\CodeIgniter->tryToRouteIt(null)
 8 SYSTEMPATH\CodeIgniter.php(363): CodeIgniter\CodeIgniter->handleRequest(null, Object(Config\Cache), false)
 9 SYSTEMPATH\Boot.php(417): CodeIgniter\CodeIgniter->run()
10 SYSTEMPATH\Boot.php(68): CodeIgniter\Boot::runCodeIgniter(Object(CodeIgniter\CodeIgniter))
11 FCPATH\index.php(59): CodeIgniter\Boot::bootWeb(Object(Config\Paths))
12 SYSTEMPATH\rewrite.php(44): require_once('C:\\Users\\ASUS\\Downloads\\Projectmagang_dr\\Projectmagang_dr\\public\\index.php')
WARNING - 2026-08-04 15:27:58 --> [DEPRECATED] Passing lowercase HTTP method "post" is deprecated. Use uppercase HTTP method like "POST". in SYSTEMPATH\Router\RouteCollection.php on line 1026.
 1 SYSTEMPATH\Router\RouteCollection.php(1026): trigger_error('Passing lowercase HTTP method "post" is deprecated. Use uppercase HTTP method like "POST".', 16384)
 2 APPPATH\Config\Routes.php(95): CodeIgniter\Router\RouteCollection->match([...], 'verifikasi', '\\App\\Controllers\\Sekretariat\\C_Verifikasi::index')
 3 SYSTEMPATH\Router\RouteCollection.php(799): CodeIgniter\Router\RouteCollection::{closure:C:\Users\ASUS\Downloads\Projectmagang_dr\Projectmagang_dr\app\Config\Routes.php:89}(Object(CodeIgniter\Router\RouteCollection))
 4 APPPATH\Config\Routes.php(89): CodeIgniter\Router\RouteCollection->group('sekretariat', [...], Object(Closure))
 5 SYSTEMPATH\Router\RouteCollection.php(339): require('C:\\Users\\ASUS\\Downloads\\Projectmagang_dr\\Projectmagang_dr\\app\\Config\\Routes.php')
 6 SYSTEMPATH\CodeIgniter.php(841): CodeIgniter\Router\RouteCollection->loadRoutes()
 7 SYSTEMPATH\CodeIgniter.php(464): CodeIgniter\CodeIgniter->tryToRouteIt(null)
 8 SYSTEMPATH\CodeIgniter.php(363): CodeIgniter\CodeIgniter->handleRequest(null, Object(Config\Cache), false)
 9 SYSTEMPATH\Boot.php(417): CodeIgniter\CodeIgniter->run()
10 SYSTEMPATH\Boot.php(68): CodeIgniter\Boot::runCodeIgniter(Object(CodeIgniter\CodeIgniter))
11 FCPATH\index.php(59): CodeIgniter\Boot::bootWeb(Object(Config\Paths))
12 SYSTEMPATH\rewrite.php(44): require_once('C:\\Users\\ASUS\\Downloads\\Projectmagang_dr\\Projectmagang_dr\\public\\index.php')
WARNING - 2026-08-04 15:27:58 --> [DEPRECATED] Passing lowercase HTTP method "get" is deprecated. Use uppercase HTTP method like "GET". in SYSTEMPATH\Router\RouteCollection.php on line 1026.
 1 SYSTEMPATH\Router\RouteCollection.php(1026): trigger_error('Passing lowercase HTTP method "get" is deprecated. Use uppercase HTTP method like "GET".', 16384)
 2 APPPATH\Config\Routes.php(144): CodeIgniter\Router\RouteCollection->match([...], 'upload-surat-penerimaan', '\\App\\Controllers\\Sekretariat\\C_UploadSuratPenerimaan::index')
 3 SYSTEMPATH\Router\RouteCollection.php(799): CodeIgniter\Router\RouteCollection::{closure:C:\Users\ASUS\Downloads\Projectmagang_dr\Projectmagang_dr\app\Config\Routes.php:89}(Object(CodeIgniter\Router\RouteCollection))
 4 APPPATH\Config\Routes.php(89): CodeIgniter\Router\RouteCollection->group('sekretariat', [...], Object(Closure))
 5 SYSTEMPATH\Router\RouteCollection.php(339): require('C:\\Users\\ASUS\\Downloads\\Projectmagang_dr\\Projectmagang_dr\\app\\Config\\Routes.php')
 6 SYSTEMPATH\CodeIgniter.php(841): CodeIgniter\Router\RouteCollection->loadRoutes()
 7 SYSTEMPATH\CodeIgniter.php(464): CodeIgniter\CodeIgniter->tryToRouteIt(null)
 8 SYSTEMPATH\CodeIgniter.php(363): CodeIgniter\CodeIgniter->handleRequest(null, Object(Config\Cache), false)
 9 SYSTEMPATH\Boot.php(417): CodeIgniter\CodeIgniter->run()
10 SYSTEMPATH\Boot.php(68): CodeIgniter\Boot::runCodeIgniter(Object(CodeIgniter\CodeIgniter))
11 FCPATH\index.php(59): CodeIgniter\Boot::bootWeb(Object(Config\Paths))
12 SYSTEMPATH\rewrite.php(44): require_once('C:\\Users\\ASUS\\Downloads\\Projectmagang_dr\\Projectmagang_dr\\public\\index.php')
WARNING - 2026-08-04 15:27:58 --> [DEPRECATED] Passing lowercase HTTP method "post" is deprecated. Use uppercase HTTP method like "POST". in SYSTEMPATH\Router\RouteCollection.php on line 1026.
 1 SYSTEMPATH\Router\RouteCollection.php(1026): trigger_error('Passing lowercase HTTP method "post" is deprecated. Use uppercase HTTP method like "POST".', 16384)
 2 APPPATH\Config\Routes.php(144): CodeIgniter\Router\RouteCollection->match([...], 'upload-surat-penerimaan', '\\App\\Controllers\\Sekretariat\\C_UploadSuratPenerimaan::index')
 3 SYSTEMPATH\Router\RouteCollection.php(799): CodeIgniter\Router\RouteCollection::{closure:C:\Users\ASUS\Downloads\Projectmagang_dr\Projectmagang_dr\app\Config\Routes.php:89}(Object(CodeIgniter\Router\RouteCollection))
 4 APPPATH\Config\Routes.php(89): CodeIgniter\Router\RouteCollection->group('sekretariat', [...], Object(Closure))
 5 SYSTEMPATH\Router\RouteCollection.php(339): require('C:\\Users\\ASUS\\Downloads\\Projectmagang_dr\\Projectmagang_dr\\app\\Config\\Routes.php')
 6 SYSTEMPATH\CodeIgniter.php(841): CodeIgniter\Router\RouteCollection->loadRoutes()
 7 SYSTEMPATH\CodeIgniter.php(464): CodeIgniter\CodeIgniter->tryToRouteIt(null)
 8 SYSTEMPATH\CodeIgniter.php(363): CodeIgniter\CodeIgniter->handleRequest(null, Object(Config\Cache), false)
 9 SYSTEMPATH\Boot.php(417): CodeIgniter\CodeIgniter->run()
10 SYSTEMPATH\Boot.php(68): CodeIgniter\Boot::runCodeIgniter(Object(CodeIgniter\CodeIgniter))
11 FCPATH\index.php(59): CodeIgniter\Boot::bootWeb(Object(Config\Paths))
12 SYSTEMPATH\rewrite.php(44): require_once('C:\\Users\\ASUS\\Downloads\\Projectmagang_dr\\Projectmagang_dr\\public\\index.php')
WARNING - 2026-08-04 15:27:58 --> [DEPRECATED] Passing lowercase HTTP method "get" is deprecated. Use uppercase HTTP method like "GET". in SYSTEMPATH\Router\RouteCollection.php on line 1026.
 1 SYSTEMPATH\Router\RouteCollection.php(1026): trigger_error('Passing lowercase HTTP method "get" is deprecated. Use uppercase HTTP method like "GET".', 16384)
 2 APPPATH\Config\Routes.php(165): CodeIgniter\Router\RouteCollection->match([...], 'logbook', '\\App\\Controllers\\Kabid\\C_LogbookKabid::index')
 3 SYSTEMPATH\Router\RouteCollection.php(799): CodeIgniter\Router\RouteCollection::{closure:C:\Users\ASUS\Downloads\Projectmagang_dr\Projectmagang_dr\app\Config\Routes.php:153}(Object(CodeIgniter\Router\RouteCollection))
 4 APPPATH\Config\Routes.php(153): CodeIgniter\Router\RouteCollection->group('kabid', [...], Object(Closure))
 5 SYSTEMPATH\Router\RouteCollection.php(339): require('C:\\Users\\ASUS\\Downloads\\Projectmagang_dr\\Projectmagang_dr\\app\\Config\\Routes.php')
 6 SYSTEMPATH\CodeIgniter.php(841): CodeIgniter\Router\RouteCollection->loadRoutes()
 7 SYSTEMPATH\CodeIgniter.php(464): CodeIgniter\CodeIgniter->tryToRouteIt(null)
 8 SYSTEMPATH\CodeIgniter.php(363): CodeIgniter\CodeIgniter->handleRequest(null, Object(Config\Cache), false)
 9 SYSTEMPATH\Boot.php(417): CodeIgniter\CodeIgniter->run()
10 SYSTEMPATH\Boot.php(68): CodeIgniter\Boot::runCodeIgniter(Object(CodeIgniter\CodeIgniter))
11 FCPATH\index.php(59): CodeIgniter\Boot::bootWeb(Object(Config\Paths))
12 SYSTEMPATH\rewrite.php(44): require_once('C:\\Users\\ASUS\\Downloads\\Projectmagang_dr\\Projectmagang_dr\\public\\index.php')
WARNING - 2026-08-04 15:27:58 --> [DEPRECATED] Passing lowercase HTTP method "post" is deprecated. Use uppercase HTTP method like "POST". in SYSTEMPATH\Router\RouteCollection.php on line 1026.
 1 SYSTEMPATH\Router\RouteCollection.php(1026): trigger_error('Passing lowercase HTTP method "post" is deprecated. Use uppercase HTTP method like "POST".', 16384)
 2 APPPATH\Config\Routes.php(165): CodeIgniter\Router\RouteCollection->match([...], 'logbook', '\\App\\Controllers\\Kabid\\C_LogbookKabid::index')
 3 SYSTEMPATH\Router\RouteCollection.php(799): CodeIgniter\Router\RouteCollection::{closure:C:\Users\ASUS\Downloads\Projectmagang_dr\Projectmagang_dr\app\Config\Routes.php:153}(Object(CodeIgniter\Router\RouteCollection))
 4 APPPATH\Config\Routes.php(153): CodeIgniter\Router\RouteCollection->group('kabid', [...], Object(Closure))
 5 SYSTEMPATH\Router\RouteCollection.php(339): require('C:\\Users\\ASUS\\Downloads\\Projectmagang_dr\\Projectmagang_dr\\app\\Config\\Routes.php')
 6 SYSTEMPATH\CodeIgniter.php(841): CodeIgniter\Router\RouteCollection->loadRoutes()
 7 SYSTEMPATH\CodeIgniter.php(464): CodeIgniter\CodeIgniter->tryToRouteIt(null)
 8 SYSTEMPATH\CodeIgniter.php(363): CodeIgniter\CodeIgniter->handleRequest(null, Object(Config\Cache), false)
 9 SYSTEMPATH\Boot.php(417): CodeIgniter\CodeIgniter->run()
10 SYSTEMPATH\Boot.php(68): CodeIgniter\Boot::runCodeIgniter(Object(CodeIgniter\CodeIgniter))
11 FCPATH\index.php(59): CodeIgniter\Boot::bootWeb(Object(Config\Paths))
12 SYSTEMPATH\rewrite.php(44): require_once('C:\\Users\\ASUS\\Downloads\\Projectmagang_dr\\Projectmagang_dr\\public\\index.php')
WARNING - 2026-08-04 15:27:58 --> [DEPRECATED] Passing lowercase HTTP method "get" is deprecated. Use uppercase HTTP method like "GET". in SYSTEMPATH\Router\RouteCollection.php on line 1026.
 1 SYSTEMPATH\Router\RouteCollection.php(1026): trigger_error('Passing lowercase HTTP method "get" is deprecated. Use uppercase HTTP method like "GET".', 16384)
 2 APPPATH\Config\Routes.php(177): CodeIgniter\Router\RouteCollection->match([...], 'upload-dokumen', '\\App\\Controllers\\Kabid\\C_UploadDokumen::index')
 3 SYSTEMPATH\Router\RouteCollection.php(799): CodeIgniter\Router\RouteCollection::{closure:C:\Users\ASUS\Downloads\Projectmagang_dr\Projectmagang_dr\app\Config\Routes.php:153}(Object(CodeIgniter\Router\RouteCollection))
 4 APPPATH\Config\Routes.php(153): CodeIgniter\Router\RouteCollection->group('kabid', [...], Object(Closure))
 5 SYSTEMPATH\Router\RouteCollection.php(339): require('C:\\Users\\ASUS\\Downloads\\Projectmagang_dr\\Projectmagang_dr\\app\\Config\\Routes.php')
 6 SYSTEMPATH\CodeIgniter.php(841): CodeIgniter\Router\RouteCollection->loadRoutes()
 7 SYSTEMPATH\CodeIgniter.php(464): CodeIgniter\CodeIgniter->tryToRouteIt(null)
 8 SYSTEMPATH\CodeIgniter.php(363): CodeIgniter\CodeIgniter->handleRequest(null, Object(Config\Cache), false)
 9 SYSTEMPATH\Boot.php(417): CodeIgniter\CodeIgniter->run()
10 SYSTEMPATH\Boot.php(68): CodeIgniter\Boot::runCodeIgniter(Object(CodeIgniter\CodeIgniter))
11 FCPATH\index.php(59): CodeIgniter\Boot::bootWeb(Object(Config\Paths))
12 SYSTEMPATH\rewrite.php(44): require_once('C:\\Users\\ASUS\\Downloads\\Projectmagang_dr\\Projectmagang_dr\\public\\index.php')
WARNING - 2026-08-04 15:27:58 --> [DEPRECATED] Passing lowercase HTTP method "post" is deprecated. Use uppercase HTTP method like "POST". in SYSTEMPATH\Router\RouteCollection.php on line 1026.
 1 SYSTEMPATH\Router\RouteCollection.php(1026): trigger_error('Passing lowercase HTTP method "post" is deprecated. Use uppercase HTTP method like "POST".', 16384)
 2 APPPATH\Config\Routes.php(177): CodeIgniter\Router\RouteCollection->match([...], 'upload-dokumen', '\\App\\Controllers\\Kabid\\C_UploadDokumen::index')
 3 SYSTEMPATH\Router\RouteCollection.php(799): CodeIgniter\Router\RouteCollection::{closure:C:\Users\ASUS\Downloads\Projectmagang_dr\Projectmagang_dr\app\Config\Routes.php:153}(Object(CodeIgniter\Router\RouteCollection))
 4 APPPATH\Config\Routes.php(153): CodeIgniter\Router\RouteCollection->group('kabid', [...], Object(Closure))
 5 SYSTEMPATH\Router\RouteCollection.php(339): require('C:\\Users\\ASUS\\Downloads\\Projectmagang_dr\\Projectmagang_dr\\app\\Config\\Routes.php')
 6 SYSTEMPATH\CodeIgniter.php(841): CodeIgniter\Router\RouteCollection->loadRoutes()
 7 SYSTEMPATH\CodeIgniter.php(464): CodeIgniter\CodeIgniter->tryToRouteIt(null)
 8 SYSTEMPATH\CodeIgniter.php(363): CodeIgniter\CodeIgniter->handleRequest(null, Object(Config\Cache), false)
 9 SYSTEMPATH\Boot.php(417): CodeIgniter\CodeIgniter->run()
10 SYSTEMPATH\Boot.php(68): CodeIgniter\Boot::runCodeIgniter(Object(CodeIgniter\CodeIgniter))
11 FCPATH\index.php(59): CodeIgniter\Boot::bootWeb(Object(Config\Paths))
12 SYSTEMPATH\rewrite.php(44): require_once('C:\\Users\\ASUS\\Downloads\\Projectmagang_dr\\Projectmagang_dr\\public\\index.php')
DEBUG - 2026-08-04 15:27:58 --> Session: Class initialized using 'CodeIgniter\Session\Handlers\FileHandler' driver.
WARNING - 2026-08-04 15:27:59 --> [DEPRECATED] Passing lowercase HTTP method "get" is deprecated. Use uppercase HTTP method like "GET". in SYSTEMPATH\Router\RouteCollection.php on line 1026.
 1 SYSTEMPATH\Router\RouteCollection.php(1026): trigger_error('Passing lowercase HTTP method "get" is deprecated. Use uppercase HTTP method like "GET".', 16384)
 2 APPPATH\Config\Routes.php(77): CodeIgniter\Router\RouteCollection->match([...], 'logbook', 'C_Logbook::logbook')
 3 SYSTEMPATH\Router\RouteCollection.php(799): CodeIgniter\Router\RouteCollection::{closure:C:\Users\ASUS\Downloads\Projectmagang_dr\Projectmagang_dr\app\Config\Routes.php:59}(Object(CodeIgniter\Router\RouteCollection))
 4 APPPATH\Config\Routes.php(59): CodeIgniter\Router\RouteCollection->group('mahasiswa', [...], Object(Closure))
 5 SYSTEMPATH\Router\RouteCollection.php(339): require('C:\\Users\\ASUS\\Downloads\\Projectmagang_dr\\Projectmagang_dr\\app\\Config\\Routes.php')
 6 SYSTEMPATH\CodeIgniter.php(841): CodeIgniter\Router\RouteCollection->loadRoutes()
 7 SYSTEMPATH\CodeIgniter.php(464): CodeIgniter\CodeIgniter->tryToRouteIt(null)
 8 SYSTEMPATH\CodeIgniter.php(363): CodeIgniter\CodeIgniter->handleRequest(null, Object(Config\Cache), false)
 9 SYSTEMPATH\Boot.php(417): CodeIgniter\CodeIgniter->run()
10 SYSTEMPATH\Boot.php(68): CodeIgniter\Boot::runCodeIgniter(Object(CodeIgniter\CodeIgniter))
11 FCPATH\index.php(59): CodeIgniter\Boot::bootWeb(Object(Config\Paths))
12 SYSTEMPATH\rewrite.php(44): require_once('C:\\Users\\ASUS\\Downloads\\Projectmagang_dr\\Projectmagang_dr\\public\\index.php')
WARNING - 2026-08-04 15:27:59 --> [DEPRECATED] Passing lowercase HTTP method "post" is deprecated. Use uppercase HTTP method like "POST". in SYSTEMPATH\Router\RouteCollection.php on line 1026.
 1 SYSTEMPATH\Router\RouteCollection.php(1026): trigger_error('Passing lowercase HTTP method "post" is deprecated. Use uppercase HTTP method like "POST".', 16384)
 2 APPPATH\Config\Routes.php(77): CodeIgniter\Router\RouteCollection->match([...], 'logbook', 'C_Logbook::logbook')
 3 SYSTEMPATH\Router\RouteCollection.php(799): CodeIgniter\Router\RouteCollection::{closure:C:\Users\ASUS\Downloads\Projectmagang_dr\Projectmagang_dr\app\Config\Routes.php:59}(Object(CodeIgniter\Router\RouteCollection))
 4 APPPATH\Config\Routes.php(59): CodeIgniter\Router\RouteCollection->group('mahasiswa', [...], Object(Closure))
 5 SYSTEMPATH\Router\RouteCollection.php(339): require('C:\\Users\\ASUS\\Downloads\\Projectmagang_dr\\Projectmagang_dr\\app\\Config\\Routes.php')
 6 SYSTEMPATH\CodeIgniter.php(841): CodeIgniter\Router\RouteCollection->loadRoutes()
 7 SYSTEMPATH\CodeIgniter.php(464): CodeIgniter\CodeIgniter->tryToRouteIt(null)
 8 SYSTEMPATH\CodeIgniter.php(363): CodeIgniter\CodeIgniter->handleRequest(null, Object(Config\Cache), false)
 9 SYSTEMPATH\Boot.php(417): CodeIgniter\CodeIgniter->run()
10 SYSTEMPATH\Boot.php(68): CodeIgniter\Boot::runCodeIgniter(Object(CodeIgniter\CodeIgniter))
11 FCPATH\index.php(59): CodeIgniter\Boot::bootWeb(Object(Config\Paths))
12 SYSTEMPATH\rewrite.php(44): require_once('C:\\Users\\ASUS\\Downloads\\Projectmagang_dr\\Projectmagang_dr\\public\\index.php')
WARNING - 2026-08-04 15:27:59 --> [DEPRECATED] Passing lowercase HTTP method "get" is deprecated. Use uppercase HTTP method like "GET". in SYSTEMPATH\Router\RouteCollection.php on line 1026.
 1 SYSTEMPATH\Router\RouteCollection.php(1026): trigger_error('Passing lowercase HTTP method "get" is deprecated. Use uppercase HTTP method like "GET".', 16384)
 2 APPPATH\Config\Routes.php(95): CodeIgniter\Router\RouteCollection->match([...], 'verifikasi', '\\App\\Controllers\\Sekretariat\\C_Verifikasi::index')
 3 SYSTEMPATH\Router\RouteCollection.php(799): CodeIgniter\Router\RouteCollection::{closure:C:\Users\ASUS\Downloads\Projectmagang_dr\Projectmagang_dr\app\Config\Routes.php:89}(Object(CodeIgniter\Router\RouteCollection))
 4 APPPATH\Config\Routes.php(89): CodeIgniter\Router\RouteCollection->group('sekretariat', [...], Object(Closure))
 5 SYSTEMPATH\Router\RouteCollection.php(339): require('C:\\Users\\ASUS\\Downloads\\Projectmagang_dr\\Projectmagang_dr\\app\\Config\\Routes.php')
 6 SYSTEMPATH\CodeIgniter.php(841): CodeIgniter\Router\RouteCollection->loadRoutes()
 7 SYSTEMPATH\CodeIgniter.php(464): CodeIgniter\CodeIgniter->tryToRouteIt(null)
 8 SYSTEMPATH\CodeIgniter.php(363): CodeIgniter\CodeIgniter->handleRequest(null, Object(Config\Cache), false)
 9 SYSTEMPATH\Boot.php(417): CodeIgniter\CodeIgniter->run()
10 SYSTEMPATH\Boot.php(68): CodeIgniter\Boot::runCodeIgniter(Object(CodeIgniter\CodeIgniter))
11 FCPATH\index.php(59): CodeIgniter\Boot::bootWeb(Object(Config\Paths))
12 SYSTEMPATH\rewrite.php(44): require_once('C:\\Users\\ASUS\\Downloads\\Projectmagang_dr\\Projectmagang_dr\\public\\index.php')
WARNING - 2026-08-04 15:27:59 --> [DEPRECATED] Passing lowercase HTTP method "post" is deprecated. Use uppercase HTTP method like "POST". in SYSTEMPATH\Router\RouteCollection.php on line 1026.
 1 SYSTEMPATH\Router\RouteCollection.php(1026): trigger_error('Passing lowercase HTTP method "post" is deprecated. Use uppercase HTTP method like "POST".', 16384)
 2 APPPATH\Config\Routes.php(95): CodeIgniter\Router\RouteCollection->match([...], 'verifikasi', '\\App\\Controllers\\Sekretariat\\C_Verifikasi::index')
 3 SYSTEMPATH\Router\RouteCollection.php(799): CodeIgniter\Router\RouteCollection::{closure:C:\Users\ASUS\Downloads\Projectmagang_dr\Projectmagang_dr\app\Config\Routes.php:89}(Object(CodeIgniter\Router\RouteCollection))
 4 APPPATH\Config\Routes.php(89): CodeIgniter\Router\RouteCollection->group('sekretariat', [...], Object(Closure))
 5 SYSTEMPATH\Router\RouteCollection.php(339): require('C:\\Users\\ASUS\\Downloads\\Projectmagang_dr\\Projectmagang_dr\\app\\Config\\Routes.php')
 6 SYSTEMPATH\CodeIgniter.php(841): CodeIgniter\Router\RouteCollection->loadRoutes()
 7 SYSTEMPATH\CodeIgniter.php(464): CodeIgniter\CodeIgniter->tryToRouteIt(null)
 8 SYSTEMPATH\CodeIgniter.php(363): CodeIgniter\CodeIgniter->handleRequest(null, Object(Config\Cache), false)
 9 SYSTEMPATH\Boot.php(417): CodeIgniter\CodeIgniter->run()
10 SYSTEMPATH\Boot.php(68): CodeIgniter\Boot::runCodeIgniter(Object(CodeIgniter\CodeIgniter))
11 FCPATH\index.php(59): CodeIgniter\Boot::bootWeb(Object(Config\Paths))
12 SYSTEMPATH\rewrite.php(44): require_once('C:\\Users\\ASUS\\Downloads\\Projectmagang_dr\\Projectmagang_dr\\public\\index.php')
WARNING - 2026-08-04 15:27:59 --> [DEPRECATED] Passing lowercase HTTP method "get" is deprecated. Use uppercase HTTP method like "GET". in SYSTEMPATH\Router\RouteCollection.php on line 1026.
 1 SYSTEMPATH\Router\RouteCollection.php(1026): trigger_error('Passing lowercase HTTP method "get" is deprecated. Use uppercase HTTP method like "GET".', 16384)
 2 APPPATH\Config\Routes.php(144): CodeIgniter\Router\RouteCollection->match([...], 'upload-surat-penerimaan', '\\App\\Controllers\\Sekretariat\\C_UploadSuratPenerimaan::index')
 3 SYSTEMPATH\Router\RouteCollection.php(799): CodeIgniter\Router\RouteCollection::{closure:C:\Users\ASUS\Downloads\Projectmagang_dr\Projectmagang_dr\app\Config\Routes.php:89}(Object(CodeIgniter\Router\RouteCollection))
 4 APPPATH\Config\Routes.php(89): CodeIgniter\Router\RouteCollection->group('sekretariat', [...], Object(Closure))
 5 SYSTEMPATH\Router\RouteCollection.php(339): require('C:\\Users\\ASUS\\Downloads\\Projectmagang_dr\\Projectmagang_dr\\app\\Config\\Routes.php')
 6 SYSTEMPATH\CodeIgniter.php(841): CodeIgniter\Router\RouteCollection->loadRoutes()
 7 SYSTEMPATH\CodeIgniter.php(464): CodeIgniter\CodeIgniter->tryToRouteIt(null)
 8 SYSTEMPATH\CodeIgniter.php(363): CodeIgniter\CodeIgniter->handleRequest(null, Object(Config\Cache), false)
 9 SYSTEMPATH\Boot.php(417): CodeIgniter\CodeIgniter->run()
10 SYSTEMPATH\Boot.php(68): CodeIgniter\Boot::runCodeIgniter(Object(CodeIgniter\CodeIgniter))
11 FCPATH\index.php(59): CodeIgniter\Boot::bootWeb(Object(Config\Paths))
12 SYSTEMPATH\rewrite.php(44): require_once('C:\\Users\\ASUS\\Downloads\\Projectmagang_dr\\Projectmagang_dr\\public\\index.php')
WARNING - 2026-08-04 15:27:59 --> [DEPRECATED] Passing lowercase HTTP method "post" is deprecated. Use uppercase HTTP method like "POST". in SYSTEMPATH\Router\RouteCollection.php on line 1026.
 1 SYSTEMPATH\Router\RouteCollection.php(1026): trigger_error('Passing lowercase HTTP method "post" is deprecated. Use uppercase HTTP method like "POST".', 16384)
 2 APPPATH\Config\Routes.php(144): CodeIgniter\Router\RouteCollection->match([...], 'upload-surat-penerimaan', '\\App\\Controllers\\Sekretariat\\C_UploadSuratPenerimaan::index')
 3 SYSTEMPATH\Router\RouteCollection.php(799): CodeIgniter\Router\RouteCollection::{closure:C:\Users\ASUS\Downloads\Projectmagang_dr\Projectmagang_dr\app\Config\Routes.php:89}(Object(CodeIgniter\Router\RouteCollection))
 4 APPPATH\Config\Routes.php(89): CodeIgniter\Router\RouteCollection->group('sekretariat', [...], Object(Closure))
 5 SYSTEMPATH\Router\RouteCollection.php(339): require('C:\\Users\\ASUS\\Downloads\\Projectmagang_dr\\Projectmagang_dr\\app\\Config\\Routes.php')
 6 SYSTEMPATH\CodeIgniter.php(841): CodeIgniter\Router\RouteCollection->loadRoutes()
 7 SYSTEMPATH\CodeIgniter.php(464): CodeIgniter\CodeIgniter->tryToRouteIt(null)
 8 SYSTEMPATH\CodeIgniter.php(363): CodeIgniter\CodeIgniter->handleRequest(null, Object(Config\Cache), false)
 9 SYSTEMPATH\Boot.php(417): CodeIgniter\CodeIgniter->run()
10 SYSTEMPATH\Boot.php(68): CodeIgniter\Boot::runCodeIgniter(Object(CodeIgniter\CodeIgniter))
11 FCPATH\index.php(59): CodeIgniter\Boot::bootWeb(Object(Config\Paths))
12 SYSTEMPATH\rewrite.php(44): require_once('C:\\Users\\ASUS\\Downloads\\Projectmagang_dr\\Projectmagang_dr\\public\\index.php')
WARNING - 2026-08-04 15:27:59 --> [DEPRECATED] Passing lowercase HTTP method "get" is deprecated. Use uppercase HTTP method like "GET". in SYSTEMPATH\Router\RouteCollection.php on line 1026.
 1 SYSTEMPATH\Router\RouteCollection.php(1026): trigger_error('Passing lowercase HTTP method "get" is deprecated. Use uppercase HTTP method like "GET".', 16384)
 2 APPPATH\Config\Routes.php(165): CodeIgniter\Router\RouteCollection->match([...], 'logbook', '\\App\\Controllers\\Kabid\\C_LogbookKabid::index')
 3 SYSTEMPATH\Router\RouteCollection.php(799): CodeIgniter\Router\RouteCollection::{closure:C:\Users\ASUS\Downloads\Projectmagang_dr\Projectmagang_dr\app\Config\Routes.php:153}(Object(CodeIgniter\Router\RouteCollection))
 4 APPPATH\Config\Routes.php(153): CodeIgniter\Router\RouteCollection->group('kabid', [...], Object(Closure))
 5 SYSTEMPATH\Router\RouteCollection.php(339): require('C:\\Users\\ASUS\\Downloads\\Projectmagang_dr\\Projectmagang_dr\\app\\Config\\Routes.php')
 6 SYSTEMPATH\CodeIgniter.php(841): CodeIgniter\Router\RouteCollection->loadRoutes()
 7 SYSTEMPATH\CodeIgniter.php(464): CodeIgniter\CodeIgniter->tryToRouteIt(null)
 8 SYSTEMPATH\CodeIgniter.php(363): CodeIgniter\CodeIgniter->handleRequest(null, Object(Config\Cache), false)
 9 SYSTEMPATH\Boot.php(417): CodeIgniter\CodeIgniter->run()
10 SYSTEMPATH\Boot.php(68): CodeIgniter\Boot::runCodeIgniter(Object(CodeIgniter\CodeIgniter))
11 FCPATH\index.php(59): CodeIgniter\Boot::bootWeb(Object(Config\Paths))
12 SYSTEMPATH\rewrite.php(44): require_once('C:\\Users\\ASUS\\Downloads\\Projectmagang_dr\\Projectmagang_dr\\public\\index.php')
WARNING - 2026-08-04 15:27:59 --> [DEPRECATED] Passing lowercase HTTP method "post" is deprecated. Use uppercase HTTP method like "POST". in SYSTEMPATH\Router\RouteCollection.php on line 1026.
 1 SYSTEMPATH\Router\RouteCollection.php(1026): trigger_error('Passing lowercase HTTP method "post" is deprecated. Use uppercase HTTP method like "POST".', 16384)
 2 APPPATH\Config\Routes.php(165): CodeIgniter\Router\RouteCollection->match([...], 'logbook', '\\App\\Controllers\\Kabid\\C_LogbookKabid::index')
 3 SYSTEMPATH\Router\RouteCollection.php(799): CodeIgniter\Router\RouteCollection::{closure:C:\Users\ASUS\Downloads\Projectmagang_dr\Projectmagang_dr\app\Config\Routes.php:153}(Object(CodeIgniter\Router\RouteCollection))
 4 APPPATH\Config\Routes.php(153): CodeIgniter\Router\RouteCollection->group('kabid', [...], Object(Closure))
 5 SYSTEMPATH\Router\RouteCollection.php(339): require('C:\\Users\\ASUS\\Downloads\\Projectmagang_dr\\Projectmagang_dr\\app\\Config\\Routes.php')
 6 SYSTEMPATH\CodeIgniter.php(841): CodeIgniter\Router\RouteCollection->loadRoutes()
 7 SYSTEMPATH\CodeIgniter.php(464): CodeIgniter\CodeIgniter->tryToRouteIt(null)
 8 SYSTEMPATH\CodeIgniter.php(363): CodeIgniter\CodeIgniter->handleRequest(null, Object(Config\Cache), false)
 9 SYSTEMPATH\Boot.php(417): CodeIgniter\CodeIgniter->run()
10 SYSTEMPATH\Boot.php(68): CodeIgniter\Boot::runCodeIgniter(Object(CodeIgniter\CodeIgniter))
11 FCPATH\index.php(59): CodeIgniter\Boot::bootWeb(Object(Config\Paths))
12 SYSTEMPATH\rewrite.php(44): require_once('C:\\Users\\ASUS\\Downloads\\Projectmagang_dr\\Projectmagang_dr\\public\\index.php')
WARNING - 2026-08-04 15:27:59 --> [DEPRECATED] Passing lowercase HTTP method "get" is deprecated. Use uppercase HTTP method like "GET". in SYSTEMPATH\Router\RouteCollection.php on line 1026.
 1 SYSTEMPATH\Router\RouteCollection.php(1026): trigger_error('Passing lowercase HTTP method "get" is deprecated. Use uppercase HTTP method like "GET".', 16384)
 2 APPPATH\Config\Routes.php(177): CodeIgniter\Router\RouteCollection->match([...], 'upload-dokumen', '\\App\\Controllers\\Kabid\\C_UploadDokumen::index')
 3 SYSTEMPATH\Router\RouteCollection.php(799): CodeIgniter\Router\RouteCollection::{closure:C:\Users\ASUS\Downloads\Projectmagang_dr\Projectmagang_dr\app\Config\Routes.php:153}(Object(CodeIgniter\Router\RouteCollection))
 4 APPPATH\Config\Routes.php(153): CodeIgniter\Router\RouteCollection->group('kabid', [...], Object(Closure))
 5 SYSTEMPATH\Router\RouteCollection.php(339): require('C:\\Users\\ASUS\\Downloads\\Projectmagang_dr\\Projectmagang_dr\\app\\Config\\Routes.php')
 6 SYSTEMPATH\CodeIgniter.php(841): CodeIgniter\Router\RouteCollection->loadRoutes()
 7 SYSTEMPATH\CodeIgniter.php(464): CodeIgniter\CodeIgniter->tryToRouteIt(null)
 8 SYSTEMPATH\CodeIgniter.php(363): CodeIgniter\CodeIgniter->handleRequest(null, Object(Config\Cache), false)
 9 SYSTEMPATH\Boot.php(417): CodeIgniter\CodeIgniter->run()
10 SYSTEMPATH\Boot.php(68): CodeIgniter\Boot::runCodeIgniter(Object(CodeIgniter\CodeIgniter))
11 FCPATH\index.php(59): CodeIgniter\Boot::bootWeb(Object(Config\Paths))
12 SYSTEMPATH\rewrite.php(44): require_once('C:\\Users\\ASUS\\Downloads\\Projectmagang_dr\\Projectmagang_dr\\public\\index.php')
WARNING - 2026-08-04 15:27:59 --> [DEPRECATED] Passing lowercase HTTP method "post" is deprecated. Use uppercase HTTP method like "POST". in SYSTEMPATH\Router\RouteCollection.php on line 1026.
 1 SYSTEMPATH\Router\RouteCollection.php(1026): trigger_error('Passing lowercase HTTP method "post" is deprecated. Use uppercase HTTP method like "POST".', 16384)
 2 APPPATH\Config\Routes.php(177): CodeIgniter\Router\RouteCollection->match([...], 'upload-dokumen', '\\App\\Controllers\\Kabid\\C_UploadDokumen::index')
 3 SYSTEMPATH\Router\RouteCollection.php(799): CodeIgniter\Router\RouteCollection::{closure:C:\Users\ASUS\Downloads\Projectmagang_dr\Projectmagang_dr\app\Config\Routes.php:153}(Object(CodeIgniter\Router\RouteCollection))
 4 APPPATH\Config\Routes.php(153): CodeIgniter\Router\RouteCollection->group('kabid', [...], Object(Closure))
 5 SYSTEMPATH\Router\RouteCollection.php(339): require('C:\\Users\\ASUS\\Downloads\\Projectmagang_dr\\Projectmagang_dr\\app\\Config\\Routes.php')
 6 SYSTEMPATH\CodeIgniter.php(841): CodeIgniter\Router\RouteCollection->loadRoutes()
 7 SYSTEMPATH\CodeIgniter.php(464): CodeIgniter\CodeIgniter->tryToRouteIt(null)
 8 SYSTEMPATH\CodeIgniter.php(363): CodeIgniter\CodeIgniter->handleRequest(null, Object(Config\Cache), false)
 9 SYSTEMPATH\Boot.php(417): CodeIgniter\CodeIgniter->run()
10 SYSTEMPATH\Boot.php(68): CodeIgniter\Boot::runCodeIgniter(Object(CodeIgniter\CodeIgniter))
11 FCPATH\index.php(59): CodeIgniter\Boot::bootWeb(Object(Config\Paths))
12 SYSTEMPATH\rewrite.php(44): require_once('C:\\Users\\ASUS\\Downloads\\Projectmagang_dr\\Projectmagang_dr\\public\\index.php')
DEBUG - 2026-08-04 15:27:59 --> Session: Class initialized using 'CodeIgniter\Session\Handlers\FileHandler' driver.
WARNING - 2026-08-04 15:28:00 --> [DEPRECATED] Passing lowercase HTTP method "get" is deprecated. Use uppercase HTTP method like "GET". in SYSTEMPATH\Router\RouteCollection.php on line 1026.
 1 SYSTEMPATH\Router\RouteCollection.php(1026): trigger_error('Passing lowercase HTTP method "get" is deprecated. Use uppercase HTTP method like "GET".', 16384)
 2 APPPATH\Config\Routes.php(77): CodeIgniter\Router\RouteCollection->match([...], 'logbook', 'C_Logbook::logbook')
 3 SYSTEMPATH\Router\RouteCollection.php(799): CodeIgniter\Router\RouteCollection::{closure:C:\Users\ASUS\Downloads\Projectmagang_dr\Projectmagang_dr\app\Config\Routes.php:59}(Object(CodeIgniter\Router\RouteCollection))
 4 APPPATH\Config\Routes.php(59): CodeIgniter\Router\RouteCollection->group('mahasiswa', [...], Object(Closure))
 5 SYSTEMPATH\Router\RouteCollection.php(339): require('C:\\Users\\ASUS\\Downloads\\Projectmagang_dr\\Projectmagang_dr\\app\\Config\\Routes.php')
 6 SYSTEMPATH\CodeIgniter.php(841): CodeIgniter\Router\RouteCollection->loadRoutes()
 7 SYSTEMPATH\CodeIgniter.php(464): CodeIgniter\CodeIgniter->tryToRouteIt(null)
 8 SYSTEMPATH\CodeIgniter.php(363): CodeIgniter\CodeIgniter->handleRequest(null, Object(Config\Cache), false)
 9 SYSTEMPATH\Boot.php(417): CodeIgniter\CodeIgniter->run()
10 SYSTEMPATH\Boot.php(68): CodeIgniter\Boot::runCodeIgniter(Object(CodeIgniter\CodeIgniter))
11 FCPATH\index.php(59): CodeIgniter\Boot::bootWeb(Object(Config\Paths))
12 SYSTEMPATH\rewrite.php(44): require_once('C:\\Users\\ASUS\\Downloads\\Projectmagang_dr\\Projectmagang_dr\\public\\index.php')
WARNING - 2026-08-04 15:28:00 --> [DEPRECATED] Passing lowercase HTTP method "post" is deprecated. Use uppercase HTTP method like "POST". in SYSTEMPATH\Router\RouteCollection.php on line 1026.
 1 SYSTEMPATH\Router\RouteCollection.php(1026): trigger_error('Passing lowercase HTTP method "post" is deprecated. Use uppercase HTTP method like "POST".', 16384)
 2 APPPATH\Config\Routes.php(77): CodeIgniter\Router\RouteCollection->match([...], 'logbook', 'C_Logbook::logbook')
 3 SYSTEMPATH\Router\RouteCollection.php(799): CodeIgniter\Router\RouteCollection::{closure:C:\Users\ASUS\Downloads\Projectmagang_dr\Projectmagang_dr\app\Config\Routes.php:59}(Object(CodeIgniter\Router\RouteCollection))
 4 APPPATH\Config\Routes.php(59): CodeIgniter\Router\RouteCollection->group('mahasiswa', [...], Object(Closure))
 5 SYSTEMPATH\Router\RouteCollection.php(339): require('C:\\Users\\ASUS\\Downloads\\Projectmagang_dr\\Projectmagang_dr\\app\\Config\\Routes.php')
 6 SYSTEMPATH\CodeIgniter.php(841): CodeIgniter\Router\RouteCollection->loadRoutes()
 7 SYSTEMPATH\CodeIgniter.php(464): CodeIgniter\CodeIgniter->tryToRouteIt(null)
 8 SYSTEMPATH\CodeIgniter.php(363): CodeIgniter\CodeIgniter->handleRequest(null, Object(Config\Cache), false)
 9 SYSTEMPATH\Boot.php(417): CodeIgniter\CodeIgniter->run()
10 SYSTEMPATH\Boot.php(68): CodeIgniter\Boot::runCodeIgniter(Object(CodeIgniter\CodeIgniter))
11 FCPATH\index.php(59): CodeIgniter\Boot::bootWeb(Object(Config\Paths))
12 SYSTEMPATH\rewrite.php(44): require_once('C:\\Users\\ASUS\\Downloads\\Projectmagang_dr\\Projectmagang_dr\\public\\index.php')
WARNING - 2026-08-04 15:28:00 --> [DEPRECATED] Passing lowercase HTTP method "get" is deprecated. Use uppercase HTTP method like "GET". in SYSTEMPATH\Router\RouteCollection.php on line 1026.
 1 SYSTEMPATH\Router\RouteCollection.php(1026): trigger_error('Passing lowercase HTTP method "get" is deprecated. Use uppercase HTTP method like "GET".', 16384)
 2 APPPATH\Config\Routes.php(95): CodeIgniter\Router\RouteCollection->match([...], 'verifikasi', '\\App\\Controllers\\Sekretariat\\C_Verifikasi::index')
 3 SYSTEMPATH\Router\RouteCollection.php(799): CodeIgniter\Router\RouteCollection::{closure:C:\Users\ASUS\Downloads\Projectmagang_dr\Projectmagang_dr\app\Config\Routes.php:89}(Object(CodeIgniter\Router\RouteCollection))
 4 APPPATH\Config\Routes.php(89): CodeIgniter\Router\RouteCollection->group('sekretariat', [...], Object(Closure))
 5 SYSTEMPATH\Router\RouteCollection.php(339): require('C:\\Users\\ASUS\\Downloads\\Projectmagang_dr\\Projectmagang_dr\\app\\Config\\Routes.php')
 6 SYSTEMPATH\CodeIgniter.php(841): CodeIgniter\Router\RouteCollection->loadRoutes()
 7 SYSTEMPATH\CodeIgniter.php(464): CodeIgniter\CodeIgniter->tryToRouteIt(null)
 8 SYSTEMPATH\CodeIgniter.php(363): CodeIgniter\CodeIgniter->handleRequest(null, Object(Config\Cache), false)
 9 SYSTEMPATH\Boot.php(417): CodeIgniter\CodeIgniter->run()
10 SYSTEMPATH\Boot.php(68): CodeIgniter\Boot::runCodeIgniter(Object(CodeIgniter\CodeIgniter))
11 FCPATH\index.php(59): CodeIgniter\Boot::bootWeb(Object(Config\Paths))
12 SYSTEMPATH\rewrite.php(44): require_once('C:\\Users\\ASUS\\Downloads\\Projectmagang_dr\\Projectmagang_dr\\public\\index.php')
WARNING - 2026-08-04 15:28:00 --> [DEPRECATED] Passing lowercase HTTP method "post" is deprecated. Use uppercase HTTP method like "POST". in SYSTEMPATH\Router\RouteCollection.php on line 1026.
 1 SYSTEMPATH\Router\RouteCollection.php(1026): trigger_error('Passing lowercase HTTP method "post" is deprecated. Use uppercase HTTP method like "POST".', 16384)
 2 APPPATH\Config\Routes.php(95): CodeIgniter\Router\RouteCollection->match([...], 'verifikasi', '\\App\\Controllers\\Sekretariat\\C_Verifikasi::index')
 3 SYSTEMPATH\Router\RouteCollection.php(799): CodeIgniter\Router\RouteCollection::{closure:C:\Users\ASUS\Downloads\Projectmagang_dr\Projectmagang_dr\app\Config\Routes.php:89}(Object(CodeIgniter\Router\RouteCollection))
 4 APPPATH\Config\Routes.php(89): CodeIgniter\Router\RouteCollection->group('sekretariat', [...], Object(Closure))
 5 SYSTEMPATH\Router\RouteCollection.php(339): require('C:\\Users\\ASUS\\Downloads\\Projectmagang_dr\\Projectmagang_dr\\app\\Config\\Routes.php')
 6 SYSTEMPATH\CodeIgniter.php(841): CodeIgniter\Router\RouteCollection->loadRoutes()
 7 SYSTEMPATH\CodeIgniter.php(464): CodeIgniter\CodeIgniter->tryToRouteIt(null)
 8 SYSTEMPATH\CodeIgniter.php(363): CodeIgniter\CodeIgniter->handleRequest(null, Object(Config\Cache), false)
 9 SYSTEMPATH\Boot.php(417): CodeIgniter\CodeIgniter->run()
10 SYSTEMPATH\Boot.php(68): CodeIgniter\Boot::runCodeIgniter(Object(CodeIgniter\CodeIgniter))
11 FCPATH\index.php(59): CodeIgniter\Boot::bootWeb(Object(Config\Paths))
12 SYSTEMPATH\rewrite.php(44): require_once('C:\\Users\\ASUS\\Downloads\\Projectmagang_dr\\Projectmagang_dr\\public\\index.php')
WARNING - 2026-08-04 15:28:00 --> [DEPRECATED] Passing lowercase HTTP method "get" is deprecated. Use uppercase HTTP method like "GET". in SYSTEMPATH\Router\RouteCollection.php on line 1026.
 1 SYSTEMPATH\Router\RouteCollection.php(1026): trigger_error('Passing lowercase HTTP method "get" is deprecated. Use uppercase HTTP method like "GET".', 16384)
 2 APPPATH\Config\Routes.php(144): CodeIgniter\Router\RouteCollection->match([...], 'upload-surat-penerimaan', '\\App\\Controllers\\Sekretariat\\C_UploadSuratPenerimaan::index')
 3 SYSTEMPATH\Router\RouteCollection.php(799): CodeIgniter\Router\RouteCollection::{closure:C:\Users\ASUS\Downloads\Projectmagang_dr\Projectmagang_dr\app\Config\Routes.php:89}(Object(CodeIgniter\Router\RouteCollection))
 4 APPPATH\Config\Routes.php(89): CodeIgniter\Router\RouteCollection->group('sekretariat', [...], Object(Closure))
 5 SYSTEMPATH\Router\RouteCollection.php(339): require('C:\\Users\\ASUS\\Downloads\\Projectmagang_dr\\Projectmagang_dr\\app\\Config\\Routes.php')
 6 SYSTEMPATH\CodeIgniter.php(841): CodeIgniter\Router\RouteCollection->loadRoutes()
 7 SYSTEMPATH\CodeIgniter.php(464): CodeIgniter\CodeIgniter->tryToRouteIt(null)
 8 SYSTEMPATH\CodeIgniter.php(363): CodeIgniter\CodeIgniter->handleRequest(null, Object(Config\Cache), false)
 9 SYSTEMPATH\Boot.php(417): CodeIgniter\CodeIgniter->run()
10 SYSTEMPATH\Boot.php(68): CodeIgniter\Boot::runCodeIgniter(Object(CodeIgniter\CodeIgniter))
11 FCPATH\index.php(59): CodeIgniter\Boot::bootWeb(Object(Config\Paths))
12 SYSTEMPATH\rewrite.php(44): require_once('C:\\Users\\ASUS\\Downloads\\Projectmagang_dr\\Projectmagang_dr\\public\\index.php')
WARNING - 2026-08-04 15:28:00 --> [DEPRECATED] Passing lowercase HTTP method "post" is deprecated. Use uppercase HTTP method like "POST". in SYSTEMPATH\Router\RouteCollection.php on line 1026.
 1 SYSTEMPATH\Router\RouteCollection.php(1026): trigger_error('Passing lowercase HTTP method "post" is deprecated. Use uppercase HTTP method like "POST".', 16384)
 2 APPPATH\Config\Routes.php(144): CodeIgniter\Router\RouteCollection->match([...], 'upload-surat-penerimaan', '\\App\\Controllers\\Sekretariat\\C_UploadSuratPenerimaan::index')
 3 SYSTEMPATH\Router\RouteCollection.php(799): CodeIgniter\Router\RouteCollection::{closure:C:\Users\ASUS\Downloads\Projectmagang_dr\Projectmagang_dr\app\Config\Routes.php:89}(Object(CodeIgniter\Router\RouteCollection))
 4 APPPATH\Config\Routes.php(89): CodeIgniter\Router\RouteCollection->group('sekretariat', [...], Object(Closure))
 5 SYSTEMPATH\Router\RouteCollection.php(339): require('C:\\Users\\ASUS\\Downloads\\Projectmagang_dr\\Projectmagang_dr\\app\\Config\\Routes.php')
 6 SYSTEMPATH\CodeIgniter.php(841): CodeIgniter\Router\RouteCollection->loadRoutes()
 7 SYSTEMPATH\CodeIgniter.php(464): CodeIgniter\CodeIgniter->tryToRouteIt(null)
 8 SYSTEMPATH\CodeIgniter.php(363): CodeIgniter\CodeIgniter->handleRequest(null, Object(Config\Cache), false)
 9 SYSTEMPATH\Boot.php(417): CodeIgniter\CodeIgniter->run()
10 SYSTEMPATH\Boot.php(68): CodeIgniter\Boot::runCodeIgniter(Object(CodeIgniter\CodeIgniter))
11 FCPATH\index.php(59): CodeIgniter\Boot::bootWeb(Object(Config\Paths))
12 SYSTEMPATH\rewrite.php(44): require_once('C:\\Users\\ASUS\\Downloads\\Projectmagang_dr\\Projectmagang_dr\\public\\index.php')
WARNING - 2026-08-04 15:28:00 --> [DEPRECATED] Passing lowercase HTTP method "get" is deprecated. Use uppercase HTTP method like "GET". in SYSTEMPATH\Router\RouteCollection.php on line 1026.
 1 SYSTEMPATH\Router\RouteCollection.php(1026): trigger_error('Passing lowercase HTTP method "get" is deprecated. Use uppercase HTTP method like "GET".', 16384)
 2 APPPATH\Config\Routes.php(165): CodeIgniter\Router\RouteCollection->match([...], 'logbook', '\\App\\Controllers\\Kabid\\C_LogbookKabid::index')
 3 SYSTEMPATH\Router\RouteCollection.php(799): CodeIgniter\Router\RouteCollection::{closure:C:\Users\ASUS\Downloads\Projectmagang_dr\Projectmagang_dr\app\Config\Routes.php:153}(Object(CodeIgniter\Router\RouteCollection))
 4 APPPATH\Config\Routes.php(153): CodeIgniter\Router\RouteCollection->group('kabid', [...], Object(Closure))
 5 SYSTEMPATH\Router\RouteCollection.php(339): require('C:\\Users\\ASUS\\Downloads\\Projectmagang_dr\\Projectmagang_dr\\app\\Config\\Routes.php')
 6 SYSTEMPATH\CodeIgniter.php(841): CodeIgniter\Router\RouteCollection->loadRoutes()
 7 SYSTEMPATH\CodeIgniter.php(464): CodeIgniter\CodeIgniter->tryToRouteIt(null)
 8 SYSTEMPATH\CodeIgniter.php(363): CodeIgniter\CodeIgniter->handleRequest(null, Object(Config\Cache), false)
 9 SYSTEMPATH\Boot.php(417): CodeIgniter\CodeIgniter->run()
10 SYSTEMPATH\Boot.php(68): CodeIgniter\Boot::runCodeIgniter(Object(CodeIgniter\CodeIgniter))
11 FCPATH\index.php(59): CodeIgniter\Boot::bootWeb(Object(Config\Paths))
12 SYSTEMPATH\rewrite.php(44): require_once('C:\\Users\\ASUS\\Downloads\\Projectmagang_dr\\Projectmagang_dr\\public\\index.php')
WARNING - 2026-08-04 15:28:00 --> [DEPRECATED] Passing lowercase HTTP method "post" is deprecated. Use uppercase HTTP method like "POST". in SYSTEMPATH\Router\RouteCollection.php on line 1026.
 1 SYSTEMPATH\Router\RouteCollection.php(1026): trigger_error('Passing lowercase HTTP method "post" is deprecated. Use uppercase HTTP method like "POST".', 16384)
 2 APPPATH\Config\Routes.php(165): CodeIgniter\Router\RouteCollection->match([...], 'logbook', '\\App\\Controllers\\Kabid\\C_LogbookKabid::index')
 3 SYSTEMPATH\Router\RouteCollection.php(799): CodeIgniter\Router\RouteCollection::{closure:C:\Users\ASUS\Downloads\Projectmagang_dr\Projectmagang_dr\app\Config\Routes.php:153}(Object(CodeIgniter\Router\RouteCollection))
 4 APPPATH\Config\Routes.php(153): CodeIgniter\Router\RouteCollection->group('kabid', [...], Object(Closure))
 5 SYSTEMPATH\Router\RouteCollection.php(339): require('C:\\Users\\ASUS\\Downloads\\Projectmagang_dr\\Projectmagang_dr\\app\\Config\\Routes.php')
 6 SYSTEMPATH\CodeIgniter.php(841): CodeIgniter\Router\RouteCollection->loadRoutes()
 7 SYSTEMPATH\CodeIgniter.php(464): CodeIgniter\CodeIgniter->tryToRouteIt(null)
 8 SYSTEMPATH\CodeIgniter.php(363): CodeIgniter\CodeIgniter->handleRequest(null, Object(Config\Cache), false)
 9 SYSTEMPATH\Boot.php(417): CodeIgniter\CodeIgniter->run()
10 SYSTEMPATH\Boot.php(68): CodeIgniter\Boot::runCodeIgniter(Object(CodeIgniter\CodeIgniter))
11 FCPATH\index.php(59): CodeIgniter\Boot::bootWeb(Object(Config\Paths))
12 SYSTEMPATH\rewrite.php(44): require_once('C:\\Users\\ASUS\\Downloads\\Projectmagang_dr\\Projectmagang_dr\\public\\index.php')
WARNING - 2026-08-04 15:28:00 --> [DEPRECATED] Passing lowercase HTTP method "get" is deprecated. Use uppercase HTTP method like "GET". in SYSTEMPATH\Router\RouteCollection.php on line 1026.
 1 SYSTEMPATH\Router\RouteCollection.php(1026): trigger_error('Passing lowercase HTTP method "get" is deprecated. Use uppercase HTTP method like "GET".', 16384)
 2 APPPATH\Config\Routes.php(177): CodeIgniter\Router\RouteCollection->match([...], 'upload-dokumen', '\\App\\Controllers\\Kabid\\C_UploadDokumen::index')
 3 SYSTEMPATH\Router\RouteCollection.php(799): CodeIgniter\Router\RouteCollection::{closure:C:\Users\ASUS\Downloads\Projectmagang_dr\Projectmagang_dr\app\Config\Routes.php:153}(Object(CodeIgniter\Router\RouteCollection))
 4 APPPATH\Config\Routes.php(153): CodeIgniter\Router\RouteCollection->group('kabid', [...], Object(Closure))
 5 SYSTEMPATH\Router\RouteCollection.php(339): require('C:\\Users\\ASUS\\Downloads\\Projectmagang_dr\\Projectmagang_dr\\app\\Config\\Routes.php')
 6 SYSTEMPATH\CodeIgniter.php(841): CodeIgniter\Router\RouteCollection->loadRoutes()
 7 SYSTEMPATH\CodeIgniter.php(464): CodeIgniter\CodeIgniter->tryToRouteIt(null)
 8 SYSTEMPATH\CodeIgniter.php(363): CodeIgniter\CodeIgniter->handleRequest(null, Object(Config\Cache), false)
 9 SYSTEMPATH\Boot.php(417): CodeIgniter\CodeIgniter->run()
10 SYSTEMPATH\Boot.php(68): CodeIgniter\Boot::runCodeIgniter(Object(CodeIgniter\CodeIgniter))
11 FCPATH\index.php(59): CodeIgniter\Boot::bootWeb(Object(Config\Paths))
12 SYSTEMPATH\rewrite.php(44): require_once('C:\\Users\\ASUS\\Downloads\\Projectmagang_dr\\Projectmagang_dr\\public\\index.php')
WARNING - 2026-08-04 15:28:00 --> [DEPRECATED] Passing lowercase HTTP method "post" is deprecated. Use uppercase HTTP method like "POST". in SYSTEMPATH\Router\RouteCollection.php on line 1026.
 1 SYSTEMPATH\Router\RouteCollection.php(1026): trigger_error('Passing lowercase HTTP method "post" is deprecated. Use uppercase HTTP method like "POST".', 16384)
 2 APPPATH\Config\Routes.php(177): CodeIgniter\Router\RouteCollection->match([...], 'upload-dokumen', '\\App\\Controllers\\Kabid\\C_UploadDokumen::index')
 3 SYSTEMPATH\Router\RouteCollection.php(799): CodeIgniter\Router\RouteCollection::{closure:C:\Users\ASUS\Downloads\Projectmagang_dr\Projectmagang_dr\app\Config\Routes.php:153}(Object(CodeIgniter\Router\RouteCollection))
 4 APPPATH\Config\Routes.php(153): CodeIgniter\Router\RouteCollection->group('kabid', [...], Object(Closure))
 5 SYSTEMPATH\Router\RouteCollection.php(339): require('C:\\Users\\ASUS\\Downloads\\Projectmagang_dr\\Projectmagang_dr\\app\\Config\\Routes.php')
 6 SYSTEMPATH\CodeIgniter.php(841): CodeIgniter\Router\RouteCollection->loadRoutes()
 7 SYSTEMPATH\CodeIgniter.php(464): CodeIgniter\CodeIgniter->tryToRouteIt(null)
 8 SYSTEMPATH\CodeIgniter.php(363): CodeIgniter\CodeIgniter->handleRequest(null, Object(Config\Cache), false)
 9 SYSTEMPATH\Boot.php(417): CodeIgniter\CodeIgniter->run()
10 SYSTEMPATH\Boot.php(68): CodeIgniter\Boot::runCodeIgniter(Object(CodeIgniter\CodeIgniter))
11 FCPATH\index.php(59): CodeIgniter\Boot::bootWeb(Object(Config\Paths))
12 SYSTEMPATH\rewrite.php(44): require_once('C:\\Users\\ASUS\\Downloads\\Projectmagang_dr\\Projectmagang_dr\\public\\index.php')
DEBUG - 2026-08-04 15:28:00 --> Session: Class initialized using 'CodeIgniter\Session\Handlers\FileHandler' driver.
WARNING - 2026-08-04 15:28:01 --> [DEPRECATED] Passing lowercase HTTP method "get" is deprecated. Use uppercase HTTP method like "GET". in SYSTEMPATH\Router\RouteCollection.php on line 1026.
 1 SYSTEMPATH\Router\RouteCollection.php(1026): trigger_error('Passing lowercase HTTP method "get" is deprecated. Use uppercase HTTP method like "GET".', 16384)
 2 APPPATH\Config\Routes.php(77): CodeIgniter\Router\RouteCollection->match([...], 'logbook', 'C_Logbook::logbook')
 3 SYSTEMPATH\Router\RouteCollection.php(799): CodeIgniter\Router\RouteCollection::{closure:C:\Users\ASUS\Downloads\Projectmagang_dr\Projectmagang_dr\app\Config\Routes.php:59}(Object(CodeIgniter\Router\RouteCollection))
 4 APPPATH\Config\Routes.php(59): CodeIgniter\Router\RouteCollection->group('mahasiswa', [...], Object(Closure))
 5 SYSTEMPATH\Router\RouteCollection.php(339): require('C:\\Users\\ASUS\\Downloads\\Projectmagang_dr\\Projectmagang_dr\\app\\Config\\Routes.php')
 6 SYSTEMPATH\CodeIgniter.php(841): CodeIgniter\Router\RouteCollection->loadRoutes()
 7 SYSTEMPATH\CodeIgniter.php(464): CodeIgniter\CodeIgniter->tryToRouteIt(null)
 8 SYSTEMPATH\CodeIgniter.php(363): CodeIgniter\CodeIgniter->handleRequest(null, Object(Config\Cache), false)
 9 SYSTEMPATH\Boot.php(417): CodeIgniter\CodeIgniter->run()
10 SYSTEMPATH\Boot.php(68): CodeIgniter\Boot::runCodeIgniter(Object(CodeIgniter\CodeIgniter))
11 FCPATH\index.php(59): CodeIgniter\Boot::bootWeb(Object(Config\Paths))
12 SYSTEMPATH\rewrite.php(44): require_once('C:\\Users\\ASUS\\Downloads\\Projectmagang_dr\\Projectmagang_dr\\public\\index.php')
WARNING - 2026-08-04 15:28:02 --> [DEPRECATED] Passing lowercase HTTP method "post" is deprecated. Use uppercase HTTP method like "POST". in SYSTEMPATH\Router\RouteCollection.php on line 1026.
 1 SYSTEMPATH\Router\RouteCollection.php(1026): trigger_error('Passing lowercase HTTP method "post" is deprecated. Use uppercase HTTP method like "POST".', 16384)
 2 APPPATH\Config\Routes.php(77): CodeIgniter\Router\RouteCollection->match([...], 'logbook', 'C_Logbook::logbook')
 3 SYSTEMPATH\Router\RouteCollection.php(799): CodeIgniter\Router\RouteCollection::{closure:C:\Users\ASUS\Downloads\Projectmagang_dr\Projectmagang_dr\app\Config\Routes.php:59}(Object(CodeIgniter\Router\RouteCollection))
 4 APPPATH\Config\Routes.php(59): CodeIgniter\Router\RouteCollection->group('mahasiswa', [...], Object(Closure))
 5 SYSTEMPATH\Router\RouteCollection.php(339): require('C:\\Users\\ASUS\\Downloads\\Projectmagang_dr\\Projectmagang_dr\\app\\Config\\Routes.php')
 6 SYSTEMPATH\CodeIgniter.php(841): CodeIgniter\Router\RouteCollection->loadRoutes()
 7 SYSTEMPATH\CodeIgniter.php(464): CodeIgniter\CodeIgniter->tryToRouteIt(null)
 8 SYSTEMPATH\CodeIgniter.php(363): CodeIgniter\CodeIgniter->handleRequest(null, Object(Config\Cache), false)
 9 SYSTEMPATH\Boot.php(417): CodeIgniter\CodeIgniter->run()
10 SYSTEMPATH\Boot.php(68): CodeIgniter\Boot::runCodeIgniter(Object(CodeIgniter\CodeIgniter))
11 FCPATH\index.php(59): CodeIgniter\Boot::bootWeb(Object(Config\Paths))
12 SYSTEMPATH\rewrite.php(44): require_once('C:\\Users\\ASUS\\Downloads\\Projectmagang_dr\\Projectmagang_dr\\public\\index.php')
WARNING - 2026-08-04 15:28:02 --> [DEPRECATED] Passing lowercase HTTP method "get" is deprecated. Use uppercase HTTP method like "GET". in SYSTEMPATH\Router\RouteCollection.php on line 1026.
 1 SYSTEMPATH\Router\RouteCollection.php(1026): trigger_error('Passing lowercase HTTP method "get" is deprecated. Use uppercase HTTP method like "GET".', 16384)
 2 APPPATH\Config\Routes.php(95): CodeIgniter\Router\RouteCollection->match([...], 'verifikasi', '\\App\\Controllers\\Sekretariat\\C_Verifikasi::index')
 3 SYSTEMPATH\Router\RouteCollection.php(799): CodeIgniter\Router\RouteCollection::{closure:C:\Users\ASUS\Downloads\Projectmagang_dr\Projectmagang_dr\app\Config\Routes.php:89}(Object(CodeIgniter\Router\RouteCollection))
 4 APPPATH\Config\Routes.php(89): CodeIgniter\Router\RouteCollection->group('sekretariat', [...], Object(Closure))
 5 SYSTEMPATH\Router\RouteCollection.php(339): require('C:\\Users\\ASUS\\Downloads\\Projectmagang_dr\\Projectmagang_dr\\app\\Config\\Routes.php')
 6 SYSTEMPATH\CodeIgniter.php(841): CodeIgniter\Router\RouteCollection->loadRoutes()
 7 SYSTEMPATH\CodeIgniter.php(464): CodeIgniter\CodeIgniter->tryToRouteIt(null)
 8 SYSTEMPATH\CodeIgniter.php(363): CodeIgniter\CodeIgniter->handleRequest(null, Object(Config\Cache), false)
 9 SYSTEMPATH\Boot.php(417): CodeIgniter\CodeIgniter->run()
10 SYSTEMPATH\Boot.php(68): CodeIgniter\Boot::runCodeIgniter(Object(CodeIgniter\CodeIgniter))
11 FCPATH\index.php(59): CodeIgniter\Boot::bootWeb(Object(Config\Paths))
12 SYSTEMPATH\rewrite.php(44): require_once('C:\\Users\\ASUS\\Downloads\\Projectmagang_dr\\Projectmagang_dr\\public\\index.php')
WARNING - 2026-08-04 15:28:02 --> [DEPRECATED] Passing lowercase HTTP method "post" is deprecated. Use uppercase HTTP method like "POST". in SYSTEMPATH\Router\RouteCollection.php on line 1026.
 1 SYSTEMPATH\Router\RouteCollection.php(1026): trigger_error('Passing lowercase HTTP method "post" is deprecated. Use uppercase HTTP method like "POST".', 16384)
 2 APPPATH\Config\Routes.php(95): CodeIgniter\Router\RouteCollection->match([...], 'verifikasi', '\\App\\Controllers\\Sekretariat\\C_Verifikasi::index')
 3 SYSTEMPATH\Router\RouteCollection.php(799): CodeIgniter\Router\RouteCollection::{closure:C:\Users\ASUS\Downloads\Projectmagang_dr\Projectmagang_dr\app\Config\Routes.php:89}(Object(CodeIgniter\Router\RouteCollection))
 4 APPPATH\Config\Routes.php(89): CodeIgniter\Router\RouteCollection->group('sekretariat', [...], Object(Closure))
 5 SYSTEMPATH\Router\RouteCollection.php(339): require('C:\\Users\\ASUS\\Downloads\\Projectmagang_dr\\Projectmagang_dr\\app\\Config\\Routes.php')
 6 SYSTEMPATH\CodeIgniter.php(841): CodeIgniter\Router\RouteCollection->loadRoutes()
 7 SYSTEMPATH\CodeIgniter.php(464): CodeIgniter\CodeIgniter->tryToRouteIt(null)
 8 SYSTEMPATH\CodeIgniter.php(363): CodeIgniter\CodeIgniter->handleRequest(null, Object(Config\Cache), false)
 9 SYSTEMPATH\Boot.php(417): CodeIgniter\CodeIgniter->run()
10 SYSTEMPATH\Boot.php(68): CodeIgniter\Boot::runCodeIgniter(Object(CodeIgniter\CodeIgniter))
11 FCPATH\index.php(59): CodeIgniter\Boot::bootWeb(Object(Config\Paths))
12 SYSTEMPATH\rewrite.php(44): require_once('C:\\Users\\ASUS\\Downloads\\Projectmagang_dr\\Projectmagang_dr\\public\\index.php')
WARNING - 2026-08-04 15:28:02 --> [DEPRECATED] Passing lowercase HTTP method "get" is deprecated. Use uppercase HTTP method like "GET". in SYSTEMPATH\Router\RouteCollection.php on line 1026.
 1 SYSTEMPATH\Router\RouteCollection.php(1026): trigger_error('Passing lowercase HTTP method "get" is deprecated. Use uppercase HTTP method like "GET".', 16384)
 2 APPPATH\Config\Routes.php(144): CodeIgniter\Router\RouteCollection->match([...], 'upload-surat-penerimaan', '\\App\\Controllers\\Sekretariat\\C_UploadSuratPenerimaan::index')
 3 SYSTEMPATH\Router\RouteCollection.php(799): CodeIgniter\Router\RouteCollection::{closure:C:\Users\ASUS\Downloads\Projectmagang_dr\Projectmagang_dr\app\Config\Routes.php:89}(Object(CodeIgniter\Router\RouteCollection))
 4 APPPATH\Config\Routes.php(89): CodeIgniter\Router\RouteCollection->group('sekretariat', [...], Object(Closure))
 5 SYSTEMPATH\Router\RouteCollection.php(339): require('C:\\Users\\ASUS\\Downloads\\Projectmagang_dr\\Projectmagang_dr\\app\\Config\\Routes.php')
 6 SYSTEMPATH\CodeIgniter.php(841): CodeIgniter\Router\RouteCollection->loadRoutes()
 7 SYSTEMPATH\CodeIgniter.php(464): CodeIgniter\CodeIgniter->tryToRouteIt(null)
 8 SYSTEMPATH\CodeIgniter.php(363): CodeIgniter\CodeIgniter->handleRequest(null, Object(Config\Cache), false)
 9 SYSTEMPATH\Boot.php(417): CodeIgniter\CodeIgniter->run()
10 SYSTEMPATH\Boot.php(68): CodeIgniter\Boot::runCodeIgniter(Object(CodeIgniter\CodeIgniter))
11 FCPATH\index.php(59): CodeIgniter\Boot::bootWeb(Object(Config\Paths))
12 SYSTEMPATH\rewrite.php(44): require_once('C:\\Users\\ASUS\\Downloads\\Projectmagang_dr\\Projectmagang_dr\\public\\index.php')
WARNING - 2026-08-04 15:28:02 --> [DEPRECATED] Passing lowercase HTTP method "post" is deprecated. Use uppercase HTTP method like "POST". in SYSTEMPATH\Router\RouteCollection.php on line 1026.
 1 SYSTEMPATH\Router\RouteCollection.php(1026): trigger_error('Passing lowercase HTTP method "post" is deprecated. Use uppercase HTTP method like "POST".', 16384)
 2 APPPATH\Config\Routes.php(144): CodeIgniter\Router\RouteCollection->match([...], 'upload-surat-penerimaan', '\\App\\Controllers\\Sekretariat\\C_UploadSuratPenerimaan::index')
 3 SYSTEMPATH\Router\RouteCollection.php(799): CodeIgniter\Router\RouteCollection::{closure:C:\Users\ASUS\Downloads\Projectmagang_dr\Projectmagang_dr\app\Config\Routes.php:89}(Object(CodeIgniter\Router\RouteCollection))
 4 APPPATH\Config\Routes.php(89): CodeIgniter\Router\RouteCollection->group('sekretariat', [...], Object(Closure))
 5 SYSTEMPATH\Router\RouteCollection.php(339): require('C:\\Users\\ASUS\\Downloads\\Projectmagang_dr\\Projectmagang_dr\\app\\Config\\Routes.php')
 6 SYSTEMPATH\CodeIgniter.php(841): CodeIgniter\Router\RouteCollection->loadRoutes()
 7 SYSTEMPATH\CodeIgniter.php(464): CodeIgniter\CodeIgniter->tryToRouteIt(null)
 8 SYSTEMPATH\CodeIgniter.php(363): CodeIgniter\CodeIgniter->handleRequest(null, Object(Config\Cache), false)
 9 SYSTEMPATH\Boot.php(417): CodeIgniter\CodeIgniter->run()
10 SYSTEMPATH\Boot.php(68): CodeIgniter\Boot::runCodeIgniter(Object(CodeIgniter\CodeIgniter))
11 FCPATH\index.php(59): CodeIgniter\Boot::bootWeb(Object(Config\Paths))
12 SYSTEMPATH\rewrite.php(44): require_once('C:\\Users\\ASUS\\Downloads\\Projectmagang_dr\\Projectmagang_dr\\public\\index.php')
WARNING - 2026-08-04 15:28:02 --> [DEPRECATED] Passing lowercase HTTP method "get" is deprecated. Use uppercase HTTP method like "GET". in SYSTEMPATH\Router\RouteCollection.php on line 1026.
 1 SYSTEMPATH\Router\RouteCollection.php(1026): trigger_error('Passing lowercase HTTP method "get" is deprecated. Use uppercase HTTP method like "GET".', 16384)
 2 APPPATH\Config\Routes.php(165): CodeIgniter\Router\RouteCollection->match([...], 'logbook', '\\App\\Controllers\\Kabid\\C_LogbookKabid::index')
 3 SYSTEMPATH\Router\RouteCollection.php(799): CodeIgniter\Router\RouteCollection::{closure:C:\Users\ASUS\Downloads\Projectmagang_dr\Projectmagang_dr\app\Config\Routes.php:153}(Object(CodeIgniter\Router\RouteCollection))
 4 APPPATH\Config\Routes.php(153): CodeIgniter\Router\RouteCollection->group('kabid', [...], Object(Closure))
 5 SYSTEMPATH\Router\RouteCollection.php(339): require('C:\\Users\\ASUS\\Downloads\\Projectmagang_dr\\Projectmagang_dr\\app\\Config\\Routes.php')
 6 SYSTEMPATH\CodeIgniter.php(841): CodeIgniter\Router\RouteCollection->loadRoutes()
 7 SYSTEMPATH\CodeIgniter.php(464): CodeIgniter\CodeIgniter->tryToRouteIt(null)
 8 SYSTEMPATH\CodeIgniter.php(363): CodeIgniter\CodeIgniter->handleRequest(null, Object(Config\Cache), false)
 9 SYSTEMPATH\Boot.php(417): CodeIgniter\CodeIgniter->run()
10 SYSTEMPATH\Boot.php(68): CodeIgniter\Boot::runCodeIgniter(Object(CodeIgniter\CodeIgniter))
11 FCPATH\index.php(59): CodeIgniter\Boot::bootWeb(Object(Config\Paths))
12 SYSTEMPATH\rewrite.php(44): require_once('C:\\Users\\ASUS\\Downloads\\Projectmagang_dr\\Projectmagang_dr\\public\\index.php')
WARNING - 2026-08-04 15:28:02 --> [DEPRECATED] Passing lowercase HTTP method "post" is deprecated. Use uppercase HTTP method like "POST". in SYSTEMPATH\Router\RouteCollection.php on line 1026.
 1 SYSTEMPATH\Router\RouteCollection.php(1026): trigger_error('Passing lowercase HTTP method "post" is deprecated. Use uppercase HTTP method like "POST".', 16384)
 2 APPPATH\Config\Routes.php(165): CodeIgniter\Router\RouteCollection->match([...], 'logbook', '\\App\\Controllers\\Kabid\\C_LogbookKabid::index')
 3 SYSTEMPATH\Router\RouteCollection.php(799): CodeIgniter\Router\RouteCollection::{closure:C:\Users\ASUS\Downloads\Projectmagang_dr\Projectmagang_dr\app\Config\Routes.php:153}(Object(CodeIgniter\Router\RouteCollection))
 4 APPPATH\Config\Routes.php(153): CodeIgniter\Router\RouteCollection->group('kabid', [...], Object(Closure))
 5 SYSTEMPATH\Router\RouteCollection.php(339): require('C:\\Users\\ASUS\\Downloads\\Projectmagang_dr\\Projectmagang_dr\\app\\Config\\Routes.php')
 6 SYSTEMPATH\CodeIgniter.php(841): CodeIgniter\Router\RouteCollection->loadRoutes()
 7 SYSTEMPATH\CodeIgniter.php(464): CodeIgniter\CodeIgniter->tryToRouteIt(null)
 8 SYSTEMPATH\CodeIgniter.php(363): CodeIgniter\CodeIgniter->handleRequest(null, Object(Config\Cache), false)
 9 SYSTEMPATH\Boot.php(417): CodeIgniter\CodeIgniter->run()
10 SYSTEMPATH\Boot.php(68): CodeIgniter\Boot::runCodeIgniter(Object(CodeIgniter\CodeIgniter))
11 FCPATH\index.php(59): CodeIgniter\Boot::bootWeb(Object(Config\Paths))
12 SYSTEMPATH\rewrite.php(44): require_once('C:\\Users\\ASUS\\Downloads\\Projectmagang_dr\\Projectmagang_dr\\public\\index.php')
WARNING - 2026-08-04 15:28:02 --> [DEPRECATED] Passing lowercase HTTP method "get" is deprecated. Use uppercase HTTP method like "GET". in SYSTEMPATH\Router\RouteCollection.php on line 1026.
 1 SYSTEMPATH\Router\RouteCollection.php(1026): trigger_error('Passing lowercase HTTP method "get" is deprecated. Use uppercase HTTP method like "GET".', 16384)
 2 APPPATH\Config\Routes.php(177): CodeIgniter\Router\RouteCollection->match([...], 'upload-dokumen', '\\App\\Controllers\\Kabid\\C_UploadDokumen::index')
 3 SYSTEMPATH\Router\RouteCollection.php(799): CodeIgniter\Router\RouteCollection::{closure:C:\Users\ASUS\Downloads\Projectmagang_dr\Projectmagang_dr\app\Config\Routes.php:153}(Object(CodeIgniter\Router\RouteCollection))
 4 APPPATH\Config\Routes.php(153): CodeIgniter\Router\RouteCollection->group('kabid', [...], Object(Closure))
 5 SYSTEMPATH\Router\RouteCollection.php(339): require('C:\\Users\\ASUS\\Downloads\\Projectmagang_dr\\Projectmagang_dr\\app\\Config\\Routes.php')
 6 SYSTEMPATH\CodeIgniter.php(841): CodeIgniter\Router\RouteCollection->loadRoutes()
 7 SYSTEMPATH\CodeIgniter.php(464): CodeIgniter\CodeIgniter->tryToRouteIt(null)
 8 SYSTEMPATH\CodeIgniter.php(363): CodeIgniter\CodeIgniter->handleRequest(null, Object(Config\Cache), false)
 9 SYSTEMPATH\Boot.php(417): CodeIgniter\CodeIgniter->run()
10 SYSTEMPATH\Boot.php(68): CodeIgniter\Boot::runCodeIgniter(Object(CodeIgniter\CodeIgniter))
11 FCPATH\index.php(59): CodeIgniter\Boot::bootWeb(Object(Config\Paths))
12 SYSTEMPATH\rewrite.php(44): require_once('C:\\Users\\ASUS\\Downloads\\Projectmagang_dr\\Projectmagang_dr\\public\\index.php')
WARNING - 2026-08-04 15:28:02 --> [DEPRECATED] Passing lowercase HTTP method "post" is deprecated. Use uppercase HTTP method like "POST". in SYSTEMPATH\Router\RouteCollection.php on line 1026.
 1 SYSTEMPATH\Router\RouteCollection.php(1026): trigger_error('Passing lowercase HTTP method "post" is deprecated. Use uppercase HTTP method like "POST".', 16384)
 2 APPPATH\Config\Routes.php(177): CodeIgniter\Router\RouteCollection->match([...], 'upload-dokumen', '\\App\\Controllers\\Kabid\\C_UploadDokumen::index')
 3 SYSTEMPATH\Router\RouteCollection.php(799): CodeIgniter\Router\RouteCollection::{closure:C:\Users\ASUS\Downloads\Projectmagang_dr\Projectmagang_dr\app\Config\Routes.php:153}(Object(CodeIgniter\Router\RouteCollection))
 4 APPPATH\Config\Routes.php(153): CodeIgniter\Router\RouteCollection->group('kabid', [...], Object(Closure))
 5 SYSTEMPATH\Router\RouteCollection.php(339): require('C:\\Users\\ASUS\\Downloads\\Projectmagang_dr\\Projectmagang_dr\\app\\Config\\Routes.php')
 6 SYSTEMPATH\CodeIgniter.php(841): CodeIgniter\Router\RouteCollection->loadRoutes()
 7 SYSTEMPATH\CodeIgniter.php(464): CodeIgniter\CodeIgniter->tryToRouteIt(null)
 8 SYSTEMPATH\CodeIgniter.php(363): CodeIgniter\CodeIgniter->handleRequest(null, Object(Config\Cache), false)
 9 SYSTEMPATH\Boot.php(417): CodeIgniter\CodeIgniter->run()
10 SYSTEMPATH\Boot.php(68): CodeIgniter\Boot::runCodeIgniter(Object(CodeIgniter\CodeIgniter))
11 FCPATH\index.php(59): CodeIgniter\Boot::bootWeb(Object(Config\Paths))
12 SYSTEMPATH\rewrite.php(44): require_once('C:\\Users\\ASUS\\Downloads\\Projectmagang_dr\\Projectmagang_dr\\public\\index.php')
WARNING - 2026-08-04 15:28:43 --> [DEPRECATED] Passing lowercase HTTP method "get" is deprecated. Use uppercase HTTP method like "GET". in SYSTEMPATH\Router\RouteCollection.php on line 1026.
 1 SYSTEMPATH\Router\RouteCollection.php(1026): trigger_error('Passing lowercase HTTP method "get" is deprecated. Use uppercase HTTP method like "GET".', 16384)
 2 APPPATH\Config\Routes.php(77): CodeIgniter\Router\RouteCollection->match([...], 'logbook', 'C_Logbook::logbook')
 3 SYSTEMPATH\Router\RouteCollection.php(799): CodeIgniter\Router\RouteCollection::{closure:C:\Users\ASUS\Downloads\Projectmagang_dr\Projectmagang_dr\app\Config\Routes.php:59}(Object(CodeIgniter\Router\RouteCollection))
 4 APPPATH\Config\Routes.php(59): CodeIgniter\Router\RouteCollection->group('mahasiswa', [...], Object(Closure))
 5 SYSTEMPATH\Router\RouteCollection.php(339): require('C:\\Users\\ASUS\\Downloads\\Projectmagang_dr\\Projectmagang_dr\\app\\Config\\Routes.php')
 6 SYSTEMPATH\CodeIgniter.php(841): CodeIgniter\Router\RouteCollection->loadRoutes()
 7 SYSTEMPATH\CodeIgniter.php(464): CodeIgniter\CodeIgniter->tryToRouteIt(null)
 8 SYSTEMPATH\CodeIgniter.php(363): CodeIgniter\CodeIgniter->handleRequest(null, Object(Config\Cache), false)
 9 SYSTEMPATH\Boot.php(417): CodeIgniter\CodeIgniter->run()
10 SYSTEMPATH\Boot.php(68): CodeIgniter\Boot::runCodeIgniter(Object(CodeIgniter\CodeIgniter))
11 FCPATH\index.php(59): CodeIgniter\Boot::bootWeb(Object(Config\Paths))
12 SYSTEMPATH\rewrite.php(44): require_once('C:\\Users\\ASUS\\Downloads\\Projectmagang_dr\\Projectmagang_dr\\public\\index.php')
WARNING - 2026-08-04 15:28:43 --> [DEPRECATED] Passing lowercase HTTP method "post" is deprecated. Use uppercase HTTP method like "POST". in SYSTEMPATH\Router\RouteCollection.php on line 1026.
 1 SYSTEMPATH\Router\RouteCollection.php(1026): trigger_error('Passing lowercase HTTP method "post" is deprecated. Use uppercase HTTP method like "POST".', 16384)
 2 APPPATH\Config\Routes.php(77): CodeIgniter\Router\RouteCollection->match([...], 'logbook', 'C_Logbook::logbook')
 3 SYSTEMPATH\Router\RouteCollection.php(799): CodeIgniter\Router\RouteCollection::{closure:C:\Users\ASUS\Downloads\Projectmagang_dr\Projectmagang_dr\app\Config\Routes.php:59}(Object(CodeIgniter\Router\RouteCollection))
 4 APPPATH\Config\Routes.php(59): CodeIgniter\Router\RouteCollection->group('mahasiswa', [...], Object(Closure))
 5 SYSTEMPATH\Router\RouteCollection.php(339): require('C:\\Users\\ASUS\\Downloads\\Projectmagang_dr\\Projectmagang_dr\\app\\Config\\Routes.php')
 6 SYSTEMPATH\CodeIgniter.php(841): CodeIgniter\Router\RouteCollection->loadRoutes()
 7 SYSTEMPATH\CodeIgniter.php(464): CodeIgniter\CodeIgniter->tryToRouteIt(null)
 8 SYSTEMPATH\CodeIgniter.php(363): CodeIgniter\CodeIgniter->handleRequest(null, Object(Config\Cache), false)
 9 SYSTEMPATH\Boot.php(417): CodeIgniter\CodeIgniter->run()
10 SYSTEMPATH\Boot.php(68): CodeIgniter\Boot::runCodeIgniter(Object(CodeIgniter\CodeIgniter))
11 FCPATH\index.php(59): CodeIgniter\Boot::bootWeb(Object(Config\Paths))
12 SYSTEMPATH\rewrite.php(44): require_once('C:\\Users\\ASUS\\Downloads\\Projectmagang_dr\\Projectmagang_dr\\public\\index.php')
WARNING - 2026-08-04 15:28:43 --> [DEPRECATED] Passing lowercase HTTP method "get" is deprecated. Use uppercase HTTP method like "GET". in SYSTEMPATH\Router\RouteCollection.php on line 1026.
 1 SYSTEMPATH\Router\RouteCollection.php(1026): trigger_error('Passing lowercase HTTP method "get" is deprecated. Use uppercase HTTP method like "GET".', 16384)
 2 APPPATH\Config\Routes.php(95): CodeIgniter\Router\RouteCollection->match([...], 'verifikasi', '\\App\\Controllers\\Sekretariat\\C_Verifikasi::index')
 3 SYSTEMPATH\Router\RouteCollection.php(799): CodeIgniter\Router\RouteCollection::{closure:C:\Users\ASUS\Downloads\Projectmagang_dr\Projectmagang_dr\app\Config\Routes.php:89}(Object(CodeIgniter\Router\RouteCollection))
 4 APPPATH\Config\Routes.php(89): CodeIgniter\Router\RouteCollection->group('sekretariat', [...], Object(Closure))
 5 SYSTEMPATH\Router\RouteCollection.php(339): require('C:\\Users\\ASUS\\Downloads\\Projectmagang_dr\\Projectmagang_dr\\app\\Config\\Routes.php')
 6 SYSTEMPATH\CodeIgniter.php(841): CodeIgniter\Router\RouteCollection->loadRoutes()
 7 SYSTEMPATH\CodeIgniter.php(464): CodeIgniter\CodeIgniter->tryToRouteIt(null)
 8 SYSTEMPATH\CodeIgniter.php(363): CodeIgniter\CodeIgniter->handleRequest(null, Object(Config\Cache), false)
 9 SYSTEMPATH\Boot.php(417): CodeIgniter\CodeIgniter->run()
10 SYSTEMPATH\Boot.php(68): CodeIgniter\Boot::runCodeIgniter(Object(CodeIgniter\CodeIgniter))
11 FCPATH\index.php(59): CodeIgniter\Boot::bootWeb(Object(Config\Paths))
12 SYSTEMPATH\rewrite.php(44): require_once('C:\\Users\\ASUS\\Downloads\\Projectmagang_dr\\Projectmagang_dr\\public\\index.php')
WARNING - 2026-08-04 15:28:43 --> [DEPRECATED] Passing lowercase HTTP method "post" is deprecated. Use uppercase HTTP method like "POST". in SYSTEMPATH\Router\RouteCollection.php on line 1026.
 1 SYSTEMPATH\Router\RouteCollection.php(1026): trigger_error('Passing lowercase HTTP method "post" is deprecated. Use uppercase HTTP method like "POST".', 16384)
 2 APPPATH\Config\Routes.php(95): CodeIgniter\Router\RouteCollection->match([...], 'verifikasi', '\\App\\Controllers\\Sekretariat\\C_Verifikasi::index')
 3 SYSTEMPATH\Router\RouteCollection.php(799): CodeIgniter\Router\RouteCollection::{closure:C:\Users\ASUS\Downloads\Projectmagang_dr\Projectmagang_dr\app\Config\Routes.php:89}(Object(CodeIgniter\Router\RouteCollection))
 4 APPPATH\Config\Routes.php(89): CodeIgniter\Router\RouteCollection->group('sekretariat', [...], Object(Closure))
 5 SYSTEMPATH\Router\RouteCollection.php(339): require('C:\\Users\\ASUS\\Downloads\\Projectmagang_dr\\Projectmagang_dr\\app\\Config\\Routes.php')
 6 SYSTEMPATH\CodeIgniter.php(841): CodeIgniter\Router\RouteCollection->loadRoutes()
 7 SYSTEMPATH\CodeIgniter.php(464): CodeIgniter\CodeIgniter->tryToRouteIt(null)
 8 SYSTEMPATH\CodeIgniter.php(363): CodeIgniter\CodeIgniter->handleRequest(null, Object(Config\Cache), false)
 9 SYSTEMPATH\Boot.php(417): CodeIgniter\CodeIgniter->run()
10 SYSTEMPATH\Boot.php(68): CodeIgniter\Boot::runCodeIgniter(Object(CodeIgniter\CodeIgniter))
11 FCPATH\index.php(59): CodeIgniter\Boot::bootWeb(Object(Config\Paths))
12 SYSTEMPATH\rewrite.php(44): require_once('C:\\Users\\ASUS\\Downloads\\Projectmagang_dr\\Projectmagang_dr\\public\\index.php')
WARNING - 2026-08-04 15:28:43 --> [DEPRECATED] Passing lowercase HTTP method "get" is deprecated. Use uppercase HTTP method like "GET". in SYSTEMPATH\Router\RouteCollection.php on line 1026.
 1 SYSTEMPATH\Router\RouteCollection.php(1026): trigger_error('Passing lowercase HTTP method "get" is deprecated. Use uppercase HTTP method like "GET".', 16384)
 2 APPPATH\Config\Routes.php(144): CodeIgniter\Router\RouteCollection->match([...], 'upload-surat-penerimaan', '\\App\\Controllers\\Sekretariat\\C_UploadSuratPenerimaan::index')
 3 SYSTEMPATH\Router\RouteCollection.php(799): CodeIgniter\Router\RouteCollection::{closure:C:\Users\ASUS\Downloads\Projectmagang_dr\Projectmagang_dr\app\Config\Routes.php:89}(Object(CodeIgniter\Router\RouteCollection))
 4 APPPATH\Config\Routes.php(89): CodeIgniter\Router\RouteCollection->group('sekretariat', [...], Object(Closure))
 5 SYSTEMPATH\Router\RouteCollection.php(339): require('C:\\Users\\ASUS\\Downloads\\Projectmagang_dr\\Projectmagang_dr\\app\\Config\\Routes.php')
 6 SYSTEMPATH\CodeIgniter.php(841): CodeIgniter\Router\RouteCollection->loadRoutes()
 7 SYSTEMPATH\CodeIgniter.php(464): CodeIgniter\CodeIgniter->tryToRouteIt(null)
 8 SYSTEMPATH\CodeIgniter.php(363): CodeIgniter\CodeIgniter->handleRequest(null, Object(Config\Cache), false)
 9 SYSTEMPATH\Boot.php(417): CodeIgniter\CodeIgniter->run()
10 SYSTEMPATH\Boot.php(68): CodeIgniter\Boot::runCodeIgniter(Object(CodeIgniter\CodeIgniter))
11 FCPATH\index.php(59): CodeIgniter\Boot::bootWeb(Object(Config\Paths))
12 SYSTEMPATH\rewrite.php(44): require_once('C:\\Users\\ASUS\\Downloads\\Projectmagang_dr\\Projectmagang_dr\\public\\index.php')
WARNING - 2026-08-04 15:28:43 --> [DEPRECATED] Passing lowercase HTTP method "post" is deprecated. Use uppercase HTTP method like "POST". in SYSTEMPATH\Router\RouteCollection.php on line 1026.
 1 SYSTEMPATH\Router\RouteCollection.php(1026): trigger_error('Passing lowercase HTTP method "post" is deprecated. Use uppercase HTTP method like "POST".', 16384)
 2 APPPATH\Config\Routes.php(144): CodeIgniter\Router\RouteCollection->match([...], 'upload-surat-penerimaan', '\\App\\Controllers\\Sekretariat\\C_UploadSuratPenerimaan::index')
 3 SYSTEMPATH\Router\RouteCollection.php(799): CodeIgniter\Router\RouteCollection::{closure:C:\Users\ASUS\Downloads\Projectmagang_dr\Projectmagang_dr\app\Config\Routes.php:89}(Object(CodeIgniter\Router\RouteCollection))
 4 APPPATH\Config\Routes.php(89): CodeIgniter\Router\RouteCollection->group('sekretariat', [...], Object(Closure))
 5 SYSTEMPATH\Router\RouteCollection.php(339): require('C:\\Users\\ASUS\\Downloads\\Projectmagang_dr\\Projectmagang_dr\\app\\Config\\Routes.php')
 6 SYSTEMPATH\CodeIgniter.php(841): CodeIgniter\Router\RouteCollection->loadRoutes()
 7 SYSTEMPATH\CodeIgniter.php(464): CodeIgniter\CodeIgniter->tryToRouteIt(null)
 8 SYSTEMPATH\CodeIgniter.php(363): CodeIgniter\CodeIgniter->handleRequest(null, Object(Config\Cache), false)
 9 SYSTEMPATH\Boot.php(417): CodeIgniter\CodeIgniter->run()
10 SYSTEMPATH\Boot.php(68): CodeIgniter\Boot::runCodeIgniter(Object(CodeIgniter\CodeIgniter))
11 FCPATH\index.php(59): CodeIgniter\Boot::bootWeb(Object(Config\Paths))
12 SYSTEMPATH\rewrite.php(44): require_once('C:\\Users\\ASUS\\Downloads\\Projectmagang_dr\\Projectmagang_dr\\public\\index.php')
WARNING - 2026-08-04 15:28:43 --> [DEPRECATED] Passing lowercase HTTP method "get" is deprecated. Use uppercase HTTP method like "GET". in SYSTEMPATH\Router\RouteCollection.php on line 1026.
 1 SYSTEMPATH\Router\RouteCollection.php(1026): trigger_error('Passing lowercase HTTP method "get" is deprecated. Use uppercase HTTP method like "GET".', 16384)
 2 APPPATH\Config\Routes.php(165): CodeIgniter\Router\RouteCollection->match([...], 'logbook', '\\App\\Controllers\\Kabid\\C_LogbookKabid::index')
 3 SYSTEMPATH\Router\RouteCollection.php(799): CodeIgniter\Router\RouteCollection::{closure:C:\Users\ASUS\Downloads\Projectmagang_dr\Projectmagang_dr\app\Config\Routes.php:153}(Object(CodeIgniter\Router\RouteCollection))
 4 APPPATH\Config\Routes.php(153): CodeIgniter\Router\RouteCollection->group('kabid', [...], Object(Closure))
 5 SYSTEMPATH\Router\RouteCollection.php(339): require('C:\\Users\\ASUS\\Downloads\\Projectmagang_dr\\Projectmagang_dr\\app\\Config\\Routes.php')
 6 SYSTEMPATH\CodeIgniter.php(841): CodeIgniter\Router\RouteCollection->loadRoutes()
 7 SYSTEMPATH\CodeIgniter.php(464): CodeIgniter\CodeIgniter->tryToRouteIt(null)
 8 SYSTEMPATH\CodeIgniter.php(363): CodeIgniter\CodeIgniter->handleRequest(null, Object(Config\Cache), false)
 9 SYSTEMPATH\Boot.php(417): CodeIgniter\CodeIgniter->run()
10 SYSTEMPATH\Boot.php(68): CodeIgniter\Boot::runCodeIgniter(Object(CodeIgniter\CodeIgniter))
11 FCPATH\index.php(59): CodeIgniter\Boot::bootWeb(Object(Config\Paths))
12 SYSTEMPATH\rewrite.php(44): require_once('C:\\Users\\ASUS\\Downloads\\Projectmagang_dr\\Projectmagang_dr\\public\\index.php')
WARNING - 2026-08-04 15:28:43 --> [DEPRECATED] Passing lowercase HTTP method "post" is deprecated. Use uppercase HTTP method like "POST". in SYSTEMPATH\Router\RouteCollection.php on line 1026.
 1 SYSTEMPATH\Router\RouteCollection.php(1026): trigger_error('Passing lowercase HTTP method "post" is deprecated. Use uppercase HTTP method like "POST".', 16384)
 2 APPPATH\Config\Routes.php(165): CodeIgniter\Router\RouteCollection->match([...], 'logbook', '\\App\\Controllers\\Kabid\\C_LogbookKabid::index')
 3 SYSTEMPATH\Router\RouteCollection.php(799): CodeIgniter\Router\RouteCollection::{closure:C:\Users\ASUS\Downloads\Projectmagang_dr\Projectmagang_dr\app\Config\Routes.php:153}(Object(CodeIgniter\Router\RouteCollection))
 4 APPPATH\Config\Routes.php(153): CodeIgniter\Router\RouteCollection->group('kabid', [...], Object(Closure))
 5 SYSTEMPATH\Router\RouteCollection.php(339): require('C:\\Users\\ASUS\\Downloads\\Projectmagang_dr\\Projectmagang_dr\\app\\Config\\Routes.php')
 6 SYSTEMPATH\CodeIgniter.php(841): CodeIgniter\Router\RouteCollection->loadRoutes()
 7 SYSTEMPATH\CodeIgniter.php(464): CodeIgniter\CodeIgniter->tryToRouteIt(null)
 8 SYSTEMPATH\CodeIgniter.php(363): CodeIgniter\CodeIgniter->handleRequest(null, Object(Config\Cache), false)
 9 SYSTEMPATH\Boot.php(417): CodeIgniter\CodeIgniter->run()
10 SYSTEMPATH\Boot.php(68): CodeIgniter\Boot::runCodeIgniter(Object(CodeIgniter\CodeIgniter))
11 FCPATH\index.php(59): CodeIgniter\Boot::bootWeb(Object(Config\Paths))
12 SYSTEMPATH\rewrite.php(44): require_once('C:\\Users\\ASUS\\Downloads\\Projectmagang_dr\\Projectmagang_dr\\public\\index.php')
WARNING - 2026-08-04 15:28:43 --> [DEPRECATED] Passing lowercase HTTP method "get" is deprecated. Use uppercase HTTP method like "GET". in SYSTEMPATH\Router\RouteCollection.php on line 1026.
 1 SYSTEMPATH\Router\RouteCollection.php(1026): trigger_error('Passing lowercase HTTP method "get" is deprecated. Use uppercase HTTP method like "GET".', 16384)
 2 APPPATH\Config\Routes.php(177): CodeIgniter\Router\RouteCollection->match([...], 'upload-dokumen', '\\App\\Controllers\\Kabid\\C_UploadDokumen::index')
 3 SYSTEMPATH\Router\RouteCollection.php(799): CodeIgniter\Router\RouteCollection::{closure:C:\Users\ASUS\Downloads\Projectmagang_dr\Projectmagang_dr\app\Config\Routes.php:153}(Object(CodeIgniter\Router\RouteCollection))
 4 APPPATH\Config\Routes.php(153): CodeIgniter\Router\RouteCollection->group('kabid', [...], Object(Closure))
 5 SYSTEMPATH\Router\RouteCollection.php(339): require('C:\\Users\\ASUS\\Downloads\\Projectmagang_dr\\Projectmagang_dr\\app\\Config\\Routes.php')
 6 SYSTEMPATH\CodeIgniter.php(841): CodeIgniter\Router\RouteCollection->loadRoutes()
 7 SYSTEMPATH\CodeIgniter.php(464): CodeIgniter\CodeIgniter->tryToRouteIt(null)
 8 SYSTEMPATH\CodeIgniter.php(363): CodeIgniter\CodeIgniter->handleRequest(null, Object(Config\Cache), false)
 9 SYSTEMPATH\Boot.php(417): CodeIgniter\CodeIgniter->run()
10 SYSTEMPATH\Boot.php(68): CodeIgniter\Boot::runCodeIgniter(Object(CodeIgniter\CodeIgniter))
11 FCPATH\index.php(59): CodeIgniter\Boot::bootWeb(Object(Config\Paths))
12 SYSTEMPATH\rewrite.php(44): require_once('C:\\Users\\ASUS\\Downloads\\Projectmagang_dr\\Projectmagang_dr\\public\\index.php')
WARNING - 2026-08-04 15:28:43 --> [DEPRECATED] Passing lowercase HTTP method "post" is deprecated. Use uppercase HTTP method like "POST". in SYSTEMPATH\Router\RouteCollection.php on line 1026.
 1 SYSTEMPATH\Router\RouteCollection.php(1026): trigger_error('Passing lowercase HTTP method "post" is deprecated. Use uppercase HTTP method like "POST".', 16384)
 2 APPPATH\Config\Routes.php(177): CodeIgniter\Router\RouteCollection->match([...], 'upload-dokumen', '\\App\\Controllers\\Kabid\\C_UploadDokumen::index')
 3 SYSTEMPATH\Router\RouteCollection.php(799): CodeIgniter\Router\RouteCollection::{closure:C:\Users\ASUS\Downloads\Projectmagang_dr\Projectmagang_dr\app\Config\Routes.php:153}(Object(CodeIgniter\Router\RouteCollection))
 4 APPPATH\Config\Routes.php(153): CodeIgniter\Router\RouteCollection->group('kabid', [...], Object(Closure))
 5 SYSTEMPATH\Router\RouteCollection.php(339): require('C:\\Users\\ASUS\\Downloads\\Projectmagang_dr\\Projectmagang_dr\\app\\Config\\Routes.php')
 6 SYSTEMPATH\CodeIgniter.php(841): CodeIgniter\Router\RouteCollection->loadRoutes()
 7 SYSTEMPATH\CodeIgniter.php(464): CodeIgniter\CodeIgniter->tryToRouteIt(null)
 8 SYSTEMPATH\CodeIgniter.php(363): CodeIgniter\CodeIgniter->handleRequest(null, Object(Config\Cache), false)
 9 SYSTEMPATH\Boot.php(417): CodeIgniter\CodeIgniter->run()
10 SYSTEMPATH\Boot.php(68): CodeIgniter\Boot::runCodeIgniter(Object(CodeIgniter\CodeIgniter))
11 FCPATH\index.php(59): CodeIgniter\Boot::bootWeb(Object(Config\Paths))
12 SYSTEMPATH\rewrite.php(44): require_once('C:\\Users\\ASUS\\Downloads\\Projectmagang_dr\\Projectmagang_dr\\public\\index.php')
WARNING - 2026-08-04 15:28:48 --> [DEPRECATED] Passing lowercase HTTP method "get" is deprecated. Use uppercase HTTP method like "GET". in SYSTEMPATH\Router\RouteCollection.php on line 1026.
 1 SYSTEMPATH\Router\RouteCollection.php(1026): trigger_error('Passing lowercase HTTP method "get" is deprecated. Use uppercase HTTP method like "GET".', 16384)
 2 APPPATH\Config\Routes.php(77): CodeIgniter\Router\RouteCollection->match([...], 'logbook', 'C_Logbook::logbook')
 3 SYSTEMPATH\Router\RouteCollection.php(799): CodeIgniter\Router\RouteCollection::{closure:C:\Users\ASUS\Downloads\Projectmagang_dr\Projectmagang_dr\app\Config\Routes.php:59}(Object(CodeIgniter\Router\RouteCollection))
 4 APPPATH\Config\Routes.php(59): CodeIgniter\Router\RouteCollection->group('mahasiswa', [...], Object(Closure))
 5 SYSTEMPATH\Router\RouteCollection.php(339): require('C:\\Users\\ASUS\\Downloads\\Projectmagang_dr\\Projectmagang_dr\\app\\Config\\Routes.php')
 6 SYSTEMPATH\CodeIgniter.php(841): CodeIgniter\Router\RouteCollection->loadRoutes()
 7 SYSTEMPATH\CodeIgniter.php(464): CodeIgniter\CodeIgniter->tryToRouteIt(null)
 8 SYSTEMPATH\CodeIgniter.php(363): CodeIgniter\CodeIgniter->handleRequest(null, Object(Config\Cache), false)
 9 SYSTEMPATH\Boot.php(417): CodeIgniter\CodeIgniter->run()
10 SYSTEMPATH\Boot.php(68): CodeIgniter\Boot::runCodeIgniter(Object(CodeIgniter\CodeIgniter))
11 FCPATH\index.php(59): CodeIgniter\Boot::bootWeb(Object(Config\Paths))
12 SYSTEMPATH\rewrite.php(44): require_once('C:\\Users\\ASUS\\Downloads\\Projectmagang_dr\\Projectmagang_dr\\public\\index.php')
WARNING - 2026-08-04 15:28:48 --> [DEPRECATED] Passing lowercase HTTP method "post" is deprecated. Use uppercase HTTP method like "POST". in SYSTEMPATH\Router\RouteCollection.php on line 1026.
 1 SYSTEMPATH\Router\RouteCollection.php(1026): trigger_error('Passing lowercase HTTP method "post" is deprecated. Use uppercase HTTP method like "POST".', 16384)
 2 APPPATH\Config\Routes.php(77): CodeIgniter\Router\RouteCollection->match([...], 'logbook', 'C_Logbook::logbook')
 3 SYSTEMPATH\Router\RouteCollection.php(799): CodeIgniter\Router\RouteCollection::{closure:C:\Users\ASUS\Downloads\Projectmagang_dr\Projectmagang_dr\app\Config\Routes.php:59}(Object(CodeIgniter\Router\RouteCollection))
 4 APPPATH\Config\Routes.php(59): CodeIgniter\Router\RouteCollection->group('mahasiswa', [...], Object(Closure))
 5 SYSTEMPATH\Router\RouteCollection.php(339): require('C:\\Users\\ASUS\\Downloads\\Projectmagang_dr\\Projectmagang_dr\\app\\Config\\Routes.php')
 6 SYSTEMPATH\CodeIgniter.php(841): CodeIgniter\Router\RouteCollection->loadRoutes()
 7 SYSTEMPATH\CodeIgniter.php(464): CodeIgniter\CodeIgniter->tryToRouteIt(null)
 8 SYSTEMPATH\CodeIgniter.php(363): CodeIgniter\CodeIgniter->handleRequest(null, Object(Config\Cache), false)
 9 SYSTEMPATH\Boot.php(417): CodeIgniter\CodeIgniter->run()
10 SYSTEMPATH\Boot.php(68): CodeIgniter\Boot::runCodeIgniter(Object(CodeIgniter\CodeIgniter))
11 FCPATH\index.php(59): CodeIgniter\Boot::bootWeb(Object(Config\Paths))
12 SYSTEMPATH\rewrite.php(44): require_once('C:\\Users\\ASUS\\Downloads\\Projectmagang_dr\\Projectmagang_dr\\public\\index.php')
WARNING - 2026-08-04 15:28:48 --> [DEPRECATED] Passing lowercase HTTP method "get" is deprecated. Use uppercase HTTP method like "GET". in SYSTEMPATH\Router\RouteCollection.php on line 1026.
 1 SYSTEMPATH\Router\RouteCollection.php(1026): trigger_error('Passing lowercase HTTP method "get" is deprecated. Use uppercase HTTP method like "GET".', 16384)
 2 APPPATH\Config\Routes.php(95): CodeIgniter\Router\RouteCollection->match([...], 'verifikasi', '\\App\\Controllers\\Sekretariat\\C_Verifikasi::index')
 3 SYSTEMPATH\Router\RouteCollection.php(799): CodeIgniter\Router\RouteCollection::{closure:C:\Users\ASUS\Downloads\Projectmagang_dr\Projectmagang_dr\app\Config\Routes.php:89}(Object(CodeIgniter\Router\RouteCollection))
 4 APPPATH\Config\Routes.php(89): CodeIgniter\Router\RouteCollection->group('sekretariat', [...], Object(Closure))
 5 SYSTEMPATH\Router\RouteCollection.php(339): require('C:\\Users\\ASUS\\Downloads\\Projectmagang_dr\\Projectmagang_dr\\app\\Config\\Routes.php')
 6 SYSTEMPATH\CodeIgniter.php(841): CodeIgniter\Router\RouteCollection->loadRoutes()
 7 SYSTEMPATH\CodeIgniter.php(464): CodeIgniter\CodeIgniter->tryToRouteIt(null)
 8 SYSTEMPATH\CodeIgniter.php(363): CodeIgniter\CodeIgniter->handleRequest(null, Object(Config\Cache), false)
 9 SYSTEMPATH\Boot.php(417): CodeIgniter\CodeIgniter->run()
10 SYSTEMPATH\Boot.php(68): CodeIgniter\Boot::runCodeIgniter(Object(CodeIgniter\CodeIgniter))
11 FCPATH\index.php(59): CodeIgniter\Boot::bootWeb(Object(Config\Paths))
12 SYSTEMPATH\rewrite.php(44): require_once('C:\\Users\\ASUS\\Downloads\\Projectmagang_dr\\Projectmagang_dr\\public\\index.php')
WARNING - 2026-08-04 15:28:48 --> [DEPRECATED] Passing lowercase HTTP method "post" is deprecated. Use uppercase HTTP method like "POST". in SYSTEMPATH\Router\RouteCollection.php on line 1026.
 1 SYSTEMPATH\Router\RouteCollection.php(1026): trigger_error('Passing lowercase HTTP method "post" is deprecated. Use uppercase HTTP method like "POST".', 16384)
 2 APPPATH\Config\Routes.php(95): CodeIgniter\Router\RouteCollection->match([...], 'verifikasi', '\\App\\Controllers\\Sekretariat\\C_Verifikasi::index')
 3 SYSTEMPATH\Router\RouteCollection.php(799): CodeIgniter\Router\RouteCollection::{closure:C:\Users\ASUS\Downloads\Projectmagang_dr\Projectmagang_dr\app\Config\Routes.php:89}(Object(CodeIgniter\Router\RouteCollection))
 4 APPPATH\Config\Routes.php(89): CodeIgniter\Router\RouteCollection->group('sekretariat', [...], Object(Closure))
 5 SYSTEMPATH\Router\RouteCollection.php(339): require('C:\\Users\\ASUS\\Downloads\\Projectmagang_dr\\Projectmagang_dr\\app\\Config\\Routes.php')
 6 SYSTEMPATH\CodeIgniter.php(841): CodeIgniter\Router\RouteCollection->loadRoutes()
 7 SYSTEMPATH\CodeIgniter.php(464): CodeIgniter\CodeIgniter->tryToRouteIt(null)
 8 SYSTEMPATH\CodeIgniter.php(363): CodeIgniter\CodeIgniter->handleRequest(null, Object(Config\Cache), false)
 9 SYSTEMPATH\Boot.php(417): CodeIgniter\CodeIgniter->run()
10 SYSTEMPATH\Boot.php(68): CodeIgniter\Boot::runCodeIgniter(Object(CodeIgniter\CodeIgniter))
11 FCPATH\index.php(59): CodeIgniter\Boot::bootWeb(Object(Config\Paths))
12 SYSTEMPATH\rewrite.php(44): require_once('C:\\Users\\ASUS\\Downloads\\Projectmagang_dr\\Projectmagang_dr\\public\\index.php')
WARNING - 2026-08-04 15:28:48 --> [DEPRECATED] Passing lowercase HTTP method "get" is deprecated. Use uppercase HTTP method like "GET". in SYSTEMPATH\Router\RouteCollection.php on line 1026.
 1 SYSTEMPATH\Router\RouteCollection.php(1026): trigger_error('Passing lowercase HTTP method "get" is deprecated. Use uppercase HTTP method like "GET".', 16384)
 2 APPPATH\Config\Routes.php(144): CodeIgniter\Router\RouteCollection->match([...], 'upload-surat-penerimaan', '\\App\\Controllers\\Sekretariat\\C_UploadSuratPenerimaan::index')
 3 SYSTEMPATH\Router\RouteCollection.php(799): CodeIgniter\Router\RouteCollection::{closure:C:\Users\ASUS\Downloads\Projectmagang_dr\Projectmagang_dr\app\Config\Routes.php:89}(Object(CodeIgniter\Router\RouteCollection))
 4 APPPATH\Config\Routes.php(89): CodeIgniter\Router\RouteCollection->group('sekretariat', [...], Object(Closure))
 5 SYSTEMPATH\Router\RouteCollection.php(339): require('C:\\Users\\ASUS\\Downloads\\Projectmagang_dr\\Projectmagang_dr\\app\\Config\\Routes.php')
 6 SYSTEMPATH\CodeIgniter.php(841): CodeIgniter\Router\RouteCollection->loadRoutes()
 7 SYSTEMPATH\CodeIgniter.php(464): CodeIgniter\CodeIgniter->tryToRouteIt(null)
 8 SYSTEMPATH\CodeIgniter.php(363): CodeIgniter\CodeIgniter->handleRequest(null, Object(Config\Cache), false)
 9 SYSTEMPATH\Boot.php(417): CodeIgniter\CodeIgniter->run()
10 SYSTEMPATH\Boot.php(68): CodeIgniter\Boot::runCodeIgniter(Object(CodeIgniter\CodeIgniter))
11 FCPATH\index.php(59): CodeIgniter\Boot::bootWeb(Object(Config\Paths))
12 SYSTEMPATH\rewrite.php(44): require_once('C:\\Users\\ASUS\\Downloads\\Projectmagang_dr\\Projectmagang_dr\\public\\index.php')
WARNING - 2026-08-04 15:28:48 --> [DEPRECATED] Passing lowercase HTTP method "post" is deprecated. Use uppercase HTTP method like "POST". in SYSTEMPATH\Router\RouteCollection.php on line 1026.
 1 SYSTEMPATH\Router\RouteCollection.php(1026): trigger_error('Passing lowercase HTTP method "post" is deprecated. Use uppercase HTTP method like "POST".', 16384)
 2 APPPATH\Config\Routes.php(144): CodeIgniter\Router\RouteCollection->match([...], 'upload-surat-penerimaan', '\\App\\Controllers\\Sekretariat\\C_UploadSuratPenerimaan::index')
 3 SYSTEMPATH\Router\RouteCollection.php(799): CodeIgniter\Router\RouteCollection::{closure:C:\Users\ASUS\Downloads\Projectmagang_dr\Projectmagang_dr\app\Config\Routes.php:89}(Object(CodeIgniter\Router\RouteCollection))
 4 APPPATH\Config\Routes.php(89): CodeIgniter\Router\RouteCollection->group('sekretariat', [...], Object(Closure))
 5 SYSTEMPATH\Router\RouteCollection.php(339): require('C:\\Users\\ASUS\\Downloads\\Projectmagang_dr\\Projectmagang_dr\\app\\Config\\Routes.php')
 6 SYSTEMPATH\CodeIgniter.php(841): CodeIgniter\Router\RouteCollection->loadRoutes()
 7 SYSTEMPATH\CodeIgniter.php(464): CodeIgniter\CodeIgniter->tryToRouteIt(null)
 8 SYSTEMPATH\CodeIgniter.php(363): CodeIgniter\CodeIgniter->handleRequest(null, Object(Config\Cache), false)
 9 SYSTEMPATH\Boot.php(417): CodeIgniter\CodeIgniter->run()
10 SYSTEMPATH\Boot.php(68): CodeIgniter\Boot::runCodeIgniter(Object(CodeIgniter\CodeIgniter))
11 FCPATH\index.php(59): CodeIgniter\Boot::bootWeb(Object(Config\Paths))
12 SYSTEMPATH\rewrite.php(44): require_once('C:\\Users\\ASUS\\Downloads\\Projectmagang_dr\\Projectmagang_dr\\public\\index.php')
WARNING - 2026-08-04 15:28:48 --> [DEPRECATED] Passing lowercase HTTP method "get" is deprecated. Use uppercase HTTP method like "GET". in SYSTEMPATH\Router\RouteCollection.php on line 1026.
 1 SYSTEMPATH\Router\RouteCollection.php(1026): trigger_error('Passing lowercase HTTP method "get" is deprecated. Use uppercase HTTP method like "GET".', 16384)
 2 APPPATH\Config\Routes.php(165): CodeIgniter\Router\RouteCollection->match([...], 'logbook', '\\App\\Controllers\\Kabid\\C_LogbookKabid::index')
 3 SYSTEMPATH\Router\RouteCollection.php(799): CodeIgniter\Router\RouteCollection::{closure:C:\Users\ASUS\Downloads\Projectmagang_dr\Projectmagang_dr\app\Config\Routes.php:153}(Object(CodeIgniter\Router\RouteCollection))
 4 APPPATH\Config\Routes.php(153): CodeIgniter\Router\RouteCollection->group('kabid', [...], Object(Closure))
 5 SYSTEMPATH\Router\RouteCollection.php(339): require('C:\\Users\\ASUS\\Downloads\\Projectmagang_dr\\Projectmagang_dr\\app\\Config\\Routes.php')
 6 SYSTEMPATH\CodeIgniter.php(841): CodeIgniter\Router\RouteCollection->loadRoutes()
 7 SYSTEMPATH\CodeIgniter.php(464): CodeIgniter\CodeIgniter->tryToRouteIt(null)
 8 SYSTEMPATH\CodeIgniter.php(363): CodeIgniter\CodeIgniter->handleRequest(null, Object(Config\Cache), false)
 9 SYSTEMPATH\Boot.php(417): CodeIgniter\CodeIgniter->run()
10 SYSTEMPATH\Boot.php(68): CodeIgniter\Boot::runCodeIgniter(Object(CodeIgniter\CodeIgniter))
11 FCPATH\index.php(59): CodeIgniter\Boot::bootWeb(Object(Config\Paths))
12 SYSTEMPATH\rewrite.php(44): require_once('C:\\Users\\ASUS\\Downloads\\Projectmagang_dr\\Projectmagang_dr\\public\\index.php')
WARNING - 2026-08-04 15:28:48 --> [DEPRECATED] Passing lowercase HTTP method "post" is deprecated. Use uppercase HTTP method like "POST". in SYSTEMPATH\Router\RouteCollection.php on line 1026.
 1 SYSTEMPATH\Router\RouteCollection.php(1026): trigger_error('Passing lowercase HTTP method "post" is deprecated. Use uppercase HTTP method like "POST".', 16384)
 2 APPPATH\Config\Routes.php(165): CodeIgniter\Router\RouteCollection->match([...], 'logbook', '\\App\\Controllers\\Kabid\\C_LogbookKabid::index')
 3 SYSTEMPATH\Router\RouteCollection.php(799): CodeIgniter\Router\RouteCollection::{closure:C:\Users\ASUS\Downloads\Projectmagang_dr\Projectmagang_dr\app\Config\Routes.php:153}(Object(CodeIgniter\Router\RouteCollection))
 4 APPPATH\Config\Routes.php(153): CodeIgniter\Router\RouteCollection->group('kabid', [...], Object(Closure))
 5 SYSTEMPATH\Router\RouteCollection.php(339): require('C:\\Users\\ASUS\\Downloads\\Projectmagang_dr\\Projectmagang_dr\\app\\Config\\Routes.php')
 6 SYSTEMPATH\CodeIgniter.php(841): CodeIgniter\Router\RouteCollection->loadRoutes()
 7 SYSTEMPATH\CodeIgniter.php(464): CodeIgniter\CodeIgniter->tryToRouteIt(null)
 8 SYSTEMPATH\CodeIgniter.php(363): CodeIgniter\CodeIgniter->handleRequest(null, Object(Config\Cache), false)
 9 SYSTEMPATH\Boot.php(417): CodeIgniter\CodeIgniter->run()
10 SYSTEMPATH\Boot.php(68): CodeIgniter\Boot::runCodeIgniter(Object(CodeIgniter\CodeIgniter))
11 FCPATH\index.php(59): CodeIgniter\Boot::bootWeb(Object(Config\Paths))
12 SYSTEMPATH\rewrite.php(44): require_once('C:\\Users\\ASUS\\Downloads\\Projectmagang_dr\\Projectmagang_dr\\public\\index.php')
WARNING - 2026-08-04 15:28:48 --> [DEPRECATED] Passing lowercase HTTP method "get" is deprecated. Use uppercase HTTP method like "GET". in SYSTEMPATH\Router\RouteCollection.php on line 1026.
 1 SYSTEMPATH\Router\RouteCollection.php(1026): trigger_error('Passing lowercase HTTP method "get" is deprecated. Use uppercase HTTP method like "GET".', 16384)
 2 APPPATH\Config\Routes.php(177): CodeIgniter\Router\RouteCollection->match([...], 'upload-dokumen', '\\App\\Controllers\\Kabid\\C_UploadDokumen::index')
 3 SYSTEMPATH\Router\RouteCollection.php(799): CodeIgniter\Router\RouteCollection::{closure:C:\Users\ASUS\Downloads\Projectmagang_dr\Projectmagang_dr\app\Config\Routes.php:153}(Object(CodeIgniter\Router\RouteCollection))
 4 APPPATH\Config\Routes.php(153): CodeIgniter\Router\RouteCollection->group('kabid', [...], Object(Closure))
 5 SYSTEMPATH\Router\RouteCollection.php(339): require('C:\\Users\\ASUS\\Downloads\\Projectmagang_dr\\Projectmagang_dr\\app\\Config\\Routes.php')
 6 SYSTEMPATH\CodeIgniter.php(841): CodeIgniter\Router\RouteCollection->loadRoutes()
 7 SYSTEMPATH\CodeIgniter.php(464): CodeIgniter\CodeIgniter->tryToRouteIt(null)
 8 SYSTEMPATH\CodeIgniter.php(363): CodeIgniter\CodeIgniter->handleRequest(null, Object(Config\Cache), false)
 9 SYSTEMPATH\Boot.php(417): CodeIgniter\CodeIgniter->run()
10 SYSTEMPATH\Boot.php(68): CodeIgniter\Boot::runCodeIgniter(Object(CodeIgniter\CodeIgniter))
11 FCPATH\index.php(59): CodeIgniter\Boot::bootWeb(Object(Config\Paths))
12 SYSTEMPATH\rewrite.php(44): require_once('C:\\Users\\ASUS\\Downloads\\Projectmagang_dr\\Projectmagang_dr\\public\\index.php')
WARNING - 2026-08-04 15:28:48 --> [DEPRECATED] Passing lowercase HTTP method "post" is deprecated. Use uppercase HTTP method like "POST". in SYSTEMPATH\Router\RouteCollection.php on line 1026.
 1 SYSTEMPATH\Router\RouteCollection.php(1026): trigger_error('Passing lowercase HTTP method "post" is deprecated. Use uppercase HTTP method like "POST".', 16384)
 2 APPPATH\Config\Routes.php(177): CodeIgniter\Router\RouteCollection->match([...], 'upload-dokumen', '\\App\\Controllers\\Kabid\\C_UploadDokumen::index')
 3 SYSTEMPATH\Router\RouteCollection.php(799): CodeIgniter\Router\RouteCollection::{closure:C:\Users\ASUS\Downloads\Projectmagang_dr\Projectmagang_dr\app\Config\Routes.php:153}(Object(CodeIgniter\Router\RouteCollection))
 4 APPPATH\Config\Routes.php(153): CodeIgniter\Router\RouteCollection->group('kabid', [...], Object(Closure))
 5 SYSTEMPATH\Router\RouteCollection.php(339): require('C:\\Users\\ASUS\\Downloads\\Projectmagang_dr\\Projectmagang_dr\\app\\Config\\Routes.php')
 6 SYSTEMPATH\CodeIgniter.php(841): CodeIgniter\Router\RouteCollection->loadRoutes()
 7 SYSTEMPATH\CodeIgniter.php(464): CodeIgniter\CodeIgniter->tryToRouteIt(null)
 8 SYSTEMPATH\CodeIgniter.php(363): CodeIgniter\CodeIgniter->handleRequest(null, Object(Config\Cache), false)
 9 SYSTEMPATH\Boot.php(417): CodeIgniter\CodeIgniter->run()
10 SYSTEMPATH\Boot.php(68): CodeIgniter\Boot::runCodeIgniter(Object(CodeIgniter\CodeIgniter))
11 FCPATH\index.php(59): CodeIgniter\Boot::bootWeb(Object(Config\Paths))
12 SYSTEMPATH\rewrite.php(44): require_once('C:\\Users\\ASUS\\Downloads\\Projectmagang_dr\\Projectmagang_dr\\public\\index.php')
DEBUG - 2026-08-04 15:28:48 --> Session: Class initialized using 'CodeIgniter\Session\Handlers\FileHandler' driver.
WARNING - 2026-08-04 15:28:48 --> [DEPRECATED] Passing lowercase HTTP method "get" is deprecated. Use uppercase HTTP method like "GET". in SYSTEMPATH\Router\RouteCollection.php on line 1026.
 1 SYSTEMPATH\Router\RouteCollection.php(1026): trigger_error('Passing lowercase HTTP method "get" is deprecated. Use uppercase HTTP method like "GET".', 16384)
 2 APPPATH\Config\Routes.php(77): CodeIgniter\Router\RouteCollection->match([...], 'logbook', 'C_Logbook::logbook')
 3 SYSTEMPATH\Router\RouteCollection.php(799): CodeIgniter\Router\RouteCollection::{closure:C:\Users\ASUS\Downloads\Projectmagang_dr\Projectmagang_dr\app\Config\Routes.php:59}(Object(CodeIgniter\Router\RouteCollection))
 4 APPPATH\Config\Routes.php(59): CodeIgniter\Router\RouteCollection->group('mahasiswa', [...], Object(Closure))
 5 SYSTEMPATH\Router\RouteCollection.php(339): require('C:\\Users\\ASUS\\Downloads\\Projectmagang_dr\\Projectmagang_dr\\app\\Config\\Routes.php')
 6 SYSTEMPATH\CodeIgniter.php(841): CodeIgniter\Router\RouteCollection->loadRoutes()
 7 SYSTEMPATH\CodeIgniter.php(464): CodeIgniter\CodeIgniter->tryToRouteIt(null)
 8 SYSTEMPATH\CodeIgniter.php(363): CodeIgniter\CodeIgniter->handleRequest(null, Object(Config\Cache), false)
 9 SYSTEMPATH\Boot.php(417): CodeIgniter\CodeIgniter->run()
10 SYSTEMPATH\Boot.php(68): CodeIgniter\Boot::runCodeIgniter(Object(CodeIgniter\CodeIgniter))
11 FCPATH\index.php(59): CodeIgniter\Boot::bootWeb(Object(Config\Paths))
12 SYSTEMPATH\rewrite.php(44): require_once('C:\\Users\\ASUS\\Downloads\\Projectmagang_dr\\Projectmagang_dr\\public\\index.php')
WARNING - 2026-08-04 15:28:48 --> [DEPRECATED] Passing lowercase HTTP method "post" is deprecated. Use uppercase HTTP method like "POST". in SYSTEMPATH\Router\RouteCollection.php on line 1026.
 1 SYSTEMPATH\Router\RouteCollection.php(1026): trigger_error('Passing lowercase HTTP method "post" is deprecated. Use uppercase HTTP method like "POST".', 16384)
 2 APPPATH\Config\Routes.php(77): CodeIgniter\Router\RouteCollection->match([...], 'logbook', 'C_Logbook::logbook')
 3 SYSTEMPATH\Router\RouteCollection.php(799): CodeIgniter\Router\RouteCollection::{closure:C:\Users\ASUS\Downloads\Projectmagang_dr\Projectmagang_dr\app\Config\Routes.php:59}(Object(CodeIgniter\Router\RouteCollection))
 4 APPPATH\Config\Routes.php(59): CodeIgniter\Router\RouteCollection->group('mahasiswa', [...], Object(Closure))
 5 SYSTEMPATH\Router\RouteCollection.php(339): require('C:\\Users\\ASUS\\Downloads\\Projectmagang_dr\\Projectmagang_dr\\app\\Config\\Routes.php')
 6 SYSTEMPATH\CodeIgniter.php(841): CodeIgniter\Router\RouteCollection->loadRoutes()
 7 SYSTEMPATH\CodeIgniter.php(464): CodeIgniter\CodeIgniter->tryToRouteIt(null)
 8 SYSTEMPATH\CodeIgniter.php(363): CodeIgniter\CodeIgniter->handleRequest(null, Object(Config\Cache), false)
 9 SYSTEMPATH\Boot.php(417): CodeIgniter\CodeIgniter->run()
10 SYSTEMPATH\Boot.php(68): CodeIgniter\Boot::runCodeIgniter(Object(CodeIgniter\CodeIgniter))
11 FCPATH\index.php(59): CodeIgniter\Boot::bootWeb(Object(Config\Paths))
12 SYSTEMPATH\rewrite.php(44): require_once('C:\\Users\\ASUS\\Downloads\\Projectmagang_dr\\Projectmagang_dr\\public\\index.php')
WARNING - 2026-08-04 15:28:48 --> [DEPRECATED] Passing lowercase HTTP method "get" is deprecated. Use uppercase HTTP method like "GET". in SYSTEMPATH\Router\RouteCollection.php on line 1026.
 1 SYSTEMPATH\Router\RouteCollection.php(1026): trigger_error('Passing lowercase HTTP method "get" is deprecated. Use uppercase HTTP method like "GET".', 16384)
 2 APPPATH\Config\Routes.php(95): CodeIgniter\Router\RouteCollection->match([...], 'verifikasi', '\\App\\Controllers\\Sekretariat\\C_Verifikasi::index')
 3 SYSTEMPATH\Router\RouteCollection.php(799): CodeIgniter\Router\RouteCollection::{closure:C:\Users\ASUS\Downloads\Projectmagang_dr\Projectmagang_dr\app\Config\Routes.php:89}(Object(CodeIgniter\Router\RouteCollection))
 4 APPPATH\Config\Routes.php(89): CodeIgniter\Router\RouteCollection->group('sekretariat', [...], Object(Closure))
 5 SYSTEMPATH\Router\RouteCollection.php(339): require('C:\\Users\\ASUS\\Downloads\\Projectmagang_dr\\Projectmagang_dr\\app\\Config\\Routes.php')
 6 SYSTEMPATH\CodeIgniter.php(841): CodeIgniter\Router\RouteCollection->loadRoutes()
 7 SYSTEMPATH\CodeIgniter.php(464): CodeIgniter\CodeIgniter->tryToRouteIt(null)
 8 SYSTEMPATH\CodeIgniter.php(363): CodeIgniter\CodeIgniter->handleRequest(null, Object(Config\Cache), false)
 9 SYSTEMPATH\Boot.php(417): CodeIgniter\CodeIgniter->run()
10 SYSTEMPATH\Boot.php(68): CodeIgniter\Boot::runCodeIgniter(Object(CodeIgniter\CodeIgniter))
11 FCPATH\index.php(59): CodeIgniter\Boot::bootWeb(Object(Config\Paths))
12 SYSTEMPATH\rewrite.php(44): require_once('C:\\Users\\ASUS\\Downloads\\Projectmagang_dr\\Projectmagang_dr\\public\\index.php')
WARNING - 2026-08-04 15:28:48 --> [DEPRECATED] Passing lowercase HTTP method "post" is deprecated. Use uppercase HTTP method like "POST". in SYSTEMPATH\Router\RouteCollection.php on line 1026.
 1 SYSTEMPATH\Router\RouteCollection.php(1026): trigger_error('Passing lowercase HTTP method "post" is deprecated. Use uppercase HTTP method like "POST".', 16384)
 2 APPPATH\Config\Routes.php(95): CodeIgniter\Router\RouteCollection->match([...], 'verifikasi', '\\App\\Controllers\\Sekretariat\\C_Verifikasi::index')
 3 SYSTEMPATH\Router\RouteCollection.php(799): CodeIgniter\Router\RouteCollection::{closure:C:\Users\ASUS\Downloads\Projectmagang_dr\Projectmagang_dr\app\Config\Routes.php:89}(Object(CodeIgniter\Router\RouteCollection))
 4 APPPATH\Config\Routes.php(89): CodeIgniter\Router\RouteCollection->group('sekretariat', [...], Object(Closure))
 5 SYSTEMPATH\Router\RouteCollection.php(339): require('C:\\Users\\ASUS\\Downloads\\Projectmagang_dr\\Projectmagang_dr\\app\\Config\\Routes.php')
 6 SYSTEMPATH\CodeIgniter.php(841): CodeIgniter\Router\RouteCollection->loadRoutes()
 7 SYSTEMPATH\CodeIgniter.php(464): CodeIgniter\CodeIgniter->tryToRouteIt(null)
 8 SYSTEMPATH\CodeIgniter.php(363): CodeIgniter\CodeIgniter->handleRequest(null, Object(Config\Cache), false)
 9 SYSTEMPATH\Boot.php(417): CodeIgniter\CodeIgniter->run()
10 SYSTEMPATH\Boot.php(68): CodeIgniter\Boot::runCodeIgniter(Object(CodeIgniter\CodeIgniter))
11 FCPATH\index.php(59): CodeIgniter\Boot::bootWeb(Object(Config\Paths))
12 SYSTEMPATH\rewrite.php(44): require_once('C:\\Users\\ASUS\\Downloads\\Projectmagang_dr\\Projectmagang_dr\\public\\index.php')
WARNING - 2026-08-04 15:28:48 --> [DEPRECATED] Passing lowercase HTTP method "get" is deprecated. Use uppercase HTTP method like "GET". in SYSTEMPATH\Router\RouteCollection.php on line 1026.
 1 SYSTEMPATH\Router\RouteCollection.php(1026): trigger_error('Passing lowercase HTTP method "get" is deprecated. Use uppercase HTTP method like "GET".', 16384)
 2 APPPATH\Config\Routes.php(144): CodeIgniter\Router\RouteCollection->match([...], 'upload-surat-penerimaan', '\\App\\Controllers\\Sekretariat\\C_UploadSuratPenerimaan::index')
 3 SYSTEMPATH\Router\RouteCollection.php(799): CodeIgniter\Router\RouteCollection::{closure:C:\Users\ASUS\Downloads\Projectmagang_dr\Projectmagang_dr\app\Config\Routes.php:89}(Object(CodeIgniter\Router\RouteCollection))
 4 APPPATH\Config\Routes.php(89): CodeIgniter\Router\RouteCollection->group('sekretariat', [...], Object(Closure))
 5 SYSTEMPATH\Router\RouteCollection.php(339): require('C:\\Users\\ASUS\\Downloads\\Projectmagang_dr\\Projectmagang_dr\\app\\Config\\Routes.php')
 6 SYSTEMPATH\CodeIgniter.php(841): CodeIgniter\Router\RouteCollection->loadRoutes()
 7 SYSTEMPATH\CodeIgniter.php(464): CodeIgniter\CodeIgniter->tryToRouteIt(null)
 8 SYSTEMPATH\CodeIgniter.php(363): CodeIgniter\CodeIgniter->handleRequest(null, Object(Config\Cache), false)
 9 SYSTEMPATH\Boot.php(417): CodeIgniter\CodeIgniter->run()
10 SYSTEMPATH\Boot.php(68): CodeIgniter\Boot::runCodeIgniter(Object(CodeIgniter\CodeIgniter))
11 FCPATH\index.php(59): CodeIgniter\Boot::bootWeb(Object(Config\Paths))
12 SYSTEMPATH\rewrite.php(44): require_once('C:\\Users\\ASUS\\Downloads\\Projectmagang_dr\\Projectmagang_dr\\public\\index.php')
WARNING - 2026-08-04 15:28:48 --> [DEPRECATED] Passing lowercase HTTP method "post" is deprecated. Use uppercase HTTP method like "POST". in SYSTEMPATH\Router\RouteCollection.php on line 1026.
 1 SYSTEMPATH\Router\RouteCollection.php(1026): trigger_error('Passing lowercase HTTP method "post" is deprecated. Use uppercase HTTP method like "POST".', 16384)
 2 APPPATH\Config\Routes.php(144): CodeIgniter\Router\RouteCollection->match([...], 'upload-surat-penerimaan', '\\App\\Controllers\\Sekretariat\\C_UploadSuratPenerimaan::index')
 3 SYSTEMPATH\Router\RouteCollection.php(799): CodeIgniter\Router\RouteCollection::{closure:C:\Users\ASUS\Downloads\Projectmagang_dr\Projectmagang_dr\app\Config\Routes.php:89}(Object(CodeIgniter\Router\RouteCollection))
 4 APPPATH\Config\Routes.php(89): CodeIgniter\Router\RouteCollection->group('sekretariat', [...], Object(Closure))
 5 SYSTEMPATH\Router\RouteCollection.php(339): require('C:\\Users\\ASUS\\Downloads\\Projectmagang_dr\\Projectmagang_dr\\app\\Config\\Routes.php')
 6 SYSTEMPATH\CodeIgniter.php(841): CodeIgniter\Router\RouteCollection->loadRoutes()
 7 SYSTEMPATH\CodeIgniter.php(464): CodeIgniter\CodeIgniter->tryToRouteIt(null)
 8 SYSTEMPATH\CodeIgniter.php(363): CodeIgniter\CodeIgniter->handleRequest(null, Object(Config\Cache), false)
 9 SYSTEMPATH\Boot.php(417): CodeIgniter\CodeIgniter->run()
10 SYSTEMPATH\Boot.php(68): CodeIgniter\Boot::runCodeIgniter(Object(CodeIgniter\CodeIgniter))
11 FCPATH\index.php(59): CodeIgniter\Boot::bootWeb(Object(Config\Paths))
12 SYSTEMPATH\rewrite.php(44): require_once('C:\\Users\\ASUS\\Downloads\\Projectmagang_dr\\Projectmagang_dr\\public\\index.php')
WARNING - 2026-08-04 15:28:48 --> [DEPRECATED] Passing lowercase HTTP method "get" is deprecated. Use uppercase HTTP method like "GET". in SYSTEMPATH\Router\RouteCollection.php on line 1026.
 1 SYSTEMPATH\Router\RouteCollection.php(1026): trigger_error('Passing lowercase HTTP method "get" is deprecated. Use uppercase HTTP method like "GET".', 16384)
 2 APPPATH\Config\Routes.php(165): CodeIgniter\Router\RouteCollection->match([...], 'logbook', '\\App\\Controllers\\Kabid\\C_LogbookKabid::index')
 3 SYSTEMPATH\Router\RouteCollection.php(799): CodeIgniter\Router\RouteCollection::{closure:C:\Users\ASUS\Downloads\Projectmagang_dr\Projectmagang_dr\app\Config\Routes.php:153}(Object(CodeIgniter\Router\RouteCollection))
 4 APPPATH\Config\Routes.php(153): CodeIgniter\Router\RouteCollection->group('kabid', [...], Object(Closure))
 5 SYSTEMPATH\Router\RouteCollection.php(339): require('C:\\Users\\ASUS\\Downloads\\Projectmagang_dr\\Projectmagang_dr\\app\\Config\\Routes.php')
 6 SYSTEMPATH\CodeIgniter.php(841): CodeIgniter\Router\RouteCollection->loadRoutes()
 7 SYSTEMPATH\CodeIgniter.php(464): CodeIgniter\CodeIgniter->tryToRouteIt(null)
 8 SYSTEMPATH\CodeIgniter.php(363): CodeIgniter\CodeIgniter->handleRequest(null, Object(Config\Cache), false)
 9 SYSTEMPATH\Boot.php(417): CodeIgniter\CodeIgniter->run()
10 SYSTEMPATH\Boot.php(68): CodeIgniter\Boot::runCodeIgniter(Object(CodeIgniter\CodeIgniter))
11 FCPATH\index.php(59): CodeIgniter\Boot::bootWeb(Object(Config\Paths))
12 SYSTEMPATH\rewrite.php(44): require_once('C:\\Users\\ASUS\\Downloads\\Projectmagang_dr\\Projectmagang_dr\\public\\index.php')
WARNING - 2026-08-04 15:28:48 --> [DEPRECATED] Passing lowercase HTTP method "post" is deprecated. Use uppercase HTTP method like "POST". in SYSTEMPATH\Router\RouteCollection.php on line 1026.
 1 SYSTEMPATH\Router\RouteCollection.php(1026): trigger_error('Passing lowercase HTTP method "post" is deprecated. Use uppercase HTTP method like "POST".', 16384)
 2 APPPATH\Config\Routes.php(165): CodeIgniter\Router\RouteCollection->match([...], 'logbook', '\\App\\Controllers\\Kabid\\C_LogbookKabid::index')
 3 SYSTEMPATH\Router\RouteCollection.php(799): CodeIgniter\Router\RouteCollection::{closure:C:\Users\ASUS\Downloads\Projectmagang_dr\Projectmagang_dr\app\Config\Routes.php:153}(Object(CodeIgniter\Router\RouteCollection))
 4 APPPATH\Config\Routes.php(153): CodeIgniter\Router\RouteCollection->group('kabid', [...], Object(Closure))
 5 SYSTEMPATH\Router\RouteCollection.php(339): require('C:\\Users\\ASUS\\Downloads\\Projectmagang_dr\\Projectmagang_dr\\app\\Config\\Routes.php')
 6 SYSTEMPATH\CodeIgniter.php(841): CodeIgniter\Router\RouteCollection->loadRoutes()
 7 SYSTEMPATH\CodeIgniter.php(464): CodeIgniter\CodeIgniter->tryToRouteIt(null)
 8 SYSTEMPATH\CodeIgniter.php(363): CodeIgniter\CodeIgniter->handleRequest(null, Object(Config\Cache), false)
 9 SYSTEMPATH\Boot.php(417): CodeIgniter\CodeIgniter->run()
10 SYSTEMPATH\Boot.php(68): CodeIgniter\Boot::runCodeIgniter(Object(CodeIgniter\CodeIgniter))
11 FCPATH\index.php(59): CodeIgniter\Boot::bootWeb(Object(Config\Paths))
12 SYSTEMPATH\rewrite.php(44): require_once('C:\\Users\\ASUS\\Downloads\\Projectmagang_dr\\Projectmagang_dr\\public\\index.php')
WARNING - 2026-08-04 15:28:48 --> [DEPRECATED] Passing lowercase HTTP method "get" is deprecated. Use uppercase HTTP method like "GET". in SYSTEMPATH\Router\RouteCollection.php on line 1026.
 1 SYSTEMPATH\Router\RouteCollection.php(1026): trigger_error('Passing lowercase HTTP method "get" is deprecated. Use uppercase HTTP method like "GET".', 16384)
 2 APPPATH\Config\Routes.php(177): CodeIgniter\Router\RouteCollection->match([...], 'upload-dokumen', '\\App\\Controllers\\Kabid\\C_UploadDokumen::index')
 3 SYSTEMPATH\Router\RouteCollection.php(799): CodeIgniter\Router\RouteCollection::{closure:C:\Users\ASUS\Downloads\Projectmagang_dr\Projectmagang_dr\app\Config\Routes.php:153}(Object(CodeIgniter\Router\RouteCollection))
 4 APPPATH\Config\Routes.php(153): CodeIgniter\Router\RouteCollection->group('kabid', [...], Object(Closure))
 5 SYSTEMPATH\Router\RouteCollection.php(339): require('C:\\Users\\ASUS\\Downloads\\Projectmagang_dr\\Projectmagang_dr\\app\\Config\\Routes.php')
 6 SYSTEMPATH\CodeIgniter.php(841): CodeIgniter\Router\RouteCollection->loadRoutes()
 7 SYSTEMPATH\CodeIgniter.php(464): CodeIgniter\CodeIgniter->tryToRouteIt(null)
 8 SYSTEMPATH\CodeIgniter.php(363): CodeIgniter\CodeIgniter->handleRequest(null, Object(Config\Cache), false)
 9 SYSTEMPATH\Boot.php(417): CodeIgniter\CodeIgniter->run()
10 SYSTEMPATH\Boot.php(68): CodeIgniter\Boot::runCodeIgniter(Object(CodeIgniter\CodeIgniter))
11 FCPATH\index.php(59): CodeIgniter\Boot::bootWeb(Object(Config\Paths))
12 SYSTEMPATH\rewrite.php(44): require_once('C:\\Users\\ASUS\\Downloads\\Projectmagang_dr\\Projectmagang_dr\\public\\index.php')
WARNING - 2026-08-04 15:28:48 --> [DEPRECATED] Passing lowercase HTTP method "post" is deprecated. Use uppercase HTTP method like "POST". in SYSTEMPATH\Router\RouteCollection.php on line 1026.
 1 SYSTEMPATH\Router\RouteCollection.php(1026): trigger_error('Passing lowercase HTTP method "post" is deprecated. Use uppercase HTTP method like "POST".', 16384)
 2 APPPATH\Config\Routes.php(177): CodeIgniter\Router\RouteCollection->match([...], 'upload-dokumen', '\\App\\Controllers\\Kabid\\C_UploadDokumen::index')
 3 SYSTEMPATH\Router\RouteCollection.php(799): CodeIgniter\Router\RouteCollection::{closure:C:\Users\ASUS\Downloads\Projectmagang_dr\Projectmagang_dr\app\Config\Routes.php:153}(Object(CodeIgniter\Router\RouteCollection))
 4 APPPATH\Config\Routes.php(153): CodeIgniter\Router\RouteCollection->group('kabid', [...], Object(Closure))
 5 SYSTEMPATH\Router\RouteCollection.php(339): require('C:\\Users\\ASUS\\Downloads\\Projectmagang_dr\\Projectmagang_dr\\app\\Config\\Routes.php')
 6 SYSTEMPATH\CodeIgniter.php(841): CodeIgniter\Router\RouteCollection->loadRoutes()
 7 SYSTEMPATH\CodeIgniter.php(464): CodeIgniter\CodeIgniter->tryToRouteIt(null)
 8 SYSTEMPATH\CodeIgniter.php(363): CodeIgniter\CodeIgniter->handleRequest(null, Object(Config\Cache), false)
 9 SYSTEMPATH\Boot.php(417): CodeIgniter\CodeIgniter->run()
10 SYSTEMPATH\Boot.php(68): CodeIgniter\Boot::runCodeIgniter(Object(CodeIgniter\CodeIgniter))
11 FCPATH\index.php(59): CodeIgniter\Boot::bootWeb(Object(Config\Paths))
12 SYSTEMPATH\rewrite.php(44): require_once('C:\\Users\\ASUS\\Downloads\\Projectmagang_dr\\Projectmagang_dr\\public\\index.php')
DEBUG - 2026-08-04 15:28:48 --> Session: Class initialized using 'CodeIgniter\Session\Handlers\FileHandler' driver.
WARNING - 2026-08-04 15:28:49 --> [DEPRECATED] Passing lowercase HTTP method "get" is deprecated. Use uppercase HTTP method like "GET". in SYSTEMPATH\Router\RouteCollection.php on line 1026.
 1 SYSTEMPATH\Router\RouteCollection.php(1026): trigger_error('Passing lowercase HTTP method "get" is deprecated. Use uppercase HTTP method like "GET".', 16384)
 2 APPPATH\Config\Routes.php(77): CodeIgniter\Router\RouteCollection->match([...], 'logbook', 'C_Logbook::logbook')
 3 SYSTEMPATH\Router\RouteCollection.php(799): CodeIgniter\Router\RouteCollection::{closure:C:\Users\ASUS\Downloads\Projectmagang_dr\Projectmagang_dr\app\Config\Routes.php:59}(Object(CodeIgniter\Router\RouteCollection))
 4 APPPATH\Config\Routes.php(59): CodeIgniter\Router\RouteCollection->group('mahasiswa', [...], Object(Closure))
 5 SYSTEMPATH\Router\RouteCollection.php(339): require('C:\\Users\\ASUS\\Downloads\\Projectmagang_dr\\Projectmagang_dr\\app\\Config\\Routes.php')
 6 SYSTEMPATH\CodeIgniter.php(841): CodeIgniter\Router\RouteCollection->loadRoutes()
 7 SYSTEMPATH\CodeIgniter.php(464): CodeIgniter\CodeIgniter->tryToRouteIt(null)
 8 SYSTEMPATH\CodeIgniter.php(363): CodeIgniter\CodeIgniter->handleRequest(null, Object(Config\Cache), false)
 9 SYSTEMPATH\Boot.php(417): CodeIgniter\CodeIgniter->run()
10 SYSTEMPATH\Boot.php(68): CodeIgniter\Boot::runCodeIgniter(Object(CodeIgniter\CodeIgniter))
11 FCPATH\index.php(59): CodeIgniter\Boot::bootWeb(Object(Config\Paths))
12 SYSTEMPATH\rewrite.php(44): require_once('C:\\Users\\ASUS\\Downloads\\Projectmagang_dr\\Projectmagang_dr\\public\\index.php')
WARNING - 2026-08-04 15:28:49 --> [DEPRECATED] Passing lowercase HTTP method "post" is deprecated. Use uppercase HTTP method like "POST". in SYSTEMPATH\Router\RouteCollection.php on line 1026.
 1 SYSTEMPATH\Router\RouteCollection.php(1026): trigger_error('Passing lowercase HTTP method "post" is deprecated. Use uppercase HTTP method like "POST".', 16384)
 2 APPPATH\Config\Routes.php(77): CodeIgniter\Router\RouteCollection->match([...], 'logbook', 'C_Logbook::logbook')
 3 SYSTEMPATH\Router\RouteCollection.php(799): CodeIgniter\Router\RouteCollection::{closure:C:\Users\ASUS\Downloads\Projectmagang_dr\Projectmagang_dr\app\Config\Routes.php:59}(Object(CodeIgniter\Router\RouteCollection))
 4 APPPATH\Config\Routes.php(59): CodeIgniter\Router\RouteCollection->group('mahasiswa', [...], Object(Closure))
 5 SYSTEMPATH\Router\RouteCollection.php(339): require('C:\\Users\\ASUS\\Downloads\\Projectmagang_dr\\Projectmagang_dr\\app\\Config\\Routes.php')
 6 SYSTEMPATH\CodeIgniter.php(841): CodeIgniter\Router\RouteCollection->loadRoutes()
 7 SYSTEMPATH\CodeIgniter.php(464): CodeIgniter\CodeIgniter->tryToRouteIt(null)
 8 SYSTEMPATH\CodeIgniter.php(363): CodeIgniter\CodeIgniter->handleRequest(null, Object(Config\Cache), false)
 9 SYSTEMPATH\Boot.php(417): CodeIgniter\CodeIgniter->run()
10 SYSTEMPATH\Boot.php(68): CodeIgniter\Boot::runCodeIgniter(Object(CodeIgniter\CodeIgniter))
11 FCPATH\index.php(59): CodeIgniter\Boot::bootWeb(Object(Config\Paths))
12 SYSTEMPATH\rewrite.php(44): require_once('C:\\Users\\ASUS\\Downloads\\Projectmagang_dr\\Projectmagang_dr\\public\\index.php')
WARNING - 2026-08-04 15:28:49 --> [DEPRECATED] Passing lowercase HTTP method "get" is deprecated. Use uppercase HTTP method like "GET". in SYSTEMPATH\Router\RouteCollection.php on line 1026.
 1 SYSTEMPATH\Router\RouteCollection.php(1026): trigger_error('Passing lowercase HTTP method "get" is deprecated. Use uppercase HTTP method like "GET".', 16384)
 2 APPPATH\Config\Routes.php(95): CodeIgniter\Router\RouteCollection->match([...], 'verifikasi', '\\App\\Controllers\\Sekretariat\\C_Verifikasi::index')
 3 SYSTEMPATH\Router\RouteCollection.php(799): CodeIgniter\Router\RouteCollection::{closure:C:\Users\ASUS\Downloads\Projectmagang_dr\Projectmagang_dr\app\Config\Routes.php:89}(Object(CodeIgniter\Router\RouteCollection))
 4 APPPATH\Config\Routes.php(89): CodeIgniter\Router\RouteCollection->group('sekretariat', [...], Object(Closure))
 5 SYSTEMPATH\Router\RouteCollection.php(339): require('C:\\Users\\ASUS\\Downloads\\Projectmagang_dr\\Projectmagang_dr\\app\\Config\\Routes.php')
 6 SYSTEMPATH\CodeIgniter.php(841): CodeIgniter\Router\RouteCollection->loadRoutes()
 7 SYSTEMPATH\CodeIgniter.php(464): CodeIgniter\CodeIgniter->tryToRouteIt(null)
 8 SYSTEMPATH\CodeIgniter.php(363): CodeIgniter\CodeIgniter->handleRequest(null, Object(Config\Cache), false)
 9 SYSTEMPATH\Boot.php(417): CodeIgniter\CodeIgniter->run()
10 SYSTEMPATH\Boot.php(68): CodeIgniter\Boot::runCodeIgniter(Object(CodeIgniter\CodeIgniter))
11 FCPATH\index.php(59): CodeIgniter\Boot::bootWeb(Object(Config\Paths))
12 SYSTEMPATH\rewrite.php(44): require_once('C:\\Users\\ASUS\\Downloads\\Projectmagang_dr\\Projectmagang_dr\\public\\index.php')
WARNING - 2026-08-04 15:28:49 --> [DEPRECATED] Passing lowercase HTTP method "post" is deprecated. Use uppercase HTTP method like "POST". in SYSTEMPATH\Router\RouteCollection.php on line 1026.
 1 SYSTEMPATH\Router\RouteCollection.php(1026): trigger_error('Passing lowercase HTTP method "post" is deprecated. Use uppercase HTTP method like "POST".', 16384)
 2 APPPATH\Config\Routes.php(95): CodeIgniter\Router\RouteCollection->match([...], 'verifikasi', '\\App\\Controllers\\Sekretariat\\C_Verifikasi::index')
 3 SYSTEMPATH\Router\RouteCollection.php(799): CodeIgniter\Router\RouteCollection::{closure:C:\Users\ASUS\Downloads\Projectmagang_dr\Projectmagang_dr\app\Config\Routes.php:89}(Object(CodeIgniter\Router\RouteCollection))
 4 APPPATH\Config\Routes.php(89): CodeIgniter\Router\RouteCollection->group('sekretariat', [...], Object(Closure))
 5 SYSTEMPATH\Router\RouteCollection.php(339): require('C:\\Users\\ASUS\\Downloads\\Projectmagang_dr\\Projectmagang_dr\\app\\Config\\Routes.php')
 6 SYSTEMPATH\CodeIgniter.php(841): CodeIgniter\Router\RouteCollection->loadRoutes()
 7 SYSTEMPATH\CodeIgniter.php(464): CodeIgniter\CodeIgniter->tryToRouteIt(null)
 8 SYSTEMPATH\CodeIgniter.php(363): CodeIgniter\CodeIgniter->handleRequest(null, Object(Config\Cache), false)
 9 SYSTEMPATH\Boot.php(417): CodeIgniter\CodeIgniter->run()
10 SYSTEMPATH\Boot.php(68): CodeIgniter\Boot::runCodeIgniter(Object(CodeIgniter\CodeIgniter))
11 FCPATH\index.php(59): CodeIgniter\Boot::bootWeb(Object(Config\Paths))
12 SYSTEMPATH\rewrite.php(44): require_once('C:\\Users\\ASUS\\Downloads\\Projectmagang_dr\\Projectmagang_dr\\public\\index.php')
WARNING - 2026-08-04 15:28:49 --> [DEPRECATED] Passing lowercase HTTP method "get" is deprecated. Use uppercase HTTP method like "GET". in SYSTEMPATH\Router\RouteCollection.php on line 1026.
 1 SYSTEMPATH\Router\RouteCollection.php(1026): trigger_error('Passing lowercase HTTP method "get" is deprecated. Use uppercase HTTP method like "GET".', 16384)
 2 APPPATH\Config\Routes.php(144): CodeIgniter\Router\RouteCollection->match([...], 'upload-surat-penerimaan', '\\App\\Controllers\\Sekretariat\\C_UploadSuratPenerimaan::index')
 3 SYSTEMPATH\Router\RouteCollection.php(799): CodeIgniter\Router\RouteCollection::{closure:C:\Users\ASUS\Downloads\Projectmagang_dr\Projectmagang_dr\app\Config\Routes.php:89}(Object(CodeIgniter\Router\RouteCollection))
 4 APPPATH\Config\Routes.php(89): CodeIgniter\Router\RouteCollection->group('sekretariat', [...], Object(Closure))
 5 SYSTEMPATH\Router\RouteCollection.php(339): require('C:\\Users\\ASUS\\Downloads\\Projectmagang_dr\\Projectmagang_dr\\app\\Config\\Routes.php')
 6 SYSTEMPATH\CodeIgniter.php(841): CodeIgniter\Router\RouteCollection->loadRoutes()
 7 SYSTEMPATH\CodeIgniter.php(464): CodeIgniter\CodeIgniter->tryToRouteIt(null)
 8 SYSTEMPATH\CodeIgniter.php(363): CodeIgniter\CodeIgniter->handleRequest(null, Object(Config\Cache), false)
 9 SYSTEMPATH\Boot.php(417): CodeIgniter\CodeIgniter->run()
10 SYSTEMPATH\Boot.php(68): CodeIgniter\Boot::runCodeIgniter(Object(CodeIgniter\CodeIgniter))
11 FCPATH\index.php(59): CodeIgniter\Boot::bootWeb(Object(Config\Paths))
12 SYSTEMPATH\rewrite.php(44): require_once('C:\\Users\\ASUS\\Downloads\\Projectmagang_dr\\Projectmagang_dr\\public\\index.php')
WARNING - 2026-08-04 15:28:49 --> [DEPRECATED] Passing lowercase HTTP method "post" is deprecated. Use uppercase HTTP method like "POST". in SYSTEMPATH\Router\RouteCollection.php on line 1026.
 1 SYSTEMPATH\Router\RouteCollection.php(1026): trigger_error('Passing lowercase HTTP method "post" is deprecated. Use uppercase HTTP method like "POST".', 16384)
 2 APPPATH\Config\Routes.php(144): CodeIgniter\Router\RouteCollection->match([...], 'upload-surat-penerimaan', '\\App\\Controllers\\Sekretariat\\C_UploadSuratPenerimaan::index')
 3 SYSTEMPATH\Router\RouteCollection.php(799): CodeIgniter\Router\RouteCollection::{closure:C:\Users\ASUS\Downloads\Projectmagang_dr\Projectmagang_dr\app\Config\Routes.php:89}(Object(CodeIgniter\Router\RouteCollection))
 4 APPPATH\Config\Routes.php(89): CodeIgniter\Router\RouteCollection->group('sekretariat', [...], Object(Closure))
 5 SYSTEMPATH\Router\RouteCollection.php(339): require('C:\\Users\\ASUS\\Downloads\\Projectmagang_dr\\Projectmagang_dr\\app\\Config\\Routes.php')
 6 SYSTEMPATH\CodeIgniter.php(841): CodeIgniter\Router\RouteCollection->loadRoutes()
 7 SYSTEMPATH\CodeIgniter.php(464): CodeIgniter\CodeIgniter->tryToRouteIt(null)
 8 SYSTEMPATH\CodeIgniter.php(363): CodeIgniter\CodeIgniter->handleRequest(null, Object(Config\Cache), false)
 9 SYSTEMPATH\Boot.php(417): CodeIgniter\CodeIgniter->run()
10 SYSTEMPATH\Boot.php(68): CodeIgniter\Boot::runCodeIgniter(Object(CodeIgniter\CodeIgniter))
11 FCPATH\index.php(59): CodeIgniter\Boot::bootWeb(Object(Config\Paths))
12 SYSTEMPATH\rewrite.php(44): require_once('C:\\Users\\ASUS\\Downloads\\Projectmagang_dr\\Projectmagang_dr\\public\\index.php')
WARNING - 2026-08-04 15:28:49 --> [DEPRECATED] Passing lowercase HTTP method "get" is deprecated. Use uppercase HTTP method like "GET". in SYSTEMPATH\Router\RouteCollection.php on line 1026.
 1 SYSTEMPATH\Router\RouteCollection.php(1026): trigger_error('Passing lowercase HTTP method "get" is deprecated. Use uppercase HTTP method like "GET".', 16384)
 2 APPPATH\Config\Routes.php(165): CodeIgniter\Router\RouteCollection->match([...], 'logbook', '\\App\\Controllers\\Kabid\\C_LogbookKabid::index')
 3 SYSTEMPATH\Router\RouteCollection.php(799): CodeIgniter\Router\RouteCollection::{closure:C:\Users\ASUS\Downloads\Projectmagang_dr\Projectmagang_dr\app\Config\Routes.php:153}(Object(CodeIgniter\Router\RouteCollection))
 4 APPPATH\Config\Routes.php(153): CodeIgniter\Router\RouteCollection->group('kabid', [...], Object(Closure))
 5 SYSTEMPATH\Router\RouteCollection.php(339): require('C:\\Users\\ASUS\\Downloads\\Projectmagang_dr\\Projectmagang_dr\\app\\Config\\Routes.php')
 6 SYSTEMPATH\CodeIgniter.php(841): CodeIgniter\Router\RouteCollection->loadRoutes()
 7 SYSTEMPATH\CodeIgniter.php(464): CodeIgniter\CodeIgniter->tryToRouteIt(null)
 8 SYSTEMPATH\CodeIgniter.php(363): CodeIgniter\CodeIgniter->handleRequest(null, Object(Config\Cache), false)
 9 SYSTEMPATH\Boot.php(417): CodeIgniter\CodeIgniter->run()
10 SYSTEMPATH\Boot.php(68): CodeIgniter\Boot::runCodeIgniter(Object(CodeIgniter\CodeIgniter))
11 FCPATH\index.php(59): CodeIgniter\Boot::bootWeb(Object(Config\Paths))
12 SYSTEMPATH\rewrite.php(44): require_once('C:\\Users\\ASUS\\Downloads\\Projectmagang_dr\\Projectmagang_dr\\public\\index.php')
WARNING - 2026-08-04 15:28:49 --> [DEPRECATED] Passing lowercase HTTP method "post" is deprecated. Use uppercase HTTP method like "POST". in SYSTEMPATH\Router\RouteCollection.php on line 1026.
 1 SYSTEMPATH\Router\RouteCollection.php(1026): trigger_error('Passing lowercase HTTP method "post" is deprecated. Use uppercase HTTP method like "POST".', 16384)
 2 APPPATH\Config\Routes.php(165): CodeIgniter\Router\RouteCollection->match([...], 'logbook', '\\App\\Controllers\\Kabid\\C_LogbookKabid::index')
 3 SYSTEMPATH\Router\RouteCollection.php(799): CodeIgniter\Router\RouteCollection::{closure:C:\Users\ASUS\Downloads\Projectmagang_dr\Projectmagang_dr\app\Config\Routes.php:153}(Object(CodeIgniter\Router\RouteCollection))
 4 APPPATH\Config\Routes.php(153): CodeIgniter\Router\RouteCollection->group('kabid', [...], Object(Closure))
 5 SYSTEMPATH\Router\RouteCollection.php(339): require('C:\\Users\\ASUS\\Downloads\\Projectmagang_dr\\Projectmagang_dr\\app\\Config\\Routes.php')
 6 SYSTEMPATH\CodeIgniter.php(841): CodeIgniter\Router\RouteCollection->loadRoutes()
 7 SYSTEMPATH\CodeIgniter.php(464): CodeIgniter\CodeIgniter->tryToRouteIt(null)
 8 SYSTEMPATH\CodeIgniter.php(363): CodeIgniter\CodeIgniter->handleRequest(null, Object(Config\Cache), false)
 9 SYSTEMPATH\Boot.php(417): CodeIgniter\CodeIgniter->run()
10 SYSTEMPATH\Boot.php(68): CodeIgniter\Boot::runCodeIgniter(Object(CodeIgniter\CodeIgniter))
11 FCPATH\index.php(59): CodeIgniter\Boot::bootWeb(Object(Config\Paths))
12 SYSTEMPATH\rewrite.php(44): require_once('C:\\Users\\ASUS\\Downloads\\Projectmagang_dr\\Projectmagang_dr\\public\\index.php')
WARNING - 2026-08-04 15:28:49 --> [DEPRECATED] Passing lowercase HTTP method "get" is deprecated. Use uppercase HTTP method like "GET". in SYSTEMPATH\Router\RouteCollection.php on line 1026.
 1 SYSTEMPATH\Router\RouteCollection.php(1026): trigger_error('Passing lowercase HTTP method "get" is deprecated. Use uppercase HTTP method like "GET".', 16384)
 2 APPPATH\Config\Routes.php(177): CodeIgniter\Router\RouteCollection->match([...], 'upload-dokumen', '\\App\\Controllers\\Kabid\\C_UploadDokumen::index')
 3 SYSTEMPATH\Router\RouteCollection.php(799): CodeIgniter\Router\RouteCollection::{closure:C:\Users\ASUS\Downloads\Projectmagang_dr\Projectmagang_dr\app\Config\Routes.php:153}(Object(CodeIgniter\Router\RouteCollection))
 4 APPPATH\Config\Routes.php(153): CodeIgniter\Router\RouteCollection->group('kabid', [...], Object(Closure))
 5 SYSTEMPATH\Router\RouteCollection.php(339): require('C:\\Users\\ASUS\\Downloads\\Projectmagang_dr\\Projectmagang_dr\\app\\Config\\Routes.php')
 6 SYSTEMPATH\CodeIgniter.php(841): CodeIgniter\Router\RouteCollection->loadRoutes()
 7 SYSTEMPATH\CodeIgniter.php(464): CodeIgniter\CodeIgniter->tryToRouteIt(null)
 8 SYSTEMPATH\CodeIgniter.php(363): CodeIgniter\CodeIgniter->handleRequest(null, Object(Config\Cache), false)
 9 SYSTEMPATH\Boot.php(417): CodeIgniter\CodeIgniter->run()
10 SYSTEMPATH\Boot.php(68): CodeIgniter\Boot::runCodeIgniter(Object(CodeIgniter\CodeIgniter))
11 FCPATH\index.php(59): CodeIgniter\Boot::bootWeb(Object(Config\Paths))
12 SYSTEMPATH\rewrite.php(44): require_once('C:\\Users\\ASUS\\Downloads\\Projectmagang_dr\\Projectmagang_dr\\public\\index.php')
WARNING - 2026-08-04 15:28:49 --> [DEPRECATED] Passing lowercase HTTP method "post" is deprecated. Use uppercase HTTP method like "POST". in SYSTEMPATH\Router\RouteCollection.php on line 1026.
 1 SYSTEMPATH\Router\RouteCollection.php(1026): trigger_error('Passing lowercase HTTP method "post" is deprecated. Use uppercase HTTP method like "POST".', 16384)
 2 APPPATH\Config\Routes.php(177): CodeIgniter\Router\RouteCollection->match([...], 'upload-dokumen', '\\App\\Controllers\\Kabid\\C_UploadDokumen::index')
 3 SYSTEMPATH\Router\RouteCollection.php(799): CodeIgniter\Router\RouteCollection::{closure:C:\Users\ASUS\Downloads\Projectmagang_dr\Projectmagang_dr\app\Config\Routes.php:153}(Object(CodeIgniter\Router\RouteCollection))
 4 APPPATH\Config\Routes.php(153): CodeIgniter\Router\RouteCollection->group('kabid', [...], Object(Closure))
 5 SYSTEMPATH\Router\RouteCollection.php(339): require('C:\\Users\\ASUS\\Downloads\\Projectmagang_dr\\Projectmagang_dr\\app\\Config\\Routes.php')
 6 SYSTEMPATH\CodeIgniter.php(841): CodeIgniter\Router\RouteCollection->loadRoutes()
 7 SYSTEMPATH\CodeIgniter.php(464): CodeIgniter\CodeIgniter->tryToRouteIt(null)
 8 SYSTEMPATH\CodeIgniter.php(363): CodeIgniter\CodeIgniter->handleRequest(null, Object(Config\Cache), false)
 9 SYSTEMPATH\Boot.php(417): CodeIgniter\CodeIgniter->run()
10 SYSTEMPATH\Boot.php(68): CodeIgniter\Boot::runCodeIgniter(Object(CodeIgniter\CodeIgniter))
11 FCPATH\index.php(59): CodeIgniter\Boot::bootWeb(Object(Config\Paths))
12 SYSTEMPATH\rewrite.php(44): require_once('C:\\Users\\ASUS\\Downloads\\Projectmagang_dr\\Projectmagang_dr\\public\\index.php')
WARNING - 2026-08-04 15:28:50 --> [DEPRECATED] Passing lowercase HTTP method "get" is deprecated. Use uppercase HTTP method like "GET". in SYSTEMPATH\Router\RouteCollection.php on line 1026.
 1 SYSTEMPATH\Router\RouteCollection.php(1026): trigger_error('Passing lowercase HTTP method "get" is deprecated. Use uppercase HTTP method like "GET".', 16384)
 2 APPPATH\Config\Routes.php(77): CodeIgniter\Router\RouteCollection->match([...], 'logbook', 'C_Logbook::logbook')
 3 SYSTEMPATH\Router\RouteCollection.php(799): CodeIgniter\Router\RouteCollection::{closure:C:\Users\ASUS\Downloads\Projectmagang_dr\Projectmagang_dr\app\Config\Routes.php:59}(Object(CodeIgniter\Router\RouteCollection))
 4 APPPATH\Config\Routes.php(59): CodeIgniter\Router\RouteCollection->group('mahasiswa', [...], Object(Closure))
 5 SYSTEMPATH\Router\RouteCollection.php(339): require('C:\\Users\\ASUS\\Downloads\\Projectmagang_dr\\Projectmagang_dr\\app\\Config\\Routes.php')
 6 SYSTEMPATH\CodeIgniter.php(841): CodeIgniter\Router\RouteCollection->loadRoutes()
 7 SYSTEMPATH\CodeIgniter.php(464): CodeIgniter\CodeIgniter->tryToRouteIt(null)
 8 SYSTEMPATH\CodeIgniter.php(363): CodeIgniter\CodeIgniter->handleRequest(null, Object(Config\Cache), false)
 9 SYSTEMPATH\Boot.php(417): CodeIgniter\CodeIgniter->run()
10 SYSTEMPATH\Boot.php(68): CodeIgniter\Boot::runCodeIgniter(Object(CodeIgniter\CodeIgniter))
11 FCPATH\index.php(59): CodeIgniter\Boot::bootWeb(Object(Config\Paths))
12 SYSTEMPATH\rewrite.php(44): require_once('C:\\Users\\ASUS\\Downloads\\Projectmagang_dr\\Projectmagang_dr\\public\\index.php')
WARNING - 2026-08-04 15:28:50 --> [DEPRECATED] Passing lowercase HTTP method "post" is deprecated. Use uppercase HTTP method like "POST". in SYSTEMPATH\Router\RouteCollection.php on line 1026.
 1 SYSTEMPATH\Router\RouteCollection.php(1026): trigger_error('Passing lowercase HTTP method "post" is deprecated. Use uppercase HTTP method like "POST".', 16384)
 2 APPPATH\Config\Routes.php(77): CodeIgniter\Router\RouteCollection->match([...], 'logbook', 'C_Logbook::logbook')
 3 SYSTEMPATH\Router\RouteCollection.php(799): CodeIgniter\Router\RouteCollection::{closure:C:\Users\ASUS\Downloads\Projectmagang_dr\Projectmagang_dr\app\Config\Routes.php:59}(Object(CodeIgniter\Router\RouteCollection))
 4 APPPATH\Config\Routes.php(59): CodeIgniter\Router\RouteCollection->group('mahasiswa', [...], Object(Closure))
 5 SYSTEMPATH\Router\RouteCollection.php(339): require('C:\\Users\\ASUS\\Downloads\\Projectmagang_dr\\Projectmagang_dr\\app\\Config\\Routes.php')
 6 SYSTEMPATH\CodeIgniter.php(841): CodeIgniter\Router\RouteCollection->loadRoutes()
 7 SYSTEMPATH\CodeIgniter.php(464): CodeIgniter\CodeIgniter->tryToRouteIt(null)
 8 SYSTEMPATH\CodeIgniter.php(363): CodeIgniter\CodeIgniter->handleRequest(null, Object(Config\Cache), false)
 9 SYSTEMPATH\Boot.php(417): CodeIgniter\CodeIgniter->run()
10 SYSTEMPATH\Boot.php(68): CodeIgniter\Boot::runCodeIgniter(Object(CodeIgniter\CodeIgniter))
11 FCPATH\index.php(59): CodeIgniter\Boot::bootWeb(Object(Config\Paths))
12 SYSTEMPATH\rewrite.php(44): require_once('C:\\Users\\ASUS\\Downloads\\Projectmagang_dr\\Projectmagang_dr\\public\\index.php')
WARNING - 2026-08-04 15:28:50 --> [DEPRECATED] Passing lowercase HTTP method "get" is deprecated. Use uppercase HTTP method like "GET". in SYSTEMPATH\Router\RouteCollection.php on line 1026.
 1 SYSTEMPATH\Router\RouteCollection.php(1026): trigger_error('Passing lowercase HTTP method "get" is deprecated. Use uppercase HTTP method like "GET".', 16384)
 2 APPPATH\Config\Routes.php(95): CodeIgniter\Router\RouteCollection->match([...], 'verifikasi', '\\App\\Controllers\\Sekretariat\\C_Verifikasi::index')
 3 SYSTEMPATH\Router\RouteCollection.php(799): CodeIgniter\Router\RouteCollection::{closure:C:\Users\ASUS\Downloads\Projectmagang_dr\Projectmagang_dr\app\Config\Routes.php:89}(Object(CodeIgniter\Router\RouteCollection))
 4 APPPATH\Config\Routes.php(89): CodeIgniter\Router\RouteCollection->group('sekretariat', [...], Object(Closure))
 5 SYSTEMPATH\Router\RouteCollection.php(339): require('C:\\Users\\ASUS\\Downloads\\Projectmagang_dr\\Projectmagang_dr\\app\\Config\\Routes.php')
 6 SYSTEMPATH\CodeIgniter.php(841): CodeIgniter\Router\RouteCollection->loadRoutes()
 7 SYSTEMPATH\CodeIgniter.php(464): CodeIgniter\CodeIgniter->tryToRouteIt(null)
 8 SYSTEMPATH\CodeIgniter.php(363): CodeIgniter\CodeIgniter->handleRequest(null, Object(Config\Cache), false)
 9 SYSTEMPATH\Boot.php(417): CodeIgniter\CodeIgniter->run()
10 SYSTEMPATH\Boot.php(68): CodeIgniter\Boot::runCodeIgniter(Object(CodeIgniter\CodeIgniter))
11 FCPATH\index.php(59): CodeIgniter\Boot::bootWeb(Object(Config\Paths))
12 SYSTEMPATH\rewrite.php(44): require_once('C:\\Users\\ASUS\\Downloads\\Projectmagang_dr\\Projectmagang_dr\\public\\index.php')
WARNING - 2026-08-04 15:28:50 --> [DEPRECATED] Passing lowercase HTTP method "post" is deprecated. Use uppercase HTTP method like "POST". in SYSTEMPATH\Router\RouteCollection.php on line 1026.
 1 SYSTEMPATH\Router\RouteCollection.php(1026): trigger_error('Passing lowercase HTTP method "post" is deprecated. Use uppercase HTTP method like "POST".', 16384)
 2 APPPATH\Config\Routes.php(95): CodeIgniter\Router\RouteCollection->match([...], 'verifikasi', '\\App\\Controllers\\Sekretariat\\C_Verifikasi::index')
 3 SYSTEMPATH\Router\RouteCollection.php(799): CodeIgniter\Router\RouteCollection::{closure:C:\Users\ASUS\Downloads\Projectmagang_dr\Projectmagang_dr\app\Config\Routes.php:89}(Object(CodeIgniter\Router\RouteCollection))
 4 APPPATH\Config\Routes.php(89): CodeIgniter\Router\RouteCollection->group('sekretariat', [...], Object(Closure))
 5 SYSTEMPATH\Router\RouteCollection.php(339): require('C:\\Users\\ASUS\\Downloads\\Projectmagang_dr\\Projectmagang_dr\\app\\Config\\Routes.php')
 6 SYSTEMPATH\CodeIgniter.php(841): CodeIgniter\Router\RouteCollection->loadRoutes()
 7 SYSTEMPATH\CodeIgniter.php(464): CodeIgniter\CodeIgniter->tryToRouteIt(null)
 8 SYSTEMPATH\CodeIgniter.php(363): CodeIgniter\CodeIgniter->handleRequest(null, Object(Config\Cache), false)
 9 SYSTEMPATH\Boot.php(417): CodeIgniter\CodeIgniter->run()
10 SYSTEMPATH\Boot.php(68): CodeIgniter\Boot::runCodeIgniter(Object(CodeIgniter\CodeIgniter))
11 FCPATH\index.php(59): CodeIgniter\Boot::bootWeb(Object(Config\Paths))
12 SYSTEMPATH\rewrite.php(44): require_once('C:\\Users\\ASUS\\Downloads\\Projectmagang_dr\\Projectmagang_dr\\public\\index.php')
WARNING - 2026-08-04 15:28:50 --> [DEPRECATED] Passing lowercase HTTP method "get" is deprecated. Use uppercase HTTP method like "GET". in SYSTEMPATH\Router\RouteCollection.php on line 1026.
 1 SYSTEMPATH\Router\RouteCollection.php(1026): trigger_error('Passing lowercase HTTP method "get" is deprecated. Use uppercase HTTP method like "GET".', 16384)
 2 APPPATH\Config\Routes.php(144): CodeIgniter\Router\RouteCollection->match([...], 'upload-surat-penerimaan', '\\App\\Controllers\\Sekretariat\\C_UploadSuratPenerimaan::index')
 3 SYSTEMPATH\Router\RouteCollection.php(799): CodeIgniter\Router\RouteCollection::{closure:C:\Users\ASUS\Downloads\Projectmagang_dr\Projectmagang_dr\app\Config\Routes.php:89}(Object(CodeIgniter\Router\RouteCollection))
 4 APPPATH\Config\Routes.php(89): CodeIgniter\Router\RouteCollection->group('sekretariat', [...], Object(Closure))
 5 SYSTEMPATH\Router\RouteCollection.php(339): require('C:\\Users\\ASUS\\Downloads\\Projectmagang_dr\\Projectmagang_dr\\app\\Config\\Routes.php')
 6 SYSTEMPATH\CodeIgniter.php(841): CodeIgniter\Router\RouteCollection->loadRoutes()
 7 SYSTEMPATH\CodeIgniter.php(464): CodeIgniter\CodeIgniter->tryToRouteIt(null)
 8 SYSTEMPATH\CodeIgniter.php(363): CodeIgniter\CodeIgniter->handleRequest(null, Object(Config\Cache), false)
 9 SYSTEMPATH\Boot.php(417): CodeIgniter\CodeIgniter->run()
10 SYSTEMPATH\Boot.php(68): CodeIgniter\Boot::runCodeIgniter(Object(CodeIgniter\CodeIgniter))
11 FCPATH\index.php(59): CodeIgniter\Boot::bootWeb(Object(Config\Paths))
12 SYSTEMPATH\rewrite.php(44): require_once('C:\\Users\\ASUS\\Downloads\\Projectmagang_dr\\Projectmagang_dr\\public\\index.php')
WARNING - 2026-08-04 15:28:50 --> [DEPRECATED] Passing lowercase HTTP method "post" is deprecated. Use uppercase HTTP method like "POST". in SYSTEMPATH\Router\RouteCollection.php on line 1026.
 1 SYSTEMPATH\Router\RouteCollection.php(1026): trigger_error('Passing lowercase HTTP method "post" is deprecated. Use uppercase HTTP method like "POST".', 16384)
 2 APPPATH\Config\Routes.php(144): CodeIgniter\Router\RouteCollection->match([...], 'upload-surat-penerimaan', '\\App\\Controllers\\Sekretariat\\C_UploadSuratPenerimaan::index')
 3 SYSTEMPATH\Router\RouteCollection.php(799): CodeIgniter\Router\RouteCollection::{closure:C:\Users\ASUS\Downloads\Projectmagang_dr\Projectmagang_dr\app\Config\Routes.php:89}(Object(CodeIgniter\Router\RouteCollection))
 4 APPPATH\Config\Routes.php(89): CodeIgniter\Router\RouteCollection->group('sekretariat', [...], Object(Closure))
 5 SYSTEMPATH\Router\RouteCollection.php(339): require('C:\\Users\\ASUS\\Downloads\\Projectmagang_dr\\Projectmagang_dr\\app\\Config\\Routes.php')
 6 SYSTEMPATH\CodeIgniter.php(841): CodeIgniter\Router\RouteCollection->loadRoutes()
 7 SYSTEMPATH\CodeIgniter.php(464): CodeIgniter\CodeIgniter->tryToRouteIt(null)
 8 SYSTEMPATH\CodeIgniter.php(363): CodeIgniter\CodeIgniter->handleRequest(null, Object(Config\Cache), false)
 9 SYSTEMPATH\Boot.php(417): CodeIgniter\CodeIgniter->run()
10 SYSTEMPATH\Boot.php(68): CodeIgniter\Boot::runCodeIgniter(Object(CodeIgniter\CodeIgniter))
11 FCPATH\index.php(59): CodeIgniter\Boot::bootWeb(Object(Config\Paths))
12 SYSTEMPATH\rewrite.php(44): require_once('C:\\Users\\ASUS\\Downloads\\Projectmagang_dr\\Projectmagang_dr\\public\\index.php')
WARNING - 2026-08-04 15:28:50 --> [DEPRECATED] Passing lowercase HTTP method "get" is deprecated. Use uppercase HTTP method like "GET". in SYSTEMPATH\Router\RouteCollection.php on line 1026.
 1 SYSTEMPATH\Router\RouteCollection.php(1026): trigger_error('Passing lowercase HTTP method "get" is deprecated. Use uppercase HTTP method like "GET".', 16384)
 2 APPPATH\Config\Routes.php(165): CodeIgniter\Router\RouteCollection->match([...], 'logbook', '\\App\\Controllers\\Kabid\\C_LogbookKabid::index')
 3 SYSTEMPATH\Router\RouteCollection.php(799): CodeIgniter\Router\RouteCollection::{closure:C:\Users\ASUS\Downloads\Projectmagang_dr\Projectmagang_dr\app\Config\Routes.php:153}(Object(CodeIgniter\Router\RouteCollection))
 4 APPPATH\Config\Routes.php(153): CodeIgniter\Router\RouteCollection->group('kabid', [...], Object(Closure))
 5 SYSTEMPATH\Router\RouteCollection.php(339): require('C:\\Users\\ASUS\\Downloads\\Projectmagang_dr\\Projectmagang_dr\\app\\Config\\Routes.php')
 6 SYSTEMPATH\CodeIgniter.php(841): CodeIgniter\Router\RouteCollection->loadRoutes()
 7 SYSTEMPATH\CodeIgniter.php(464): CodeIgniter\CodeIgniter->tryToRouteIt(null)
 8 SYSTEMPATH\CodeIgniter.php(363): CodeIgniter\CodeIgniter->handleRequest(null, Object(Config\Cache), false)
 9 SYSTEMPATH\Boot.php(417): CodeIgniter\CodeIgniter->run()
10 SYSTEMPATH\Boot.php(68): CodeIgniter\Boot::runCodeIgniter(Object(CodeIgniter\CodeIgniter))
11 FCPATH\index.php(59): CodeIgniter\Boot::bootWeb(Object(Config\Paths))
12 SYSTEMPATH\rewrite.php(44): require_once('C:\\Users\\ASUS\\Downloads\\Projectmagang_dr\\Projectmagang_dr\\public\\index.php')
WARNING - 2026-08-04 15:28:50 --> [DEPRECATED] Passing lowercase HTTP method "post" is deprecated. Use uppercase HTTP method like "POST". in SYSTEMPATH\Router\RouteCollection.php on line 1026.
 1 SYSTEMPATH\Router\RouteCollection.php(1026): trigger_error('Passing lowercase HTTP method "post" is deprecated. Use uppercase HTTP method like "POST".', 16384)
 2 APPPATH\Config\Routes.php(165): CodeIgniter\Router\RouteCollection->match([...], 'logbook', '\\App\\Controllers\\Kabid\\C_LogbookKabid::index')
 3 SYSTEMPATH\Router\RouteCollection.php(799): CodeIgniter\Router\RouteCollection::{closure:C:\Users\ASUS\Downloads\Projectmagang_dr\Projectmagang_dr\app\Config\Routes.php:153}(Object(CodeIgniter\Router\RouteCollection))
 4 APPPATH\Config\Routes.php(153): CodeIgniter\Router\RouteCollection->group('kabid', [...], Object(Closure))
 5 SYSTEMPATH\Router\RouteCollection.php(339): require('C:\\Users\\ASUS\\Downloads\\Projectmagang_dr\\Projectmagang_dr\\app\\Config\\Routes.php')
 6 SYSTEMPATH\CodeIgniter.php(841): CodeIgniter\Router\RouteCollection->loadRoutes()
 7 SYSTEMPATH\CodeIgniter.php(464): CodeIgniter\CodeIgniter->tryToRouteIt(null)
 8 SYSTEMPATH\CodeIgniter.php(363): CodeIgniter\CodeIgniter->handleRequest(null, Object(Config\Cache), false)
 9 SYSTEMPATH\Boot.php(417): CodeIgniter\CodeIgniter->run()
10 SYSTEMPATH\Boot.php(68): CodeIgniter\Boot::runCodeIgniter(Object(CodeIgniter\CodeIgniter))
11 FCPATH\index.php(59): CodeIgniter\Boot::bootWeb(Object(Config\Paths))
12 SYSTEMPATH\rewrite.php(44): require_once('C:\\Users\\ASUS\\Downloads\\Projectmagang_dr\\Projectmagang_dr\\public\\index.php')
WARNING - 2026-08-04 15:28:50 --> [DEPRECATED] Passing lowercase HTTP method "get" is deprecated. Use uppercase HTTP method like "GET". in SYSTEMPATH\Router\RouteCollection.php on line 1026.
 1 SYSTEMPATH\Router\RouteCollection.php(1026): trigger_error('Passing lowercase HTTP method "get" is deprecated. Use uppercase HTTP method like "GET".', 16384)
 2 APPPATH\Config\Routes.php(177): CodeIgniter\Router\RouteCollection->match([...], 'upload-dokumen', '\\App\\Controllers\\Kabid\\C_UploadDokumen::index')
 3 SYSTEMPATH\Router\RouteCollection.php(799): CodeIgniter\Router\RouteCollection::{closure:C:\Users\ASUS\Downloads\Projectmagang_dr\Projectmagang_dr\app\Config\Routes.php:153}(Object(CodeIgniter\Router\RouteCollection))
 4 APPPATH\Config\Routes.php(153): CodeIgniter\Router\RouteCollection->group('kabid', [...], Object(Closure))
 5 SYSTEMPATH\Router\RouteCollection.php(339): require('C:\\Users\\ASUS\\Downloads\\Projectmagang_dr\\Projectmagang_dr\\app\\Config\\Routes.php')
 6 SYSTEMPATH\CodeIgniter.php(841): CodeIgniter\Router\RouteCollection->loadRoutes()
 7 SYSTEMPATH\CodeIgniter.php(464): CodeIgniter\CodeIgniter->tryToRouteIt(null)
 8 SYSTEMPATH\CodeIgniter.php(363): CodeIgniter\CodeIgniter->handleRequest(null, Object(Config\Cache), false)
 9 SYSTEMPATH\Boot.php(417): CodeIgniter\CodeIgniter->run()
10 SYSTEMPATH\Boot.php(68): CodeIgniter\Boot::runCodeIgniter(Object(CodeIgniter\CodeIgniter))
11 FCPATH\index.php(59): CodeIgniter\Boot::bootWeb(Object(Config\Paths))
12 SYSTEMPATH\rewrite.php(44): require_once('C:\\Users\\ASUS\\Downloads\\Projectmagang_dr\\Projectmagang_dr\\public\\index.php')
WARNING - 2026-08-04 15:28:50 --> [DEPRECATED] Passing lowercase HTTP method "post" is deprecated. Use uppercase HTTP method like "POST". in SYSTEMPATH\Router\RouteCollection.php on line 1026.
 1 SYSTEMPATH\Router\RouteCollection.php(1026): trigger_error('Passing lowercase HTTP method "post" is deprecated. Use uppercase HTTP method like "POST".', 16384)
 2 APPPATH\Config\Routes.php(177): CodeIgniter\Router\RouteCollection->match([...], 'upload-dokumen', '\\App\\Controllers\\Kabid\\C_UploadDokumen::index')
 3 SYSTEMPATH\Router\RouteCollection.php(799): CodeIgniter\Router\RouteCollection::{closure:C:\Users\ASUS\Downloads\Projectmagang_dr\Projectmagang_dr\app\Config\Routes.php:153}(Object(CodeIgniter\Router\RouteCollection))
 4 APPPATH\Config\Routes.php(153): CodeIgniter\Router\RouteCollection->group('kabid', [...], Object(Closure))
 5 SYSTEMPATH\Router\RouteCollection.php(339): require('C:\\Users\\ASUS\\Downloads\\Projectmagang_dr\\Projectmagang_dr\\app\\Config\\Routes.php')
 6 SYSTEMPATH\CodeIgniter.php(841): CodeIgniter\Router\RouteCollection->loadRoutes()
 7 SYSTEMPATH\CodeIgniter.php(464): CodeIgniter\CodeIgniter->tryToRouteIt(null)
 8 SYSTEMPATH\CodeIgniter.php(363): CodeIgniter\CodeIgniter->handleRequest(null, Object(Config\Cache), false)
 9 SYSTEMPATH\Boot.php(417): CodeIgniter\CodeIgniter->run()
10 SYSTEMPATH\Boot.php(68): CodeIgniter\Boot::runCodeIgniter(Object(CodeIgniter\CodeIgniter))
11 FCPATH\index.php(59): CodeIgniter\Boot::bootWeb(Object(Config\Paths))
12 SYSTEMPATH\rewrite.php(44): require_once('C:\\Users\\ASUS\\Downloads\\Projectmagang_dr\\Projectmagang_dr\\public\\index.php')
WARNING - 2026-08-04 15:29:07 --> [DEPRECATED] Passing lowercase HTTP method "get" is deprecated. Use uppercase HTTP method like "GET". in SYSTEMPATH\Router\RouteCollection.php on line 1026.
 1 SYSTEMPATH\Router\RouteCollection.php(1026): trigger_error('Passing lowercase HTTP method "get" is deprecated. Use uppercase HTTP method like "GET".', 16384)
 2 APPPATH\Config\Routes.php(77): CodeIgniter\Router\RouteCollection->match([...], 'logbook', 'C_Logbook::logbook')
 3 SYSTEMPATH\Router\RouteCollection.php(799): CodeIgniter\Router\RouteCollection::{closure:C:\Users\ASUS\Downloads\Projectmagang_dr\Projectmagang_dr\app\Config\Routes.php:59}(Object(CodeIgniter\Router\RouteCollection))
 4 APPPATH\Config\Routes.php(59): CodeIgniter\Router\RouteCollection->group('mahasiswa', [...], Object(Closure))
 5 SYSTEMPATH\Router\RouteCollection.php(339): require('C:\\Users\\ASUS\\Downloads\\Projectmagang_dr\\Projectmagang_dr\\app\\Config\\Routes.php')
 6 SYSTEMPATH\CodeIgniter.php(841): CodeIgniter\Router\RouteCollection->loadRoutes()
 7 SYSTEMPATH\CodeIgniter.php(464): CodeIgniter\CodeIgniter->tryToRouteIt(null)
 8 SYSTEMPATH\CodeIgniter.php(363): CodeIgniter\CodeIgniter->handleRequest(null, Object(Config\Cache), false)
 9 SYSTEMPATH\Boot.php(417): CodeIgniter\CodeIgniter->run()
10 SYSTEMPATH\Boot.php(68): CodeIgniter\Boot::runCodeIgniter(Object(CodeIgniter\CodeIgniter))
11 FCPATH\index.php(59): CodeIgniter\Boot::bootWeb(Object(Config\Paths))
12 SYSTEMPATH\rewrite.php(44): require_once('C:\\Users\\ASUS\\Downloads\\Projectmagang_dr\\Projectmagang_dr\\public\\index.php')
WARNING - 2026-08-04 15:29:07 --> [DEPRECATED] Passing lowercase HTTP method "post" is deprecated. Use uppercase HTTP method like "POST". in SYSTEMPATH\Router\RouteCollection.php on line 1026.
 1 SYSTEMPATH\Router\RouteCollection.php(1026): trigger_error('Passing lowercase HTTP method "post" is deprecated. Use uppercase HTTP method like "POST".', 16384)
 2 APPPATH\Config\Routes.php(77): CodeIgniter\Router\RouteCollection->match([...], 'logbook', 'C_Logbook::logbook')
 3 SYSTEMPATH\Router\RouteCollection.php(799): CodeIgniter\Router\RouteCollection::{closure:C:\Users\ASUS\Downloads\Projectmagang_dr\Projectmagang_dr\app\Config\Routes.php:59}(Object(CodeIgniter\Router\RouteCollection))
 4 APPPATH\Config\Routes.php(59): CodeIgniter\Router\RouteCollection->group('mahasiswa', [...], Object(Closure))
 5 SYSTEMPATH\Router\RouteCollection.php(339): require('C:\\Users\\ASUS\\Downloads\\Projectmagang_dr\\Projectmagang_dr\\app\\Config\\Routes.php')
 6 SYSTEMPATH\CodeIgniter.php(841): CodeIgniter\Router\RouteCollection->loadRoutes()
 7 SYSTEMPATH\CodeIgniter.php(464): CodeIgniter\CodeIgniter->tryToRouteIt(null)
 8 SYSTEMPATH\CodeIgniter.php(363): CodeIgniter\CodeIgniter->handleRequest(null, Object(Config\Cache), false)
 9 SYSTEMPATH\Boot.php(417): CodeIgniter\CodeIgniter->run()
10 SYSTEMPATH\Boot.php(68): CodeIgniter\Boot::runCodeIgniter(Object(CodeIgniter\CodeIgniter))
11 FCPATH\index.php(59): CodeIgniter\Boot::bootWeb(Object(Config\Paths))
12 SYSTEMPATH\rewrite.php(44): require_once('C:\\Users\\ASUS\\Downloads\\Projectmagang_dr\\Projectmagang_dr\\public\\index.php')
WARNING - 2026-08-04 15:29:07 --> [DEPRECATED] Passing lowercase HTTP method "get" is deprecated. Use uppercase HTTP method like "GET". in SYSTEMPATH\Router\RouteCollection.php on line 1026.
 1 SYSTEMPATH\Router\RouteCollection.php(1026): trigger_error('Passing lowercase HTTP method "get" is deprecated. Use uppercase HTTP method like "GET".', 16384)
 2 APPPATH\Config\Routes.php(95): CodeIgniter\Router\RouteCollection->match([...], 'verifikasi', '\\App\\Controllers\\Sekretariat\\C_Verifikasi::index')
 3 SYSTEMPATH\Router\RouteCollection.php(799): CodeIgniter\Router\RouteCollection::{closure:C:\Users\ASUS\Downloads\Projectmagang_dr\Projectmagang_dr\app\Config\Routes.php:89}(Object(CodeIgniter\Router\RouteCollection))
 4 APPPATH\Config\Routes.php(89): CodeIgniter\Router\RouteCollection->group('sekretariat', [...], Object(Closure))
 5 SYSTEMPATH\Router\RouteCollection.php(339): require('C:\\Users\\ASUS\\Downloads\\Projectmagang_dr\\Projectmagang_dr\\app\\Config\\Routes.php')
 6 SYSTEMPATH\CodeIgniter.php(841): CodeIgniter\Router\RouteCollection->loadRoutes()
 7 SYSTEMPATH\CodeIgniter.php(464): CodeIgniter\CodeIgniter->tryToRouteIt(null)
 8 SYSTEMPATH\CodeIgniter.php(363): CodeIgniter\CodeIgniter->handleRequest(null, Object(Config\Cache), false)
 9 SYSTEMPATH\Boot.php(417): CodeIgniter\CodeIgniter->run()
10 SYSTEMPATH\Boot.php(68): CodeIgniter\Boot::runCodeIgniter(Object(CodeIgniter\CodeIgniter))
11 FCPATH\index.php(59): CodeIgniter\Boot::bootWeb(Object(Config\Paths))
12 SYSTEMPATH\rewrite.php(44): require_once('C:\\Users\\ASUS\\Downloads\\Projectmagang_dr\\Projectmagang_dr\\public\\index.php')
WARNING - 2026-08-04 15:29:07 --> [DEPRECATED] Passing lowercase HTTP method "post" is deprecated. Use uppercase HTTP method like "POST". in SYSTEMPATH\Router\RouteCollection.php on line 1026.
 1 SYSTEMPATH\Router\RouteCollection.php(1026): trigger_error('Passing lowercase HTTP method "post" is deprecated. Use uppercase HTTP method like "POST".', 16384)
 2 APPPATH\Config\Routes.php(95): CodeIgniter\Router\RouteCollection->match([...], 'verifikasi', '\\App\\Controllers\\Sekretariat\\C_Verifikasi::index')
 3 SYSTEMPATH\Router\RouteCollection.php(799): CodeIgniter\Router\RouteCollection::{closure:C:\Users\ASUS\Downloads\Projectmagang_dr\Projectmagang_dr\app\Config\Routes.php:89}(Object(CodeIgniter\Router\RouteCollection))
 4 APPPATH\Config\Routes.php(89): CodeIgniter\Router\RouteCollection->group('sekretariat', [...], Object(Closure))
 5 SYSTEMPATH\Router\RouteCollection.php(339): require('C:\\Users\\ASUS\\Downloads\\Projectmagang_dr\\Projectmagang_dr\\app\\Config\\Routes.php')
 6 SYSTEMPATH\CodeIgniter.php(841): CodeIgniter\Router\RouteCollection->loadRoutes()
 7 SYSTEMPATH\CodeIgniter.php(464): CodeIgniter\CodeIgniter->tryToRouteIt(null)
 8 SYSTEMPATH\CodeIgniter.php(363): CodeIgniter\CodeIgniter->handleRequest(null, Object(Config\Cache), false)
 9 SYSTEMPATH\Boot.php(417): CodeIgniter\CodeIgniter->run()
10 SYSTEMPATH\Boot.php(68): CodeIgniter\Boot::runCodeIgniter(Object(CodeIgniter\CodeIgniter))
11 FCPATH\index.php(59): CodeIgniter\Boot::bootWeb(Object(Config\Paths))
12 SYSTEMPATH\rewrite.php(44): require_once('C:\\Users\\ASUS\\Downloads\\Projectmagang_dr\\Projectmagang_dr\\public\\index.php')
WARNING - 2026-08-04 15:29:07 --> [DEPRECATED] Passing lowercase HTTP method "get" is deprecated. Use uppercase HTTP method like "GET". in SYSTEMPATH\Router\RouteCollection.php on line 1026.
 1 SYSTEMPATH\Router\RouteCollection.php(1026): trigger_error('Passing lowercase HTTP method "get" is deprecated. Use uppercase HTTP method like "GET".', 16384)
 2 APPPATH\Config\Routes.php(144): CodeIgniter\Router\RouteCollection->match([...], 'upload-surat-penerimaan', '\\App\\Controllers\\Sekretariat\\C_UploadSuratPenerimaan::index')
 3 SYSTEMPATH\Router\RouteCollection.php(799): CodeIgniter\Router\RouteCollection::{closure:C:\Users\ASUS\Downloads\Projectmagang_dr\Projectmagang_dr\app\Config\Routes.php:89}(Object(CodeIgniter\Router\RouteCollection))
 4 APPPATH\Config\Routes.php(89): CodeIgniter\Router\RouteCollection->group('sekretariat', [...], Object(Closure))
 5 SYSTEMPATH\Router\RouteCollection.php(339): require('C:\\Users\\ASUS\\Downloads\\Projectmagang_dr\\Projectmagang_dr\\app\\Config\\Routes.php')
 6 SYSTEMPATH\CodeIgniter.php(841): CodeIgniter\Router\RouteCollection->loadRoutes()
 7 SYSTEMPATH\CodeIgniter.php(464): CodeIgniter\CodeIgniter->tryToRouteIt(null)
 8 SYSTEMPATH\CodeIgniter.php(363): CodeIgniter\CodeIgniter->handleRequest(null, Object(Config\Cache), false)
 9 SYSTEMPATH\Boot.php(417): CodeIgniter\CodeIgniter->run()
10 SYSTEMPATH\Boot.php(68): CodeIgniter\Boot::runCodeIgniter(Object(CodeIgniter\CodeIgniter))
11 FCPATH\index.php(59): CodeIgniter\Boot::bootWeb(Object(Config\Paths))
12 SYSTEMPATH\rewrite.php(44): require_once('C:\\Users\\ASUS\\Downloads\\Projectmagang_dr\\Projectmagang_dr\\public\\index.php')
WARNING - 2026-08-04 15:29:07 --> [DEPRECATED] Passing lowercase HTTP method "post" is deprecated. Use uppercase HTTP method like "POST". in SYSTEMPATH\Router\RouteCollection.php on line 1026.
 1 SYSTEMPATH\Router\RouteCollection.php(1026): trigger_error('Passing lowercase HTTP method "post" is deprecated. Use uppercase HTTP method like "POST".', 16384)
 2 APPPATH\Config\Routes.php(144): CodeIgniter\Router\RouteCollection->match([...], 'upload-surat-penerimaan', '\\App\\Controllers\\Sekretariat\\C_UploadSuratPenerimaan::index')
 3 SYSTEMPATH\Router\RouteCollection.php(799): CodeIgniter\Router\RouteCollection::{closure:C:\Users\ASUS\Downloads\Projectmagang_dr\Projectmagang_dr\app\Config\Routes.php:89}(Object(CodeIgniter\Router\RouteCollection))
 4 APPPATH\Config\Routes.php(89): CodeIgniter\Router\RouteCollection->group('sekretariat', [...], Object(Closure))
 5 SYSTEMPATH\Router\RouteCollection.php(339): require('C:\\Users\\ASUS\\Downloads\\Projectmagang_dr\\Projectmagang_dr\\app\\Config\\Routes.php')
 6 SYSTEMPATH\CodeIgniter.php(841): CodeIgniter\Router\RouteCollection->loadRoutes()
 7 SYSTEMPATH\CodeIgniter.php(464): CodeIgniter\CodeIgniter->tryToRouteIt(null)
 8 SYSTEMPATH\CodeIgniter.php(363): CodeIgniter\CodeIgniter->handleRequest(null, Object(Config\Cache), false)
 9 SYSTEMPATH\Boot.php(417): CodeIgniter\CodeIgniter->run()
10 SYSTEMPATH\Boot.php(68): CodeIgniter\Boot::runCodeIgniter(Object(CodeIgniter\CodeIgniter))
11 FCPATH\index.php(59): CodeIgniter\Boot::bootWeb(Object(Config\Paths))
12 SYSTEMPATH\rewrite.php(44): require_once('C:\\Users\\ASUS\\Downloads\\Projectmagang_dr\\Projectmagang_dr\\public\\index.php')
WARNING - 2026-08-04 15:29:07 --> [DEPRECATED] Passing lowercase HTTP method "get" is deprecated. Use uppercase HTTP method like "GET". in SYSTEMPATH\Router\RouteCollection.php on line 1026.
 1 SYSTEMPATH\Router\RouteCollection.php(1026): trigger_error('Passing lowercase HTTP method "get" is deprecated. Use uppercase HTTP method like "GET".', 16384)
 2 APPPATH\Config\Routes.php(165): CodeIgniter\Router\RouteCollection->match([...], 'logbook', '\\App\\Controllers\\Kabid\\C_LogbookKabid::index')
 3 SYSTEMPATH\Router\RouteCollection.php(799): CodeIgniter\Router\RouteCollection::{closure:C:\Users\ASUS\Downloads\Projectmagang_dr\Projectmagang_dr\app\Config\Routes.php:153}(Object(CodeIgniter\Router\RouteCollection))
 4 APPPATH\Config\Routes.php(153): CodeIgniter\Router\RouteCollection->group('kabid', [...], Object(Closure))
 5 SYSTEMPATH\Router\RouteCollection.php(339): require('C:\\Users\\ASUS\\Downloads\\Projectmagang_dr\\Projectmagang_dr\\app\\Config\\Routes.php')
 6 SYSTEMPATH\CodeIgniter.php(841): CodeIgniter\Router\RouteCollection->loadRoutes()
 7 SYSTEMPATH\CodeIgniter.php(464): CodeIgniter\CodeIgniter->tryToRouteIt(null)
 8 SYSTEMPATH\CodeIgniter.php(363): CodeIgniter\CodeIgniter->handleRequest(null, Object(Config\Cache), false)
 9 SYSTEMPATH\Boot.php(417): CodeIgniter\CodeIgniter->run()
10 SYSTEMPATH\Boot.php(68): CodeIgniter\Boot::runCodeIgniter(Object(CodeIgniter\CodeIgniter))
11 FCPATH\index.php(59): CodeIgniter\Boot::bootWeb(Object(Config\Paths))
12 SYSTEMPATH\rewrite.php(44): require_once('C:\\Users\\ASUS\\Downloads\\Projectmagang_dr\\Projectmagang_dr\\public\\index.php')
WARNING - 2026-08-04 15:29:07 --> [DEPRECATED] Passing lowercase HTTP method "post" is deprecated. Use uppercase HTTP method like "POST". in SYSTEMPATH\Router\RouteCollection.php on line 1026.
 1 SYSTEMPATH\Router\RouteCollection.php(1026): trigger_error('Passing lowercase HTTP method "post" is deprecated. Use uppercase HTTP method like "POST".', 16384)
 2 APPPATH\Config\Routes.php(165): CodeIgniter\Router\RouteCollection->match([...], 'logbook', '\\App\\Controllers\\Kabid\\C_LogbookKabid::index')
 3 SYSTEMPATH\Router\RouteCollection.php(799): CodeIgniter\Router\RouteCollection::{closure:C:\Users\ASUS\Downloads\Projectmagang_dr\Projectmagang_dr\app\Config\Routes.php:153}(Object(CodeIgniter\Router\RouteCollection))
 4 APPPATH\Config\Routes.php(153): CodeIgniter\Router\RouteCollection->group('kabid', [...], Object(Closure))
 5 SYSTEMPATH\Router\RouteCollection.php(339): require('C:\\Users\\ASUS\\Downloads\\Projectmagang_dr\\Projectmagang_dr\\app\\Config\\Routes.php')
 6 SYSTEMPATH\CodeIgniter.php(841): CodeIgniter\Router\RouteCollection->loadRoutes()
 7 SYSTEMPATH\CodeIgniter.php(464): CodeIgniter\CodeIgniter->tryToRouteIt(null)
 8 SYSTEMPATH\CodeIgniter.php(363): CodeIgniter\CodeIgniter->handleRequest(null, Object(Config\Cache), false)
 9 SYSTEMPATH\Boot.php(417): CodeIgniter\CodeIgniter->run()
10 SYSTEMPATH\Boot.php(68): CodeIgniter\Boot::runCodeIgniter(Object(CodeIgniter\CodeIgniter))
11 FCPATH\index.php(59): CodeIgniter\Boot::bootWeb(Object(Config\Paths))
12 SYSTEMPATH\rewrite.php(44): require_once('C:\\Users\\ASUS\\Downloads\\Projectmagang_dr\\Projectmagang_dr\\public\\index.php')
WARNING - 2026-08-04 15:29:07 --> [DEPRECATED] Passing lowercase HTTP method "get" is deprecated. Use uppercase HTTP method like "GET". in SYSTEMPATH\Router\RouteCollection.php on line 1026.
 1 SYSTEMPATH\Router\RouteCollection.php(1026): trigger_error('Passing lowercase HTTP method "get" is deprecated. Use uppercase HTTP method like "GET".', 16384)
 2 APPPATH\Config\Routes.php(177): CodeIgniter\Router\RouteCollection->match([...], 'upload-dokumen', '\\App\\Controllers\\Kabid\\C_UploadDokumen::index')
 3 SYSTEMPATH\Router\RouteCollection.php(799): CodeIgniter\Router\RouteCollection::{closure:C:\Users\ASUS\Downloads\Projectmagang_dr\Projectmagang_dr\app\Config\Routes.php:153}(Object(CodeIgniter\Router\RouteCollection))
 4 APPPATH\Config\Routes.php(153): CodeIgniter\Router\RouteCollection->group('kabid', [...], Object(Closure))
 5 SYSTEMPATH\Router\RouteCollection.php(339): require('C:\\Users\\ASUS\\Downloads\\Projectmagang_dr\\Projectmagang_dr\\app\\Config\\Routes.php')
 6 SYSTEMPATH\CodeIgniter.php(841): CodeIgniter\Router\RouteCollection->loadRoutes()
 7 SYSTEMPATH\CodeIgniter.php(464): CodeIgniter\CodeIgniter->tryToRouteIt(null)
 8 SYSTEMPATH\CodeIgniter.php(363): CodeIgniter\CodeIgniter->handleRequest(null, Object(Config\Cache), false)
 9 SYSTEMPATH\Boot.php(417): CodeIgniter\CodeIgniter->run()
10 SYSTEMPATH\Boot.php(68): CodeIgniter\Boot::runCodeIgniter(Object(CodeIgniter\CodeIgniter))
11 FCPATH\index.php(59): CodeIgniter\Boot::bootWeb(Object(Config\Paths))
12 SYSTEMPATH\rewrite.php(44): require_once('C:\\Users\\ASUS\\Downloads\\Projectmagang_dr\\Projectmagang_dr\\public\\index.php')
WARNING - 2026-08-04 15:29:07 --> [DEPRECATED] Passing lowercase HTTP method "post" is deprecated. Use uppercase HTTP method like "POST". in SYSTEMPATH\Router\RouteCollection.php on line 1026.
 1 SYSTEMPATH\Router\RouteCollection.php(1026): trigger_error('Passing lowercase HTTP method "post" is deprecated. Use uppercase HTTP method like "POST".', 16384)
 2 APPPATH\Config\Routes.php(177): CodeIgniter\Router\RouteCollection->match([...], 'upload-dokumen', '\\App\\Controllers\\Kabid\\C_UploadDokumen::index')
 3 SYSTEMPATH\Router\RouteCollection.php(799): CodeIgniter\Router\RouteCollection::{closure:C:\Users\ASUS\Downloads\Projectmagang_dr\Projectmagang_dr\app\Config\Routes.php:153}(Object(CodeIgniter\Router\RouteCollection))
 4 APPPATH\Config\Routes.php(153): CodeIgniter\Router\RouteCollection->group('kabid', [...], Object(Closure))
 5 SYSTEMPATH\Router\RouteCollection.php(339): require('C:\\Users\\ASUS\\Downloads\\Projectmagang_dr\\Projectmagang_dr\\app\\Config\\Routes.php')
 6 SYSTEMPATH\CodeIgniter.php(841): CodeIgniter\Router\RouteCollection->loadRoutes()
 7 SYSTEMPATH\CodeIgniter.php(464): CodeIgniter\CodeIgniter->tryToRouteIt(null)
 8 SYSTEMPATH\CodeIgniter.php(363): CodeIgniter\CodeIgniter->handleRequest(null, Object(Config\Cache), false)
 9 SYSTEMPATH\Boot.php(417): CodeIgniter\CodeIgniter->run()
10 SYSTEMPATH\Boot.php(68): CodeIgniter\Boot::runCodeIgniter(Object(CodeIgniter\CodeIgniter))
11 FCPATH\index.php(59): CodeIgniter\Boot::bootWeb(Object(Config\Paths))
12 SYSTEMPATH\rewrite.php(44): require_once('C:\\Users\\ASUS\\Downloads\\Projectmagang_dr\\Projectmagang_dr\\public\\index.php')
DEBUG - 2026-08-04 15:29:08 --> Session: Class initialized using 'CodeIgniter\Session\Handlers\FileHandler' driver.
WARNING - 2026-08-04 15:29:08 --> [DEPRECATED] Passing lowercase HTTP method "get" is deprecated. Use uppercase HTTP method like "GET". in SYSTEMPATH\Router\RouteCollection.php on line 1026.
 1 SYSTEMPATH\Router\RouteCollection.php(1026): trigger_error('Passing lowercase HTTP method "get" is deprecated. Use uppercase HTTP method like "GET".', 16384)
 2 APPPATH\Config\Routes.php(77): CodeIgniter\Router\RouteCollection->match([...], 'logbook', 'C_Logbook::logbook')
 3 SYSTEMPATH\Router\RouteCollection.php(799): CodeIgniter\Router\RouteCollection::{closure:C:\Users\ASUS\Downloads\Projectmagang_dr\Projectmagang_dr\app\Config\Routes.php:59}(Object(CodeIgniter\Router\RouteCollection))
 4 APPPATH\Config\Routes.php(59): CodeIgniter\Router\RouteCollection->group('mahasiswa', [...], Object(Closure))
 5 SYSTEMPATH\Router\RouteCollection.php(339): require('C:\\Users\\ASUS\\Downloads\\Projectmagang_dr\\Projectmagang_dr\\app\\Config\\Routes.php')
 6 SYSTEMPATH\CodeIgniter.php(841): CodeIgniter\Router\RouteCollection->loadRoutes()
 7 SYSTEMPATH\CodeIgniter.php(464): CodeIgniter\CodeIgniter->tryToRouteIt(null)
 8 SYSTEMPATH\CodeIgniter.php(363): CodeIgniter\CodeIgniter->handleRequest(null, Object(Config\Cache), false)
 9 SYSTEMPATH\Boot.php(417): CodeIgniter\CodeIgniter->run()
10 SYSTEMPATH\Boot.php(68): CodeIgniter\Boot::runCodeIgniter(Object(CodeIgniter\CodeIgniter))
11 FCPATH\index.php(59): CodeIgniter\Boot::bootWeb(Object(Config\Paths))
12 SYSTEMPATH\rewrite.php(44): require_once('C:\\Users\\ASUS\\Downloads\\Projectmagang_dr\\Projectmagang_dr\\public\\index.php')
WARNING - 2026-08-04 15:29:08 --> [DEPRECATED] Passing lowercase HTTP method "post" is deprecated. Use uppercase HTTP method like "POST". in SYSTEMPATH\Router\RouteCollection.php on line 1026.
 1 SYSTEMPATH\Router\RouteCollection.php(1026): trigger_error('Passing lowercase HTTP method "post" is deprecated. Use uppercase HTTP method like "POST".', 16384)
 2 APPPATH\Config\Routes.php(77): CodeIgniter\Router\RouteCollection->match([...], 'logbook', 'C_Logbook::logbook')
 3 SYSTEMPATH\Router\RouteCollection.php(799): CodeIgniter\Router\RouteCollection::{closure:C:\Users\ASUS\Downloads\Projectmagang_dr\Projectmagang_dr\app\Config\Routes.php:59}(Object(CodeIgniter\Router\RouteCollection))
 4 APPPATH\Config\Routes.php(59): CodeIgniter\Router\RouteCollection->group('mahasiswa', [...], Object(Closure))
 5 SYSTEMPATH\Router\RouteCollection.php(339): require('C:\\Users\\ASUS\\Downloads\\Projectmagang_dr\\Projectmagang_dr\\app\\Config\\Routes.php')
 6 SYSTEMPATH\CodeIgniter.php(841): CodeIgniter\Router\RouteCollection->loadRoutes()
 7 SYSTEMPATH\CodeIgniter.php(464): CodeIgniter\CodeIgniter->tryToRouteIt(null)
 8 SYSTEMPATH\CodeIgniter.php(363): CodeIgniter\CodeIgniter->handleRequest(null, Object(Config\Cache), false)
 9 SYSTEMPATH\Boot.php(417): CodeIgniter\CodeIgniter->run()
10 SYSTEMPATH\Boot.php(68): CodeIgniter\Boot::runCodeIgniter(Object(CodeIgniter\CodeIgniter))
11 FCPATH\index.php(59): CodeIgniter\Boot::bootWeb(Object(Config\Paths))
12 SYSTEMPATH\rewrite.php(44): require_once('C:\\Users\\ASUS\\Downloads\\Projectmagang_dr\\Projectmagang_dr\\public\\index.php')
WARNING - 2026-08-04 15:29:08 --> [DEPRECATED] Passing lowercase HTTP method "get" is deprecated. Use uppercase HTTP method like "GET". in SYSTEMPATH\Router\RouteCollection.php on line 1026.
 1 SYSTEMPATH\Router\RouteCollection.php(1026): trigger_error('Passing lowercase HTTP method "get" is deprecated. Use uppercase HTTP method like "GET".', 16384)
 2 APPPATH\Config\Routes.php(95): CodeIgniter\Router\RouteCollection->match([...], 'verifikasi', '\\App\\Controllers\\Sekretariat\\C_Verifikasi::index')
 3 SYSTEMPATH\Router\RouteCollection.php(799): CodeIgniter\Router\RouteCollection::{closure:C:\Users\ASUS\Downloads\Projectmagang_dr\Projectmagang_dr\app\Config\Routes.php:89}(Object(CodeIgniter\Router\RouteCollection))
 4 APPPATH\Config\Routes.php(89): CodeIgniter\Router\RouteCollection->group('sekretariat', [...], Object(Closure))
 5 SYSTEMPATH\Router\RouteCollection.php(339): require('C:\\Users\\ASUS\\Downloads\\Projectmagang_dr\\Projectmagang_dr\\app\\Config\\Routes.php')
 6 SYSTEMPATH\CodeIgniter.php(841): CodeIgniter\Router\RouteCollection->loadRoutes()
 7 SYSTEMPATH\CodeIgniter.php(464): CodeIgniter\CodeIgniter->tryToRouteIt(null)
 8 SYSTEMPATH\CodeIgniter.php(363): CodeIgniter\CodeIgniter->handleRequest(null, Object(Config\Cache), false)
 9 SYSTEMPATH\Boot.php(417): CodeIgniter\CodeIgniter->run()
10 SYSTEMPATH\Boot.php(68): CodeIgniter\Boot::runCodeIgniter(Object(CodeIgniter\CodeIgniter))
11 FCPATH\index.php(59): CodeIgniter\Boot::bootWeb(Object(Config\Paths))
12 SYSTEMPATH\rewrite.php(44): require_once('C:\\Users\\ASUS\\Downloads\\Projectmagang_dr\\Projectmagang_dr\\public\\index.php')
WARNING - 2026-08-04 15:29:08 --> [DEPRECATED] Passing lowercase HTTP method "post" is deprecated. Use uppercase HTTP method like "POST". in SYSTEMPATH\Router\RouteCollection.php on line 1026.
 1 SYSTEMPATH\Router\RouteCollection.php(1026): trigger_error('Passing lowercase HTTP method "post" is deprecated. Use uppercase HTTP method like "POST".', 16384)
 2 APPPATH\Config\Routes.php(95): CodeIgniter\Router\RouteCollection->match([...], 'verifikasi', '\\App\\Controllers\\Sekretariat\\C_Verifikasi::index')
 3 SYSTEMPATH\Router\RouteCollection.php(799): CodeIgniter\Router\RouteCollection::{closure:C:\Users\ASUS\Downloads\Projectmagang_dr\Projectmagang_dr\app\Config\Routes.php:89}(Object(CodeIgniter\Router\RouteCollection))
 4 APPPATH\Config\Routes.php(89): CodeIgniter\Router\RouteCollection->group('sekretariat', [...], Object(Closure))
 5 SYSTEMPATH\Router\RouteCollection.php(339): require('C:\\Users\\ASUS\\Downloads\\Projectmagang_dr\\Projectmagang_dr\\app\\Config\\Routes.php')
 6 SYSTEMPATH\CodeIgniter.php(841): CodeIgniter\Router\RouteCollection->loadRoutes()
 7 SYSTEMPATH\CodeIgniter.php(464): CodeIgniter\CodeIgniter->tryToRouteIt(null)
 8 SYSTEMPATH\CodeIgniter.php(363): CodeIgniter\CodeIgniter->handleRequest(null, Object(Config\Cache), false)
 9 SYSTEMPATH\Boot.php(417): CodeIgniter\CodeIgniter->run()
10 SYSTEMPATH\Boot.php(68): CodeIgniter\Boot::runCodeIgniter(Object(CodeIgniter\CodeIgniter))
11 FCPATH\index.php(59): CodeIgniter\Boot::bootWeb(Object(Config\Paths))
12 SYSTEMPATH\rewrite.php(44): require_once('C:\\Users\\ASUS\\Downloads\\Projectmagang_dr\\Projectmagang_dr\\public\\index.php')
WARNING - 2026-08-04 15:29:08 --> [DEPRECATED] Passing lowercase HTTP method "get" is deprecated. Use uppercase HTTP method like "GET". in SYSTEMPATH\Router\RouteCollection.php on line 1026.
 1 SYSTEMPATH\Router\RouteCollection.php(1026): trigger_error('Passing lowercase HTTP method "get" is deprecated. Use uppercase HTTP method like "GET".', 16384)
 2 APPPATH\Config\Routes.php(144): CodeIgniter\Router\RouteCollection->match([...], 'upload-surat-penerimaan', '\\App\\Controllers\\Sekretariat\\C_UploadSuratPenerimaan::index')
 3 SYSTEMPATH\Router\RouteCollection.php(799): CodeIgniter\Router\RouteCollection::{closure:C:\Users\ASUS\Downloads\Projectmagang_dr\Projectmagang_dr\app\Config\Routes.php:89}(Object(CodeIgniter\Router\RouteCollection))
 4 APPPATH\Config\Routes.php(89): CodeIgniter\Router\RouteCollection->group('sekretariat', [...], Object(Closure))
 5 SYSTEMPATH\Router\RouteCollection.php(339): require('C:\\Users\\ASUS\\Downloads\\Projectmagang_dr\\Projectmagang_dr\\app\\Config\\Routes.php')
 6 SYSTEMPATH\CodeIgniter.php(841): CodeIgniter\Router\RouteCollection->loadRoutes()
 7 SYSTEMPATH\CodeIgniter.php(464): CodeIgniter\CodeIgniter->tryToRouteIt(null)
 8 SYSTEMPATH\CodeIgniter.php(363): CodeIgniter\CodeIgniter->handleRequest(null, Object(Config\Cache), false)
 9 SYSTEMPATH\Boot.php(417): CodeIgniter\CodeIgniter->run()
10 SYSTEMPATH\Boot.php(68): CodeIgniter\Boot::runCodeIgniter(Object(CodeIgniter\CodeIgniter))
11 FCPATH\index.php(59): CodeIgniter\Boot::bootWeb(Object(Config\Paths))
12 SYSTEMPATH\rewrite.php(44): require_once('C:\\Users\\ASUS\\Downloads\\Projectmagang_dr\\Projectmagang_dr\\public\\index.php')
WARNING - 2026-08-04 15:29:08 --> [DEPRECATED] Passing lowercase HTTP method "post" is deprecated. Use uppercase HTTP method like "POST". in SYSTEMPATH\Router\RouteCollection.php on line 1026.
 1 SYSTEMPATH\Router\RouteCollection.php(1026): trigger_error('Passing lowercase HTTP method "post" is deprecated. Use uppercase HTTP method like "POST".', 16384)
 2 APPPATH\Config\Routes.php(144): CodeIgniter\Router\RouteCollection->match([...], 'upload-surat-penerimaan', '\\App\\Controllers\\Sekretariat\\C_UploadSuratPenerimaan::index')
 3 SYSTEMPATH\Router\RouteCollection.php(799): CodeIgniter\Router\RouteCollection::{closure:C:\Users\ASUS\Downloads\Projectmagang_dr\Projectmagang_dr\app\Config\Routes.php:89}(Object(CodeIgniter\Router\RouteCollection))
 4 APPPATH\Config\Routes.php(89): CodeIgniter\Router\RouteCollection->group('sekretariat', [...], Object(Closure))
 5 SYSTEMPATH\Router\RouteCollection.php(339): require('C:\\Users\\ASUS\\Downloads\\Projectmagang_dr\\Projectmagang_dr\\app\\Config\\Routes.php')
 6 SYSTEMPATH\CodeIgniter.php(841): CodeIgniter\Router\RouteCollection->loadRoutes()
 7 SYSTEMPATH\CodeIgniter.php(464): CodeIgniter\CodeIgniter->tryToRouteIt(null)
 8 SYSTEMPATH\CodeIgniter.php(363): CodeIgniter\CodeIgniter->handleRequest(null, Object(Config\Cache), false)
 9 SYSTEMPATH\Boot.php(417): CodeIgniter\CodeIgniter->run()
10 SYSTEMPATH\Boot.php(68): CodeIgniter\Boot::runCodeIgniter(Object(CodeIgniter\CodeIgniter))
11 FCPATH\index.php(59): CodeIgniter\Boot::bootWeb(Object(Config\Paths))
12 SYSTEMPATH\rewrite.php(44): require_once('C:\\Users\\ASUS\\Downloads\\Projectmagang_dr\\Projectmagang_dr\\public\\index.php')
WARNING - 2026-08-04 15:29:08 --> [DEPRECATED] Passing lowercase HTTP method "get" is deprecated. Use uppercase HTTP method like "GET". in SYSTEMPATH\Router\RouteCollection.php on line 1026.
 1 SYSTEMPATH\Router\RouteCollection.php(1026): trigger_error('Passing lowercase HTTP method "get" is deprecated. Use uppercase HTTP method like "GET".', 16384)
 2 APPPATH\Config\Routes.php(165): CodeIgniter\Router\RouteCollection->match([...], 'logbook', '\\App\\Controllers\\Kabid\\C_LogbookKabid::index')
 3 SYSTEMPATH\Router\RouteCollection.php(799): CodeIgniter\Router\RouteCollection::{closure:C:\Users\ASUS\Downloads\Projectmagang_dr\Projectmagang_dr\app\Config\Routes.php:153}(Object(CodeIgniter\Router\RouteCollection))
 4 APPPATH\Config\Routes.php(153): CodeIgniter\Router\RouteCollection->group('kabid', [...], Object(Closure))
 5 SYSTEMPATH\Router\RouteCollection.php(339): require('C:\\Users\\ASUS\\Downloads\\Projectmagang_dr\\Projectmagang_dr\\app\\Config\\Routes.php')
 6 SYSTEMPATH\CodeIgniter.php(841): CodeIgniter\Router\RouteCollection->loadRoutes()
 7 SYSTEMPATH\CodeIgniter.php(464): CodeIgniter\CodeIgniter->tryToRouteIt(null)
 8 SYSTEMPATH\CodeIgniter.php(363): CodeIgniter\CodeIgniter->handleRequest(null, Object(Config\Cache), false)
 9 SYSTEMPATH\Boot.php(417): CodeIgniter\CodeIgniter->run()
10 SYSTEMPATH\Boot.php(68): CodeIgniter\Boot::runCodeIgniter(Object(CodeIgniter\CodeIgniter))
11 FCPATH\index.php(59): CodeIgniter\Boot::bootWeb(Object(Config\Paths))
12 SYSTEMPATH\rewrite.php(44): require_once('C:\\Users\\ASUS\\Downloads\\Projectmagang_dr\\Projectmagang_dr\\public\\index.php')
WARNING - 2026-08-04 15:29:08 --> [DEPRECATED] Passing lowercase HTTP method "post" is deprecated. Use uppercase HTTP method like "POST". in SYSTEMPATH\Router\RouteCollection.php on line 1026.
 1 SYSTEMPATH\Router\RouteCollection.php(1026): trigger_error('Passing lowercase HTTP method "post" is deprecated. Use uppercase HTTP method like "POST".', 16384)
 2 APPPATH\Config\Routes.php(165): CodeIgniter\Router\RouteCollection->match([...], 'logbook', '\\App\\Controllers\\Kabid\\C_LogbookKabid::index')
 3 SYSTEMPATH\Router\RouteCollection.php(799): CodeIgniter\Router\RouteCollection::{closure:C:\Users\ASUS\Downloads\Projectmagang_dr\Projectmagang_dr\app\Config\Routes.php:153}(Object(CodeIgniter\Router\RouteCollection))
 4 APPPATH\Config\Routes.php(153): CodeIgniter\Router\RouteCollection->group('kabid', [...], Object(Closure))
 5 SYSTEMPATH\Router\RouteCollection.php(339): require('C:\\Users\\ASUS\\Downloads\\Projectmagang_dr\\Projectmagang_dr\\app\\Config\\Routes.php')
 6 SYSTEMPATH\CodeIgniter.php(841): CodeIgniter\Router\RouteCollection->loadRoutes()
 7 SYSTEMPATH\CodeIgniter.php(464): CodeIgniter\CodeIgniter->tryToRouteIt(null)
 8 SYSTEMPATH\CodeIgniter.php(363): CodeIgniter\CodeIgniter->handleRequest(null, Object(Config\Cache), false)
 9 SYSTEMPATH\Boot.php(417): CodeIgniter\CodeIgniter->run()
10 SYSTEMPATH\Boot.php(68): CodeIgniter\Boot::runCodeIgniter(Object(CodeIgniter\CodeIgniter))
11 FCPATH\index.php(59): CodeIgniter\Boot::bootWeb(Object(Config\Paths))
12 SYSTEMPATH\rewrite.php(44): require_once('C:\\Users\\ASUS\\Downloads\\Projectmagang_dr\\Projectmagang_dr\\public\\index.php')
WARNING - 2026-08-04 15:29:08 --> [DEPRECATED] Passing lowercase HTTP method "get" is deprecated. Use uppercase HTTP method like "GET". in SYSTEMPATH\Router\RouteCollection.php on line 1026.
 1 SYSTEMPATH\Router\RouteCollection.php(1026): trigger_error('Passing lowercase HTTP method "get" is deprecated. Use uppercase HTTP method like "GET".', 16384)
 2 APPPATH\Config\Routes.php(177): CodeIgniter\Router\RouteCollection->match([...], 'upload-dokumen', '\\App\\Controllers\\Kabid\\C_UploadDokumen::index')
 3 SYSTEMPATH\Router\RouteCollection.php(799): CodeIgniter\Router\RouteCollection::{closure:C:\Users\ASUS\Downloads\Projectmagang_dr\Projectmagang_dr\app\Config\Routes.php:153}(Object(CodeIgniter\Router\RouteCollection))
 4 APPPATH\Config\Routes.php(153): CodeIgniter\Router\RouteCollection->group('kabid', [...], Object(Closure))
 5 SYSTEMPATH\Router\RouteCollection.php(339): require('C:\\Users\\ASUS\\Downloads\\Projectmagang_dr\\Projectmagang_dr\\app\\Config\\Routes.php')
 6 SYSTEMPATH\CodeIgniter.php(841): CodeIgniter\Router\RouteCollection->loadRoutes()
 7 SYSTEMPATH\CodeIgniter.php(464): CodeIgniter\CodeIgniter->tryToRouteIt(null)
 8 SYSTEMPATH\CodeIgniter.php(363): CodeIgniter\CodeIgniter->handleRequest(null, Object(Config\Cache), false)
 9 SYSTEMPATH\Boot.php(417): CodeIgniter\CodeIgniter->run()
10 SYSTEMPATH\Boot.php(68): CodeIgniter\Boot::runCodeIgniter(Object(CodeIgniter\CodeIgniter))
11 FCPATH\index.php(59): CodeIgniter\Boot::bootWeb(Object(Config\Paths))
12 SYSTEMPATH\rewrite.php(44): require_once('C:\\Users\\ASUS\\Downloads\\Projectmagang_dr\\Projectmagang_dr\\public\\index.php')
WARNING - 2026-08-04 15:29:08 --> [DEPRECATED] Passing lowercase HTTP method "post" is deprecated. Use uppercase HTTP method like "POST". in SYSTEMPATH\Router\RouteCollection.php on line 1026.
 1 SYSTEMPATH\Router\RouteCollection.php(1026): trigger_error('Passing lowercase HTTP method "post" is deprecated. Use uppercase HTTP method like "POST".', 16384)
 2 APPPATH\Config\Routes.php(177): CodeIgniter\Router\RouteCollection->match([...], 'upload-dokumen', '\\App\\Controllers\\Kabid\\C_UploadDokumen::index')
 3 SYSTEMPATH\Router\RouteCollection.php(799): CodeIgniter\Router\RouteCollection::{closure:C:\Users\ASUS\Downloads\Projectmagang_dr\Projectmagang_dr\app\Config\Routes.php:153}(Object(CodeIgniter\Router\RouteCollection))
 4 APPPATH\Config\Routes.php(153): CodeIgniter\Router\RouteCollection->group('kabid', [...], Object(Closure))
 5 SYSTEMPATH\Router\RouteCollection.php(339): require('C:\\Users\\ASUS\\Downloads\\Projectmagang_dr\\Projectmagang_dr\\app\\Config\\Routes.php')
 6 SYSTEMPATH\CodeIgniter.php(841): CodeIgniter\Router\RouteCollection->loadRoutes()
 7 SYSTEMPATH\CodeIgniter.php(464): CodeIgniter\CodeIgniter->tryToRouteIt(null)
 8 SYSTEMPATH\CodeIgniter.php(363): CodeIgniter\CodeIgniter->handleRequest(null, Object(Config\Cache), false)
 9 SYSTEMPATH\Boot.php(417): CodeIgniter\CodeIgniter->run()
10 SYSTEMPATH\Boot.php(68): CodeIgniter\Boot::runCodeIgniter(Object(CodeIgniter\CodeIgniter))
11 FCPATH\index.php(59): CodeIgniter\Boot::bootWeb(Object(Config\Paths))
12 SYSTEMPATH\rewrite.php(44): require_once('C:\\Users\\ASUS\\Downloads\\Projectmagang_dr\\Projectmagang_dr\\public\\index.php')
DEBUG - 2026-08-04 15:29:08 --> Session: Class initialized using 'CodeIgniter\Session\Handlers\FileHandler' driver.
WARNING - 2026-08-04 15:29:22 --> [DEPRECATED] Passing lowercase HTTP method "get" is deprecated. Use uppercase HTTP method like "GET". in SYSTEMPATH\Router\RouteCollection.php on line 1026.
 1 SYSTEMPATH\Router\RouteCollection.php(1026): trigger_error('Passing lowercase HTTP method "get" is deprecated. Use uppercase HTTP method like "GET".', 16384)
 2 APPPATH\Config\Routes.php(77): CodeIgniter\Router\RouteCollection->match([...], 'logbook', 'C_Logbook::logbook')
 3 SYSTEMPATH\Router\RouteCollection.php(799): CodeIgniter\Router\RouteCollection::{closure:C:\Users\ASUS\Downloads\Projectmagang_dr\Projectmagang_dr\app\Config\Routes.php:59}(Object(CodeIgniter\Router\RouteCollection))
 4 APPPATH\Config\Routes.php(59): CodeIgniter\Router\RouteCollection->group('mahasiswa', [...], Object(Closure))
 5 SYSTEMPATH\Router\RouteCollection.php(339): require('C:\\Users\\ASUS\\Downloads\\Projectmagang_dr\\Projectmagang_dr\\app\\Config\\Routes.php')
 6 SYSTEMPATH\CodeIgniter.php(841): CodeIgniter\Router\RouteCollection->loadRoutes()
 7 SYSTEMPATH\CodeIgniter.php(464): CodeIgniter\CodeIgniter->tryToRouteIt(null)
 8 SYSTEMPATH\CodeIgniter.php(363): CodeIgniter\CodeIgniter->handleRequest(null, Object(Config\Cache), false)
 9 SYSTEMPATH\Boot.php(417): CodeIgniter\CodeIgniter->run()
10 SYSTEMPATH\Boot.php(68): CodeIgniter\Boot::runCodeIgniter(Object(CodeIgniter\CodeIgniter))
11 FCPATH\index.php(59): CodeIgniter\Boot::bootWeb(Object(Config\Paths))
12 SYSTEMPATH\rewrite.php(44): require_once('C:\\Users\\ASUS\\Downloads\\Projectmagang_dr\\Projectmagang_dr\\public\\index.php')
WARNING - 2026-08-04 15:29:22 --> [DEPRECATED] Passing lowercase HTTP method "post" is deprecated. Use uppercase HTTP method like "POST". in SYSTEMPATH\Router\RouteCollection.php on line 1026.
 1 SYSTEMPATH\Router\RouteCollection.php(1026): trigger_error('Passing lowercase HTTP method "post" is deprecated. Use uppercase HTTP method like "POST".', 16384)
 2 APPPATH\Config\Routes.php(77): CodeIgniter\Router\RouteCollection->match([...], 'logbook', 'C_Logbook::logbook')
 3 SYSTEMPATH\Router\RouteCollection.php(799): CodeIgniter\Router\RouteCollection::{closure:C:\Users\ASUS\Downloads\Projectmagang_dr\Projectmagang_dr\app\Config\Routes.php:59}(Object(CodeIgniter\Router\RouteCollection))
 4 APPPATH\Config\Routes.php(59): CodeIgniter\Router\RouteCollection->group('mahasiswa', [...], Object(Closure))
 5 SYSTEMPATH\Router\RouteCollection.php(339): require('C:\\Users\\ASUS\\Downloads\\Projectmagang_dr\\Projectmagang_dr\\app\\Config\\Routes.php')
 6 SYSTEMPATH\CodeIgniter.php(841): CodeIgniter\Router\RouteCollection->loadRoutes()
 7 SYSTEMPATH\CodeIgniter.php(464): CodeIgniter\CodeIgniter->tryToRouteIt(null)
 8 SYSTEMPATH\CodeIgniter.php(363): CodeIgniter\CodeIgniter->handleRequest(null, Object(Config\Cache), false)
 9 SYSTEMPATH\Boot.php(417): CodeIgniter\CodeIgniter->run()
10 SYSTEMPATH\Boot.php(68): CodeIgniter\Boot::runCodeIgniter(Object(CodeIgniter\CodeIgniter))
11 FCPATH\index.php(59): CodeIgniter\Boot::bootWeb(Object(Config\Paths))
12 SYSTEMPATH\rewrite.php(44): require_once('C:\\Users\\ASUS\\Downloads\\Projectmagang_dr\\Projectmagang_dr\\public\\index.php')
WARNING - 2026-08-04 15:29:22 --> [DEPRECATED] Passing lowercase HTTP method "get" is deprecated. Use uppercase HTTP method like "GET". in SYSTEMPATH\Router\RouteCollection.php on line 1026.
 1 SYSTEMPATH\Router\RouteCollection.php(1026): trigger_error('Passing lowercase HTTP method "get" is deprecated. Use uppercase HTTP method like "GET".', 16384)
 2 APPPATH\Config\Routes.php(95): CodeIgniter\Router\RouteCollection->match([...], 'verifikasi', '\\App\\Controllers\\Sekretariat\\C_Verifikasi::index')
 3 SYSTEMPATH\Router\RouteCollection.php(799): CodeIgniter\Router\RouteCollection::{closure:C:\Users\ASUS\Downloads\Projectmagang_dr\Projectmagang_dr\app\Config\Routes.php:89}(Object(CodeIgniter\Router\RouteCollection))
 4 APPPATH\Config\Routes.php(89): CodeIgniter\Router\RouteCollection->group('sekretariat', [...], Object(Closure))
 5 SYSTEMPATH\Router\RouteCollection.php(339): require('C:\\Users\\ASUS\\Downloads\\Projectmagang_dr\\Projectmagang_dr\\app\\Config\\Routes.php')
 6 SYSTEMPATH\CodeIgniter.php(841): CodeIgniter\Router\RouteCollection->loadRoutes()
 7 SYSTEMPATH\CodeIgniter.php(464): CodeIgniter\CodeIgniter->tryToRouteIt(null)
 8 SYSTEMPATH\CodeIgniter.php(363): CodeIgniter\CodeIgniter->handleRequest(null, Object(Config\Cache), false)
 9 SYSTEMPATH\Boot.php(417): CodeIgniter\CodeIgniter->run()
10 SYSTEMPATH\Boot.php(68): CodeIgniter\Boot::runCodeIgniter(Object(CodeIgniter\CodeIgniter))
11 FCPATH\index.php(59): CodeIgniter\Boot::bootWeb(Object(Config\Paths))
12 SYSTEMPATH\rewrite.php(44): require_once('C:\\Users\\ASUS\\Downloads\\Projectmagang_dr\\Projectmagang_dr\\public\\index.php')
WARNING - 2026-08-04 15:29:22 --> [DEPRECATED] Passing lowercase HTTP method "post" is deprecated. Use uppercase HTTP method like "POST". in SYSTEMPATH\Router\RouteCollection.php on line 1026.
 1 SYSTEMPATH\Router\RouteCollection.php(1026): trigger_error('Passing lowercase HTTP method "post" is deprecated. Use uppercase HTTP method like "POST".', 16384)
 2 APPPATH\Config\Routes.php(95): CodeIgniter\Router\RouteCollection->match([...], 'verifikasi', '\\App\\Controllers\\Sekretariat\\C_Verifikasi::index')
 3 SYSTEMPATH\Router\RouteCollection.php(799): CodeIgniter\Router\RouteCollection::{closure:C:\Users\ASUS\Downloads\Projectmagang_dr\Projectmagang_dr\app\Config\Routes.php:89}(Object(CodeIgniter\Router\RouteCollection))
 4 APPPATH\Config\Routes.php(89): CodeIgniter\Router\RouteCollection->group('sekretariat', [...], Object(Closure))
 5 SYSTEMPATH\Router\RouteCollection.php(339): require('C:\\Users\\ASUS\\Downloads\\Projectmagang_dr\\Projectmagang_dr\\app\\Config\\Routes.php')
 6 SYSTEMPATH\CodeIgniter.php(841): CodeIgniter\Router\RouteCollection->loadRoutes()
 7 SYSTEMPATH\CodeIgniter.php(464): CodeIgniter\CodeIgniter->tryToRouteIt(null)
 8 SYSTEMPATH\CodeIgniter.php(363): CodeIgniter\CodeIgniter->handleRequest(null, Object(Config\Cache), false)
 9 SYSTEMPATH\Boot.php(417): CodeIgniter\CodeIgniter->run()
10 SYSTEMPATH\Boot.php(68): CodeIgniter\Boot::runCodeIgniter(Object(CodeIgniter\CodeIgniter))
11 FCPATH\index.php(59): CodeIgniter\Boot::bootWeb(Object(Config\Paths))
12 SYSTEMPATH\rewrite.php(44): require_once('C:\\Users\\ASUS\\Downloads\\Projectmagang_dr\\Projectmagang_dr\\public\\index.php')
WARNING - 2026-08-04 15:29:22 --> [DEPRECATED] Passing lowercase HTTP method "get" is deprecated. Use uppercase HTTP method like "GET". in SYSTEMPATH\Router\RouteCollection.php on line 1026.
 1 SYSTEMPATH\Router\RouteCollection.php(1026): trigger_error('Passing lowercase HTTP method "get" is deprecated. Use uppercase HTTP method like "GET".', 16384)
 2 APPPATH\Config\Routes.php(144): CodeIgniter\Router\RouteCollection->match([...], 'upload-surat-penerimaan', '\\App\\Controllers\\Sekretariat\\C_UploadSuratPenerimaan::index')
 3 SYSTEMPATH\Router\RouteCollection.php(799): CodeIgniter\Router\RouteCollection::{closure:C:\Users\ASUS\Downloads\Projectmagang_dr\Projectmagang_dr\app\Config\Routes.php:89}(Object(CodeIgniter\Router\RouteCollection))
 4 APPPATH\Config\Routes.php(89): CodeIgniter\Router\RouteCollection->group('sekretariat', [...], Object(Closure))
 5 SYSTEMPATH\Router\RouteCollection.php(339): require('C:\\Users\\ASUS\\Downloads\\Projectmagang_dr\\Projectmagang_dr\\app\\Config\\Routes.php')
 6 SYSTEMPATH\CodeIgniter.php(841): CodeIgniter\Router\RouteCollection->loadRoutes()
 7 SYSTEMPATH\CodeIgniter.php(464): CodeIgniter\CodeIgniter->tryToRouteIt(null)
 8 SYSTEMPATH\CodeIgniter.php(363): CodeIgniter\CodeIgniter->handleRequest(null, Object(Config\Cache), false)
 9 SYSTEMPATH\Boot.php(417): CodeIgniter\CodeIgniter->run()
10 SYSTEMPATH\Boot.php(68): CodeIgniter\Boot::runCodeIgniter(Object(CodeIgniter\CodeIgniter))
11 FCPATH\index.php(59): CodeIgniter\Boot::bootWeb(Object(Config\Paths))
12 SYSTEMPATH\rewrite.php(44): require_once('C:\\Users\\ASUS\\Downloads\\Projectmagang_dr\\Projectmagang_dr\\public\\index.php')
WARNING - 2026-08-04 15:29:22 --> [DEPRECATED] Passing lowercase HTTP method "post" is deprecated. Use uppercase HTTP method like "POST". in SYSTEMPATH\Router\RouteCollection.php on line 1026.
 1 SYSTEMPATH\Router\RouteCollection.php(1026): trigger_error('Passing lowercase HTTP method "post" is deprecated. Use uppercase HTTP method like "POST".', 16384)
 2 APPPATH\Config\Routes.php(144): CodeIgniter\Router\RouteCollection->match([...], 'upload-surat-penerimaan', '\\App\\Controllers\\Sekretariat\\C_UploadSuratPenerimaan::index')
 3 SYSTEMPATH\Router\RouteCollection.php(799): CodeIgniter\Router\RouteCollection::{closure:C:\Users\ASUS\Downloads\Projectmagang_dr\Projectmagang_dr\app\Config\Routes.php:89}(Object(CodeIgniter\Router\RouteCollection))
 4 APPPATH\Config\Routes.php(89): CodeIgniter\Router\RouteCollection->group('sekretariat', [...], Object(Closure))
 5 SYSTEMPATH\Router\RouteCollection.php(339): require('C:\\Users\\ASUS\\Downloads\\Projectmagang_dr\\Projectmagang_dr\\app\\Config\\Routes.php')
 6 SYSTEMPATH\CodeIgniter.php(841): CodeIgniter\Router\RouteCollection->loadRoutes()
 7 SYSTEMPATH\CodeIgniter.php(464): CodeIgniter\CodeIgniter->tryToRouteIt(null)
 8 SYSTEMPATH\CodeIgniter.php(363): CodeIgniter\CodeIgniter->handleRequest(null, Object(Config\Cache), false)
 9 SYSTEMPATH\Boot.php(417): CodeIgniter\CodeIgniter->run()
10 SYSTEMPATH\Boot.php(68): CodeIgniter\Boot::runCodeIgniter(Object(CodeIgniter\CodeIgniter))
11 FCPATH\index.php(59): CodeIgniter\Boot::bootWeb(Object(Config\Paths))
12 SYSTEMPATH\rewrite.php(44): require_once('C:\\Users\\ASUS\\Downloads\\Projectmagang_dr\\Projectmagang_dr\\public\\index.php')
WARNING - 2026-08-04 15:29:22 --> [DEPRECATED] Passing lowercase HTTP method "get" is deprecated. Use uppercase HTTP method like "GET". in SYSTEMPATH\Router\RouteCollection.php on line 1026.
 1 SYSTEMPATH\Router\RouteCollection.php(1026): trigger_error('Passing lowercase HTTP method "get" is deprecated. Use uppercase HTTP method like "GET".', 16384)
 2 APPPATH\Config\Routes.php(165): CodeIgniter\Router\RouteCollection->match([...], 'logbook', '\\App\\Controllers\\Kabid\\C_LogbookKabid::index')
 3 SYSTEMPATH\Router\RouteCollection.php(799): CodeIgniter\Router\RouteCollection::{closure:C:\Users\ASUS\Downloads\Projectmagang_dr\Projectmagang_dr\app\Config\Routes.php:153}(Object(CodeIgniter\Router\RouteCollection))
 4 APPPATH\Config\Routes.php(153): CodeIgniter\Router\RouteCollection->group('kabid', [...], Object(Closure))
 5 SYSTEMPATH\Router\RouteCollection.php(339): require('C:\\Users\\ASUS\\Downloads\\Projectmagang_dr\\Projectmagang_dr\\app\\Config\\Routes.php')
 6 SYSTEMPATH\CodeIgniter.php(841): CodeIgniter\Router\RouteCollection->loadRoutes()
 7 SYSTEMPATH\CodeIgniter.php(464): CodeIgniter\CodeIgniter->tryToRouteIt(null)
 8 SYSTEMPATH\CodeIgniter.php(363): CodeIgniter\CodeIgniter->handleRequest(null, Object(Config\Cache), false)
 9 SYSTEMPATH\Boot.php(417): CodeIgniter\CodeIgniter->run()
10 SYSTEMPATH\Boot.php(68): CodeIgniter\Boot::runCodeIgniter(Object(CodeIgniter\CodeIgniter))
11 FCPATH\index.php(59): CodeIgniter\Boot::bootWeb(Object(Config\Paths))
12 SYSTEMPATH\rewrite.php(44): require_once('C:\\Users\\ASUS\\Downloads\\Projectmagang_dr\\Projectmagang_dr\\public\\index.php')
WARNING - 2026-08-04 15:29:22 --> [DEPRECATED] Passing lowercase HTTP method "post" is deprecated. Use uppercase HTTP method like "POST". in SYSTEMPATH\Router\RouteCollection.php on line 1026.
 1 SYSTEMPATH\Router\RouteCollection.php(1026): trigger_error('Passing lowercase HTTP method "post" is deprecated. Use uppercase HTTP method like "POST".', 16384)
 2 APPPATH\Config\Routes.php(165): CodeIgniter\Router\RouteCollection->match([...], 'logbook', '\\App\\Controllers\\Kabid\\C_LogbookKabid::index')
 3 SYSTEMPATH\Router\RouteCollection.php(799): CodeIgniter\Router\RouteCollection::{closure:C:\Users\ASUS\Downloads\Projectmagang_dr\Projectmagang_dr\app\Config\Routes.php:153}(Object(CodeIgniter\Router\RouteCollection))
 4 APPPATH\Config\Routes.php(153): CodeIgniter\Router\RouteCollection->group('kabid', [...], Object(Closure))
 5 SYSTEMPATH\Router\RouteCollection.php(339): require('C:\\Users\\ASUS\\Downloads\\Projectmagang_dr\\Projectmagang_dr\\app\\Config\\Routes.php')
 6 SYSTEMPATH\CodeIgniter.php(841): CodeIgniter\Router\RouteCollection->loadRoutes()
 7 SYSTEMPATH\CodeIgniter.php(464): CodeIgniter\CodeIgniter->tryToRouteIt(null)
 8 SYSTEMPATH\CodeIgniter.php(363): CodeIgniter\CodeIgniter->handleRequest(null, Object(Config\Cache), false)
 9 SYSTEMPATH\Boot.php(417): CodeIgniter\CodeIgniter->run()
10 SYSTEMPATH\Boot.php(68): CodeIgniter\Boot::runCodeIgniter(Object(CodeIgniter\CodeIgniter))
11 FCPATH\index.php(59): CodeIgniter\Boot::bootWeb(Object(Config\Paths))
12 SYSTEMPATH\rewrite.php(44): require_once('C:\\Users\\ASUS\\Downloads\\Projectmagang_dr\\Projectmagang_dr\\public\\index.php')
WARNING - 2026-08-04 15:29:22 --> [DEPRECATED] Passing lowercase HTTP method "get" is deprecated. Use uppercase HTTP method like "GET". in SYSTEMPATH\Router\RouteCollection.php on line 1026.
 1 SYSTEMPATH\Router\RouteCollection.php(1026): trigger_error('Passing lowercase HTTP method "get" is deprecated. Use uppercase HTTP method like "GET".', 16384)
 2 APPPATH\Config\Routes.php(177): CodeIgniter\Router\RouteCollection->match([...], 'upload-dokumen', '\\App\\Controllers\\Kabid\\C_UploadDokumen::index')
 3 SYSTEMPATH\Router\RouteCollection.php(799): CodeIgniter\Router\RouteCollection::{closure:C:\Users\ASUS\Downloads\Projectmagang_dr\Projectmagang_dr\app\Config\Routes.php:153}(Object(CodeIgniter\Router\RouteCollection))
 4 APPPATH\Config\Routes.php(153): CodeIgniter\Router\RouteCollection->group('kabid', [...], Object(Closure))
 5 SYSTEMPATH\Router\RouteCollection.php(339): require('C:\\Users\\ASUS\\Downloads\\Projectmagang_dr\\Projectmagang_dr\\app\\Config\\Routes.php')
 6 SYSTEMPATH\CodeIgniter.php(841): CodeIgniter\Router\RouteCollection->loadRoutes()
 7 SYSTEMPATH\CodeIgniter.php(464): CodeIgniter\CodeIgniter->tryToRouteIt(null)
 8 SYSTEMPATH\CodeIgniter.php(363): CodeIgniter\CodeIgniter->handleRequest(null, Object(Config\Cache), false)
 9 SYSTEMPATH\Boot.php(417): CodeIgniter\CodeIgniter->run()
10 SYSTEMPATH\Boot.php(68): CodeIgniter\Boot::runCodeIgniter(Object(CodeIgniter\CodeIgniter))
11 FCPATH\index.php(59): CodeIgniter\Boot::bootWeb(Object(Config\Paths))
12 SYSTEMPATH\rewrite.php(44): require_once('C:\\Users\\ASUS\\Downloads\\Projectmagang_dr\\Projectmagang_dr\\public\\index.php')
WARNING - 2026-08-04 15:29:22 --> [DEPRECATED] Passing lowercase HTTP method "post" is deprecated. Use uppercase HTTP method like "POST". in SYSTEMPATH\Router\RouteCollection.php on line 1026.
 1 SYSTEMPATH\Router\RouteCollection.php(1026): trigger_error('Passing lowercase HTTP method "post" is deprecated. Use uppercase HTTP method like "POST".', 16384)
 2 APPPATH\Config\Routes.php(177): CodeIgniter\Router\RouteCollection->match([...], 'upload-dokumen', '\\App\\Controllers\\Kabid\\C_UploadDokumen::index')
 3 SYSTEMPATH\Router\RouteCollection.php(799): CodeIgniter\Router\RouteCollection::{closure:C:\Users\ASUS\Downloads\Projectmagang_dr\Projectmagang_dr\app\Config\Routes.php:153}(Object(CodeIgniter\Router\RouteCollection))
 4 APPPATH\Config\Routes.php(153): CodeIgniter\Router\RouteCollection->group('kabid', [...], Object(Closure))
 5 SYSTEMPATH\Router\RouteCollection.php(339): require('C:\\Users\\ASUS\\Downloads\\Projectmagang_dr\\Projectmagang_dr\\app\\Config\\Routes.php')
 6 SYSTEMPATH\CodeIgniter.php(841): CodeIgniter\Router\RouteCollection->loadRoutes()
 7 SYSTEMPATH\CodeIgniter.php(464): CodeIgniter\CodeIgniter->tryToRouteIt(null)
 8 SYSTEMPATH\CodeIgniter.php(363): CodeIgniter\CodeIgniter->handleRequest(null, Object(Config\Cache), false)
 9 SYSTEMPATH\Boot.php(417): CodeIgniter\CodeIgniter->run()
10 SYSTEMPATH\Boot.php(68): CodeIgniter\Boot::runCodeIgniter(Object(CodeIgniter\CodeIgniter))
11 FCPATH\index.php(59): CodeIgniter\Boot::bootWeb(Object(Config\Paths))
12 SYSTEMPATH\rewrite.php(44): require_once('C:\\Users\\ASUS\\Downloads\\Projectmagang_dr\\Projectmagang_dr\\public\\index.php')
DEBUG - 2026-08-04 15:29:23 --> Session: Class initialized using 'CodeIgniter\Session\Handlers\FileHandler' driver.
WARNING - 2026-08-04 15:29:23 --> [DEPRECATED] Passing lowercase HTTP method "get" is deprecated. Use uppercase HTTP method like "GET". in SYSTEMPATH\Router\RouteCollection.php on line 1026.
 1 SYSTEMPATH\Router\RouteCollection.php(1026): trigger_error('Passing lowercase HTTP method "get" is deprecated. Use uppercase HTTP method like "GET".', 16384)
 2 APPPATH\Config\Routes.php(77): CodeIgniter\Router\RouteCollection->match([...], 'logbook', 'C_Logbook::logbook')
 3 SYSTEMPATH\Router\RouteCollection.php(799): CodeIgniter\Router\RouteCollection::{closure:C:\Users\ASUS\Downloads\Projectmagang_dr\Projectmagang_dr\app\Config\Routes.php:59}(Object(CodeIgniter\Router\RouteCollection))
 4 APPPATH\Config\Routes.php(59): CodeIgniter\Router\RouteCollection->group('mahasiswa', [...], Object(Closure))
 5 SYSTEMPATH\Router\RouteCollection.php(339): require('C:\\Users\\ASUS\\Downloads\\Projectmagang_dr\\Projectmagang_dr\\app\\Config\\Routes.php')
 6 SYSTEMPATH\CodeIgniter.php(841): CodeIgniter\Router\RouteCollection->loadRoutes()
 7 SYSTEMPATH\CodeIgniter.php(464): CodeIgniter\CodeIgniter->tryToRouteIt(null)
 8 SYSTEMPATH\CodeIgniter.php(363): CodeIgniter\CodeIgniter->handleRequest(null, Object(Config\Cache), false)
 9 SYSTEMPATH\Boot.php(417): CodeIgniter\CodeIgniter->run()
10 SYSTEMPATH\Boot.php(68): CodeIgniter\Boot::runCodeIgniter(Object(CodeIgniter\CodeIgniter))
11 FCPATH\index.php(59): CodeIgniter\Boot::bootWeb(Object(Config\Paths))
12 SYSTEMPATH\rewrite.php(44): require_once('C:\\Users\\ASUS\\Downloads\\Projectmagang_dr\\Projectmagang_dr\\public\\index.php')
WARNING - 2026-08-04 15:29:23 --> [DEPRECATED] Passing lowercase HTTP method "post" is deprecated. Use uppercase HTTP method like "POST". in SYSTEMPATH\Router\RouteCollection.php on line 1026.
 1 SYSTEMPATH\Router\RouteCollection.php(1026): trigger_error('Passing lowercase HTTP method "post" is deprecated. Use uppercase HTTP method like "POST".', 16384)
 2 APPPATH\Config\Routes.php(77): CodeIgniter\Router\RouteCollection->match([...], 'logbook', 'C_Logbook::logbook')
 3 SYSTEMPATH\Router\RouteCollection.php(799): CodeIgniter\Router\RouteCollection::{closure:C:\Users\ASUS\Downloads\Projectmagang_dr\Projectmagang_dr\app\Config\Routes.php:59}(Object(CodeIgniter\Router\RouteCollection))
 4 APPPATH\Config\Routes.php(59): CodeIgniter\Router\RouteCollection->group('mahasiswa', [...], Object(Closure))
 5 SYSTEMPATH\Router\RouteCollection.php(339): require('C:\\Users\\ASUS\\Downloads\\Projectmagang_dr\\Projectmagang_dr\\app\\Config\\Routes.php')
 6 SYSTEMPATH\CodeIgniter.php(841): CodeIgniter\Router\RouteCollection->loadRoutes()
 7 SYSTEMPATH\CodeIgniter.php(464): CodeIgniter\CodeIgniter->tryToRouteIt(null)
 8 SYSTEMPATH\CodeIgniter.php(363): CodeIgniter\CodeIgniter->handleRequest(null, Object(Config\Cache), false)
 9 SYSTEMPATH\Boot.php(417): CodeIgniter\CodeIgniter->run()
10 SYSTEMPATH\Boot.php(68): CodeIgniter\Boot::runCodeIgniter(Object(CodeIgniter\CodeIgniter))
11 FCPATH\index.php(59): CodeIgniter\Boot::bootWeb(Object(Config\Paths))
12 SYSTEMPATH\rewrite.php(44): require_once('C:\\Users\\ASUS\\Downloads\\Projectmagang_dr\\Projectmagang_dr\\public\\index.php')
WARNING - 2026-08-04 15:29:23 --> [DEPRECATED] Passing lowercase HTTP method "get" is deprecated. Use uppercase HTTP method like "GET". in SYSTEMPATH\Router\RouteCollection.php on line 1026.
 1 SYSTEMPATH\Router\RouteCollection.php(1026): trigger_error('Passing lowercase HTTP method "get" is deprecated. Use uppercase HTTP method like "GET".', 16384)
 2 APPPATH\Config\Routes.php(95): CodeIgniter\Router\RouteCollection->match([...], 'verifikasi', '\\App\\Controllers\\Sekretariat\\C_Verifikasi::index')
 3 SYSTEMPATH\Router\RouteCollection.php(799): CodeIgniter\Router\RouteCollection::{closure:C:\Users\ASUS\Downloads\Projectmagang_dr\Projectmagang_dr\app\Config\Routes.php:89}(Object(CodeIgniter\Router\RouteCollection))
 4 APPPATH\Config\Routes.php(89): CodeIgniter\Router\RouteCollection->group('sekretariat', [...], Object(Closure))
 5 SYSTEMPATH\Router\RouteCollection.php(339): require('C:\\Users\\ASUS\\Downloads\\Projectmagang_dr\\Projectmagang_dr\\app\\Config\\Routes.php')
 6 SYSTEMPATH\CodeIgniter.php(841): CodeIgniter\Router\RouteCollection->loadRoutes()
 7 SYSTEMPATH\CodeIgniter.php(464): CodeIgniter\CodeIgniter->tryToRouteIt(null)
 8 SYSTEMPATH\CodeIgniter.php(363): CodeIgniter\CodeIgniter->handleRequest(null, Object(Config\Cache), false)
 9 SYSTEMPATH\Boot.php(417): CodeIgniter\CodeIgniter->run()
10 SYSTEMPATH\Boot.php(68): CodeIgniter\Boot::runCodeIgniter(Object(CodeIgniter\CodeIgniter))
11 FCPATH\index.php(59): CodeIgniter\Boot::bootWeb(Object(Config\Paths))
12 SYSTEMPATH\rewrite.php(44): require_once('C:\\Users\\ASUS\\Downloads\\Projectmagang_dr\\Projectmagang_dr\\public\\index.php')
WARNING - 2026-08-04 15:29:23 --> [DEPRECATED] Passing lowercase HTTP method "post" is deprecated. Use uppercase HTTP method like "POST". in SYSTEMPATH\Router\RouteCollection.php on line 1026.
 1 SYSTEMPATH\Router\RouteCollection.php(1026): trigger_error('Passing lowercase HTTP method "post" is deprecated. Use uppercase HTTP method like "POST".', 16384)
 2 APPPATH\Config\Routes.php(95): CodeIgniter\Router\RouteCollection->match([...], 'verifikasi', '\\App\\Controllers\\Sekretariat\\C_Verifikasi::index')
 3 SYSTEMPATH\Router\RouteCollection.php(799): CodeIgniter\Router\RouteCollection::{closure:C:\Users\ASUS\Downloads\Projectmagang_dr\Projectmagang_dr\app\Config\Routes.php:89}(Object(CodeIgniter\Router\RouteCollection))
 4 APPPATH\Config\Routes.php(89): CodeIgniter\Router\RouteCollection->group('sekretariat', [...], Object(Closure))
 5 SYSTEMPATH\Router\RouteCollection.php(339): require('C:\\Users\\ASUS\\Downloads\\Projectmagang_dr\\Projectmagang_dr\\app\\Config\\Routes.php')
 6 SYSTEMPATH\CodeIgniter.php(841): CodeIgniter\Router\RouteCollection->loadRoutes()
 7 SYSTEMPATH\CodeIgniter.php(464): CodeIgniter\CodeIgniter->tryToRouteIt(null)
 8 SYSTEMPATH\CodeIgniter.php(363): CodeIgniter\CodeIgniter->handleRequest(null, Object(Config\Cache), false)
 9 SYSTEMPATH\Boot.php(417): CodeIgniter\CodeIgniter->run()
10 SYSTEMPATH\Boot.php(68): CodeIgniter\Boot::runCodeIgniter(Object(CodeIgniter\CodeIgniter))
11 FCPATH\index.php(59): CodeIgniter\Boot::bootWeb(Object(Config\Paths))
12 SYSTEMPATH\rewrite.php(44): require_once('C:\\Users\\ASUS\\Downloads\\Projectmagang_dr\\Projectmagang_dr\\public\\index.php')
WARNING - 2026-08-04 15:29:23 --> [DEPRECATED] Passing lowercase HTTP method "get" is deprecated. Use uppercase HTTP method like "GET". in SYSTEMPATH\Router\RouteCollection.php on line 1026.
 1 SYSTEMPATH\Router\RouteCollection.php(1026): trigger_error('Passing lowercase HTTP method "get" is deprecated. Use uppercase HTTP method like "GET".', 16384)
 2 APPPATH\Config\Routes.php(144): CodeIgniter\Router\RouteCollection->match([...], 'upload-surat-penerimaan', '\\App\\Controllers\\Sekretariat\\C_UploadSuratPenerimaan::index')
 3 SYSTEMPATH\Router\RouteCollection.php(799): CodeIgniter\Router\RouteCollection::{closure:C:\Users\ASUS\Downloads\Projectmagang_dr\Projectmagang_dr\app\Config\Routes.php:89}(Object(CodeIgniter\Router\RouteCollection))
 4 APPPATH\Config\Routes.php(89): CodeIgniter\Router\RouteCollection->group('sekretariat', [...], Object(Closure))
 5 SYSTEMPATH\Router\RouteCollection.php(339): require('C:\\Users\\ASUS\\Downloads\\Projectmagang_dr\\Projectmagang_dr\\app\\Config\\Routes.php')
 6 SYSTEMPATH\CodeIgniter.php(841): CodeIgniter\Router\RouteCollection->loadRoutes()
 7 SYSTEMPATH\CodeIgniter.php(464): CodeIgniter\CodeIgniter->tryToRouteIt(null)
 8 SYSTEMPATH\CodeIgniter.php(363): CodeIgniter\CodeIgniter->handleRequest(null, Object(Config\Cache), false)
 9 SYSTEMPATH\Boot.php(417): CodeIgniter\CodeIgniter->run()
10 SYSTEMPATH\Boot.php(68): CodeIgniter\Boot::runCodeIgniter(Object(CodeIgniter\CodeIgniter))
11 FCPATH\index.php(59): CodeIgniter\Boot::bootWeb(Object(Config\Paths))
12 SYSTEMPATH\rewrite.php(44): require_once('C:\\Users\\ASUS\\Downloads\\Projectmagang_dr\\Projectmagang_dr\\public\\index.php')
WARNING - 2026-08-04 15:29:23 --> [DEPRECATED] Passing lowercase HTTP method "post" is deprecated. Use uppercase HTTP method like "POST". in SYSTEMPATH\Router\RouteCollection.php on line 1026.
 1 SYSTEMPATH\Router\RouteCollection.php(1026): trigger_error('Passing lowercase HTTP method "post" is deprecated. Use uppercase HTTP method like "POST".', 16384)
 2 APPPATH\Config\Routes.php(144): CodeIgniter\Router\RouteCollection->match([...], 'upload-surat-penerimaan', '\\App\\Controllers\\Sekretariat\\C_UploadSuratPenerimaan::index')
 3 SYSTEMPATH\Router\RouteCollection.php(799): CodeIgniter\Router\RouteCollection::{closure:C:\Users\ASUS\Downloads\Projectmagang_dr\Projectmagang_dr\app\Config\Routes.php:89}(Object(CodeIgniter\Router\RouteCollection))
 4 APPPATH\Config\Routes.php(89): CodeIgniter\Router\RouteCollection->group('sekretariat', [...], Object(Closure))
 5 SYSTEMPATH\Router\RouteCollection.php(339): require('C:\\Users\\ASUS\\Downloads\\Projectmagang_dr\\Projectmagang_dr\\app\\Config\\Routes.php')
 6 SYSTEMPATH\CodeIgniter.php(841): CodeIgniter\Router\RouteCollection->loadRoutes()
 7 SYSTEMPATH\CodeIgniter.php(464): CodeIgniter\CodeIgniter->tryToRouteIt(null)
 8 SYSTEMPATH\CodeIgniter.php(363): CodeIgniter\CodeIgniter->handleRequest(null, Object(Config\Cache), false)
 9 SYSTEMPATH\Boot.php(417): CodeIgniter\CodeIgniter->run()
10 SYSTEMPATH\Boot.php(68): CodeIgniter\Boot::runCodeIgniter(Object(CodeIgniter\CodeIgniter))
11 FCPATH\index.php(59): CodeIgniter\Boot::bootWeb(Object(Config\Paths))
12 SYSTEMPATH\rewrite.php(44): require_once('C:\\Users\\ASUS\\Downloads\\Projectmagang_dr\\Projectmagang_dr\\public\\index.php')
WARNING - 2026-08-04 15:29:23 --> [DEPRECATED] Passing lowercase HTTP method "get" is deprecated. Use uppercase HTTP method like "GET". in SYSTEMPATH\Router\RouteCollection.php on line 1026.
 1 SYSTEMPATH\Router\RouteCollection.php(1026): trigger_error('Passing lowercase HTTP method "get" is deprecated. Use uppercase HTTP method like "GET".', 16384)
 2 APPPATH\Config\Routes.php(165): CodeIgniter\Router\RouteCollection->match([...], 'logbook', '\\App\\Controllers\\Kabid\\C_LogbookKabid::index')
 3 SYSTEMPATH\Router\RouteCollection.php(799): CodeIgniter\Router\RouteCollection::{closure:C:\Users\ASUS\Downloads\Projectmagang_dr\Projectmagang_dr\app\Config\Routes.php:153}(Object(CodeIgniter\Router\RouteCollection))
 4 APPPATH\Config\Routes.php(153): CodeIgniter\Router\RouteCollection->group('kabid', [...], Object(Closure))
 5 SYSTEMPATH\Router\RouteCollection.php(339): require('C:\\Users\\ASUS\\Downloads\\Projectmagang_dr\\Projectmagang_dr\\app\\Config\\Routes.php')
 6 SYSTEMPATH\CodeIgniter.php(841): CodeIgniter\Router\RouteCollection->loadRoutes()
 7 SYSTEMPATH\CodeIgniter.php(464): CodeIgniter\CodeIgniter->tryToRouteIt(null)
 8 SYSTEMPATH\CodeIgniter.php(363): CodeIgniter\CodeIgniter->handleRequest(null, Object(Config\Cache), false)
 9 SYSTEMPATH\Boot.php(417): CodeIgniter\CodeIgniter->run()
10 SYSTEMPATH\Boot.php(68): CodeIgniter\Boot::runCodeIgniter(Object(CodeIgniter\CodeIgniter))
11 FCPATH\index.php(59): CodeIgniter\Boot::bootWeb(Object(Config\Paths))
12 SYSTEMPATH\rewrite.php(44): require_once('C:\\Users\\ASUS\\Downloads\\Projectmagang_dr\\Projectmagang_dr\\public\\index.php')
WARNING - 2026-08-04 15:29:23 --> [DEPRECATED] Passing lowercase HTTP method "post" is deprecated. Use uppercase HTTP method like "POST". in SYSTEMPATH\Router\RouteCollection.php on line 1026.
 1 SYSTEMPATH\Router\RouteCollection.php(1026): trigger_error('Passing lowercase HTTP method "post" is deprecated. Use uppercase HTTP method like "POST".', 16384)
 2 APPPATH\Config\Routes.php(165): CodeIgniter\Router\RouteCollection->match([...], 'logbook', '\\App\\Controllers\\Kabid\\C_LogbookKabid::index')
 3 SYSTEMPATH\Router\RouteCollection.php(799): CodeIgniter\Router\RouteCollection::{closure:C:\Users\ASUS\Downloads\Projectmagang_dr\Projectmagang_dr\app\Config\Routes.php:153}(Object(CodeIgniter\Router\RouteCollection))
 4 APPPATH\Config\Routes.php(153): CodeIgniter\Router\RouteCollection->group('kabid', [...], Object(Closure))
 5 SYSTEMPATH\Router\RouteCollection.php(339): require('C:\\Users\\ASUS\\Downloads\\Projectmagang_dr\\Projectmagang_dr\\app\\Config\\Routes.php')
 6 SYSTEMPATH\CodeIgniter.php(841): CodeIgniter\Router\RouteCollection->loadRoutes()
 7 SYSTEMPATH\CodeIgniter.php(464): CodeIgniter\CodeIgniter->tryToRouteIt(null)
 8 SYSTEMPATH\CodeIgniter.php(363): CodeIgniter\CodeIgniter->handleRequest(null, Object(Config\Cache), false)
 9 SYSTEMPATH\Boot.php(417): CodeIgniter\CodeIgniter->run()
10 SYSTEMPATH\Boot.php(68): CodeIgniter\Boot::runCodeIgniter(Object(CodeIgniter\CodeIgniter))
11 FCPATH\index.php(59): CodeIgniter\Boot::bootWeb(Object(Config\Paths))
12 SYSTEMPATH\rewrite.php(44): require_once('C:\\Users\\ASUS\\Downloads\\Projectmagang_dr\\Projectmagang_dr\\public\\index.php')
WARNING - 2026-08-04 15:29:23 --> [DEPRECATED] Passing lowercase HTTP method "get" is deprecated. Use uppercase HTTP method like "GET". in SYSTEMPATH\Router\RouteCollection.php on line 1026.
 1 SYSTEMPATH\Router\RouteCollection.php(1026): trigger_error('Passing lowercase HTTP method "get" is deprecated. Use uppercase HTTP method like "GET".', 16384)
 2 APPPATH\Config\Routes.php(177): CodeIgniter\Router\RouteCollection->match([...], 'upload-dokumen', '\\App\\Controllers\\Kabid\\C_UploadDokumen::index')
 3 SYSTEMPATH\Router\RouteCollection.php(799): CodeIgniter\Router\RouteCollection::{closure:C:\Users\ASUS\Downloads\Projectmagang_dr\Projectmagang_dr\app\Config\Routes.php:153}(Object(CodeIgniter\Router\RouteCollection))
 4 APPPATH\Config\Routes.php(153): CodeIgniter\Router\RouteCollection->group('kabid', [...], Object(Closure))
 5 SYSTEMPATH\Router\RouteCollection.php(339): require('C:\\Users\\ASUS\\Downloads\\Projectmagang_dr\\Projectmagang_dr\\app\\Config\\Routes.php')
 6 SYSTEMPATH\CodeIgniter.php(841): CodeIgniter\Router\RouteCollection->loadRoutes()
 7 SYSTEMPATH\CodeIgniter.php(464): CodeIgniter\CodeIgniter->tryToRouteIt(null)
 8 SYSTEMPATH\CodeIgniter.php(363): CodeIgniter\CodeIgniter->handleRequest(null, Object(Config\Cache), false)
 9 SYSTEMPATH\Boot.php(417): CodeIgniter\CodeIgniter->run()
10 SYSTEMPATH\Boot.php(68): CodeIgniter\Boot::runCodeIgniter(Object(CodeIgniter\CodeIgniter))
11 FCPATH\index.php(59): CodeIgniter\Boot::bootWeb(Object(Config\Paths))
12 SYSTEMPATH\rewrite.php(44): require_once('C:\\Users\\ASUS\\Downloads\\Projectmagang_dr\\Projectmagang_dr\\public\\index.php')
WARNING - 2026-08-04 15:29:23 --> [DEPRECATED] Passing lowercase HTTP method "post" is deprecated. Use uppercase HTTP method like "POST". in SYSTEMPATH\Router\RouteCollection.php on line 1026.
 1 SYSTEMPATH\Router\RouteCollection.php(1026): trigger_error('Passing lowercase HTTP method "post" is deprecated. Use uppercase HTTP method like "POST".', 16384)
 2 APPPATH\Config\Routes.php(177): CodeIgniter\Router\RouteCollection->match([...], 'upload-dokumen', '\\App\\Controllers\\Kabid\\C_UploadDokumen::index')
 3 SYSTEMPATH\Router\RouteCollection.php(799): CodeIgniter\Router\RouteCollection::{closure:C:\Users\ASUS\Downloads\Projectmagang_dr\Projectmagang_dr\app\Config\Routes.php:153}(Object(CodeIgniter\Router\RouteCollection))
 4 APPPATH\Config\Routes.php(153): CodeIgniter\Router\RouteCollection->group('kabid', [...], Object(Closure))
 5 SYSTEMPATH\Router\RouteCollection.php(339): require('C:\\Users\\ASUS\\Downloads\\Projectmagang_dr\\Projectmagang_dr\\app\\Config\\Routes.php')
 6 SYSTEMPATH\CodeIgniter.php(841): CodeIgniter\Router\RouteCollection->loadRoutes()
 7 SYSTEMPATH\CodeIgniter.php(464): CodeIgniter\CodeIgniter->tryToRouteIt(null)
 8 SYSTEMPATH\CodeIgniter.php(363): CodeIgniter\CodeIgniter->handleRequest(null, Object(Config\Cache), false)
 9 SYSTEMPATH\Boot.php(417): CodeIgniter\CodeIgniter->run()
10 SYSTEMPATH\Boot.php(68): CodeIgniter\Boot::runCodeIgniter(Object(CodeIgniter\CodeIgniter))
11 FCPATH\index.php(59): CodeIgniter\Boot::bootWeb(Object(Config\Paths))
12 SYSTEMPATH\rewrite.php(44): require_once('C:\\Users\\ASUS\\Downloads\\Projectmagang_dr\\Projectmagang_dr\\public\\index.php')
DEBUG - 2026-08-04 15:29:23 --> Session: Class initialized using 'CodeIgniter\Session\Handlers\FileHandler' driver.
WARNING - 2026-08-04 15:30:06 --> [DEPRECATED] Passing lowercase HTTP method "get" is deprecated. Use uppercase HTTP method like "GET". in SYSTEMPATH\Router\RouteCollection.php on line 1026.
 1 SYSTEMPATH\Router\RouteCollection.php(1026): trigger_error('Passing lowercase HTTP method "get" is deprecated. Use uppercase HTTP method like "GET".', 16384)
 2 APPPATH\Config\Routes.php(77): CodeIgniter\Router\RouteCollection->match([...], 'logbook', 'C_Logbook::logbook')
 3 SYSTEMPATH\Router\RouteCollection.php(799): CodeIgniter\Router\RouteCollection::{closure:C:\Users\ASUS\Downloads\Projectmagang_dr\Projectmagang_dr\app\Config\Routes.php:59}(Object(CodeIgniter\Router\RouteCollection))
 4 APPPATH\Config\Routes.php(59): CodeIgniter\Router\RouteCollection->group('mahasiswa', [...], Object(Closure))
 5 SYSTEMPATH\Router\RouteCollection.php(339): require('C:\\Users\\ASUS\\Downloads\\Projectmagang_dr\\Projectmagang_dr\\app\\Config\\Routes.php')
 6 SYSTEMPATH\CodeIgniter.php(841): CodeIgniter\Router\RouteCollection->loadRoutes()
 7 SYSTEMPATH\CodeIgniter.php(464): CodeIgniter\CodeIgniter->tryToRouteIt(null)
 8 SYSTEMPATH\CodeIgniter.php(363): CodeIgniter\CodeIgniter->handleRequest(null, Object(Config\Cache), false)
 9 SYSTEMPATH\Boot.php(417): CodeIgniter\CodeIgniter->run()
10 SYSTEMPATH\Boot.php(68): CodeIgniter\Boot::runCodeIgniter(Object(CodeIgniter\CodeIgniter))
11 FCPATH\index.php(59): CodeIgniter\Boot::bootWeb(Object(Config\Paths))
12 SYSTEMPATH\rewrite.php(44): require_once('C:\\Users\\ASUS\\Downloads\\Projectmagang_dr\\Projectmagang_dr\\public\\index.php')
WARNING - 2026-08-04 15:30:06 --> [DEPRECATED] Passing lowercase HTTP method "post" is deprecated. Use uppercase HTTP method like "POST". in SYSTEMPATH\Router\RouteCollection.php on line 1026.
 1 SYSTEMPATH\Router\RouteCollection.php(1026): trigger_error('Passing lowercase HTTP method "post" is deprecated. Use uppercase HTTP method like "POST".', 16384)
 2 APPPATH\Config\Routes.php(77): CodeIgniter\Router\RouteCollection->match([...], 'logbook', 'C_Logbook::logbook')
 3 SYSTEMPATH\Router\RouteCollection.php(799): CodeIgniter\Router\RouteCollection::{closure:C:\Users\ASUS\Downloads\Projectmagang_dr\Projectmagang_dr\app\Config\Routes.php:59}(Object(CodeIgniter\Router\RouteCollection))
 4 APPPATH\Config\Routes.php(59): CodeIgniter\Router\RouteCollection->group('mahasiswa', [...], Object(Closure))
 5 SYSTEMPATH\Router\RouteCollection.php(339): require('C:\\Users\\ASUS\\Downloads\\Projectmagang_dr\\Projectmagang_dr\\app\\Config\\Routes.php')
 6 SYSTEMPATH\CodeIgniter.php(841): CodeIgniter\Router\RouteCollection->loadRoutes()
 7 SYSTEMPATH\CodeIgniter.php(464): CodeIgniter\CodeIgniter->tryToRouteIt(null)
 8 SYSTEMPATH\CodeIgniter.php(363): CodeIgniter\CodeIgniter->handleRequest(null, Object(Config\Cache), false)
 9 SYSTEMPATH\Boot.php(417): CodeIgniter\CodeIgniter->run()
10 SYSTEMPATH\Boot.php(68): CodeIgniter\Boot::runCodeIgniter(Object(CodeIgniter\CodeIgniter))
11 FCPATH\index.php(59): CodeIgniter\Boot::bootWeb(Object(Config\Paths))
12 SYSTEMPATH\rewrite.php(44): require_once('C:\\Users\\ASUS\\Downloads\\Projectmagang_dr\\Projectmagang_dr\\public\\index.php')
WARNING - 2026-08-04 15:30:06 --> [DEPRECATED] Passing lowercase HTTP method "get" is deprecated. Use uppercase HTTP method like "GET". in SYSTEMPATH\Router\RouteCollection.php on line 1026.
 1 SYSTEMPATH\Router\RouteCollection.php(1026): trigger_error('Passing lowercase HTTP method "get" is deprecated. Use uppercase HTTP method like "GET".', 16384)
 2 APPPATH\Config\Routes.php(95): CodeIgniter\Router\RouteCollection->match([...], 'verifikasi', '\\App\\Controllers\\Sekretariat\\C_Verifikasi::index')
 3 SYSTEMPATH\Router\RouteCollection.php(799): CodeIgniter\Router\RouteCollection::{closure:C:\Users\ASUS\Downloads\Projectmagang_dr\Projectmagang_dr\app\Config\Routes.php:89}(Object(CodeIgniter\Router\RouteCollection))
 4 APPPATH\Config\Routes.php(89): CodeIgniter\Router\RouteCollection->group('sekretariat', [...], Object(Closure))
 5 SYSTEMPATH\Router\RouteCollection.php(339): require('C:\\Users\\ASUS\\Downloads\\Projectmagang_dr\\Projectmagang_dr\\app\\Config\\Routes.php')
 6 SYSTEMPATH\CodeIgniter.php(841): CodeIgniter\Router\RouteCollection->loadRoutes()
 7 SYSTEMPATH\CodeIgniter.php(464): CodeIgniter\CodeIgniter->tryToRouteIt(null)
 8 SYSTEMPATH\CodeIgniter.php(363): CodeIgniter\CodeIgniter->handleRequest(null, Object(Config\Cache), false)
 9 SYSTEMPATH\Boot.php(417): CodeIgniter\CodeIgniter->run()
10 SYSTEMPATH\Boot.php(68): CodeIgniter\Boot::runCodeIgniter(Object(CodeIgniter\CodeIgniter))
11 FCPATH\index.php(59): CodeIgniter\Boot::bootWeb(Object(Config\Paths))
12 SYSTEMPATH\rewrite.php(44): require_once('C:\\Users\\ASUS\\Downloads\\Projectmagang_dr\\Projectmagang_dr\\public\\index.php')
WARNING - 2026-08-04 15:30:06 --> [DEPRECATED] Passing lowercase HTTP method "post" is deprecated. Use uppercase HTTP method like "POST". in SYSTEMPATH\Router\RouteCollection.php on line 1026.
 1 SYSTEMPATH\Router\RouteCollection.php(1026): trigger_error('Passing lowercase HTTP method "post" is deprecated. Use uppercase HTTP method like "POST".', 16384)
 2 APPPATH\Config\Routes.php(95): CodeIgniter\Router\RouteCollection->match([...], 'verifikasi', '\\App\\Controllers\\Sekretariat\\C_Verifikasi::index')
 3 SYSTEMPATH\Router\RouteCollection.php(799): CodeIgniter\Router\RouteCollection::{closure:C:\Users\ASUS\Downloads\Projectmagang_dr\Projectmagang_dr\app\Config\Routes.php:89}(Object(CodeIgniter\Router\RouteCollection))
 4 APPPATH\Config\Routes.php(89): CodeIgniter\Router\RouteCollection->group('sekretariat', [...], Object(Closure))
 5 SYSTEMPATH\Router\RouteCollection.php(339): require('C:\\Users\\ASUS\\Downloads\\Projectmagang_dr\\Projectmagang_dr\\app\\Config\\Routes.php')
 6 SYSTEMPATH\CodeIgniter.php(841): CodeIgniter\Router\RouteCollection->loadRoutes()
 7 SYSTEMPATH\CodeIgniter.php(464): CodeIgniter\CodeIgniter->tryToRouteIt(null)
 8 SYSTEMPATH\CodeIgniter.php(363): CodeIgniter\CodeIgniter->handleRequest(null, Object(Config\Cache), false)
 9 SYSTEMPATH\Boot.php(417): CodeIgniter\CodeIgniter->run()
10 SYSTEMPATH\Boot.php(68): CodeIgniter\Boot::runCodeIgniter(Object(CodeIgniter\CodeIgniter))
11 FCPATH\index.php(59): CodeIgniter\Boot::bootWeb(Object(Config\Paths))
12 SYSTEMPATH\rewrite.php(44): require_once('C:\\Users\\ASUS\\Downloads\\Projectmagang_dr\\Projectmagang_dr\\public\\index.php')
WARNING - 2026-08-04 15:30:06 --> [DEPRECATED] Passing lowercase HTTP method "get" is deprecated. Use uppercase HTTP method like "GET". in SYSTEMPATH\Router\RouteCollection.php on line 1026.
 1 SYSTEMPATH\Router\RouteCollection.php(1026): trigger_error('Passing lowercase HTTP method "get" is deprecated. Use uppercase HTTP method like "GET".', 16384)
 2 APPPATH\Config\Routes.php(144): CodeIgniter\Router\RouteCollection->match([...], 'upload-surat-penerimaan', '\\App\\Controllers\\Sekretariat\\C_UploadSuratPenerimaan::index')
 3 SYSTEMPATH\Router\RouteCollection.php(799): CodeIgniter\Router\RouteCollection::{closure:C:\Users\ASUS\Downloads\Projectmagang_dr\Projectmagang_dr\app\Config\Routes.php:89}(Object(CodeIgniter\Router\RouteCollection))
 4 APPPATH\Config\Routes.php(89): CodeIgniter\Router\RouteCollection->group('sekretariat', [...], Object(Closure))
 5 SYSTEMPATH\Router\RouteCollection.php(339): require('C:\\Users\\ASUS\\Downloads\\Projectmagang_dr\\Projectmagang_dr\\app\\Config\\Routes.php')
 6 SYSTEMPATH\CodeIgniter.php(841): CodeIgniter\Router\RouteCollection->loadRoutes()
 7 SYSTEMPATH\CodeIgniter.php(464): CodeIgniter\CodeIgniter->tryToRouteIt(null)
 8 SYSTEMPATH\CodeIgniter.php(363): CodeIgniter\CodeIgniter->handleRequest(null, Object(Config\Cache), false)
 9 SYSTEMPATH\Boot.php(417): CodeIgniter\CodeIgniter->run()
10 SYSTEMPATH\Boot.php(68): CodeIgniter\Boot::runCodeIgniter(Object(CodeIgniter\CodeIgniter))
11 FCPATH\index.php(59): CodeIgniter\Boot::bootWeb(Object(Config\Paths))
12 SYSTEMPATH\rewrite.php(44): require_once('C:\\Users\\ASUS\\Downloads\\Projectmagang_dr\\Projectmagang_dr\\public\\index.php')
WARNING - 2026-08-04 15:30:06 --> [DEPRECATED] Passing lowercase HTTP method "post" is deprecated. Use uppercase HTTP method like "POST". in SYSTEMPATH\Router\RouteCollection.php on line 1026.
 1 SYSTEMPATH\Router\RouteCollection.php(1026): trigger_error('Passing lowercase HTTP method "post" is deprecated. Use uppercase HTTP method like "POST".', 16384)
 2 APPPATH\Config\Routes.php(144): CodeIgniter\Router\RouteCollection->match([...], 'upload-surat-penerimaan', '\\App\\Controllers\\Sekretariat\\C_UploadSuratPenerimaan::index')
 3 SYSTEMPATH\Router\RouteCollection.php(799): CodeIgniter\Router\RouteCollection::{closure:C:\Users\ASUS\Downloads\Projectmagang_dr\Projectmagang_dr\app\Config\Routes.php:89}(Object(CodeIgniter\Router\RouteCollection))
 4 APPPATH\Config\Routes.php(89): CodeIgniter\Router\RouteCollection->group('sekretariat', [...], Object(Closure))
 5 SYSTEMPATH\Router\RouteCollection.php(339): require('C:\\Users\\ASUS\\Downloads\\Projectmagang_dr\\Projectmagang_dr\\app\\Config\\Routes.php')
 6 SYSTEMPATH\CodeIgniter.php(841): CodeIgniter\Router\RouteCollection->loadRoutes()
 7 SYSTEMPATH\CodeIgniter.php(464): CodeIgniter\CodeIgniter->tryToRouteIt(null)
 8 SYSTEMPATH\CodeIgniter.php(363): CodeIgniter\CodeIgniter->handleRequest(null, Object(Config\Cache), false)
 9 SYSTEMPATH\Boot.php(417): CodeIgniter\CodeIgniter->run()
10 SYSTEMPATH\Boot.php(68): CodeIgniter\Boot::runCodeIgniter(Object(CodeIgniter\CodeIgniter))
11 FCPATH\index.php(59): CodeIgniter\Boot::bootWeb(Object(Config\Paths))
12 SYSTEMPATH\rewrite.php(44): require_once('C:\\Users\\ASUS\\Downloads\\Projectmagang_dr\\Projectmagang_dr\\public\\index.php')
WARNING - 2026-08-04 15:30:06 --> [DEPRECATED] Passing lowercase HTTP method "get" is deprecated. Use uppercase HTTP method like "GET". in SYSTEMPATH\Router\RouteCollection.php on line 1026.
 1 SYSTEMPATH\Router\RouteCollection.php(1026): trigger_error('Passing lowercase HTTP method "get" is deprecated. Use uppercase HTTP method like "GET".', 16384)
 2 APPPATH\Config\Routes.php(165): CodeIgniter\Router\RouteCollection->match([...], 'logbook', '\\App\\Controllers\\Kabid\\C_LogbookKabid::index')
 3 SYSTEMPATH\Router\RouteCollection.php(799): CodeIgniter\Router\RouteCollection::{closure:C:\Users\ASUS\Downloads\Projectmagang_dr\Projectmagang_dr\app\Config\Routes.php:153}(Object(CodeIgniter\Router\RouteCollection))
 4 APPPATH\Config\Routes.php(153): CodeIgniter\Router\RouteCollection->group('kabid', [...], Object(Closure))
 5 SYSTEMPATH\Router\RouteCollection.php(339): require('C:\\Users\\ASUS\\Downloads\\Projectmagang_dr\\Projectmagang_dr\\app\\Config\\Routes.php')
 6 SYSTEMPATH\CodeIgniter.php(841): CodeIgniter\Router\RouteCollection->loadRoutes()
 7 SYSTEMPATH\CodeIgniter.php(464): CodeIgniter\CodeIgniter->tryToRouteIt(null)
 8 SYSTEMPATH\CodeIgniter.php(363): CodeIgniter\CodeIgniter->handleRequest(null, Object(Config\Cache), false)
 9 SYSTEMPATH\Boot.php(417): CodeIgniter\CodeIgniter->run()
10 SYSTEMPATH\Boot.php(68): CodeIgniter\Boot::runCodeIgniter(Object(CodeIgniter\CodeIgniter))
11 FCPATH\index.php(59): CodeIgniter\Boot::bootWeb(Object(Config\Paths))
12 SYSTEMPATH\rewrite.php(44): require_once('C:\\Users\\ASUS\\Downloads\\Projectmagang_dr\\Projectmagang_dr\\public\\index.php')
WARNING - 2026-08-04 15:30:06 --> [DEPRECATED] Passing lowercase HTTP method "post" is deprecated. Use uppercase HTTP method like "POST". in SYSTEMPATH\Router\RouteCollection.php on line 1026.
 1 SYSTEMPATH\Router\RouteCollection.php(1026): trigger_error('Passing lowercase HTTP method "post" is deprecated. Use uppercase HTTP method like "POST".', 16384)
 2 APPPATH\Config\Routes.php(165): CodeIgniter\Router\RouteCollection->match([...], 'logbook', '\\App\\Controllers\\Kabid\\C_LogbookKabid::index')
 3 SYSTEMPATH\Router\RouteCollection.php(799): CodeIgniter\Router\RouteCollection::{closure:C:\Users\ASUS\Downloads\Projectmagang_dr\Projectmagang_dr\app\Config\Routes.php:153}(Object(CodeIgniter\Router\RouteCollection))
 4 APPPATH\Config\Routes.php(153): CodeIgniter\Router\RouteCollection->group('kabid', [...], Object(Closure))
 5 SYSTEMPATH\Router\RouteCollection.php(339): require('C:\\Users\\ASUS\\Downloads\\Projectmagang_dr\\Projectmagang_dr\\app\\Config\\Routes.php')
 6 SYSTEMPATH\CodeIgniter.php(841): CodeIgniter\Router\RouteCollection->loadRoutes()
 7 SYSTEMPATH\CodeIgniter.php(464): CodeIgniter\CodeIgniter->tryToRouteIt(null)
 8 SYSTEMPATH\CodeIgniter.php(363): CodeIgniter\CodeIgniter->handleRequest(null, Object(Config\Cache), false)
 9 SYSTEMPATH\Boot.php(417): CodeIgniter\CodeIgniter->run()
10 SYSTEMPATH\Boot.php(68): CodeIgniter\Boot::runCodeIgniter(Object(CodeIgniter\CodeIgniter))
11 FCPATH\index.php(59): CodeIgniter\Boot::bootWeb(Object(Config\Paths))
12 SYSTEMPATH\rewrite.php(44): require_once('C:\\Users\\ASUS\\Downloads\\Projectmagang_dr\\Projectmagang_dr\\public\\index.php')
WARNING - 2026-08-04 15:30:06 --> [DEPRECATED] Passing lowercase HTTP method "get" is deprecated. Use uppercase HTTP method like "GET". in SYSTEMPATH\Router\RouteCollection.php on line 1026.
 1 SYSTEMPATH\Router\RouteCollection.php(1026): trigger_error('Passing lowercase HTTP method "get" is deprecated. Use uppercase HTTP method like "GET".', 16384)
 2 APPPATH\Config\Routes.php(177): CodeIgniter\Router\RouteCollection->match([...], 'upload-dokumen', '\\App\\Controllers\\Kabid\\C_UploadDokumen::index')
 3 SYSTEMPATH\Router\RouteCollection.php(799): CodeIgniter\Router\RouteCollection::{closure:C:\Users\ASUS\Downloads\Projectmagang_dr\Projectmagang_dr\app\Config\Routes.php:153}(Object(CodeIgniter\Router\RouteCollection))
 4 APPPATH\Config\Routes.php(153): CodeIgniter\Router\RouteCollection->group('kabid', [...], Object(Closure))
 5 SYSTEMPATH\Router\RouteCollection.php(339): require('C:\\Users\\ASUS\\Downloads\\Projectmagang_dr\\Projectmagang_dr\\app\\Config\\Routes.php')
 6 SYSTEMPATH\CodeIgniter.php(841): CodeIgniter\Router\RouteCollection->loadRoutes()
 7 SYSTEMPATH\CodeIgniter.php(464): CodeIgniter\CodeIgniter->tryToRouteIt(null)
 8 SYSTEMPATH\CodeIgniter.php(363): CodeIgniter\CodeIgniter->handleRequest(null, Object(Config\Cache), false)
 9 SYSTEMPATH\Boot.php(417): CodeIgniter\CodeIgniter->run()
10 SYSTEMPATH\Boot.php(68): CodeIgniter\Boot::runCodeIgniter(Object(CodeIgniter\CodeIgniter))
11 FCPATH\index.php(59): CodeIgniter\Boot::bootWeb(Object(Config\Paths))
12 SYSTEMPATH\rewrite.php(44): require_once('C:\\Users\\ASUS\\Downloads\\Projectmagang_dr\\Projectmagang_dr\\public\\index.php')
WARNING - 2026-08-04 15:30:06 --> [DEPRECATED] Passing lowercase HTTP method "post" is deprecated. Use uppercase HTTP method like "POST". in SYSTEMPATH\Router\RouteCollection.php on line 1026.
 1 SYSTEMPATH\Router\RouteCollection.php(1026): trigger_error('Passing lowercase HTTP method "post" is deprecated. Use uppercase HTTP method like "POST".', 16384)
 2 APPPATH\Config\Routes.php(177): CodeIgniter\Router\RouteCollection->match([...], 'upload-dokumen', '\\App\\Controllers\\Kabid\\C_UploadDokumen::index')
 3 SYSTEMPATH\Router\RouteCollection.php(799): CodeIgniter\Router\RouteCollection::{closure:C:\Users\ASUS\Downloads\Projectmagang_dr\Projectmagang_dr\app\Config\Routes.php:153}(Object(CodeIgniter\Router\RouteCollection))
 4 APPPATH\Config\Routes.php(153): CodeIgniter\Router\RouteCollection->group('kabid', [...], Object(Closure))
 5 SYSTEMPATH\Router\RouteCollection.php(339): require('C:\\Users\\ASUS\\Downloads\\Projectmagang_dr\\Projectmagang_dr\\app\\Config\\Routes.php')
 6 SYSTEMPATH\CodeIgniter.php(841): CodeIgniter\Router\RouteCollection->loadRoutes()
 7 SYSTEMPATH\CodeIgniter.php(464): CodeIgniter\CodeIgniter->tryToRouteIt(null)
 8 SYSTEMPATH\CodeIgniter.php(363): CodeIgniter\CodeIgniter->handleRequest(null, Object(Config\Cache), false)
 9 SYSTEMPATH\Boot.php(417): CodeIgniter\CodeIgniter->run()
10 SYSTEMPATH\Boot.php(68): CodeIgniter\Boot::runCodeIgniter(Object(CodeIgniter\CodeIgniter))
11 FCPATH\index.php(59): CodeIgniter\Boot::bootWeb(Object(Config\Paths))
12 SYSTEMPATH\rewrite.php(44): require_once('C:\\Users\\ASUS\\Downloads\\Projectmagang_dr\\Projectmagang_dr\\public\\index.php')
DEBUG - 2026-08-04 15:30:06 --> Session: Class initialized using 'CodeIgniter\Session\Handlers\FileHandler' driver.
WARNING - 2026-08-04 15:30:07 --> [DEPRECATED] Passing lowercase HTTP method "get" is deprecated. Use uppercase HTTP method like "GET". in SYSTEMPATH\Router\RouteCollection.php on line 1026.
 1 SYSTEMPATH\Router\RouteCollection.php(1026): trigger_error('Passing lowercase HTTP method "get" is deprecated. Use uppercase HTTP method like "GET".', 16384)
 2 APPPATH\Config\Routes.php(77): CodeIgniter\Router\RouteCollection->match([...], 'logbook', 'C_Logbook::logbook')
 3 SYSTEMPATH\Router\RouteCollection.php(799): CodeIgniter\Router\RouteCollection::{closure:C:\Users\ASUS\Downloads\Projectmagang_dr\Projectmagang_dr\app\Config\Routes.php:59}(Object(CodeIgniter\Router\RouteCollection))
 4 APPPATH\Config\Routes.php(59): CodeIgniter\Router\RouteCollection->group('mahasiswa', [...], Object(Closure))
 5 SYSTEMPATH\Router\RouteCollection.php(339): require('C:\\Users\\ASUS\\Downloads\\Projectmagang_dr\\Projectmagang_dr\\app\\Config\\Routes.php')
 6 SYSTEMPATH\CodeIgniter.php(841): CodeIgniter\Router\RouteCollection->loadRoutes()
 7 SYSTEMPATH\CodeIgniter.php(464): CodeIgniter\CodeIgniter->tryToRouteIt(null)
 8 SYSTEMPATH\CodeIgniter.php(363): CodeIgniter\CodeIgniter->handleRequest(null, Object(Config\Cache), false)
 9 SYSTEMPATH\Boot.php(417): CodeIgniter\CodeIgniter->run()
10 SYSTEMPATH\Boot.php(68): CodeIgniter\Boot::runCodeIgniter(Object(CodeIgniter\CodeIgniter))
11 FCPATH\index.php(59): CodeIgniter\Boot::bootWeb(Object(Config\Paths))
12 SYSTEMPATH\rewrite.php(44): require_once('C:\\Users\\ASUS\\Downloads\\Projectmagang_dr\\Projectmagang_dr\\public\\index.php')
WARNING - 2026-08-04 15:30:07 --> [DEPRECATED] Passing lowercase HTTP method "post" is deprecated. Use uppercase HTTP method like "POST". in SYSTEMPATH\Router\RouteCollection.php on line 1026.
 1 SYSTEMPATH\Router\RouteCollection.php(1026): trigger_error('Passing lowercase HTTP method "post" is deprecated. Use uppercase HTTP method like "POST".', 16384)
 2 APPPATH\Config\Routes.php(77): CodeIgniter\Router\RouteCollection->match([...], 'logbook', 'C_Logbook::logbook')
 3 SYSTEMPATH\Router\RouteCollection.php(799): CodeIgniter\Router\RouteCollection::{closure:C:\Users\ASUS\Downloads\Projectmagang_dr\Projectmagang_dr\app\Config\Routes.php:59}(Object(CodeIgniter\Router\RouteCollection))
 4 APPPATH\Config\Routes.php(59): CodeIgniter\Router\RouteCollection->group('mahasiswa', [...], Object(Closure))
 5 SYSTEMPATH\Router\RouteCollection.php(339): require('C:\\Users\\ASUS\\Downloads\\Projectmagang_dr\\Projectmagang_dr\\app\\Config\\Routes.php')
 6 SYSTEMPATH\CodeIgniter.php(841): CodeIgniter\Router\RouteCollection->loadRoutes()
 7 SYSTEMPATH\CodeIgniter.php(464): CodeIgniter\CodeIgniter->tryToRouteIt(null)
 8 SYSTEMPATH\CodeIgniter.php(363): CodeIgniter\CodeIgniter->handleRequest(null, Object(Config\Cache), false)
 9 SYSTEMPATH\Boot.php(417): CodeIgniter\CodeIgniter->run()
10 SYSTEMPATH\Boot.php(68): CodeIgniter\Boot::runCodeIgniter(Object(CodeIgniter\CodeIgniter))
11 FCPATH\index.php(59): CodeIgniter\Boot::bootWeb(Object(Config\Paths))
12 SYSTEMPATH\rewrite.php(44): require_once('C:\\Users\\ASUS\\Downloads\\Projectmagang_dr\\Projectmagang_dr\\public\\index.php')
WARNING - 2026-08-04 15:30:07 --> [DEPRECATED] Passing lowercase HTTP method "get" is deprecated. Use uppercase HTTP method like "GET". in SYSTEMPATH\Router\RouteCollection.php on line 1026.
 1 SYSTEMPATH\Router\RouteCollection.php(1026): trigger_error('Passing lowercase HTTP method "get" is deprecated. Use uppercase HTTP method like "GET".', 16384)
 2 APPPATH\Config\Routes.php(95): CodeIgniter\Router\RouteCollection->match([...], 'verifikasi', '\\App\\Controllers\\Sekretariat\\C_Verifikasi::index')
 3 SYSTEMPATH\Router\RouteCollection.php(799): CodeIgniter\Router\RouteCollection::{closure:C:\Users\ASUS\Downloads\Projectmagang_dr\Projectmagang_dr\app\Config\Routes.php:89}(Object(CodeIgniter\Router\RouteCollection))
 4 APPPATH\Config\Routes.php(89): CodeIgniter\Router\RouteCollection->group('sekretariat', [...], Object(Closure))
 5 SYSTEMPATH\Router\RouteCollection.php(339): require('C:\\Users\\ASUS\\Downloads\\Projectmagang_dr\\Projectmagang_dr\\app\\Config\\Routes.php')
 6 SYSTEMPATH\CodeIgniter.php(841): CodeIgniter\Router\RouteCollection->loadRoutes()
 7 SYSTEMPATH\CodeIgniter.php(464): CodeIgniter\CodeIgniter->tryToRouteIt(null)
 8 SYSTEMPATH\CodeIgniter.php(363): CodeIgniter\CodeIgniter->handleRequest(null, Object(Config\Cache), false)
 9 SYSTEMPATH\Boot.php(417): CodeIgniter\CodeIgniter->run()
10 SYSTEMPATH\Boot.php(68): CodeIgniter\Boot::runCodeIgniter(Object(CodeIgniter\CodeIgniter))
11 FCPATH\index.php(59): CodeIgniter\Boot::bootWeb(Object(Config\Paths))
12 SYSTEMPATH\rewrite.php(44): require_once('C:\\Users\\ASUS\\Downloads\\Projectmagang_dr\\Projectmagang_dr\\public\\index.php')
WARNING - 2026-08-04 15:30:07 --> [DEPRECATED] Passing lowercase HTTP method "post" is deprecated. Use uppercase HTTP method like "POST". in SYSTEMPATH\Router\RouteCollection.php on line 1026.
 1 SYSTEMPATH\Router\RouteCollection.php(1026): trigger_error('Passing lowercase HTTP method "post" is deprecated. Use uppercase HTTP method like "POST".', 16384)
 2 APPPATH\Config\Routes.php(95): CodeIgniter\Router\RouteCollection->match([...], 'verifikasi', '\\App\\Controllers\\Sekretariat\\C_Verifikasi::index')
 3 SYSTEMPATH\Router\RouteCollection.php(799): CodeIgniter\Router\RouteCollection::{closure:C:\Users\ASUS\Downloads\Projectmagang_dr\Projectmagang_dr\app\Config\Routes.php:89}(Object(CodeIgniter\Router\RouteCollection))
 4 APPPATH\Config\Routes.php(89): CodeIgniter\Router\RouteCollection->group('sekretariat', [...], Object(Closure))
 5 SYSTEMPATH\Router\RouteCollection.php(339): require('C:\\Users\\ASUS\\Downloads\\Projectmagang_dr\\Projectmagang_dr\\app\\Config\\Routes.php')
 6 SYSTEMPATH\CodeIgniter.php(841): CodeIgniter\Router\RouteCollection->loadRoutes()
 7 SYSTEMPATH\CodeIgniter.php(464): CodeIgniter\CodeIgniter->tryToRouteIt(null)
 8 SYSTEMPATH\CodeIgniter.php(363): CodeIgniter\CodeIgniter->handleRequest(null, Object(Config\Cache), false)
 9 SYSTEMPATH\Boot.php(417): CodeIgniter\CodeIgniter->run()
10 SYSTEMPATH\Boot.php(68): CodeIgniter\Boot::runCodeIgniter(Object(CodeIgniter\CodeIgniter))
11 FCPATH\index.php(59): CodeIgniter\Boot::bootWeb(Object(Config\Paths))
12 SYSTEMPATH\rewrite.php(44): require_once('C:\\Users\\ASUS\\Downloads\\Projectmagang_dr\\Projectmagang_dr\\public\\index.php')
WARNING - 2026-08-04 15:30:07 --> [DEPRECATED] Passing lowercase HTTP method "get" is deprecated. Use uppercase HTTP method like "GET". in SYSTEMPATH\Router\RouteCollection.php on line 1026.
 1 SYSTEMPATH\Router\RouteCollection.php(1026): trigger_error('Passing lowercase HTTP method "get" is deprecated. Use uppercase HTTP method like "GET".', 16384)
 2 APPPATH\Config\Routes.php(144): CodeIgniter\Router\RouteCollection->match([...], 'upload-surat-penerimaan', '\\App\\Controllers\\Sekretariat\\C_UploadSuratPenerimaan::index')
 3 SYSTEMPATH\Router\RouteCollection.php(799): CodeIgniter\Router\RouteCollection::{closure:C:\Users\ASUS\Downloads\Projectmagang_dr\Projectmagang_dr\app\Config\Routes.php:89}(Object(CodeIgniter\Router\RouteCollection))
 4 APPPATH\Config\Routes.php(89): CodeIgniter\Router\RouteCollection->group('sekretariat', [...], Object(Closure))
 5 SYSTEMPATH\Router\RouteCollection.php(339): require('C:\\Users\\ASUS\\Downloads\\Projectmagang_dr\\Projectmagang_dr\\app\\Config\\Routes.php')
 6 SYSTEMPATH\CodeIgniter.php(841): CodeIgniter\Router\RouteCollection->loadRoutes()
 7 SYSTEMPATH\CodeIgniter.php(464): CodeIgniter\CodeIgniter->tryToRouteIt(null)
 8 SYSTEMPATH\CodeIgniter.php(363): CodeIgniter\CodeIgniter->handleRequest(null, Object(Config\Cache), false)
 9 SYSTEMPATH\Boot.php(417): CodeIgniter\CodeIgniter->run()
10 SYSTEMPATH\Boot.php(68): CodeIgniter\Boot::runCodeIgniter(Object(CodeIgniter\CodeIgniter))
11 FCPATH\index.php(59): CodeIgniter\Boot::bootWeb(Object(Config\Paths))
12 SYSTEMPATH\rewrite.php(44): require_once('C:\\Users\\ASUS\\Downloads\\Projectmagang_dr\\Projectmagang_dr\\public\\index.php')
WARNING - 2026-08-04 15:30:07 --> [DEPRECATED] Passing lowercase HTTP method "post" is deprecated. Use uppercase HTTP method like "POST". in SYSTEMPATH\Router\RouteCollection.php on line 1026.
 1 SYSTEMPATH\Router\RouteCollection.php(1026): trigger_error('Passing lowercase HTTP method "post" is deprecated. Use uppercase HTTP method like "POST".', 16384)
 2 APPPATH\Config\Routes.php(144): CodeIgniter\Router\RouteCollection->match([...], 'upload-surat-penerimaan', '\\App\\Controllers\\Sekretariat\\C_UploadSuratPenerimaan::index')
 3 SYSTEMPATH\Router\RouteCollection.php(799): CodeIgniter\Router\RouteCollection::{closure:C:\Users\ASUS\Downloads\Projectmagang_dr\Projectmagang_dr\app\Config\Routes.php:89}(Object(CodeIgniter\Router\RouteCollection))
 4 APPPATH\Config\Routes.php(89): CodeIgniter\Router\RouteCollection->group('sekretariat', [...], Object(Closure))
 5 SYSTEMPATH\Router\RouteCollection.php(339): require('C:\\Users\\ASUS\\Downloads\\Projectmagang_dr\\Projectmagang_dr\\app\\Config\\Routes.php')
 6 SYSTEMPATH\CodeIgniter.php(841): CodeIgniter\Router\RouteCollection->loadRoutes()
 7 SYSTEMPATH\CodeIgniter.php(464): CodeIgniter\CodeIgniter->tryToRouteIt(null)
 8 SYSTEMPATH\CodeIgniter.php(363): CodeIgniter\CodeIgniter->handleRequest(null, Object(Config\Cache), false)
 9 SYSTEMPATH\Boot.php(417): CodeIgniter\CodeIgniter->run()
10 SYSTEMPATH\Boot.php(68): CodeIgniter\Boot::runCodeIgniter(Object(CodeIgniter\CodeIgniter))
11 FCPATH\index.php(59): CodeIgniter\Boot::bootWeb(Object(Config\Paths))
12 SYSTEMPATH\rewrite.php(44): require_once('C:\\Users\\ASUS\\Downloads\\Projectmagang_dr\\Projectmagang_dr\\public\\index.php')
WARNING - 2026-08-04 15:30:07 --> [DEPRECATED] Passing lowercase HTTP method "get" is deprecated. Use uppercase HTTP method like "GET". in SYSTEMPATH\Router\RouteCollection.php on line 1026.
 1 SYSTEMPATH\Router\RouteCollection.php(1026): trigger_error('Passing lowercase HTTP method "get" is deprecated. Use uppercase HTTP method like "GET".', 16384)
 2 APPPATH\Config\Routes.php(165): CodeIgniter\Router\RouteCollection->match([...], 'logbook', '\\App\\Controllers\\Kabid\\C_LogbookKabid::index')
 3 SYSTEMPATH\Router\RouteCollection.php(799): CodeIgniter\Router\RouteCollection::{closure:C:\Users\ASUS\Downloads\Projectmagang_dr\Projectmagang_dr\app\Config\Routes.php:153}(Object(CodeIgniter\Router\RouteCollection))
 4 APPPATH\Config\Routes.php(153): CodeIgniter\Router\RouteCollection->group('kabid', [...], Object(Closure))
 5 SYSTEMPATH\Router\RouteCollection.php(339): require('C:\\Users\\ASUS\\Downloads\\Projectmagang_dr\\Projectmagang_dr\\app\\Config\\Routes.php')
 6 SYSTEMPATH\CodeIgniter.php(841): CodeIgniter\Router\RouteCollection->loadRoutes()
 7 SYSTEMPATH\CodeIgniter.php(464): CodeIgniter\CodeIgniter->tryToRouteIt(null)
 8 SYSTEMPATH\CodeIgniter.php(363): CodeIgniter\CodeIgniter->handleRequest(null, Object(Config\Cache), false)
 9 SYSTEMPATH\Boot.php(417): CodeIgniter\CodeIgniter->run()
10 SYSTEMPATH\Boot.php(68): CodeIgniter\Boot::runCodeIgniter(Object(CodeIgniter\CodeIgniter))
11 FCPATH\index.php(59): CodeIgniter\Boot::bootWeb(Object(Config\Paths))
12 SYSTEMPATH\rewrite.php(44): require_once('C:\\Users\\ASUS\\Downloads\\Projectmagang_dr\\Projectmagang_dr\\public\\index.php')
WARNING - 2026-08-04 15:30:07 --> [DEPRECATED] Passing lowercase HTTP method "post" is deprecated. Use uppercase HTTP method like "POST". in SYSTEMPATH\Router\RouteCollection.php on line 1026.
 1 SYSTEMPATH\Router\RouteCollection.php(1026): trigger_error('Passing lowercase HTTP method "post" is deprecated. Use uppercase HTTP method like "POST".', 16384)
 2 APPPATH\Config\Routes.php(165): CodeIgniter\Router\RouteCollection->match([...], 'logbook', '\\App\\Controllers\\Kabid\\C_LogbookKabid::index')
 3 SYSTEMPATH\Router\RouteCollection.php(799): CodeIgniter\Router\RouteCollection::{closure:C:\Users\ASUS\Downloads\Projectmagang_dr\Projectmagang_dr\app\Config\Routes.php:153}(Object(CodeIgniter\Router\RouteCollection))
 4 APPPATH\Config\Routes.php(153): CodeIgniter\Router\RouteCollection->group('kabid', [...], Object(Closure))
 5 SYSTEMPATH\Router\RouteCollection.php(339): require('C:\\Users\\ASUS\\Downloads\\Projectmagang_dr\\Projectmagang_dr\\app\\Config\\Routes.php')
 6 SYSTEMPATH\CodeIgniter.php(841): CodeIgniter\Router\RouteCollection->loadRoutes()
 7 SYSTEMPATH\CodeIgniter.php(464): CodeIgniter\CodeIgniter->tryToRouteIt(null)
 8 SYSTEMPATH\CodeIgniter.php(363): CodeIgniter\CodeIgniter->handleRequest(null, Object(Config\Cache), false)
 9 SYSTEMPATH\Boot.php(417): CodeIgniter\CodeIgniter->run()
10 SYSTEMPATH\Boot.php(68): CodeIgniter\Boot::runCodeIgniter(Object(CodeIgniter\CodeIgniter))
11 FCPATH\index.php(59): CodeIgniter\Boot::bootWeb(Object(Config\Paths))
12 SYSTEMPATH\rewrite.php(44): require_once('C:\\Users\\ASUS\\Downloads\\Projectmagang_dr\\Projectmagang_dr\\public\\index.php')
WARNING - 2026-08-04 15:30:07 --> [DEPRECATED] Passing lowercase HTTP method "get" is deprecated. Use uppercase HTTP method like "GET". in SYSTEMPATH\Router\RouteCollection.php on line 1026.
 1 SYSTEMPATH\Router\RouteCollection.php(1026): trigger_error('Passing lowercase HTTP method "get" is deprecated. Use uppercase HTTP method like "GET".', 16384)
 2 APPPATH\Config\Routes.php(177): CodeIgniter\Router\RouteCollection->match([...], 'upload-dokumen', '\\App\\Controllers\\Kabid\\C_UploadDokumen::index')
 3 SYSTEMPATH\Router\RouteCollection.php(799): CodeIgniter\Router\RouteCollection::{closure:C:\Users\ASUS\Downloads\Projectmagang_dr\Projectmagang_dr\app\Config\Routes.php:153}(Object(CodeIgniter\Router\RouteCollection))
 4 APPPATH\Config\Routes.php(153): CodeIgniter\Router\RouteCollection->group('kabid', [...], Object(Closure))
 5 SYSTEMPATH\Router\RouteCollection.php(339): require('C:\\Users\\ASUS\\Downloads\\Projectmagang_dr\\Projectmagang_dr\\app\\Config\\Routes.php')
 6 SYSTEMPATH\CodeIgniter.php(841): CodeIgniter\Router\RouteCollection->loadRoutes()
 7 SYSTEMPATH\CodeIgniter.php(464): CodeIgniter\CodeIgniter->tryToRouteIt(null)
 8 SYSTEMPATH\CodeIgniter.php(363): CodeIgniter\CodeIgniter->handleRequest(null, Object(Config\Cache), false)
 9 SYSTEMPATH\Boot.php(417): CodeIgniter\CodeIgniter->run()
10 SYSTEMPATH\Boot.php(68): CodeIgniter\Boot::runCodeIgniter(Object(CodeIgniter\CodeIgniter))
11 FCPATH\index.php(59): CodeIgniter\Boot::bootWeb(Object(Config\Paths))
12 SYSTEMPATH\rewrite.php(44): require_once('C:\\Users\\ASUS\\Downloads\\Projectmagang_dr\\Projectmagang_dr\\public\\index.php')
WARNING - 2026-08-04 15:30:07 --> [DEPRECATED] Passing lowercase HTTP method "post" is deprecated. Use uppercase HTTP method like "POST". in SYSTEMPATH\Router\RouteCollection.php on line 1026.
 1 SYSTEMPATH\Router\RouteCollection.php(1026): trigger_error('Passing lowercase HTTP method "post" is deprecated. Use uppercase HTTP method like "POST".', 16384)
 2 APPPATH\Config\Routes.php(177): CodeIgniter\Router\RouteCollection->match([...], 'upload-dokumen', '\\App\\Controllers\\Kabid\\C_UploadDokumen::index')
 3 SYSTEMPATH\Router\RouteCollection.php(799): CodeIgniter\Router\RouteCollection::{closure:C:\Users\ASUS\Downloads\Projectmagang_dr\Projectmagang_dr\app\Config\Routes.php:153}(Object(CodeIgniter\Router\RouteCollection))
 4 APPPATH\Config\Routes.php(153): CodeIgniter\Router\RouteCollection->group('kabid', [...], Object(Closure))
 5 SYSTEMPATH\Router\RouteCollection.php(339): require('C:\\Users\\ASUS\\Downloads\\Projectmagang_dr\\Projectmagang_dr\\app\\Config\\Routes.php')
 6 SYSTEMPATH\CodeIgniter.php(841): CodeIgniter\Router\RouteCollection->loadRoutes()
 7 SYSTEMPATH\CodeIgniter.php(464): CodeIgniter\CodeIgniter->tryToRouteIt(null)
 8 SYSTEMPATH\CodeIgniter.php(363): CodeIgniter\CodeIgniter->handleRequest(null, Object(Config\Cache), false)
 9 SYSTEMPATH\Boot.php(417): CodeIgniter\CodeIgniter->run()
10 SYSTEMPATH\Boot.php(68): CodeIgniter\Boot::runCodeIgniter(Object(CodeIgniter\CodeIgniter))
11 FCPATH\index.php(59): CodeIgniter\Boot::bootWeb(Object(Config\Paths))
12 SYSTEMPATH\rewrite.php(44): require_once('C:\\Users\\ASUS\\Downloads\\Projectmagang_dr\\Projectmagang_dr\\public\\index.php')
DEBUG - 2026-08-04 15:30:07 --> Session: Class initialized using 'CodeIgniter\Session\Handlers\FileHandler' driver.
WARNING - 2026-08-04 15:30:34 --> [DEPRECATED] Passing lowercase HTTP method "get" is deprecated. Use uppercase HTTP method like "GET". in SYSTEMPATH\Router\RouteCollection.php on line 1026.
 1 SYSTEMPATH\Router\RouteCollection.php(1026): trigger_error('Passing lowercase HTTP method "get" is deprecated. Use uppercase HTTP method like "GET".', 16384)
 2 APPPATH\Config\Routes.php(77): CodeIgniter\Router\RouteCollection->match([...], 'logbook', 'C_Logbook::logbook')
 3 SYSTEMPATH\Router\RouteCollection.php(799): CodeIgniter\Router\RouteCollection::{closure:C:\Users\ASUS\Downloads\Projectmagang_dr\Projectmagang_dr\app\Config\Routes.php:59}(Object(CodeIgniter\Router\RouteCollection))
 4 APPPATH\Config\Routes.php(59): CodeIgniter\Router\RouteCollection->group('mahasiswa', [...], Object(Closure))
 5 SYSTEMPATH\Router\RouteCollection.php(339): require('C:\\Users\\ASUS\\Downloads\\Projectmagang_dr\\Projectmagang_dr\\app\\Config\\Routes.php')
 6 SYSTEMPATH\CodeIgniter.php(841): CodeIgniter\Router\RouteCollection->loadRoutes()
 7 SYSTEMPATH\CodeIgniter.php(464): CodeIgniter\CodeIgniter->tryToRouteIt(null)
 8 SYSTEMPATH\CodeIgniter.php(363): CodeIgniter\CodeIgniter->handleRequest(null, Object(Config\Cache), false)
 9 SYSTEMPATH\Boot.php(417): CodeIgniter\CodeIgniter->run()
10 SYSTEMPATH\Boot.php(68): CodeIgniter\Boot::runCodeIgniter(Object(CodeIgniter\CodeIgniter))
11 FCPATH\index.php(59): CodeIgniter\Boot::bootWeb(Object(Config\Paths))
12 SYSTEMPATH\rewrite.php(44): require_once('C:\\Users\\ASUS\\Downloads\\Projectmagang_dr\\Projectmagang_dr\\public\\index.php')
WARNING - 2026-08-04 15:30:34 --> [DEPRECATED] Passing lowercase HTTP method "post" is deprecated. Use uppercase HTTP method like "POST". in SYSTEMPATH\Router\RouteCollection.php on line 1026.
 1 SYSTEMPATH\Router\RouteCollection.php(1026): trigger_error('Passing lowercase HTTP method "post" is deprecated. Use uppercase HTTP method like "POST".', 16384)
 2 APPPATH\Config\Routes.php(77): CodeIgniter\Router\RouteCollection->match([...], 'logbook', 'C_Logbook::logbook')
 3 SYSTEMPATH\Router\RouteCollection.php(799): CodeIgniter\Router\RouteCollection::{closure:C:\Users\ASUS\Downloads\Projectmagang_dr\Projectmagang_dr\app\Config\Routes.php:59}(Object(CodeIgniter\Router\RouteCollection))
 4 APPPATH\Config\Routes.php(59): CodeIgniter\Router\RouteCollection->group('mahasiswa', [...], Object(Closure))
 5 SYSTEMPATH\Router\RouteCollection.php(339): require('C:\\Users\\ASUS\\Downloads\\Projectmagang_dr\\Projectmagang_dr\\app\\Config\\Routes.php')
 6 SYSTEMPATH\CodeIgniter.php(841): CodeIgniter\Router\RouteCollection->loadRoutes()
 7 SYSTEMPATH\CodeIgniter.php(464): CodeIgniter\CodeIgniter->tryToRouteIt(null)
 8 SYSTEMPATH\CodeIgniter.php(363): CodeIgniter\CodeIgniter->handleRequest(null, Object(Config\Cache), false)
 9 SYSTEMPATH\Boot.php(417): CodeIgniter\CodeIgniter->run()
10 SYSTEMPATH\Boot.php(68): CodeIgniter\Boot::runCodeIgniter(Object(CodeIgniter\CodeIgniter))
11 FCPATH\index.php(59): CodeIgniter\Boot::bootWeb(Object(Config\Paths))
12 SYSTEMPATH\rewrite.php(44): require_once('C:\\Users\\ASUS\\Downloads\\Projectmagang_dr\\Projectmagang_dr\\public\\index.php')
WARNING - 2026-08-04 15:30:34 --> [DEPRECATED] Passing lowercase HTTP method "get" is deprecated. Use uppercase HTTP method like "GET". in SYSTEMPATH\Router\RouteCollection.php on line 1026.
 1 SYSTEMPATH\Router\RouteCollection.php(1026): trigger_error('Passing lowercase HTTP method "get" is deprecated. Use uppercase HTTP method like "GET".', 16384)
 2 APPPATH\Config\Routes.php(95): CodeIgniter\Router\RouteCollection->match([...], 'verifikasi', '\\App\\Controllers\\Sekretariat\\C_Verifikasi::index')
 3 SYSTEMPATH\Router\RouteCollection.php(799): CodeIgniter\Router\RouteCollection::{closure:C:\Users\ASUS\Downloads\Projectmagang_dr\Projectmagang_dr\app\Config\Routes.php:89}(Object(CodeIgniter\Router\RouteCollection))
 4 APPPATH\Config\Routes.php(89): CodeIgniter\Router\RouteCollection->group('sekretariat', [...], Object(Closure))
 5 SYSTEMPATH\Router\RouteCollection.php(339): require('C:\\Users\\ASUS\\Downloads\\Projectmagang_dr\\Projectmagang_dr\\app\\Config\\Routes.php')
 6 SYSTEMPATH\CodeIgniter.php(841): CodeIgniter\Router\RouteCollection->loadRoutes()
 7 SYSTEMPATH\CodeIgniter.php(464): CodeIgniter\CodeIgniter->tryToRouteIt(null)
 8 SYSTEMPATH\CodeIgniter.php(363): CodeIgniter\CodeIgniter->handleRequest(null, Object(Config\Cache), false)
 9 SYSTEMPATH\Boot.php(417): CodeIgniter\CodeIgniter->run()
10 SYSTEMPATH\Boot.php(68): CodeIgniter\Boot::runCodeIgniter(Object(CodeIgniter\CodeIgniter))
11 FCPATH\index.php(59): CodeIgniter\Boot::bootWeb(Object(Config\Paths))
12 SYSTEMPATH\rewrite.php(44): require_once('C:\\Users\\ASUS\\Downloads\\Projectmagang_dr\\Projectmagang_dr\\public\\index.php')
WARNING - 2026-08-04 15:30:34 --> [DEPRECATED] Passing lowercase HTTP method "post" is deprecated. Use uppercase HTTP method like "POST". in SYSTEMPATH\Router\RouteCollection.php on line 1026.
 1 SYSTEMPATH\Router\RouteCollection.php(1026): trigger_error('Passing lowercase HTTP method "post" is deprecated. Use uppercase HTTP method like "POST".', 16384)
 2 APPPATH\Config\Routes.php(95): CodeIgniter\Router\RouteCollection->match([...], 'verifikasi', '\\App\\Controllers\\Sekretariat\\C_Verifikasi::index')
 3 SYSTEMPATH\Router\RouteCollection.php(799): CodeIgniter\Router\RouteCollection::{closure:C:\Users\ASUS\Downloads\Projectmagang_dr\Projectmagang_dr\app\Config\Routes.php:89}(Object(CodeIgniter\Router\RouteCollection))
 4 APPPATH\Config\Routes.php(89): CodeIgniter\Router\RouteCollection->group('sekretariat', [...], Object(Closure))
 5 SYSTEMPATH\Router\RouteCollection.php(339): require('C:\\Users\\ASUS\\Downloads\\Projectmagang_dr\\Projectmagang_dr\\app\\Config\\Routes.php')
 6 SYSTEMPATH\CodeIgniter.php(841): CodeIgniter\Router\RouteCollection->loadRoutes()
 7 SYSTEMPATH\CodeIgniter.php(464): CodeIgniter\CodeIgniter->tryToRouteIt(null)
 8 SYSTEMPATH\CodeIgniter.php(363): CodeIgniter\CodeIgniter->handleRequest(null, Object(Config\Cache), false)
 9 SYSTEMPATH\Boot.php(417): CodeIgniter\CodeIgniter->run()
10 SYSTEMPATH\Boot.php(68): CodeIgniter\Boot::runCodeIgniter(Object(CodeIgniter\CodeIgniter))
11 FCPATH\index.php(59): CodeIgniter\Boot::bootWeb(Object(Config\Paths))
12 SYSTEMPATH\rewrite.php(44): require_once('C:\\Users\\ASUS\\Downloads\\Projectmagang_dr\\Projectmagang_dr\\public\\index.php')
WARNING - 2026-08-04 15:30:34 --> [DEPRECATED] Passing lowercase HTTP method "get" is deprecated. Use uppercase HTTP method like "GET". in SYSTEMPATH\Router\RouteCollection.php on line 1026.
 1 SYSTEMPATH\Router\RouteCollection.php(1026): trigger_error('Passing lowercase HTTP method "get" is deprecated. Use uppercase HTTP method like "GET".', 16384)
 2 APPPATH\Config\Routes.php(144): CodeIgniter\Router\RouteCollection->match([...], 'upload-surat-penerimaan', '\\App\\Controllers\\Sekretariat\\C_UploadSuratPenerimaan::index')
 3 SYSTEMPATH\Router\RouteCollection.php(799): CodeIgniter\Router\RouteCollection::{closure:C:\Users\ASUS\Downloads\Projectmagang_dr\Projectmagang_dr\app\Config\Routes.php:89}(Object(CodeIgniter\Router\RouteCollection))
 4 APPPATH\Config\Routes.php(89): CodeIgniter\Router\RouteCollection->group('sekretariat', [...], Object(Closure))
 5 SYSTEMPATH\Router\RouteCollection.php(339): require('C:\\Users\\ASUS\\Downloads\\Projectmagang_dr\\Projectmagang_dr\\app\\Config\\Routes.php')
 6 SYSTEMPATH\CodeIgniter.php(841): CodeIgniter\Router\RouteCollection->loadRoutes()
 7 SYSTEMPATH\CodeIgniter.php(464): CodeIgniter\CodeIgniter->tryToRouteIt(null)
 8 SYSTEMPATH\CodeIgniter.php(363): CodeIgniter\CodeIgniter->handleRequest(null, Object(Config\Cache), false)
 9 SYSTEMPATH\Boot.php(417): CodeIgniter\CodeIgniter->run()
10 SYSTEMPATH\Boot.php(68): CodeIgniter\Boot::runCodeIgniter(Object(CodeIgniter\CodeIgniter))
11 FCPATH\index.php(59): CodeIgniter\Boot::bootWeb(Object(Config\Paths))
12 SYSTEMPATH\rewrite.php(44): require_once('C:\\Users\\ASUS\\Downloads\\Projectmagang_dr\\Projectmagang_dr\\public\\index.php')
WARNING - 2026-08-04 15:30:34 --> [DEPRECATED] Passing lowercase HTTP method "post" is deprecated. Use uppercase HTTP method like "POST". in SYSTEMPATH\Router\RouteCollection.php on line 1026.
 1 SYSTEMPATH\Router\RouteCollection.php(1026): trigger_error('Passing lowercase HTTP method "post" is deprecated. Use uppercase HTTP method like "POST".', 16384)
 2 APPPATH\Config\Routes.php(144): CodeIgniter\Router\RouteCollection->match([...], 'upload-surat-penerimaan', '\\App\\Controllers\\Sekretariat\\C_UploadSuratPenerimaan::index')
 3 SYSTEMPATH\Router\RouteCollection.php(799): CodeIgniter\Router\RouteCollection::{closure:C:\Users\ASUS\Downloads\Projectmagang_dr\Projectmagang_dr\app\Config\Routes.php:89}(Object(CodeIgniter\Router\RouteCollection))
 4 APPPATH\Config\Routes.php(89): CodeIgniter\Router\RouteCollection->group('sekretariat', [...], Object(Closure))
 5 SYSTEMPATH\Router\RouteCollection.php(339): require('C:\\Users\\ASUS\\Downloads\\Projectmagang_dr\\Projectmagang_dr\\app\\Config\\Routes.php')
 6 SYSTEMPATH\CodeIgniter.php(841): CodeIgniter\Router\RouteCollection->loadRoutes()
 7 SYSTEMPATH\CodeIgniter.php(464): CodeIgniter\CodeIgniter->tryToRouteIt(null)
 8 SYSTEMPATH\CodeIgniter.php(363): CodeIgniter\CodeIgniter->handleRequest(null, Object(Config\Cache), false)
 9 SYSTEMPATH\Boot.php(417): CodeIgniter\CodeIgniter->run()
10 SYSTEMPATH\Boot.php(68): CodeIgniter\Boot::runCodeIgniter(Object(CodeIgniter\CodeIgniter))
11 FCPATH\index.php(59): CodeIgniter\Boot::bootWeb(Object(Config\Paths))
12 SYSTEMPATH\rewrite.php(44): require_once('C:\\Users\\ASUS\\Downloads\\Projectmagang_dr\\Projectmagang_dr\\public\\index.php')
WARNING - 2026-08-04 15:30:34 --> [DEPRECATED] Passing lowercase HTTP method "get" is deprecated. Use uppercase HTTP method like "GET". in SYSTEMPATH\Router\RouteCollection.php on line 1026.
 1 SYSTEMPATH\Router\RouteCollection.php(1026): trigger_error('Passing lowercase HTTP method "get" is deprecated. Use uppercase HTTP method like "GET".', 16384)
 2 APPPATH\Config\Routes.php(165): CodeIgniter\Router\RouteCollection->match([...], 'logbook', '\\App\\Controllers\\Kabid\\C_LogbookKabid::index')
 3 SYSTEMPATH\Router\RouteCollection.php(799): CodeIgniter\Router\RouteCollection::{closure:C:\Users\ASUS\Downloads\Projectmagang_dr\Projectmagang_dr\app\Config\Routes.php:153}(Object(CodeIgniter\Router\RouteCollection))
 4 APPPATH\Config\Routes.php(153): CodeIgniter\Router\RouteCollection->group('kabid', [...], Object(Closure))
 5 SYSTEMPATH\Router\RouteCollection.php(339): require('C:\\Users\\ASUS\\Downloads\\Projectmagang_dr\\Projectmagang_dr\\app\\Config\\Routes.php')
 6 SYSTEMPATH\CodeIgniter.php(841): CodeIgniter\Router\RouteCollection->loadRoutes()
 7 SYSTEMPATH\CodeIgniter.php(464): CodeIgniter\CodeIgniter->tryToRouteIt(null)
 8 SYSTEMPATH\CodeIgniter.php(363): CodeIgniter\CodeIgniter->handleRequest(null, Object(Config\Cache), false)
 9 SYSTEMPATH\Boot.php(417): CodeIgniter\CodeIgniter->run()
10 SYSTEMPATH\Boot.php(68): CodeIgniter\Boot::runCodeIgniter(Object(CodeIgniter\CodeIgniter))
11 FCPATH\index.php(59): CodeIgniter\Boot::bootWeb(Object(Config\Paths))
12 SYSTEMPATH\rewrite.php(44): require_once('C:\\Users\\ASUS\\Downloads\\Projectmagang_dr\\Projectmagang_dr\\public\\index.php')
WARNING - 2026-08-04 15:30:34 --> [DEPRECATED] Passing lowercase HTTP method "post" is deprecated. Use uppercase HTTP method like "POST". in SYSTEMPATH\Router\RouteCollection.php on line 1026.
 1 SYSTEMPATH\Router\RouteCollection.php(1026): trigger_error('Passing lowercase HTTP method "post" is deprecated. Use uppercase HTTP method like "POST".', 16384)
 2 APPPATH\Config\Routes.php(165): CodeIgniter\Router\RouteCollection->match([...], 'logbook', '\\App\\Controllers\\Kabid\\C_LogbookKabid::index')
 3 SYSTEMPATH\Router\RouteCollection.php(799): CodeIgniter\Router\RouteCollection::{closure:C:\Users\ASUS\Downloads\Projectmagang_dr\Projectmagang_dr\app\Config\Routes.php:153}(Object(CodeIgniter\Router\RouteCollection))
 4 APPPATH\Config\Routes.php(153): CodeIgniter\Router\RouteCollection->group('kabid', [...], Object(Closure))
 5 SYSTEMPATH\Router\RouteCollection.php(339): require('C:\\Users\\ASUS\\Downloads\\Projectmagang_dr\\Projectmagang_dr\\app\\Config\\Routes.php')
 6 SYSTEMPATH\CodeIgniter.php(841): CodeIgniter\Router\RouteCollection->loadRoutes()
 7 SYSTEMPATH\CodeIgniter.php(464): CodeIgniter\CodeIgniter->tryToRouteIt(null)
 8 SYSTEMPATH\CodeIgniter.php(363): CodeIgniter\CodeIgniter->handleRequest(null, Object(Config\Cache), false)
 9 SYSTEMPATH\Boot.php(417): CodeIgniter\CodeIgniter->run()
10 SYSTEMPATH\Boot.php(68): CodeIgniter\Boot::runCodeIgniter(Object(CodeIgniter\CodeIgniter))
11 FCPATH\index.php(59): CodeIgniter\Boot::bootWeb(Object(Config\Paths))
12 SYSTEMPATH\rewrite.php(44): require_once('C:\\Users\\ASUS\\Downloads\\Projectmagang_dr\\Projectmagang_dr\\public\\index.php')
WARNING - 2026-08-04 15:30:34 --> [DEPRECATED] Passing lowercase HTTP method "get" is deprecated. Use uppercase HTTP method like "GET". in SYSTEMPATH\Router\RouteCollection.php on line 1026.
 1 SYSTEMPATH\Router\RouteCollection.php(1026): trigger_error('Passing lowercase HTTP method "get" is deprecated. Use uppercase HTTP method like "GET".', 16384)
 2 APPPATH\Config\Routes.php(177): CodeIgniter\Router\RouteCollection->match([...], 'upload-dokumen', '\\App\\Controllers\\Kabid\\C_UploadDokumen::index')
 3 SYSTEMPATH\Router\RouteCollection.php(799): CodeIgniter\Router\RouteCollection::{closure:C:\Users\ASUS\Downloads\Projectmagang_dr\Projectmagang_dr\app\Config\Routes.php:153}(Object(CodeIgniter\Router\RouteCollection))
 4 APPPATH\Config\Routes.php(153): CodeIgniter\Router\RouteCollection->group('kabid', [...], Object(Closure))
 5 SYSTEMPATH\Router\RouteCollection.php(339): require('C:\\Users\\ASUS\\Downloads\\Projectmagang_dr\\Projectmagang_dr\\app\\Config\\Routes.php')
 6 SYSTEMPATH\CodeIgniter.php(841): CodeIgniter\Router\RouteCollection->loadRoutes()
 7 SYSTEMPATH\CodeIgniter.php(464): CodeIgniter\CodeIgniter->tryToRouteIt(null)
 8 SYSTEMPATH\CodeIgniter.php(363): CodeIgniter\CodeIgniter->handleRequest(null, Object(Config\Cache), false)
 9 SYSTEMPATH\Boot.php(417): CodeIgniter\CodeIgniter->run()
10 SYSTEMPATH\Boot.php(68): CodeIgniter\Boot::runCodeIgniter(Object(CodeIgniter\CodeIgniter))
11 FCPATH\index.php(59): CodeIgniter\Boot::bootWeb(Object(Config\Paths))
12 SYSTEMPATH\rewrite.php(44): require_once('C:\\Users\\ASUS\\Downloads\\Projectmagang_dr\\Projectmagang_dr\\public\\index.php')
WARNING - 2026-08-04 15:30:34 --> [DEPRECATED] Passing lowercase HTTP method "post" is deprecated. Use uppercase HTTP method like "POST". in SYSTEMPATH\Router\RouteCollection.php on line 1026.
 1 SYSTEMPATH\Router\RouteCollection.php(1026): trigger_error('Passing lowercase HTTP method "post" is deprecated. Use uppercase HTTP method like "POST".', 16384)
 2 APPPATH\Config\Routes.php(177): CodeIgniter\Router\RouteCollection->match([...], 'upload-dokumen', '\\App\\Controllers\\Kabid\\C_UploadDokumen::index')
 3 SYSTEMPATH\Router\RouteCollection.php(799): CodeIgniter\Router\RouteCollection::{closure:C:\Users\ASUS\Downloads\Projectmagang_dr\Projectmagang_dr\app\Config\Routes.php:153}(Object(CodeIgniter\Router\RouteCollection))
 4 APPPATH\Config\Routes.php(153): CodeIgniter\Router\RouteCollection->group('kabid', [...], Object(Closure))
 5 SYSTEMPATH\Router\RouteCollection.php(339): require('C:\\Users\\ASUS\\Downloads\\Projectmagang_dr\\Projectmagang_dr\\app\\Config\\Routes.php')
 6 SYSTEMPATH\CodeIgniter.php(841): CodeIgniter\Router\RouteCollection->loadRoutes()
 7 SYSTEMPATH\CodeIgniter.php(464): CodeIgniter\CodeIgniter->tryToRouteIt(null)
 8 SYSTEMPATH\CodeIgniter.php(363): CodeIgniter\CodeIgniter->handleRequest(null, Object(Config\Cache), false)
 9 SYSTEMPATH\Boot.php(417): CodeIgniter\CodeIgniter->run()
10 SYSTEMPATH\Boot.php(68): CodeIgniter\Boot::runCodeIgniter(Object(CodeIgniter\CodeIgniter))
11 FCPATH\index.php(59): CodeIgniter\Boot::bootWeb(Object(Config\Paths))
12 SYSTEMPATH\rewrite.php(44): require_once('C:\\Users\\ASUS\\Downloads\\Projectmagang_dr\\Projectmagang_dr\\public\\index.php')
DEBUG - 2026-08-04 15:30:34 --> Session: Class initialized using 'CodeIgniter\Session\Handlers\FileHandler' driver.
WARNING - 2026-08-04 15:30:34 --> [DEPRECATED] Passing lowercase HTTP method "get" is deprecated. Use uppercase HTTP method like "GET". in SYSTEMPATH\Router\RouteCollection.php on line 1026.
 1 SYSTEMPATH\Router\RouteCollection.php(1026): trigger_error('Passing lowercase HTTP method "get" is deprecated. Use uppercase HTTP method like "GET".', 16384)
 2 APPPATH\Config\Routes.php(77): CodeIgniter\Router\RouteCollection->match([...], 'logbook', 'C_Logbook::logbook')
 3 SYSTEMPATH\Router\RouteCollection.php(799): CodeIgniter\Router\RouteCollection::{closure:C:\Users\ASUS\Downloads\Projectmagang_dr\Projectmagang_dr\app\Config\Routes.php:59}(Object(CodeIgniter\Router\RouteCollection))
 4 APPPATH\Config\Routes.php(59): CodeIgniter\Router\RouteCollection->group('mahasiswa', [...], Object(Closure))
 5 SYSTEMPATH\Router\RouteCollection.php(339): require('C:\\Users\\ASUS\\Downloads\\Projectmagang_dr\\Projectmagang_dr\\app\\Config\\Routes.php')
 6 SYSTEMPATH\CodeIgniter.php(841): CodeIgniter\Router\RouteCollection->loadRoutes()
 7 SYSTEMPATH\CodeIgniter.php(464): CodeIgniter\CodeIgniter->tryToRouteIt(null)
 8 SYSTEMPATH\CodeIgniter.php(363): CodeIgniter\CodeIgniter->handleRequest(null, Object(Config\Cache), false)
 9 SYSTEMPATH\Boot.php(417): CodeIgniter\CodeIgniter->run()
10 SYSTEMPATH\Boot.php(68): CodeIgniter\Boot::runCodeIgniter(Object(CodeIgniter\CodeIgniter))
11 FCPATH\index.php(59): CodeIgniter\Boot::bootWeb(Object(Config\Paths))
12 SYSTEMPATH\rewrite.php(44): require_once('C:\\Users\\ASUS\\Downloads\\Projectmagang_dr\\Projectmagang_dr\\public\\index.php')
WARNING - 2026-08-04 15:30:34 --> [DEPRECATED] Passing lowercase HTTP method "post" is deprecated. Use uppercase HTTP method like "POST". in SYSTEMPATH\Router\RouteCollection.php on line 1026.
 1 SYSTEMPATH\Router\RouteCollection.php(1026): trigger_error('Passing lowercase HTTP method "post" is deprecated. Use uppercase HTTP method like "POST".', 16384)
 2 APPPATH\Config\Routes.php(77): CodeIgniter\Router\RouteCollection->match([...], 'logbook', 'C_Logbook::logbook')
 3 SYSTEMPATH\Router\RouteCollection.php(799): CodeIgniter\Router\RouteCollection::{closure:C:\Users\ASUS\Downloads\Projectmagang_dr\Projectmagang_dr\app\Config\Routes.php:59}(Object(CodeIgniter\Router\RouteCollection))
 4 APPPATH\Config\Routes.php(59): CodeIgniter\Router\RouteCollection->group('mahasiswa', [...], Object(Closure))
 5 SYSTEMPATH\Router\RouteCollection.php(339): require('C:\\Users\\ASUS\\Downloads\\Projectmagang_dr\\Projectmagang_dr\\app\\Config\\Routes.php')
 6 SYSTEMPATH\CodeIgniter.php(841): CodeIgniter\Router\RouteCollection->loadRoutes()
 7 SYSTEMPATH\CodeIgniter.php(464): CodeIgniter\CodeIgniter->tryToRouteIt(null)
 8 SYSTEMPATH\CodeIgniter.php(363): CodeIgniter\CodeIgniter->handleRequest(null, Object(Config\Cache), false)
 9 SYSTEMPATH\Boot.php(417): CodeIgniter\CodeIgniter->run()
10 SYSTEMPATH\Boot.php(68): CodeIgniter\Boot::runCodeIgniter(Object(CodeIgniter\CodeIgniter))
11 FCPATH\index.php(59): CodeIgniter\Boot::bootWeb(Object(Config\Paths))
12 SYSTEMPATH\rewrite.php(44): require_once('C:\\Users\\ASUS\\Downloads\\Projectmagang_dr\\Projectmagang_dr\\public\\index.php')
WARNING - 2026-08-04 15:30:34 --> [DEPRECATED] Passing lowercase HTTP method "get" is deprecated. Use uppercase HTTP method like "GET". in SYSTEMPATH\Router\RouteCollection.php on line 1026.
 1 SYSTEMPATH\Router\RouteCollection.php(1026): trigger_error('Passing lowercase HTTP method "get" is deprecated. Use uppercase HTTP method like "GET".', 16384)
 2 APPPATH\Config\Routes.php(95): CodeIgniter\Router\RouteCollection->match([...], 'verifikasi', '\\App\\Controllers\\Sekretariat\\C_Verifikasi::index')
 3 SYSTEMPATH\Router\RouteCollection.php(799): CodeIgniter\Router\RouteCollection::{closure:C:\Users\ASUS\Downloads\Projectmagang_dr\Projectmagang_dr\app\Config\Routes.php:89}(Object(CodeIgniter\Router\RouteCollection))
 4 APPPATH\Config\Routes.php(89): CodeIgniter\Router\RouteCollection->group('sekretariat', [...], Object(Closure))
 5 SYSTEMPATH\Router\RouteCollection.php(339): require('C:\\Users\\ASUS\\Downloads\\Projectmagang_dr\\Projectmagang_dr\\app\\Config\\Routes.php')
 6 SYSTEMPATH\CodeIgniter.php(841): CodeIgniter\Router\RouteCollection->loadRoutes()
 7 SYSTEMPATH\CodeIgniter.php(464): CodeIgniter\CodeIgniter->tryToRouteIt(null)
 8 SYSTEMPATH\CodeIgniter.php(363): CodeIgniter\CodeIgniter->handleRequest(null, Object(Config\Cache), false)
 9 SYSTEMPATH\Boot.php(417): CodeIgniter\CodeIgniter->run()
10 SYSTEMPATH\Boot.php(68): CodeIgniter\Boot::runCodeIgniter(Object(CodeIgniter\CodeIgniter))
11 FCPATH\index.php(59): CodeIgniter\Boot::bootWeb(Object(Config\Paths))
12 SYSTEMPATH\rewrite.php(44): require_once('C:\\Users\\ASUS\\Downloads\\Projectmagang_dr\\Projectmagang_dr\\public\\index.php')
WARNING - 2026-08-04 15:30:34 --> [DEPRECATED] Passing lowercase HTTP method "post" is deprecated. Use uppercase HTTP method like "POST". in SYSTEMPATH\Router\RouteCollection.php on line 1026.
 1 SYSTEMPATH\Router\RouteCollection.php(1026): trigger_error('Passing lowercase HTTP method "post" is deprecated. Use uppercase HTTP method like "POST".', 16384)
 2 APPPATH\Config\Routes.php(95): CodeIgniter\Router\RouteCollection->match([...], 'verifikasi', '\\App\\Controllers\\Sekretariat\\C_Verifikasi::index')
 3 SYSTEMPATH\Router\RouteCollection.php(799): CodeIgniter\Router\RouteCollection::{closure:C:\Users\ASUS\Downloads\Projectmagang_dr\Projectmagang_dr\app\Config\Routes.php:89}(Object(CodeIgniter\Router\RouteCollection))
 4 APPPATH\Config\Routes.php(89): CodeIgniter\Router\RouteCollection->group('sekretariat', [...], Object(Closure))
 5 SYSTEMPATH\Router\RouteCollection.php(339): require('C:\\Users\\ASUS\\Downloads\\Projectmagang_dr\\Projectmagang_dr\\app\\Config\\Routes.php')
 6 SYSTEMPATH\CodeIgniter.php(841): CodeIgniter\Router\RouteCollection->loadRoutes()
 7 SYSTEMPATH\CodeIgniter.php(464): CodeIgniter\CodeIgniter->tryToRouteIt(null)
 8 SYSTEMPATH\CodeIgniter.php(363): CodeIgniter\CodeIgniter->handleRequest(null, Object(Config\Cache), false)
 9 SYSTEMPATH\Boot.php(417): CodeIgniter\CodeIgniter->run()
10 SYSTEMPATH\Boot.php(68): CodeIgniter\Boot::runCodeIgniter(Object(CodeIgniter\CodeIgniter))
11 FCPATH\index.php(59): CodeIgniter\Boot::bootWeb(Object(Config\Paths))
12 SYSTEMPATH\rewrite.php(44): require_once('C:\\Users\\ASUS\\Downloads\\Projectmagang_dr\\Projectmagang_dr\\public\\index.php')
WARNING - 2026-08-04 15:30:34 --> [DEPRECATED] Passing lowercase HTTP method "get" is deprecated. Use uppercase HTTP method like "GET". in SYSTEMPATH\Router\RouteCollection.php on line 1026.
 1 SYSTEMPATH\Router\RouteCollection.php(1026): trigger_error('Passing lowercase HTTP method "get" is deprecated. Use uppercase HTTP method like "GET".', 16384)
 2 APPPATH\Config\Routes.php(144): CodeIgniter\Router\RouteCollection->match([...], 'upload-surat-penerimaan', '\\App\\Controllers\\Sekretariat\\C_UploadSuratPenerimaan::index')
 3 SYSTEMPATH\Router\RouteCollection.php(799): CodeIgniter\Router\RouteCollection::{closure:C:\Users\ASUS\Downloads\Projectmagang_dr\Projectmagang_dr\app\Config\Routes.php:89}(Object(CodeIgniter\Router\RouteCollection))
 4 APPPATH\Config\Routes.php(89): CodeIgniter\Router\RouteCollection->group('sekretariat', [...], Object(Closure))
 5 SYSTEMPATH\Router\RouteCollection.php(339): require('C:\\Users\\ASUS\\Downloads\\Projectmagang_dr\\Projectmagang_dr\\app\\Config\\Routes.php')
 6 SYSTEMPATH\CodeIgniter.php(841): CodeIgniter\Router\RouteCollection->loadRoutes()
 7 SYSTEMPATH\CodeIgniter.php(464): CodeIgniter\CodeIgniter->tryToRouteIt(null)
 8 SYSTEMPATH\CodeIgniter.php(363): CodeIgniter\CodeIgniter->handleRequest(null, Object(Config\Cache), false)
 9 SYSTEMPATH\Boot.php(417): CodeIgniter\CodeIgniter->run()
10 SYSTEMPATH\Boot.php(68): CodeIgniter\Boot::runCodeIgniter(Object(CodeIgniter\CodeIgniter))
11 FCPATH\index.php(59): CodeIgniter\Boot::bootWeb(Object(Config\Paths))
12 SYSTEMPATH\rewrite.php(44): require_once('C:\\Users\\ASUS\\Downloads\\Projectmagang_dr\\Projectmagang_dr\\public\\index.php')
WARNING - 2026-08-04 15:30:34 --> [DEPRECATED] Passing lowercase HTTP method "post" is deprecated. Use uppercase HTTP method like "POST". in SYSTEMPATH\Router\RouteCollection.php on line 1026.
 1 SYSTEMPATH\Router\RouteCollection.php(1026): trigger_error('Passing lowercase HTTP method "post" is deprecated. Use uppercase HTTP method like "POST".', 16384)
 2 APPPATH\Config\Routes.php(144): CodeIgniter\Router\RouteCollection->match([...], 'upload-surat-penerimaan', '\\App\\Controllers\\Sekretariat\\C_UploadSuratPenerimaan::index')
 3 SYSTEMPATH\Router\RouteCollection.php(799): CodeIgniter\Router\RouteCollection::{closure:C:\Users\ASUS\Downloads\Projectmagang_dr\Projectmagang_dr\app\Config\Routes.php:89}(Object(CodeIgniter\Router\RouteCollection))
 4 APPPATH\Config\Routes.php(89): CodeIgniter\Router\RouteCollection->group('sekretariat', [...], Object(Closure))
 5 SYSTEMPATH\Router\RouteCollection.php(339): require('C:\\Users\\ASUS\\Downloads\\Projectmagang_dr\\Projectmagang_dr\\app\\Config\\Routes.php')
 6 SYSTEMPATH\CodeIgniter.php(841): CodeIgniter\Router\RouteCollection->loadRoutes()
 7 SYSTEMPATH\CodeIgniter.php(464): CodeIgniter\CodeIgniter->tryToRouteIt(null)
 8 SYSTEMPATH\CodeIgniter.php(363): CodeIgniter\CodeIgniter->handleRequest(null, Object(Config\Cache), false)
 9 SYSTEMPATH\Boot.php(417): CodeIgniter\CodeIgniter->run()
10 SYSTEMPATH\Boot.php(68): CodeIgniter\Boot::runCodeIgniter(Object(CodeIgniter\CodeIgniter))
11 FCPATH\index.php(59): CodeIgniter\Boot::bootWeb(Object(Config\Paths))
12 SYSTEMPATH\rewrite.php(44): require_once('C:\\Users\\ASUS\\Downloads\\Projectmagang_dr\\Projectmagang_dr\\public\\index.php')
WARNING - 2026-08-04 15:30:34 --> [DEPRECATED] Passing lowercase HTTP method "get" is deprecated. Use uppercase HTTP method like "GET". in SYSTEMPATH\Router\RouteCollection.php on line 1026.
 1 SYSTEMPATH\Router\RouteCollection.php(1026): trigger_error('Passing lowercase HTTP method "get" is deprecated. Use uppercase HTTP method like "GET".', 16384)
 2 APPPATH\Config\Routes.php(165): CodeIgniter\Router\RouteCollection->match([...], 'logbook', '\\App\\Controllers\\Kabid\\C_LogbookKabid::index')
 3 SYSTEMPATH\Router\RouteCollection.php(799): CodeIgniter\Router\RouteCollection::{closure:C:\Users\ASUS\Downloads\Projectmagang_dr\Projectmagang_dr\app\Config\Routes.php:153}(Object(CodeIgniter\Router\RouteCollection))
 4 APPPATH\Config\Routes.php(153): CodeIgniter\Router\RouteCollection->group('kabid', [...], Object(Closure))
 5 SYSTEMPATH\Router\RouteCollection.php(339): require('C:\\Users\\ASUS\\Downloads\\Projectmagang_dr\\Projectmagang_dr\\app\\Config\\Routes.php')
 6 SYSTEMPATH\CodeIgniter.php(841): CodeIgniter\Router\RouteCollection->loadRoutes()
 7 SYSTEMPATH\CodeIgniter.php(464): CodeIgniter\CodeIgniter->tryToRouteIt(null)
 8 SYSTEMPATH\CodeIgniter.php(363): CodeIgniter\CodeIgniter->handleRequest(null, Object(Config\Cache), false)
 9 SYSTEMPATH\Boot.php(417): CodeIgniter\CodeIgniter->run()
10 SYSTEMPATH\Boot.php(68): CodeIgniter\Boot::runCodeIgniter(Object(CodeIgniter\CodeIgniter))
11 FCPATH\index.php(59): CodeIgniter\Boot::bootWeb(Object(Config\Paths))
12 SYSTEMPATH\rewrite.php(44): require_once('C:\\Users\\ASUS\\Downloads\\Projectmagang_dr\\Projectmagang_dr\\public\\index.php')
WARNING - 2026-08-04 15:30:34 --> [DEPRECATED] Passing lowercase HTTP method "post" is deprecated. Use uppercase HTTP method like "POST". in SYSTEMPATH\Router\RouteCollection.php on line 1026.
 1 SYSTEMPATH\Router\RouteCollection.php(1026): trigger_error('Passing lowercase HTTP method "post" is deprecated. Use uppercase HTTP method like "POST".', 16384)
 2 APPPATH\Config\Routes.php(165): CodeIgniter\Router\RouteCollection->match([...], 'logbook', '\\App\\Controllers\\Kabid\\C_LogbookKabid::index')
 3 SYSTEMPATH\Router\RouteCollection.php(799): CodeIgniter\Router\RouteCollection::{closure:C:\Users\ASUS\Downloads\Projectmagang_dr\Projectmagang_dr\app\Config\Routes.php:153}(Object(CodeIgniter\Router\RouteCollection))
 4 APPPATH\Config\Routes.php(153): CodeIgniter\Router\RouteCollection->group('kabid', [...], Object(Closure))
 5 SYSTEMPATH\Router\RouteCollection.php(339): require('C:\\Users\\ASUS\\Downloads\\Projectmagang_dr\\Projectmagang_dr\\app\\Config\\Routes.php')
 6 SYSTEMPATH\CodeIgniter.php(841): CodeIgniter\Router\RouteCollection->loadRoutes()
 7 SYSTEMPATH\CodeIgniter.php(464): CodeIgniter\CodeIgniter->tryToRouteIt(null)
 8 SYSTEMPATH\CodeIgniter.php(363): CodeIgniter\CodeIgniter->handleRequest(null, Object(Config\Cache), false)
 9 SYSTEMPATH\Boot.php(417): CodeIgniter\CodeIgniter->run()
10 SYSTEMPATH\Boot.php(68): CodeIgniter\Boot::runCodeIgniter(Object(CodeIgniter\CodeIgniter))
11 FCPATH\index.php(59): CodeIgniter\Boot::bootWeb(Object(Config\Paths))
12 SYSTEMPATH\rewrite.php(44): require_once('C:\\Users\\ASUS\\Downloads\\Projectmagang_dr\\Projectmagang_dr\\public\\index.php')
WARNING - 2026-08-04 15:30:34 --> [DEPRECATED] Passing lowercase HTTP method "get" is deprecated. Use uppercase HTTP method like "GET". in SYSTEMPATH\Router\RouteCollection.php on line 1026.
 1 SYSTEMPATH\Router\RouteCollection.php(1026): trigger_error('Passing lowercase HTTP method "get" is deprecated. Use uppercase HTTP method like "GET".', 16384)
 2 APPPATH\Config\Routes.php(177): CodeIgniter\Router\RouteCollection->match([...], 'upload-dokumen', '\\App\\Controllers\\Kabid\\C_UploadDokumen::index')
 3 SYSTEMPATH\Router\RouteCollection.php(799): CodeIgniter\Router\RouteCollection::{closure:C:\Users\ASUS\Downloads\Projectmagang_dr\Projectmagang_dr\app\Config\Routes.php:153}(Object(CodeIgniter\Router\RouteCollection))
 4 APPPATH\Config\Routes.php(153): CodeIgniter\Router\RouteCollection->group('kabid', [...], Object(Closure))
 5 SYSTEMPATH\Router\RouteCollection.php(339): require('C:\\Users\\ASUS\\Downloads\\Projectmagang_dr\\Projectmagang_dr\\app\\Config\\Routes.php')
 6 SYSTEMPATH\CodeIgniter.php(841): CodeIgniter\Router\RouteCollection->loadRoutes()
 7 SYSTEMPATH\CodeIgniter.php(464): CodeIgniter\CodeIgniter->tryToRouteIt(null)
 8 SYSTEMPATH\CodeIgniter.php(363): CodeIgniter\CodeIgniter->handleRequest(null, Object(Config\Cache), false)
 9 SYSTEMPATH\Boot.php(417): CodeIgniter\CodeIgniter->run()
10 SYSTEMPATH\Boot.php(68): CodeIgniter\Boot::runCodeIgniter(Object(CodeIgniter\CodeIgniter))
11 FCPATH\index.php(59): CodeIgniter\Boot::bootWeb(Object(Config\Paths))
12 SYSTEMPATH\rewrite.php(44): require_once('C:\\Users\\ASUS\\Downloads\\Projectmagang_dr\\Projectmagang_dr\\public\\index.php')
WARNING - 2026-08-04 15:30:34 --> [DEPRECATED] Passing lowercase HTTP method "post" is deprecated. Use uppercase HTTP method like "POST". in SYSTEMPATH\Router\RouteCollection.php on line 1026.
 1 SYSTEMPATH\Router\RouteCollection.php(1026): trigger_error('Passing lowercase HTTP method "post" is deprecated. Use uppercase HTTP method like "POST".', 16384)
 2 APPPATH\Config\Routes.php(177): CodeIgniter\Router\RouteCollection->match([...], 'upload-dokumen', '\\App\\Controllers\\Kabid\\C_UploadDokumen::index')
 3 SYSTEMPATH\Router\RouteCollection.php(799): CodeIgniter\Router\RouteCollection::{closure:C:\Users\ASUS\Downloads\Projectmagang_dr\Projectmagang_dr\app\Config\Routes.php:153}(Object(CodeIgniter\Router\RouteCollection))
 4 APPPATH\Config\Routes.php(153): CodeIgniter\Router\RouteCollection->group('kabid', [...], Object(Closure))
 5 SYSTEMPATH\Router\RouteCollection.php(339): require('C:\\Users\\ASUS\\Downloads\\Projectmagang_dr\\Projectmagang_dr\\app\\Config\\Routes.php')
 6 SYSTEMPATH\CodeIgniter.php(841): CodeIgniter\Router\RouteCollection->loadRoutes()
 7 SYSTEMPATH\CodeIgniter.php(464): CodeIgniter\CodeIgniter->tryToRouteIt(null)
 8 SYSTEMPATH\CodeIgniter.php(363): CodeIgniter\CodeIgniter->handleRequest(null, Object(Config\Cache), false)
 9 SYSTEMPATH\Boot.php(417): CodeIgniter\CodeIgniter->run()
10 SYSTEMPATH\Boot.php(68): CodeIgniter\Boot::runCodeIgniter(Object(CodeIgniter\CodeIgniter))
11 FCPATH\index.php(59): CodeIgniter\Boot::bootWeb(Object(Config\Paths))
12 SYSTEMPATH\rewrite.php(44): require_once('C:\\Users\\ASUS\\Downloads\\Projectmagang_dr\\Projectmagang_dr\\public\\index.php')
DEBUG - 2026-08-04 15:30:34 --> Session: Class initialized using 'CodeIgniter\Session\Handlers\FileHandler' driver.
WARNING - 2026-08-04 15:30:45 --> [DEPRECATED] Passing lowercase HTTP method "get" is deprecated. Use uppercase HTTP method like "GET". in SYSTEMPATH\Router\RouteCollection.php on line 1026.
 1 SYSTEMPATH\Router\RouteCollection.php(1026): trigger_error('Passing lowercase HTTP method "get" is deprecated. Use uppercase HTTP method like "GET".', 16384)
 2 APPPATH\Config\Routes.php(77): CodeIgniter\Router\RouteCollection->match([...], 'logbook', 'C_Logbook::logbook')
 3 SYSTEMPATH\Router\RouteCollection.php(799): CodeIgniter\Router\RouteCollection::{closure:C:\Users\ASUS\Downloads\Projectmagang_dr\Projectmagang_dr\app\Config\Routes.php:59}(Object(CodeIgniter\Router\RouteCollection))
 4 APPPATH\Config\Routes.php(59): CodeIgniter\Router\RouteCollection->group('mahasiswa', [...], Object(Closure))
 5 SYSTEMPATH\Router\RouteCollection.php(339): require('C:\\Users\\ASUS\\Downloads\\Projectmagang_dr\\Projectmagang_dr\\app\\Config\\Routes.php')
 6 SYSTEMPATH\CodeIgniter.php(841): CodeIgniter\Router\RouteCollection->loadRoutes()
 7 SYSTEMPATH\CodeIgniter.php(464): CodeIgniter\CodeIgniter->tryToRouteIt(null)
 8 SYSTEMPATH\CodeIgniter.php(363): CodeIgniter\CodeIgniter->handleRequest(null, Object(Config\Cache), false)
 9 SYSTEMPATH\Boot.php(417): CodeIgniter\CodeIgniter->run()
10 SYSTEMPATH\Boot.php(68): CodeIgniter\Boot::runCodeIgniter(Object(CodeIgniter\CodeIgniter))
11 FCPATH\index.php(59): CodeIgniter\Boot::bootWeb(Object(Config\Paths))
12 SYSTEMPATH\rewrite.php(44): require_once('C:\\Users\\ASUS\\Downloads\\Projectmagang_dr\\Projectmagang_dr\\public\\index.php')
WARNING - 2026-08-04 15:30:45 --> [DEPRECATED] Passing lowercase HTTP method "post" is deprecated. Use uppercase HTTP method like "POST". in SYSTEMPATH\Router\RouteCollection.php on line 1026.
 1 SYSTEMPATH\Router\RouteCollection.php(1026): trigger_error('Passing lowercase HTTP method "post" is deprecated. Use uppercase HTTP method like "POST".', 16384)
 2 APPPATH\Config\Routes.php(77): CodeIgniter\Router\RouteCollection->match([...], 'logbook', 'C_Logbook::logbook')
 3 SYSTEMPATH\Router\RouteCollection.php(799): CodeIgniter\Router\RouteCollection::{closure:C:\Users\ASUS\Downloads\Projectmagang_dr\Projectmagang_dr\app\Config\Routes.php:59}(Object(CodeIgniter\Router\RouteCollection))
 4 APPPATH\Config\Routes.php(59): CodeIgniter\Router\RouteCollection->group('mahasiswa', [...], Object(Closure))
 5 SYSTEMPATH\Router\RouteCollection.php(339): require('C:\\Users\\ASUS\\Downloads\\Projectmagang_dr\\Projectmagang_dr\\app\\Config\\Routes.php')
 6 SYSTEMPATH\CodeIgniter.php(841): CodeIgniter\Router\RouteCollection->loadRoutes()
 7 SYSTEMPATH\CodeIgniter.php(464): CodeIgniter\CodeIgniter->tryToRouteIt(null)
 8 SYSTEMPATH\CodeIgniter.php(363): CodeIgniter\CodeIgniter->handleRequest(null, Object(Config\Cache), false)
 9 SYSTEMPATH\Boot.php(417): CodeIgniter\CodeIgniter->run()
10 SYSTEMPATH\Boot.php(68): CodeIgniter\Boot::runCodeIgniter(Object(CodeIgniter\CodeIgniter))
11 FCPATH\index.php(59): CodeIgniter\Boot::bootWeb(Object(Config\Paths))
12 SYSTEMPATH\rewrite.php(44): require_once('C:\\Users\\ASUS\\Downloads\\Projectmagang_dr\\Projectmagang_dr\\public\\index.php')
WARNING - 2026-08-04 15:30:45 --> [DEPRECATED] Passing lowercase HTTP method "get" is deprecated. Use uppercase HTTP method like "GET". in SYSTEMPATH\Router\RouteCollection.php on line 1026.
 1 SYSTEMPATH\Router\RouteCollection.php(1026): trigger_error('Passing lowercase HTTP method "get" is deprecated. Use uppercase HTTP method like "GET".', 16384)
 2 APPPATH\Config\Routes.php(95): CodeIgniter\Router\RouteCollection->match([...], 'verifikasi', '\\App\\Controllers\\Sekretariat\\C_Verifikasi::index')
 3 SYSTEMPATH\Router\RouteCollection.php(799): CodeIgniter\Router\RouteCollection::{closure:C:\Users\ASUS\Downloads\Projectmagang_dr\Projectmagang_dr\app\Config\Routes.php:89}(Object(CodeIgniter\Router\RouteCollection))
 4 APPPATH\Config\Routes.php(89): CodeIgniter\Router\RouteCollection->group('sekretariat', [...], Object(Closure))
 5 SYSTEMPATH\Router\RouteCollection.php(339): require('C:\\Users\\ASUS\\Downloads\\Projectmagang_dr\\Projectmagang_dr\\app\\Config\\Routes.php')
 6 SYSTEMPATH\CodeIgniter.php(841): CodeIgniter\Router\RouteCollection->loadRoutes()
 7 SYSTEMPATH\CodeIgniter.php(464): CodeIgniter\CodeIgniter->tryToRouteIt(null)
 8 SYSTEMPATH\CodeIgniter.php(363): CodeIgniter\CodeIgniter->handleRequest(null, Object(Config\Cache), false)
 9 SYSTEMPATH\Boot.php(417): CodeIgniter\CodeIgniter->run()
10 SYSTEMPATH\Boot.php(68): CodeIgniter\Boot::runCodeIgniter(Object(CodeIgniter\CodeIgniter))
11 FCPATH\index.php(59): CodeIgniter\Boot::bootWeb(Object(Config\Paths))
12 SYSTEMPATH\rewrite.php(44): require_once('C:\\Users\\ASUS\\Downloads\\Projectmagang_dr\\Projectmagang_dr\\public\\index.php')
WARNING - 2026-08-04 15:30:45 --> [DEPRECATED] Passing lowercase HTTP method "post" is deprecated. Use uppercase HTTP method like "POST". in SYSTEMPATH\Router\RouteCollection.php on line 1026.
 1 SYSTEMPATH\Router\RouteCollection.php(1026): trigger_error('Passing lowercase HTTP method "post" is deprecated. Use uppercase HTTP method like "POST".', 16384)
 2 APPPATH\Config\Routes.php(95): CodeIgniter\Router\RouteCollection->match([...], 'verifikasi', '\\App\\Controllers\\Sekretariat\\C_Verifikasi::index')
 3 SYSTEMPATH\Router\RouteCollection.php(799): CodeIgniter\Router\RouteCollection::{closure:C:\Users\ASUS\Downloads\Projectmagang_dr\Projectmagang_dr\app\Config\Routes.php:89}(Object(CodeIgniter\Router\RouteCollection))
 4 APPPATH\Config\Routes.php(89): CodeIgniter\Router\RouteCollection->group('sekretariat', [...], Object(Closure))
 5 SYSTEMPATH\Router\RouteCollection.php(339): require('C:\\Users\\ASUS\\Downloads\\Projectmagang_dr\\Projectmagang_dr\\app\\Config\\Routes.php')
 6 SYSTEMPATH\CodeIgniter.php(841): CodeIgniter\Router\RouteCollection->loadRoutes()
 7 SYSTEMPATH\CodeIgniter.php(464): CodeIgniter\CodeIgniter->tryToRouteIt(null)
 8 SYSTEMPATH\CodeIgniter.php(363): CodeIgniter\CodeIgniter->handleRequest(null, Object(Config\Cache), false)
 9 SYSTEMPATH\Boot.php(417): CodeIgniter\CodeIgniter->run()
10 SYSTEMPATH\Boot.php(68): CodeIgniter\Boot::runCodeIgniter(Object(CodeIgniter\CodeIgniter))
11 FCPATH\index.php(59): CodeIgniter\Boot::bootWeb(Object(Config\Paths))
12 SYSTEMPATH\rewrite.php(44): require_once('C:\\Users\\ASUS\\Downloads\\Projectmagang_dr\\Projectmagang_dr\\public\\index.php')
WARNING - 2026-08-04 15:30:45 --> [DEPRECATED] Passing lowercase HTTP method "get" is deprecated. Use uppercase HTTP method like "GET". in SYSTEMPATH\Router\RouteCollection.php on line 1026.
 1 SYSTEMPATH\Router\RouteCollection.php(1026): trigger_error('Passing lowercase HTTP method "get" is deprecated. Use uppercase HTTP method like "GET".', 16384)
 2 APPPATH\Config\Routes.php(144): CodeIgniter\Router\RouteCollection->match([...], 'upload-surat-penerimaan', '\\App\\Controllers\\Sekretariat\\C_UploadSuratPenerimaan::index')
 3 SYSTEMPATH\Router\RouteCollection.php(799): CodeIgniter\Router\RouteCollection::{closure:C:\Users\ASUS\Downloads\Projectmagang_dr\Projectmagang_dr\app\Config\Routes.php:89}(Object(CodeIgniter\Router\RouteCollection))
 4 APPPATH\Config\Routes.php(89): CodeIgniter\Router\RouteCollection->group('sekretariat', [...], Object(Closure))
 5 SYSTEMPATH\Router\RouteCollection.php(339): require('C:\\Users\\ASUS\\Downloads\\Projectmagang_dr\\Projectmagang_dr\\app\\Config\\Routes.php')
 6 SYSTEMPATH\CodeIgniter.php(841): CodeIgniter\Router\RouteCollection->loadRoutes()
 7 SYSTEMPATH\CodeIgniter.php(464): CodeIgniter\CodeIgniter->tryToRouteIt(null)
 8 SYSTEMPATH\CodeIgniter.php(363): CodeIgniter\CodeIgniter->handleRequest(null, Object(Config\Cache), false)
 9 SYSTEMPATH\Boot.php(417): CodeIgniter\CodeIgniter->run()
10 SYSTEMPATH\Boot.php(68): CodeIgniter\Boot::runCodeIgniter(Object(CodeIgniter\CodeIgniter))
11 FCPATH\index.php(59): CodeIgniter\Boot::bootWeb(Object(Config\Paths))
12 SYSTEMPATH\rewrite.php(44): require_once('C:\\Users\\ASUS\\Downloads\\Projectmagang_dr\\Projectmagang_dr\\public\\index.php')
WARNING - 2026-08-04 15:30:45 --> [DEPRECATED] Passing lowercase HTTP method "post" is deprecated. Use uppercase HTTP method like "POST". in SYSTEMPATH\Router\RouteCollection.php on line 1026.
 1 SYSTEMPATH\Router\RouteCollection.php(1026): trigger_error('Passing lowercase HTTP method "post" is deprecated. Use uppercase HTTP method like "POST".', 16384)
 2 APPPATH\Config\Routes.php(144): CodeIgniter\Router\RouteCollection->match([...], 'upload-surat-penerimaan', '\\App\\Controllers\\Sekretariat\\C_UploadSuratPenerimaan::index')
 3 SYSTEMPATH\Router\RouteCollection.php(799): CodeIgniter\Router\RouteCollection::{closure:C:\Users\ASUS\Downloads\Projectmagang_dr\Projectmagang_dr\app\Config\Routes.php:89}(Object(CodeIgniter\Router\RouteCollection))
 4 APPPATH\Config\Routes.php(89): CodeIgniter\Router\RouteCollection->group('sekretariat', [...], Object(Closure))
 5 SYSTEMPATH\Router\RouteCollection.php(339): require('C:\\Users\\ASUS\\Downloads\\Projectmagang_dr\\Projectmagang_dr\\app\\Config\\Routes.php')
 6 SYSTEMPATH\CodeIgniter.php(841): CodeIgniter\Router\RouteCollection->loadRoutes()
 7 SYSTEMPATH\CodeIgniter.php(464): CodeIgniter\CodeIgniter->tryToRouteIt(null)
 8 SYSTEMPATH\CodeIgniter.php(363): CodeIgniter\CodeIgniter->handleRequest(null, Object(Config\Cache), false)
 9 SYSTEMPATH\Boot.php(417): CodeIgniter\CodeIgniter->run()
10 SYSTEMPATH\Boot.php(68): CodeIgniter\Boot::runCodeIgniter(Object(CodeIgniter\CodeIgniter))
11 FCPATH\index.php(59): CodeIgniter\Boot::bootWeb(Object(Config\Paths))
12 SYSTEMPATH\rewrite.php(44): require_once('C:\\Users\\ASUS\\Downloads\\Projectmagang_dr\\Projectmagang_dr\\public\\index.php')
WARNING - 2026-08-04 15:30:45 --> [DEPRECATED] Passing lowercase HTTP method "get" is deprecated. Use uppercase HTTP method like "GET". in SYSTEMPATH\Router\RouteCollection.php on line 1026.
 1 SYSTEMPATH\Router\RouteCollection.php(1026): trigger_error('Passing lowercase HTTP method "get" is deprecated. Use uppercase HTTP method like "GET".', 16384)
 2 APPPATH\Config\Routes.php(165): CodeIgniter\Router\RouteCollection->match([...], 'logbook', '\\App\\Controllers\\Kabid\\C_LogbookKabid::index')
 3 SYSTEMPATH\Router\RouteCollection.php(799): CodeIgniter\Router\RouteCollection::{closure:C:\Users\ASUS\Downloads\Projectmagang_dr\Projectmagang_dr\app\Config\Routes.php:153}(Object(CodeIgniter\Router\RouteCollection))
 4 APPPATH\Config\Routes.php(153): CodeIgniter\Router\RouteCollection->group('kabid', [...], Object(Closure))
 5 SYSTEMPATH\Router\RouteCollection.php(339): require('C:\\Users\\ASUS\\Downloads\\Projectmagang_dr\\Projectmagang_dr\\app\\Config\\Routes.php')
 6 SYSTEMPATH\CodeIgniter.php(841): CodeIgniter\Router\RouteCollection->loadRoutes()
 7 SYSTEMPATH\CodeIgniter.php(464): CodeIgniter\CodeIgniter->tryToRouteIt(null)
 8 SYSTEMPATH\CodeIgniter.php(363): CodeIgniter\CodeIgniter->handleRequest(null, Object(Config\Cache), false)
 9 SYSTEMPATH\Boot.php(417): CodeIgniter\CodeIgniter->run()
10 SYSTEMPATH\Boot.php(68): CodeIgniter\Boot::runCodeIgniter(Object(CodeIgniter\CodeIgniter))
11 FCPATH\index.php(59): CodeIgniter\Boot::bootWeb(Object(Config\Paths))
12 SYSTEMPATH\rewrite.php(44): require_once('C:\\Users\\ASUS\\Downloads\\Projectmagang_dr\\Projectmagang_dr\\public\\index.php')
WARNING - 2026-08-04 15:30:45 --> [DEPRECATED] Passing lowercase HTTP method "post" is deprecated. Use uppercase HTTP method like "POST". in SYSTEMPATH\Router\RouteCollection.php on line 1026.
 1 SYSTEMPATH\Router\RouteCollection.php(1026): trigger_error('Passing lowercase HTTP method "post" is deprecated. Use uppercase HTTP method like "POST".', 16384)
 2 APPPATH\Config\Routes.php(165): CodeIgniter\Router\RouteCollection->match([...], 'logbook', '\\App\\Controllers\\Kabid\\C_LogbookKabid::index')
 3 SYSTEMPATH\Router\RouteCollection.php(799): CodeIgniter\Router\RouteCollection::{closure:C:\Users\ASUS\Downloads\Projectmagang_dr\Projectmagang_dr\app\Config\Routes.php:153}(Object(CodeIgniter\Router\RouteCollection))
 4 APPPATH\Config\Routes.php(153): CodeIgniter\Router\RouteCollection->group('kabid', [...], Object(Closure))
 5 SYSTEMPATH\Router\RouteCollection.php(339): require('C:\\Users\\ASUS\\Downloads\\Projectmagang_dr\\Projectmagang_dr\\app\\Config\\Routes.php')
 6 SYSTEMPATH\CodeIgniter.php(841): CodeIgniter\Router\RouteCollection->loadRoutes()
 7 SYSTEMPATH\CodeIgniter.php(464): CodeIgniter\CodeIgniter->tryToRouteIt(null)
 8 SYSTEMPATH\CodeIgniter.php(363): CodeIgniter\CodeIgniter->handleRequest(null, Object(Config\Cache), false)
 9 SYSTEMPATH\Boot.php(417): CodeIgniter\CodeIgniter->run()
10 SYSTEMPATH\Boot.php(68): CodeIgniter\Boot::runCodeIgniter(Object(CodeIgniter\CodeIgniter))
11 FCPATH\index.php(59): CodeIgniter\Boot::bootWeb(Object(Config\Paths))
12 SYSTEMPATH\rewrite.php(44): require_once('C:\\Users\\ASUS\\Downloads\\Projectmagang_dr\\Projectmagang_dr\\public\\index.php')
WARNING - 2026-08-04 15:30:45 --> [DEPRECATED] Passing lowercase HTTP method "get" is deprecated. Use uppercase HTTP method like "GET". in SYSTEMPATH\Router\RouteCollection.php on line 1026.
 1 SYSTEMPATH\Router\RouteCollection.php(1026): trigger_error('Passing lowercase HTTP method "get" is deprecated. Use uppercase HTTP method like "GET".', 16384)
 2 APPPATH\Config\Routes.php(177): CodeIgniter\Router\RouteCollection->match([...], 'upload-dokumen', '\\App\\Controllers\\Kabid\\C_UploadDokumen::index')
 3 SYSTEMPATH\Router\RouteCollection.php(799): CodeIgniter\Router\RouteCollection::{closure:C:\Users\ASUS\Downloads\Projectmagang_dr\Projectmagang_dr\app\Config\Routes.php:153}(Object(CodeIgniter\Router\RouteCollection))
 4 APPPATH\Config\Routes.php(153): CodeIgniter\Router\RouteCollection->group('kabid', [...], Object(Closure))
 5 SYSTEMPATH\Router\RouteCollection.php(339): require('C:\\Users\\ASUS\\Downloads\\Projectmagang_dr\\Projectmagang_dr\\app\\Config\\Routes.php')
 6 SYSTEMPATH\CodeIgniter.php(841): CodeIgniter\Router\RouteCollection->loadRoutes()
 7 SYSTEMPATH\CodeIgniter.php(464): CodeIgniter\CodeIgniter->tryToRouteIt(null)
 8 SYSTEMPATH\CodeIgniter.php(363): CodeIgniter\CodeIgniter->handleRequest(null, Object(Config\Cache), false)
 9 SYSTEMPATH\Boot.php(417): CodeIgniter\CodeIgniter->run()
10 SYSTEMPATH\Boot.php(68): CodeIgniter\Boot::runCodeIgniter(Object(CodeIgniter\CodeIgniter))
11 FCPATH\index.php(59): CodeIgniter\Boot::bootWeb(Object(Config\Paths))
12 SYSTEMPATH\rewrite.php(44): require_once('C:\\Users\\ASUS\\Downloads\\Projectmagang_dr\\Projectmagang_dr\\public\\index.php')
WARNING - 2026-08-04 15:30:45 --> [DEPRECATED] Passing lowercase HTTP method "post" is deprecated. Use uppercase HTTP method like "POST". in SYSTEMPATH\Router\RouteCollection.php on line 1026.
 1 SYSTEMPATH\Router\RouteCollection.php(1026): trigger_error('Passing lowercase HTTP method "post" is deprecated. Use uppercase HTTP method like "POST".', 16384)
 2 APPPATH\Config\Routes.php(177): CodeIgniter\Router\RouteCollection->match([...], 'upload-dokumen', '\\App\\Controllers\\Kabid\\C_UploadDokumen::index')
 3 SYSTEMPATH\Router\RouteCollection.php(799): CodeIgniter\Router\RouteCollection::{closure:C:\Users\ASUS\Downloads\Projectmagang_dr\Projectmagang_dr\app\Config\Routes.php:153}(Object(CodeIgniter\Router\RouteCollection))
 4 APPPATH\Config\Routes.php(153): CodeIgniter\Router\RouteCollection->group('kabid', [...], Object(Closure))
 5 SYSTEMPATH\Router\RouteCollection.php(339): require('C:\\Users\\ASUS\\Downloads\\Projectmagang_dr\\Projectmagang_dr\\app\\Config\\Routes.php')
 6 SYSTEMPATH\CodeIgniter.php(841): CodeIgniter\Router\RouteCollection->loadRoutes()
 7 SYSTEMPATH\CodeIgniter.php(464): CodeIgniter\CodeIgniter->tryToRouteIt(null)
 8 SYSTEMPATH\CodeIgniter.php(363): CodeIgniter\CodeIgniter->handleRequest(null, Object(Config\Cache), false)
 9 SYSTEMPATH\Boot.php(417): CodeIgniter\CodeIgniter->run()
10 SYSTEMPATH\Boot.php(68): CodeIgniter\Boot::runCodeIgniter(Object(CodeIgniter\CodeIgniter))
11 FCPATH\index.php(59): CodeIgniter\Boot::bootWeb(Object(Config\Paths))
12 SYSTEMPATH\rewrite.php(44): require_once('C:\\Users\\ASUS\\Downloads\\Projectmagang_dr\\Projectmagang_dr\\public\\index.php')
WARNING - 2026-08-04 15:30:58 --> [DEPRECATED] Passing lowercase HTTP method "get" is deprecated. Use uppercase HTTP method like "GET". in SYSTEMPATH\Router\RouteCollection.php on line 1026.
 1 SYSTEMPATH\Router\RouteCollection.php(1026): trigger_error('Passing lowercase HTTP method "get" is deprecated. Use uppercase HTTP method like "GET".', 16384)
 2 APPPATH\Config\Routes.php(77): CodeIgniter\Router\RouteCollection->match([...], 'logbook', 'C_Logbook::logbook')
 3 SYSTEMPATH\Router\RouteCollection.php(799): CodeIgniter\Router\RouteCollection::{closure:C:\Users\ASUS\Downloads\Projectmagang_dr\Projectmagang_dr\app\Config\Routes.php:59}(Object(CodeIgniter\Router\RouteCollection))
 4 APPPATH\Config\Routes.php(59): CodeIgniter\Router\RouteCollection->group('mahasiswa', [...], Object(Closure))
 5 SYSTEMPATH\Router\RouteCollection.php(339): require('C:\\Users\\ASUS\\Downloads\\Projectmagang_dr\\Projectmagang_dr\\app\\Config\\Routes.php')
 6 SYSTEMPATH\CodeIgniter.php(841): CodeIgniter\Router\RouteCollection->loadRoutes()
 7 SYSTEMPATH\CodeIgniter.php(464): CodeIgniter\CodeIgniter->tryToRouteIt(null)
 8 SYSTEMPATH\CodeIgniter.php(363): CodeIgniter\CodeIgniter->handleRequest(null, Object(Config\Cache), false)
 9 SYSTEMPATH\Boot.php(417): CodeIgniter\CodeIgniter->run()
10 SYSTEMPATH\Boot.php(68): CodeIgniter\Boot::runCodeIgniter(Object(CodeIgniter\CodeIgniter))
11 FCPATH\index.php(59): CodeIgniter\Boot::bootWeb(Object(Config\Paths))
12 SYSTEMPATH\rewrite.php(44): require_once('C:\\Users\\ASUS\\Downloads\\Projectmagang_dr\\Projectmagang_dr\\public\\index.php')
WARNING - 2026-08-04 15:30:58 --> [DEPRECATED] Passing lowercase HTTP method "post" is deprecated. Use uppercase HTTP method like "POST". in SYSTEMPATH\Router\RouteCollection.php on line 1026.
 1 SYSTEMPATH\Router\RouteCollection.php(1026): trigger_error('Passing lowercase HTTP method "post" is deprecated. Use uppercase HTTP method like "POST".', 16384)
 2 APPPATH\Config\Routes.php(77): CodeIgniter\Router\RouteCollection->match([...], 'logbook', 'C_Logbook::logbook')
 3 SYSTEMPATH\Router\RouteCollection.php(799): CodeIgniter\Router\RouteCollection::{closure:C:\Users\ASUS\Downloads\Projectmagang_dr\Projectmagang_dr\app\Config\Routes.php:59}(Object(CodeIgniter\Router\RouteCollection))
 4 APPPATH\Config\Routes.php(59): CodeIgniter\Router\RouteCollection->group('mahasiswa', [...], Object(Closure))
 5 SYSTEMPATH\Router\RouteCollection.php(339): require('C:\\Users\\ASUS\\Downloads\\Projectmagang_dr\\Projectmagang_dr\\app\\Config\\Routes.php')
 6 SYSTEMPATH\CodeIgniter.php(841): CodeIgniter\Router\RouteCollection->loadRoutes()
 7 SYSTEMPATH\CodeIgniter.php(464): CodeIgniter\CodeIgniter->tryToRouteIt(null)
 8 SYSTEMPATH\CodeIgniter.php(363): CodeIgniter\CodeIgniter->handleRequest(null, Object(Config\Cache), false)
 9 SYSTEMPATH\Boot.php(417): CodeIgniter\CodeIgniter->run()
10 SYSTEMPATH\Boot.php(68): CodeIgniter\Boot::runCodeIgniter(Object(CodeIgniter\CodeIgniter))
11 FCPATH\index.php(59): CodeIgniter\Boot::bootWeb(Object(Config\Paths))
12 SYSTEMPATH\rewrite.php(44): require_once('C:\\Users\\ASUS\\Downloads\\Projectmagang_dr\\Projectmagang_dr\\public\\index.php')
WARNING - 2026-08-04 15:30:58 --> [DEPRECATED] Passing lowercase HTTP method "get" is deprecated. Use uppercase HTTP method like "GET". in SYSTEMPATH\Router\RouteCollection.php on line 1026.
 1 SYSTEMPATH\Router\RouteCollection.php(1026): trigger_error('Passing lowercase HTTP method "get" is deprecated. Use uppercase HTTP method like "GET".', 16384)
 2 APPPATH\Config\Routes.php(95): CodeIgniter\Router\RouteCollection->match([...], 'verifikasi', '\\App\\Controllers\\Sekretariat\\C_Verifikasi::index')
 3 SYSTEMPATH\Router\RouteCollection.php(799): CodeIgniter\Router\RouteCollection::{closure:C:\Users\ASUS\Downloads\Projectmagang_dr\Projectmagang_dr\app\Config\Routes.php:89}(Object(CodeIgniter\Router\RouteCollection))
 4 APPPATH\Config\Routes.php(89): CodeIgniter\Router\RouteCollection->group('sekretariat', [...], Object(Closure))
 5 SYSTEMPATH\Router\RouteCollection.php(339): require('C:\\Users\\ASUS\\Downloads\\Projectmagang_dr\\Projectmagang_dr\\app\\Config\\Routes.php')
 6 SYSTEMPATH\CodeIgniter.php(841): CodeIgniter\Router\RouteCollection->loadRoutes()
 7 SYSTEMPATH\CodeIgniter.php(464): CodeIgniter\CodeIgniter->tryToRouteIt(null)
 8 SYSTEMPATH\CodeIgniter.php(363): CodeIgniter\CodeIgniter->handleRequest(null, Object(Config\Cache), false)
 9 SYSTEMPATH\Boot.php(417): CodeIgniter\CodeIgniter->run()
10 SYSTEMPATH\Boot.php(68): CodeIgniter\Boot::runCodeIgniter(Object(CodeIgniter\CodeIgniter))
11 FCPATH\index.php(59): CodeIgniter\Boot::bootWeb(Object(Config\Paths))
12 SYSTEMPATH\rewrite.php(44): require_once('C:\\Users\\ASUS\\Downloads\\Projectmagang_dr\\Projectmagang_dr\\public\\index.php')
WARNING - 2026-08-04 15:30:58 --> [DEPRECATED] Passing lowercase HTTP method "post" is deprecated. Use uppercase HTTP method like "POST". in SYSTEMPATH\Router\RouteCollection.php on line 1026.
 1 SYSTEMPATH\Router\RouteCollection.php(1026): trigger_error('Passing lowercase HTTP method "post" is deprecated. Use uppercase HTTP method like "POST".', 16384)
 2 APPPATH\Config\Routes.php(95): CodeIgniter\Router\RouteCollection->match([...], 'verifikasi', '\\App\\Controllers\\Sekretariat\\C_Verifikasi::index')
 3 SYSTEMPATH\Router\RouteCollection.php(799): CodeIgniter\Router\RouteCollection::{closure:C:\Users\ASUS\Downloads\Projectmagang_dr\Projectmagang_dr\app\Config\Routes.php:89}(Object(CodeIgniter\Router\RouteCollection))
 4 APPPATH\Config\Routes.php(89): CodeIgniter\Router\RouteCollection->group('sekretariat', [...], Object(Closure))
 5 SYSTEMPATH\Router\RouteCollection.php(339): require('C:\\Users\\ASUS\\Downloads\\Projectmagang_dr\\Projectmagang_dr\\app\\Config\\Routes.php')
 6 SYSTEMPATH\CodeIgniter.php(841): CodeIgniter\Router\RouteCollection->loadRoutes()
 7 SYSTEMPATH\CodeIgniter.php(464): CodeIgniter\CodeIgniter->tryToRouteIt(null)
 8 SYSTEMPATH\CodeIgniter.php(363): CodeIgniter\CodeIgniter->handleRequest(null, Object(Config\Cache), false)
 9 SYSTEMPATH\Boot.php(417): CodeIgniter\CodeIgniter->run()
10 SYSTEMPATH\Boot.php(68): CodeIgniter\Boot::runCodeIgniter(Object(CodeIgniter\CodeIgniter))
11 FCPATH\index.php(59): CodeIgniter\Boot::bootWeb(Object(Config\Paths))
12 SYSTEMPATH\rewrite.php(44): require_once('C:\\Users\\ASUS\\Downloads\\Projectmagang_dr\\Projectmagang_dr\\public\\index.php')
WARNING - 2026-08-04 15:30:58 --> [DEPRECATED] Passing lowercase HTTP method "get" is deprecated. Use uppercase HTTP method like "GET". in SYSTEMPATH\Router\RouteCollection.php on line 1026.
 1 SYSTEMPATH\Router\RouteCollection.php(1026): trigger_error('Passing lowercase HTTP method "get" is deprecated. Use uppercase HTTP method like "GET".', 16384)
 2 APPPATH\Config\Routes.php(144): CodeIgniter\Router\RouteCollection->match([...], 'upload-surat-penerimaan', '\\App\\Controllers\\Sekretariat\\C_UploadSuratPenerimaan::index')
 3 SYSTEMPATH\Router\RouteCollection.php(799): CodeIgniter\Router\RouteCollection::{closure:C:\Users\ASUS\Downloads\Projectmagang_dr\Projectmagang_dr\app\Config\Routes.php:89}(Object(CodeIgniter\Router\RouteCollection))
 4 APPPATH\Config\Routes.php(89): CodeIgniter\Router\RouteCollection->group('sekretariat', [...], Object(Closure))
 5 SYSTEMPATH\Router\RouteCollection.php(339): require('C:\\Users\\ASUS\\Downloads\\Projectmagang_dr\\Projectmagang_dr\\app\\Config\\Routes.php')
 6 SYSTEMPATH\CodeIgniter.php(841): CodeIgniter\Router\RouteCollection->loadRoutes()
 7 SYSTEMPATH\CodeIgniter.php(464): CodeIgniter\CodeIgniter->tryToRouteIt(null)
 8 SYSTEMPATH\CodeIgniter.php(363): CodeIgniter\CodeIgniter->handleRequest(null, Object(Config\Cache), false)
 9 SYSTEMPATH\Boot.php(417): CodeIgniter\CodeIgniter->run()
10 SYSTEMPATH\Boot.php(68): CodeIgniter\Boot::runCodeIgniter(Object(CodeIgniter\CodeIgniter))
11 FCPATH\index.php(59): CodeIgniter\Boot::bootWeb(Object(Config\Paths))
12 SYSTEMPATH\rewrite.php(44): require_once('C:\\Users\\ASUS\\Downloads\\Projectmagang_dr\\Projectmagang_dr\\public\\index.php')
WARNING - 2026-08-04 15:30:58 --> [DEPRECATED] Passing lowercase HTTP method "post" is deprecated. Use uppercase HTTP method like "POST". in SYSTEMPATH\Router\RouteCollection.php on line 1026.
 1 SYSTEMPATH\Router\RouteCollection.php(1026): trigger_error('Passing lowercase HTTP method "post" is deprecated. Use uppercase HTTP method like "POST".', 16384)
 2 APPPATH\Config\Routes.php(144): CodeIgniter\Router\RouteCollection->match([...], 'upload-surat-penerimaan', '\\App\\Controllers\\Sekretariat\\C_UploadSuratPenerimaan::index')
 3 SYSTEMPATH\Router\RouteCollection.php(799): CodeIgniter\Router\RouteCollection::{closure:C:\Users\ASUS\Downloads\Projectmagang_dr\Projectmagang_dr\app\Config\Routes.php:89}(Object(CodeIgniter\Router\RouteCollection))
 4 APPPATH\Config\Routes.php(89): CodeIgniter\Router\RouteCollection->group('sekretariat', [...], Object(Closure))
 5 SYSTEMPATH\Router\RouteCollection.php(339): require('C:\\Users\\ASUS\\Downloads\\Projectmagang_dr\\Projectmagang_dr\\app\\Config\\Routes.php')
 6 SYSTEMPATH\CodeIgniter.php(841): CodeIgniter\Router\RouteCollection->loadRoutes()
 7 SYSTEMPATH\CodeIgniter.php(464): CodeIgniter\CodeIgniter->tryToRouteIt(null)
 8 SYSTEMPATH\CodeIgniter.php(363): CodeIgniter\CodeIgniter->handleRequest(null, Object(Config\Cache), false)
 9 SYSTEMPATH\Boot.php(417): CodeIgniter\CodeIgniter->run()
10 SYSTEMPATH\Boot.php(68): CodeIgniter\Boot::runCodeIgniter(Object(CodeIgniter\CodeIgniter))
11 FCPATH\index.php(59): CodeIgniter\Boot::bootWeb(Object(Config\Paths))
12 SYSTEMPATH\rewrite.php(44): require_once('C:\\Users\\ASUS\\Downloads\\Projectmagang_dr\\Projectmagang_dr\\public\\index.php')
WARNING - 2026-08-04 15:30:58 --> [DEPRECATED] Passing lowercase HTTP method "get" is deprecated. Use uppercase HTTP method like "GET". in SYSTEMPATH\Router\RouteCollection.php on line 1026.
 1 SYSTEMPATH\Router\RouteCollection.php(1026): trigger_error('Passing lowercase HTTP method "get" is deprecated. Use uppercase HTTP method like "GET".', 16384)
 2 APPPATH\Config\Routes.php(165): CodeIgniter\Router\RouteCollection->match([...], 'logbook', '\\App\\Controllers\\Kabid\\C_LogbookKabid::index')
 3 SYSTEMPATH\Router\RouteCollection.php(799): CodeIgniter\Router\RouteCollection::{closure:C:\Users\ASUS\Downloads\Projectmagang_dr\Projectmagang_dr\app\Config\Routes.php:153}(Object(CodeIgniter\Router\RouteCollection))
 4 APPPATH\Config\Routes.php(153): CodeIgniter\Router\RouteCollection->group('kabid', [...], Object(Closure))
 5 SYSTEMPATH\Router\RouteCollection.php(339): require('C:\\Users\\ASUS\\Downloads\\Projectmagang_dr\\Projectmagang_dr\\app\\Config\\Routes.php')
 6 SYSTEMPATH\CodeIgniter.php(841): CodeIgniter\Router\RouteCollection->loadRoutes()
 7 SYSTEMPATH\CodeIgniter.php(464): CodeIgniter\CodeIgniter->tryToRouteIt(null)
 8 SYSTEMPATH\CodeIgniter.php(363): CodeIgniter\CodeIgniter->handleRequest(null, Object(Config\Cache), false)
 9 SYSTEMPATH\Boot.php(417): CodeIgniter\CodeIgniter->run()
10 SYSTEMPATH\Boot.php(68): CodeIgniter\Boot::runCodeIgniter(Object(CodeIgniter\CodeIgniter))
11 FCPATH\index.php(59): CodeIgniter\Boot::bootWeb(Object(Config\Paths))
12 SYSTEMPATH\rewrite.php(44): require_once('C:\\Users\\ASUS\\Downloads\\Projectmagang_dr\\Projectmagang_dr\\public\\index.php')
WARNING - 2026-08-04 15:30:58 --> [DEPRECATED] Passing lowercase HTTP method "post" is deprecated. Use uppercase HTTP method like "POST". in SYSTEMPATH\Router\RouteCollection.php on line 1026.
 1 SYSTEMPATH\Router\RouteCollection.php(1026): trigger_error('Passing lowercase HTTP method "post" is deprecated. Use uppercase HTTP method like "POST".', 16384)
 2 APPPATH\Config\Routes.php(165): CodeIgniter\Router\RouteCollection->match([...], 'logbook', '\\App\\Controllers\\Kabid\\C_LogbookKabid::index')
 3 SYSTEMPATH\Router\RouteCollection.php(799): CodeIgniter\Router\RouteCollection::{closure:C:\Users\ASUS\Downloads\Projectmagang_dr\Projectmagang_dr\app\Config\Routes.php:153}(Object(CodeIgniter\Router\RouteCollection))
 4 APPPATH\Config\Routes.php(153): CodeIgniter\Router\RouteCollection->group('kabid', [...], Object(Closure))
 5 SYSTEMPATH\Router\RouteCollection.php(339): require('C:\\Users\\ASUS\\Downloads\\Projectmagang_dr\\Projectmagang_dr\\app\\Config\\Routes.php')
 6 SYSTEMPATH\CodeIgniter.php(841): CodeIgniter\Router\RouteCollection->loadRoutes()
 7 SYSTEMPATH\CodeIgniter.php(464): CodeIgniter\CodeIgniter->tryToRouteIt(null)
 8 SYSTEMPATH\CodeIgniter.php(363): CodeIgniter\CodeIgniter->handleRequest(null, Object(Config\Cache), false)
 9 SYSTEMPATH\Boot.php(417): CodeIgniter\CodeIgniter->run()
10 SYSTEMPATH\Boot.php(68): CodeIgniter\Boot::runCodeIgniter(Object(CodeIgniter\CodeIgniter))
11 FCPATH\index.php(59): CodeIgniter\Boot::bootWeb(Object(Config\Paths))
12 SYSTEMPATH\rewrite.php(44): require_once('C:\\Users\\ASUS\\Downloads\\Projectmagang_dr\\Projectmagang_dr\\public\\index.php')
WARNING - 2026-08-04 15:30:58 --> [DEPRECATED] Passing lowercase HTTP method "get" is deprecated. Use uppercase HTTP method like "GET". in SYSTEMPATH\Router\RouteCollection.php on line 1026.
 1 SYSTEMPATH\Router\RouteCollection.php(1026): trigger_error('Passing lowercase HTTP method "get" is deprecated. Use uppercase HTTP method like "GET".', 16384)
 2 APPPATH\Config\Routes.php(177): CodeIgniter\Router\RouteCollection->match([...], 'upload-dokumen', '\\App\\Controllers\\Kabid\\C_UploadDokumen::index')
 3 SYSTEMPATH\Router\RouteCollection.php(799): CodeIgniter\Router\RouteCollection::{closure:C:\Users\ASUS\Downloads\Projectmagang_dr\Projectmagang_dr\app\Config\Routes.php:153}(Object(CodeIgniter\Router\RouteCollection))
 4 APPPATH\Config\Routes.php(153): CodeIgniter\Router\RouteCollection->group('kabid', [...], Object(Closure))
 5 SYSTEMPATH\Router\RouteCollection.php(339): require('C:\\Users\\ASUS\\Downloads\\Projectmagang_dr\\Projectmagang_dr\\app\\Config\\Routes.php')
 6 SYSTEMPATH\CodeIgniter.php(841): CodeIgniter\Router\RouteCollection->loadRoutes()
 7 SYSTEMPATH\CodeIgniter.php(464): CodeIgniter\CodeIgniter->tryToRouteIt(null)
 8 SYSTEMPATH\CodeIgniter.php(363): CodeIgniter\CodeIgniter->handleRequest(null, Object(Config\Cache), false)
 9 SYSTEMPATH\Boot.php(417): CodeIgniter\CodeIgniter->run()
10 SYSTEMPATH\Boot.php(68): CodeIgniter\Boot::runCodeIgniter(Object(CodeIgniter\CodeIgniter))
11 FCPATH\index.php(59): CodeIgniter\Boot::bootWeb(Object(Config\Paths))
12 SYSTEMPATH\rewrite.php(44): require_once('C:\\Users\\ASUS\\Downloads\\Projectmagang_dr\\Projectmagang_dr\\public\\index.php')
WARNING - 2026-08-04 15:30:58 --> [DEPRECATED] Passing lowercase HTTP method "post" is deprecated. Use uppercase HTTP method like "POST". in SYSTEMPATH\Router\RouteCollection.php on line 1026.
 1 SYSTEMPATH\Router\RouteCollection.php(1026): trigger_error('Passing lowercase HTTP method "post" is deprecated. Use uppercase HTTP method like "POST".', 16384)
 2 APPPATH\Config\Routes.php(177): CodeIgniter\Router\RouteCollection->match([...], 'upload-dokumen', '\\App\\Controllers\\Kabid\\C_UploadDokumen::index')
 3 SYSTEMPATH\Router\RouteCollection.php(799): CodeIgniter\Router\RouteCollection::{closure:C:\Users\ASUS\Downloads\Projectmagang_dr\Projectmagang_dr\app\Config\Routes.php:153}(Object(CodeIgniter\Router\RouteCollection))
 4 APPPATH\Config\Routes.php(153): CodeIgniter\Router\RouteCollection->group('kabid', [...], Object(Closure))
 5 SYSTEMPATH\Router\RouteCollection.php(339): require('C:\\Users\\ASUS\\Downloads\\Projectmagang_dr\\Projectmagang_dr\\app\\Config\\Routes.php')
 6 SYSTEMPATH\CodeIgniter.php(841): CodeIgniter\Router\RouteCollection->loadRoutes()
 7 SYSTEMPATH\CodeIgniter.php(464): CodeIgniter\CodeIgniter->tryToRouteIt(null)
 8 SYSTEMPATH\CodeIgniter.php(363): CodeIgniter\CodeIgniter->handleRequest(null, Object(Config\Cache), false)
 9 SYSTEMPATH\Boot.php(417): CodeIgniter\CodeIgniter->run()
10 SYSTEMPATH\Boot.php(68): CodeIgniter\Boot::runCodeIgniter(Object(CodeIgniter\CodeIgniter))
11 FCPATH\index.php(59): CodeIgniter\Boot::bootWeb(Object(Config\Paths))
12 SYSTEMPATH\rewrite.php(44): require_once('C:\\Users\\ASUS\\Downloads\\Projectmagang_dr\\Projectmagang_dr\\public\\index.php')
DEBUG - 2026-08-04 15:30:58 --> Session: Class initialized using 'CodeIgniter\Session\Handlers\FileHandler' driver.
WARNING - 2026-08-04 15:31:32 --> [DEPRECATED] Passing lowercase HTTP method "get" is deprecated. Use uppercase HTTP method like "GET". in SYSTEMPATH\Router\RouteCollection.php on line 1026.
 1 SYSTEMPATH\Router\RouteCollection.php(1026): trigger_error('Passing lowercase HTTP method "get" is deprecated. Use uppercase HTTP method like "GET".', 16384)
 2 APPPATH\Config\Routes.php(77): CodeIgniter\Router\RouteCollection->match([...], 'logbook', 'C_Logbook::logbook')
 3 SYSTEMPATH\Router\RouteCollection.php(799): CodeIgniter\Router\RouteCollection::{closure:C:\Users\ASUS\Downloads\Projectmagang_dr\Projectmagang_dr\app\Config\Routes.php:59}(Object(CodeIgniter\Router\RouteCollection))
 4 APPPATH\Config\Routes.php(59): CodeIgniter\Router\RouteCollection->group('mahasiswa', [...], Object(Closure))
 5 SYSTEMPATH\Router\RouteCollection.php(339): require('C:\\Users\\ASUS\\Downloads\\Projectmagang_dr\\Projectmagang_dr\\app\\Config\\Routes.php')
 6 SYSTEMPATH\CodeIgniter.php(841): CodeIgniter\Router\RouteCollection->loadRoutes()
 7 SYSTEMPATH\CodeIgniter.php(464): CodeIgniter\CodeIgniter->tryToRouteIt(null)
 8 SYSTEMPATH\CodeIgniter.php(363): CodeIgniter\CodeIgniter->handleRequest(null, Object(Config\Cache), false)
 9 SYSTEMPATH\Boot.php(417): CodeIgniter\CodeIgniter->run()
10 SYSTEMPATH\Boot.php(68): CodeIgniter\Boot::runCodeIgniter(Object(CodeIgniter\CodeIgniter))
11 FCPATH\index.php(59): CodeIgniter\Boot::bootWeb(Object(Config\Paths))
12 SYSTEMPATH\rewrite.php(44): require_once('C:\\Users\\ASUS\\Downloads\\Projectmagang_dr\\Projectmagang_dr\\public\\index.php')
WARNING - 2026-08-04 15:31:32 --> [DEPRECATED] Passing lowercase HTTP method "post" is deprecated. Use uppercase HTTP method like "POST". in SYSTEMPATH\Router\RouteCollection.php on line 1026.
 1 SYSTEMPATH\Router\RouteCollection.php(1026): trigger_error('Passing lowercase HTTP method "post" is deprecated. Use uppercase HTTP method like "POST".', 16384)
 2 APPPATH\Config\Routes.php(77): CodeIgniter\Router\RouteCollection->match([...], 'logbook', 'C_Logbook::logbook')
 3 SYSTEMPATH\Router\RouteCollection.php(799): CodeIgniter\Router\RouteCollection::{closure:C:\Users\ASUS\Downloads\Projectmagang_dr\Projectmagang_dr\app\Config\Routes.php:59}(Object(CodeIgniter\Router\RouteCollection))
 4 APPPATH\Config\Routes.php(59): CodeIgniter\Router\RouteCollection->group('mahasiswa', [...], Object(Closure))
 5 SYSTEMPATH\Router\RouteCollection.php(339): require('C:\\Users\\ASUS\\Downloads\\Projectmagang_dr\\Projectmagang_dr\\app\\Config\\Routes.php')
 6 SYSTEMPATH\CodeIgniter.php(841): CodeIgniter\Router\RouteCollection->loadRoutes()
 7 SYSTEMPATH\CodeIgniter.php(464): CodeIgniter\CodeIgniter->tryToRouteIt(null)
 8 SYSTEMPATH\CodeIgniter.php(363): CodeIgniter\CodeIgniter->handleRequest(null, Object(Config\Cache), false)
 9 SYSTEMPATH\Boot.php(417): CodeIgniter\CodeIgniter->run()
10 SYSTEMPATH\Boot.php(68): CodeIgniter\Boot::runCodeIgniter(Object(CodeIgniter\CodeIgniter))
11 FCPATH\index.php(59): CodeIgniter\Boot::bootWeb(Object(Config\Paths))
12 SYSTEMPATH\rewrite.php(44): require_once('C:\\Users\\ASUS\\Downloads\\Projectmagang_dr\\Projectmagang_dr\\public\\index.php')
WARNING - 2026-08-04 15:31:32 --> [DEPRECATED] Passing lowercase HTTP method "get" is deprecated. Use uppercase HTTP method like "GET". in SYSTEMPATH\Router\RouteCollection.php on line 1026.
 1 SYSTEMPATH\Router\RouteCollection.php(1026): trigger_error('Passing lowercase HTTP method "get" is deprecated. Use uppercase HTTP method like "GET".', 16384)
 2 APPPATH\Config\Routes.php(95): CodeIgniter\Router\RouteCollection->match([...], 'verifikasi', '\\App\\Controllers\\Sekretariat\\C_Verifikasi::index')
 3 SYSTEMPATH\Router\RouteCollection.php(799): CodeIgniter\Router\RouteCollection::{closure:C:\Users\ASUS\Downloads\Projectmagang_dr\Projectmagang_dr\app\Config\Routes.php:89}(Object(CodeIgniter\Router\RouteCollection))
 4 APPPATH\Config\Routes.php(89): CodeIgniter\Router\RouteCollection->group('sekretariat', [...], Object(Closure))
 5 SYSTEMPATH\Router\RouteCollection.php(339): require('C:\\Users\\ASUS\\Downloads\\Projectmagang_dr\\Projectmagang_dr\\app\\Config\\Routes.php')
 6 SYSTEMPATH\CodeIgniter.php(841): CodeIgniter\Router\RouteCollection->loadRoutes()
 7 SYSTEMPATH\CodeIgniter.php(464): CodeIgniter\CodeIgniter->tryToRouteIt(null)
 8 SYSTEMPATH\CodeIgniter.php(363): CodeIgniter\CodeIgniter->handleRequest(null, Object(Config\Cache), false)
 9 SYSTEMPATH\Boot.php(417): CodeIgniter\CodeIgniter->run()
10 SYSTEMPATH\Boot.php(68): CodeIgniter\Boot::runCodeIgniter(Object(CodeIgniter\CodeIgniter))
11 FCPATH\index.php(59): CodeIgniter\Boot::bootWeb(Object(Config\Paths))
12 SYSTEMPATH\rewrite.php(44): require_once('C:\\Users\\ASUS\\Downloads\\Projectmagang_dr\\Projectmagang_dr\\public\\index.php')
WARNING - 2026-08-04 15:31:32 --> [DEPRECATED] Passing lowercase HTTP method "post" is deprecated. Use uppercase HTTP method like "POST". in SYSTEMPATH\Router\RouteCollection.php on line 1026.
 1 SYSTEMPATH\Router\RouteCollection.php(1026): trigger_error('Passing lowercase HTTP method "post" is deprecated. Use uppercase HTTP method like "POST".', 16384)
 2 APPPATH\Config\Routes.php(95): CodeIgniter\Router\RouteCollection->match([...], 'verifikasi', '\\App\\Controllers\\Sekretariat\\C_Verifikasi::index')
 3 SYSTEMPATH\Router\RouteCollection.php(799): CodeIgniter\Router\RouteCollection::{closure:C:\Users\ASUS\Downloads\Projectmagang_dr\Projectmagang_dr\app\Config\Routes.php:89}(Object(CodeIgniter\Router\RouteCollection))
 4 APPPATH\Config\Routes.php(89): CodeIgniter\Router\RouteCollection->group('sekretariat', [...], Object(Closure))
 5 SYSTEMPATH\Router\RouteCollection.php(339): require('C:\\Users\\ASUS\\Downloads\\Projectmagang_dr\\Projectmagang_dr\\app\\Config\\Routes.php')
 6 SYSTEMPATH\CodeIgniter.php(841): CodeIgniter\Router\RouteCollection->loadRoutes()
 7 SYSTEMPATH\CodeIgniter.php(464): CodeIgniter\CodeIgniter->tryToRouteIt(null)
 8 SYSTEMPATH\CodeIgniter.php(363): CodeIgniter\CodeIgniter->handleRequest(null, Object(Config\Cache), false)
 9 SYSTEMPATH\Boot.php(417): CodeIgniter\CodeIgniter->run()
10 SYSTEMPATH\Boot.php(68): CodeIgniter\Boot::runCodeIgniter(Object(CodeIgniter\CodeIgniter))
11 FCPATH\index.php(59): CodeIgniter\Boot::bootWeb(Object(Config\Paths))
12 SYSTEMPATH\rewrite.php(44): require_once('C:\\Users\\ASUS\\Downloads\\Projectmagang_dr\\Projectmagang_dr\\public\\index.php')
WARNING - 2026-08-04 15:31:32 --> [DEPRECATED] Passing lowercase HTTP method "get" is deprecated. Use uppercase HTTP method like "GET". in SYSTEMPATH\Router\RouteCollection.php on line 1026.
 1 SYSTEMPATH\Router\RouteCollection.php(1026): trigger_error('Passing lowercase HTTP method "get" is deprecated. Use uppercase HTTP method like "GET".', 16384)
 2 APPPATH\Config\Routes.php(144): CodeIgniter\Router\RouteCollection->match([...], 'upload-surat-penerimaan', '\\App\\Controllers\\Sekretariat\\C_UploadSuratPenerimaan::index')
 3 SYSTEMPATH\Router\RouteCollection.php(799): CodeIgniter\Router\RouteCollection::{closure:C:\Users\ASUS\Downloads\Projectmagang_dr\Projectmagang_dr\app\Config\Routes.php:89}(Object(CodeIgniter\Router\RouteCollection))
 4 APPPATH\Config\Routes.php(89): CodeIgniter\Router\RouteCollection->group('sekretariat', [...], Object(Closure))
 5 SYSTEMPATH\Router\RouteCollection.php(339): require('C:\\Users\\ASUS\\Downloads\\Projectmagang_dr\\Projectmagang_dr\\app\\Config\\Routes.php')
 6 SYSTEMPATH\CodeIgniter.php(841): CodeIgniter\Router\RouteCollection->loadRoutes()
 7 SYSTEMPATH\CodeIgniter.php(464): CodeIgniter\CodeIgniter->tryToRouteIt(null)
 8 SYSTEMPATH\CodeIgniter.php(363): CodeIgniter\CodeIgniter->handleRequest(null, Object(Config\Cache), false)
 9 SYSTEMPATH\Boot.php(417): CodeIgniter\CodeIgniter->run()
10 SYSTEMPATH\Boot.php(68): CodeIgniter\Boot::runCodeIgniter(Object(CodeIgniter\CodeIgniter))
11 FCPATH\index.php(59): CodeIgniter\Boot::bootWeb(Object(Config\Paths))
12 SYSTEMPATH\rewrite.php(44): require_once('C:\\Users\\ASUS\\Downloads\\Projectmagang_dr\\Projectmagang_dr\\public\\index.php')
WARNING - 2026-08-04 15:31:32 --> [DEPRECATED] Passing lowercase HTTP method "post" is deprecated. Use uppercase HTTP method like "POST". in SYSTEMPATH\Router\RouteCollection.php on line 1026.
 1 SYSTEMPATH\Router\RouteCollection.php(1026): trigger_error('Passing lowercase HTTP method "post" is deprecated. Use uppercase HTTP method like "POST".', 16384)
 2 APPPATH\Config\Routes.php(144): CodeIgniter\Router\RouteCollection->match([...], 'upload-surat-penerimaan', '\\App\\Controllers\\Sekretariat\\C_UploadSuratPenerimaan::index')
 3 SYSTEMPATH\Router\RouteCollection.php(799): CodeIgniter\Router\RouteCollection::{closure:C:\Users\ASUS\Downloads\Projectmagang_dr\Projectmagang_dr\app\Config\Routes.php:89}(Object(CodeIgniter\Router\RouteCollection))
 4 APPPATH\Config\Routes.php(89): CodeIgniter\Router\RouteCollection->group('sekretariat', [...], Object(Closure))
 5 SYSTEMPATH\Router\RouteCollection.php(339): require('C:\\Users\\ASUS\\Downloads\\Projectmagang_dr\\Projectmagang_dr\\app\\Config\\Routes.php')
 6 SYSTEMPATH\CodeIgniter.php(841): CodeIgniter\Router\RouteCollection->loadRoutes()
 7 SYSTEMPATH\CodeIgniter.php(464): CodeIgniter\CodeIgniter->tryToRouteIt(null)
 8 SYSTEMPATH\CodeIgniter.php(363): CodeIgniter\CodeIgniter->handleRequest(null, Object(Config\Cache), false)
 9 SYSTEMPATH\Boot.php(417): CodeIgniter\CodeIgniter->run()
10 SYSTEMPATH\Boot.php(68): CodeIgniter\Boot::runCodeIgniter(Object(CodeIgniter\CodeIgniter))
11 FCPATH\index.php(59): CodeIgniter\Boot::bootWeb(Object(Config\Paths))
12 SYSTEMPATH\rewrite.php(44): require_once('C:\\Users\\ASUS\\Downloads\\Projectmagang_dr\\Projectmagang_dr\\public\\index.php')
WARNING - 2026-08-04 15:31:32 --> [DEPRECATED] Passing lowercase HTTP method "get" is deprecated. Use uppercase HTTP method like "GET". in SYSTEMPATH\Router\RouteCollection.php on line 1026.
 1 SYSTEMPATH\Router\RouteCollection.php(1026): trigger_error('Passing lowercase HTTP method "get" is deprecated. Use uppercase HTTP method like "GET".', 16384)
 2 APPPATH\Config\Routes.php(165): CodeIgniter\Router\RouteCollection->match([...], 'logbook', '\\App\\Controllers\\Kabid\\C_LogbookKabid::index')
 3 SYSTEMPATH\Router\RouteCollection.php(799): CodeIgniter\Router\RouteCollection::{closure:C:\Users\ASUS\Downloads\Projectmagang_dr\Projectmagang_dr\app\Config\Routes.php:153}(Object(CodeIgniter\Router\RouteCollection))
 4 APPPATH\Config\Routes.php(153): CodeIgniter\Router\RouteCollection->group('kabid', [...], Object(Closure))
 5 SYSTEMPATH\Router\RouteCollection.php(339): require('C:\\Users\\ASUS\\Downloads\\Projectmagang_dr\\Projectmagang_dr\\app\\Config\\Routes.php')
 6 SYSTEMPATH\CodeIgniter.php(841): CodeIgniter\Router\RouteCollection->loadRoutes()
 7 SYSTEMPATH\CodeIgniter.php(464): CodeIgniter\CodeIgniter->tryToRouteIt(null)
 8 SYSTEMPATH\CodeIgniter.php(363): CodeIgniter\CodeIgniter->handleRequest(null, Object(Config\Cache), false)
 9 SYSTEMPATH\Boot.php(417): CodeIgniter\CodeIgniter->run()
10 SYSTEMPATH\Boot.php(68): CodeIgniter\Boot::runCodeIgniter(Object(CodeIgniter\CodeIgniter))
11 FCPATH\index.php(59): CodeIgniter\Boot::bootWeb(Object(Config\Paths))
12 SYSTEMPATH\rewrite.php(44): require_once('C:\\Users\\ASUS\\Downloads\\Projectmagang_dr\\Projectmagang_dr\\public\\index.php')
WARNING - 2026-08-04 15:31:32 --> [DEPRECATED] Passing lowercase HTTP method "post" is deprecated. Use uppercase HTTP method like "POST". in SYSTEMPATH\Router\RouteCollection.php on line 1026.
 1 SYSTEMPATH\Router\RouteCollection.php(1026): trigger_error('Passing lowercase HTTP method "post" is deprecated. Use uppercase HTTP method like "POST".', 16384)
 2 APPPATH\Config\Routes.php(165): CodeIgniter\Router\RouteCollection->match([...], 'logbook', '\\App\\Controllers\\Kabid\\C_LogbookKabid::index')
 3 SYSTEMPATH\Router\RouteCollection.php(799): CodeIgniter\Router\RouteCollection::{closure:C:\Users\ASUS\Downloads\Projectmagang_dr\Projectmagang_dr\app\Config\Routes.php:153}(Object(CodeIgniter\Router\RouteCollection))
 4 APPPATH\Config\Routes.php(153): CodeIgniter\Router\RouteCollection->group('kabid', [...], Object(Closure))
 5 SYSTEMPATH\Router\RouteCollection.php(339): require('C:\\Users\\ASUS\\Downloads\\Projectmagang_dr\\Projectmagang_dr\\app\\Config\\Routes.php')
 6 SYSTEMPATH\CodeIgniter.php(841): CodeIgniter\Router\RouteCollection->loadRoutes()
 7 SYSTEMPATH\CodeIgniter.php(464): CodeIgniter\CodeIgniter->tryToRouteIt(null)
 8 SYSTEMPATH\CodeIgniter.php(363): CodeIgniter\CodeIgniter->handleRequest(null, Object(Config\Cache), false)
 9 SYSTEMPATH\Boot.php(417): CodeIgniter\CodeIgniter->run()
10 SYSTEMPATH\Boot.php(68): CodeIgniter\Boot::runCodeIgniter(Object(CodeIgniter\CodeIgniter))
11 FCPATH\index.php(59): CodeIgniter\Boot::bootWeb(Object(Config\Paths))
12 SYSTEMPATH\rewrite.php(44): require_once('C:\\Users\\ASUS\\Downloads\\Projectmagang_dr\\Projectmagang_dr\\public\\index.php')
WARNING - 2026-08-04 15:31:32 --> [DEPRECATED] Passing lowercase HTTP method "get" is deprecated. Use uppercase HTTP method like "GET". in SYSTEMPATH\Router\RouteCollection.php on line 1026.
 1 SYSTEMPATH\Router\RouteCollection.php(1026): trigger_error('Passing lowercase HTTP method "get" is deprecated. Use uppercase HTTP method like "GET".', 16384)
 2 APPPATH\Config\Routes.php(177): CodeIgniter\Router\RouteCollection->match([...], 'upload-dokumen', '\\App\\Controllers\\Kabid\\C_UploadDokumen::index')
 3 SYSTEMPATH\Router\RouteCollection.php(799): CodeIgniter\Router\RouteCollection::{closure:C:\Users\ASUS\Downloads\Projectmagang_dr\Projectmagang_dr\app\Config\Routes.php:153}(Object(CodeIgniter\Router\RouteCollection))
 4 APPPATH\Config\Routes.php(153): CodeIgniter\Router\RouteCollection->group('kabid', [...], Object(Closure))
 5 SYSTEMPATH\Router\RouteCollection.php(339): require('C:\\Users\\ASUS\\Downloads\\Projectmagang_dr\\Projectmagang_dr\\app\\Config\\Routes.php')
 6 SYSTEMPATH\CodeIgniter.php(841): CodeIgniter\Router\RouteCollection->loadRoutes()
 7 SYSTEMPATH\CodeIgniter.php(464): CodeIgniter\CodeIgniter->tryToRouteIt(null)
 8 SYSTEMPATH\CodeIgniter.php(363): CodeIgniter\CodeIgniter->handleRequest(null, Object(Config\Cache), false)
 9 SYSTEMPATH\Boot.php(417): CodeIgniter\CodeIgniter->run()
10 SYSTEMPATH\Boot.php(68): CodeIgniter\Boot::runCodeIgniter(Object(CodeIgniter\CodeIgniter))
11 FCPATH\index.php(59): CodeIgniter\Boot::bootWeb(Object(Config\Paths))
12 SYSTEMPATH\rewrite.php(44): require_once('C:\\Users\\ASUS\\Downloads\\Projectmagang_dr\\Projectmagang_dr\\public\\index.php')
WARNING - 2026-08-04 15:31:32 --> [DEPRECATED] Passing lowercase HTTP method "post" is deprecated. Use uppercase HTTP method like "POST". in SYSTEMPATH\Router\RouteCollection.php on line 1026.
 1 SYSTEMPATH\Router\RouteCollection.php(1026): trigger_error('Passing lowercase HTTP method "post" is deprecated. Use uppercase HTTP method like "POST".', 16384)
 2 APPPATH\Config\Routes.php(177): CodeIgniter\Router\RouteCollection->match([...], 'upload-dokumen', '\\App\\Controllers\\Kabid\\C_UploadDokumen::index')
 3 SYSTEMPATH\Router\RouteCollection.php(799): CodeIgniter\Router\RouteCollection::{closure:C:\Users\ASUS\Downloads\Projectmagang_dr\Projectmagang_dr\app\Config\Routes.php:153}(Object(CodeIgniter\Router\RouteCollection))
 4 APPPATH\Config\Routes.php(153): CodeIgniter\Router\RouteCollection->group('kabid', [...], Object(Closure))
 5 SYSTEMPATH\Router\RouteCollection.php(339): require('C:\\Users\\ASUS\\Downloads\\Projectmagang_dr\\Projectmagang_dr\\app\\Config\\Routes.php')
 6 SYSTEMPATH\CodeIgniter.php(841): CodeIgniter\Router\RouteCollection->loadRoutes()
 7 SYSTEMPATH\CodeIgniter.php(464): CodeIgniter\CodeIgniter->tryToRouteIt(null)
 8 SYSTEMPATH\CodeIgniter.php(363): CodeIgniter\CodeIgniter->handleRequest(null, Object(Config\Cache), false)
 9 SYSTEMPATH\Boot.php(417): CodeIgniter\CodeIgniter->run()
10 SYSTEMPATH\Boot.php(68): CodeIgniter\Boot::runCodeIgniter(Object(CodeIgniter\CodeIgniter))
11 FCPATH\index.php(59): CodeIgniter\Boot::bootWeb(Object(Config\Paths))
12 SYSTEMPATH\rewrite.php(44): require_once('C:\\Users\\ASUS\\Downloads\\Projectmagang_dr\\Projectmagang_dr\\public\\index.php')
WARNING - 2026-08-04 15:31:38 --> [DEPRECATED] Passing lowercase HTTP method "get" is deprecated. Use uppercase HTTP method like "GET". in SYSTEMPATH\Router\RouteCollection.php on line 1026.
 1 SYSTEMPATH\Router\RouteCollection.php(1026): trigger_error('Passing lowercase HTTP method "get" is deprecated. Use uppercase HTTP method like "GET".', 16384)
 2 APPPATH\Config\Routes.php(77): CodeIgniter\Router\RouteCollection->match([...], 'logbook', 'C_Logbook::logbook')
 3 SYSTEMPATH\Router\RouteCollection.php(799): CodeIgniter\Router\RouteCollection::{closure:C:\Users\ASUS\Downloads\Projectmagang_dr\Projectmagang_dr\app\Config\Routes.php:59}(Object(CodeIgniter\Router\RouteCollection))
 4 APPPATH\Config\Routes.php(59): CodeIgniter\Router\RouteCollection->group('mahasiswa', [...], Object(Closure))
 5 SYSTEMPATH\Router\RouteCollection.php(339): require('C:\\Users\\ASUS\\Downloads\\Projectmagang_dr\\Projectmagang_dr\\app\\Config\\Routes.php')
 6 SYSTEMPATH\CodeIgniter.php(841): CodeIgniter\Router\RouteCollection->loadRoutes()
 7 SYSTEMPATH\CodeIgniter.php(464): CodeIgniter\CodeIgniter->tryToRouteIt(null)
 8 SYSTEMPATH\CodeIgniter.php(363): CodeIgniter\CodeIgniter->handleRequest(null, Object(Config\Cache), false)
 9 SYSTEMPATH\Boot.php(417): CodeIgniter\CodeIgniter->run()
10 SYSTEMPATH\Boot.php(68): CodeIgniter\Boot::runCodeIgniter(Object(CodeIgniter\CodeIgniter))
11 FCPATH\index.php(59): CodeIgniter\Boot::bootWeb(Object(Config\Paths))
12 SYSTEMPATH\rewrite.php(44): require_once('C:\\Users\\ASUS\\Downloads\\Projectmagang_dr\\Projectmagang_dr\\public\\index.php')
WARNING - 2026-08-04 15:31:38 --> [DEPRECATED] Passing lowercase HTTP method "post" is deprecated. Use uppercase HTTP method like "POST". in SYSTEMPATH\Router\RouteCollection.php on line 1026.
 1 SYSTEMPATH\Router\RouteCollection.php(1026): trigger_error('Passing lowercase HTTP method "post" is deprecated. Use uppercase HTTP method like "POST".', 16384)
 2 APPPATH\Config\Routes.php(77): CodeIgniter\Router\RouteCollection->match([...], 'logbook', 'C_Logbook::logbook')
 3 SYSTEMPATH\Router\RouteCollection.php(799): CodeIgniter\Router\RouteCollection::{closure:C:\Users\ASUS\Downloads\Projectmagang_dr\Projectmagang_dr\app\Config\Routes.php:59}(Object(CodeIgniter\Router\RouteCollection))
 4 APPPATH\Config\Routes.php(59): CodeIgniter\Router\RouteCollection->group('mahasiswa', [...], Object(Closure))
 5 SYSTEMPATH\Router\RouteCollection.php(339): require('C:\\Users\\ASUS\\Downloads\\Projectmagang_dr\\Projectmagang_dr\\app\\Config\\Routes.php')
 6 SYSTEMPATH\CodeIgniter.php(841): CodeIgniter\Router\RouteCollection->loadRoutes()
 7 SYSTEMPATH\CodeIgniter.php(464): CodeIgniter\CodeIgniter->tryToRouteIt(null)
 8 SYSTEMPATH\CodeIgniter.php(363): CodeIgniter\CodeIgniter->handleRequest(null, Object(Config\Cache), false)
 9 SYSTEMPATH\Boot.php(417): CodeIgniter\CodeIgniter->run()
10 SYSTEMPATH\Boot.php(68): CodeIgniter\Boot::runCodeIgniter(Object(CodeIgniter\CodeIgniter))
11 FCPATH\index.php(59): CodeIgniter\Boot::bootWeb(Object(Config\Paths))
12 SYSTEMPATH\rewrite.php(44): require_once('C:\\Users\\ASUS\\Downloads\\Projectmagang_dr\\Projectmagang_dr\\public\\index.php')
WARNING - 2026-08-04 15:31:38 --> [DEPRECATED] Passing lowercase HTTP method "get" is deprecated. Use uppercase HTTP method like "GET". in SYSTEMPATH\Router\RouteCollection.php on line 1026.
 1 SYSTEMPATH\Router\RouteCollection.php(1026): trigger_error('Passing lowercase HTTP method "get" is deprecated. Use uppercase HTTP method like "GET".', 16384)
 2 APPPATH\Config\Routes.php(95): CodeIgniter\Router\RouteCollection->match([...], 'verifikasi', '\\App\\Controllers\\Sekretariat\\C_Verifikasi::index')
 3 SYSTEMPATH\Router\RouteCollection.php(799): CodeIgniter\Router\RouteCollection::{closure:C:\Users\ASUS\Downloads\Projectmagang_dr\Projectmagang_dr\app\Config\Routes.php:89}(Object(CodeIgniter\Router\RouteCollection))
 4 APPPATH\Config\Routes.php(89): CodeIgniter\Router\RouteCollection->group('sekretariat', [...], Object(Closure))
 5 SYSTEMPATH\Router\RouteCollection.php(339): require('C:\\Users\\ASUS\\Downloads\\Projectmagang_dr\\Projectmagang_dr\\app\\Config\\Routes.php')
 6 SYSTEMPATH\CodeIgniter.php(841): CodeIgniter\Router\RouteCollection->loadRoutes()
 7 SYSTEMPATH\CodeIgniter.php(464): CodeIgniter\CodeIgniter->tryToRouteIt(null)
 8 SYSTEMPATH\CodeIgniter.php(363): CodeIgniter\CodeIgniter->handleRequest(null, Object(Config\Cache), false)
 9 SYSTEMPATH\Boot.php(417): CodeIgniter\CodeIgniter->run()
10 SYSTEMPATH\Boot.php(68): CodeIgniter\Boot::runCodeIgniter(Object(CodeIgniter\CodeIgniter))
11 FCPATH\index.php(59): CodeIgniter\Boot::bootWeb(Object(Config\Paths))
12 SYSTEMPATH\rewrite.php(44): require_once('C:\\Users\\ASUS\\Downloads\\Projectmagang_dr\\Projectmagang_dr\\public\\index.php')
WARNING - 2026-08-04 15:31:38 --> [DEPRECATED] Passing lowercase HTTP method "post" is deprecated. Use uppercase HTTP method like "POST". in SYSTEMPATH\Router\RouteCollection.php on line 1026.
 1 SYSTEMPATH\Router\RouteCollection.php(1026): trigger_error('Passing lowercase HTTP method "post" is deprecated. Use uppercase HTTP method like "POST".', 16384)
 2 APPPATH\Config\Routes.php(95): CodeIgniter\Router\RouteCollection->match([...], 'verifikasi', '\\App\\Controllers\\Sekretariat\\C_Verifikasi::index')
 3 SYSTEMPATH\Router\RouteCollection.php(799): CodeIgniter\Router\RouteCollection::{closure:C:\Users\ASUS\Downloads\Projectmagang_dr\Projectmagang_dr\app\Config\Routes.php:89}(Object(CodeIgniter\Router\RouteCollection))
 4 APPPATH\Config\Routes.php(89): CodeIgniter\Router\RouteCollection->group('sekretariat', [...], Object(Closure))
 5 SYSTEMPATH\Router\RouteCollection.php(339): require('C:\\Users\\ASUS\\Downloads\\Projectmagang_dr\\Projectmagang_dr\\app\\Config\\Routes.php')
 6 SYSTEMPATH\CodeIgniter.php(841): CodeIgniter\Router\RouteCollection->loadRoutes()
 7 SYSTEMPATH\CodeIgniter.php(464): CodeIgniter\CodeIgniter->tryToRouteIt(null)
 8 SYSTEMPATH\CodeIgniter.php(363): CodeIgniter\CodeIgniter->handleRequest(null, Object(Config\Cache), false)
 9 SYSTEMPATH\Boot.php(417): CodeIgniter\CodeIgniter->run()
10 SYSTEMPATH\Boot.php(68): CodeIgniter\Boot::runCodeIgniter(Object(CodeIgniter\CodeIgniter))
11 FCPATH\index.php(59): CodeIgniter\Boot::bootWeb(Object(Config\Paths))
12 SYSTEMPATH\rewrite.php(44): require_once('C:\\Users\\ASUS\\Downloads\\Projectmagang_dr\\Projectmagang_dr\\public\\index.php')
WARNING - 2026-08-04 15:31:38 --> [DEPRECATED] Passing lowercase HTTP method "get" is deprecated. Use uppercase HTTP method like "GET". in SYSTEMPATH\Router\RouteCollection.php on line 1026.
 1 SYSTEMPATH\Router\RouteCollection.php(1026): trigger_error('Passing lowercase HTTP method "get" is deprecated. Use uppercase HTTP method like "GET".', 16384)
 2 APPPATH\Config\Routes.php(144): CodeIgniter\Router\RouteCollection->match([...], 'upload-surat-penerimaan', '\\App\\Controllers\\Sekretariat\\C_UploadSuratPenerimaan::index')
 3 SYSTEMPATH\Router\RouteCollection.php(799): CodeIgniter\Router\RouteCollection::{closure:C:\Users\ASUS\Downloads\Projectmagang_dr\Projectmagang_dr\app\Config\Routes.php:89}(Object(CodeIgniter\Router\RouteCollection))
 4 APPPATH\Config\Routes.php(89): CodeIgniter\Router\RouteCollection->group('sekretariat', [...], Object(Closure))
 5 SYSTEMPATH\Router\RouteCollection.php(339): require('C:\\Users\\ASUS\\Downloads\\Projectmagang_dr\\Projectmagang_dr\\app\\Config\\Routes.php')
 6 SYSTEMPATH\CodeIgniter.php(841): CodeIgniter\Router\RouteCollection->loadRoutes()
 7 SYSTEMPATH\CodeIgniter.php(464): CodeIgniter\CodeIgniter->tryToRouteIt(null)
 8 SYSTEMPATH\CodeIgniter.php(363): CodeIgniter\CodeIgniter->handleRequest(null, Object(Config\Cache), false)
 9 SYSTEMPATH\Boot.php(417): CodeIgniter\CodeIgniter->run()
10 SYSTEMPATH\Boot.php(68): CodeIgniter\Boot::runCodeIgniter(Object(CodeIgniter\CodeIgniter))
11 FCPATH\index.php(59): CodeIgniter\Boot::bootWeb(Object(Config\Paths))
12 SYSTEMPATH\rewrite.php(44): require_once('C:\\Users\\ASUS\\Downloads\\Projectmagang_dr\\Projectmagang_dr\\public\\index.php')
WARNING - 2026-08-04 15:31:38 --> [DEPRECATED] Passing lowercase HTTP method "post" is deprecated. Use uppercase HTTP method like "POST". in SYSTEMPATH\Router\RouteCollection.php on line 1026.
 1 SYSTEMPATH\Router\RouteCollection.php(1026): trigger_error('Passing lowercase HTTP method "post" is deprecated. Use uppercase HTTP method like "POST".', 16384)
 2 APPPATH\Config\Routes.php(144): CodeIgniter\Router\RouteCollection->match([...], 'upload-surat-penerimaan', '\\App\\Controllers\\Sekretariat\\C_UploadSuratPenerimaan::index')
 3 SYSTEMPATH\Router\RouteCollection.php(799): CodeIgniter\Router\RouteCollection::{closure:C:\Users\ASUS\Downloads\Projectmagang_dr\Projectmagang_dr\app\Config\Routes.php:89}(Object(CodeIgniter\Router\RouteCollection))
 4 APPPATH\Config\Routes.php(89): CodeIgniter\Router\RouteCollection->group('sekretariat', [...], Object(Closure))
 5 SYSTEMPATH\Router\RouteCollection.php(339): require('C:\\Users\\ASUS\\Downloads\\Projectmagang_dr\\Projectmagang_dr\\app\\Config\\Routes.php')
 6 SYSTEMPATH\CodeIgniter.php(841): CodeIgniter\Router\RouteCollection->loadRoutes()
 7 SYSTEMPATH\CodeIgniter.php(464): CodeIgniter\CodeIgniter->tryToRouteIt(null)
 8 SYSTEMPATH\CodeIgniter.php(363): CodeIgniter\CodeIgniter->handleRequest(null, Object(Config\Cache), false)
 9 SYSTEMPATH\Boot.php(417): CodeIgniter\CodeIgniter->run()
10 SYSTEMPATH\Boot.php(68): CodeIgniter\Boot::runCodeIgniter(Object(CodeIgniter\CodeIgniter))
11 FCPATH\index.php(59): CodeIgniter\Boot::bootWeb(Object(Config\Paths))
12 SYSTEMPATH\rewrite.php(44): require_once('C:\\Users\\ASUS\\Downloads\\Projectmagang_dr\\Projectmagang_dr\\public\\index.php')
WARNING - 2026-08-04 15:31:38 --> [DEPRECATED] Passing lowercase HTTP method "get" is deprecated. Use uppercase HTTP method like "GET". in SYSTEMPATH\Router\RouteCollection.php on line 1026.
 1 SYSTEMPATH\Router\RouteCollection.php(1026): trigger_error('Passing lowercase HTTP method "get" is deprecated. Use uppercase HTTP method like "GET".', 16384)
 2 APPPATH\Config\Routes.php(165): CodeIgniter\Router\RouteCollection->match([...], 'logbook', '\\App\\Controllers\\Kabid\\C_LogbookKabid::index')
 3 SYSTEMPATH\Router\RouteCollection.php(799): CodeIgniter\Router\RouteCollection::{closure:C:\Users\ASUS\Downloads\Projectmagang_dr\Projectmagang_dr\app\Config\Routes.php:153}(Object(CodeIgniter\Router\RouteCollection))
 4 APPPATH\Config\Routes.php(153): CodeIgniter\Router\RouteCollection->group('kabid', [...], Object(Closure))
 5 SYSTEMPATH\Router\RouteCollection.php(339): require('C:\\Users\\ASUS\\Downloads\\Projectmagang_dr\\Projectmagang_dr\\app\\Config\\Routes.php')
 6 SYSTEMPATH\CodeIgniter.php(841): CodeIgniter\Router\RouteCollection->loadRoutes()
 7 SYSTEMPATH\CodeIgniter.php(464): CodeIgniter\CodeIgniter->tryToRouteIt(null)
 8 SYSTEMPATH\CodeIgniter.php(363): CodeIgniter\CodeIgniter->handleRequest(null, Object(Config\Cache), false)
 9 SYSTEMPATH\Boot.php(417): CodeIgniter\CodeIgniter->run()
10 SYSTEMPATH\Boot.php(68): CodeIgniter\Boot::runCodeIgniter(Object(CodeIgniter\CodeIgniter))
11 FCPATH\index.php(59): CodeIgniter\Boot::bootWeb(Object(Config\Paths))
12 SYSTEMPATH\rewrite.php(44): require_once('C:\\Users\\ASUS\\Downloads\\Projectmagang_dr\\Projectmagang_dr\\public\\index.php')
WARNING - 2026-08-04 15:31:38 --> [DEPRECATED] Passing lowercase HTTP method "post" is deprecated. Use uppercase HTTP method like "POST". in SYSTEMPATH\Router\RouteCollection.php on line 1026.
 1 SYSTEMPATH\Router\RouteCollection.php(1026): trigger_error('Passing lowercase HTTP method "post" is deprecated. Use uppercase HTTP method like "POST".', 16384)
 2 APPPATH\Config\Routes.php(165): CodeIgniter\Router\RouteCollection->match([...], 'logbook', '\\App\\Controllers\\Kabid\\C_LogbookKabid::index')
 3 SYSTEMPATH\Router\RouteCollection.php(799): CodeIgniter\Router\RouteCollection::{closure:C:\Users\ASUS\Downloads\Projectmagang_dr\Projectmagang_dr\app\Config\Routes.php:153}(Object(CodeIgniter\Router\RouteCollection))
 4 APPPATH\Config\Routes.php(153): CodeIgniter\Router\RouteCollection->group('kabid', [...], Object(Closure))
 5 SYSTEMPATH\Router\RouteCollection.php(339): require('C:\\Users\\ASUS\\Downloads\\Projectmagang_dr\\Projectmagang_dr\\app\\Config\\Routes.php')
 6 SYSTEMPATH\CodeIgniter.php(841): CodeIgniter\Router\RouteCollection->loadRoutes()
 7 SYSTEMPATH\CodeIgniter.php(464): CodeIgniter\CodeIgniter->tryToRouteIt(null)
 8 SYSTEMPATH\CodeIgniter.php(363): CodeIgniter\CodeIgniter->handleRequest(null, Object(Config\Cache), false)
 9 SYSTEMPATH\Boot.php(417): CodeIgniter\CodeIgniter->run()
10 SYSTEMPATH\Boot.php(68): CodeIgniter\Boot::runCodeIgniter(Object(CodeIgniter\CodeIgniter))
11 FCPATH\index.php(59): CodeIgniter\Boot::bootWeb(Object(Config\Paths))
12 SYSTEMPATH\rewrite.php(44): require_once('C:\\Users\\ASUS\\Downloads\\Projectmagang_dr\\Projectmagang_dr\\public\\index.php')
WARNING - 2026-08-04 15:31:38 --> [DEPRECATED] Passing lowercase HTTP method "get" is deprecated. Use uppercase HTTP method like "GET". in SYSTEMPATH\Router\RouteCollection.php on line 1026.
 1 SYSTEMPATH\Router\RouteCollection.php(1026): trigger_error('Passing lowercase HTTP method "get" is deprecated. Use uppercase HTTP method like "GET".', 16384)
 2 APPPATH\Config\Routes.php(177): CodeIgniter\Router\RouteCollection->match([...], 'upload-dokumen', '\\App\\Controllers\\Kabid\\C_UploadDokumen::index')
 3 SYSTEMPATH\Router\RouteCollection.php(799): CodeIgniter\Router\RouteCollection::{closure:C:\Users\ASUS\Downloads\Projectmagang_dr\Projectmagang_dr\app\Config\Routes.php:153}(Object(CodeIgniter\Router\RouteCollection))
 4 APPPATH\Config\Routes.php(153): CodeIgniter\Router\RouteCollection->group('kabid', [...], Object(Closure))
 5 SYSTEMPATH\Router\RouteCollection.php(339): require('C:\\Users\\ASUS\\Downloads\\Projectmagang_dr\\Projectmagang_dr\\app\\Config\\Routes.php')
 6 SYSTEMPATH\CodeIgniter.php(841): CodeIgniter\Router\RouteCollection->loadRoutes()
 7 SYSTEMPATH\CodeIgniter.php(464): CodeIgniter\CodeIgniter->tryToRouteIt(null)
 8 SYSTEMPATH\CodeIgniter.php(363): CodeIgniter\CodeIgniter->handleRequest(null, Object(Config\Cache), false)
 9 SYSTEMPATH\Boot.php(417): CodeIgniter\CodeIgniter->run()
10 SYSTEMPATH\Boot.php(68): CodeIgniter\Boot::runCodeIgniter(Object(CodeIgniter\CodeIgniter))
11 FCPATH\index.php(59): CodeIgniter\Boot::bootWeb(Object(Config\Paths))
12 SYSTEMPATH\rewrite.php(44): require_once('C:\\Users\\ASUS\\Downloads\\Projectmagang_dr\\Projectmagang_dr\\public\\index.php')
WARNING - 2026-08-04 15:31:38 --> [DEPRECATED] Passing lowercase HTTP method "post" is deprecated. Use uppercase HTTP method like "POST". in SYSTEMPATH\Router\RouteCollection.php on line 1026.
 1 SYSTEMPATH\Router\RouteCollection.php(1026): trigger_error('Passing lowercase HTTP method "post" is deprecated. Use uppercase HTTP method like "POST".', 16384)
 2 APPPATH\Config\Routes.php(177): CodeIgniter\Router\RouteCollection->match([...], 'upload-dokumen', '\\App\\Controllers\\Kabid\\C_UploadDokumen::index')
 3 SYSTEMPATH\Router\RouteCollection.php(799): CodeIgniter\Router\RouteCollection::{closure:C:\Users\ASUS\Downloads\Projectmagang_dr\Projectmagang_dr\app\Config\Routes.php:153}(Object(CodeIgniter\Router\RouteCollection))
 4 APPPATH\Config\Routes.php(153): CodeIgniter\Router\RouteCollection->group('kabid', [...], Object(Closure))
 5 SYSTEMPATH\Router\RouteCollection.php(339): require('C:\\Users\\ASUS\\Downloads\\Projectmagang_dr\\Projectmagang_dr\\app\\Config\\Routes.php')
 6 SYSTEMPATH\CodeIgniter.php(841): CodeIgniter\Router\RouteCollection->loadRoutes()
 7 SYSTEMPATH\CodeIgniter.php(464): CodeIgniter\CodeIgniter->tryToRouteIt(null)
 8 SYSTEMPATH\CodeIgniter.php(363): CodeIgniter\CodeIgniter->handleRequest(null, Object(Config\Cache), false)
 9 SYSTEMPATH\Boot.php(417): CodeIgniter\CodeIgniter->run()
10 SYSTEMPATH\Boot.php(68): CodeIgniter\Boot::runCodeIgniter(Object(CodeIgniter\CodeIgniter))
11 FCPATH\index.php(59): CodeIgniter\Boot::bootWeb(Object(Config\Paths))
12 SYSTEMPATH\rewrite.php(44): require_once('C:\\Users\\ASUS\\Downloads\\Projectmagang_dr\\Projectmagang_dr\\public\\index.php')
WARNING - 2026-08-04 15:33:12 --> [DEPRECATED] Passing lowercase HTTP method "get" is deprecated. Use uppercase HTTP method like "GET". in SYSTEMPATH\Router\RouteCollection.php on line 1026.
 1 SYSTEMPATH\Router\RouteCollection.php(1026): trigger_error('Passing lowercase HTTP method "get" is deprecated. Use uppercase HTTP method like "GET".', 16384)
 2 APPPATH\Config\Routes.php(77): CodeIgniter\Router\RouteCollection->match([...], 'logbook', 'C_Logbook::logbook')
 3 SYSTEMPATH\Router\RouteCollection.php(799): CodeIgniter\Router\RouteCollection::{closure:C:\Users\ASUS\Downloads\Projectmagang_dr\Projectmagang_dr\app\Config\Routes.php:59}(Object(CodeIgniter\Router\RouteCollection))
 4 APPPATH\Config\Routes.php(59): CodeIgniter\Router\RouteCollection->group('mahasiswa', [...], Object(Closure))
 5 SYSTEMPATH\Router\RouteCollection.php(339): require('C:\\Users\\ASUS\\Downloads\\Projectmagang_dr\\Projectmagang_dr\\app\\Config\\Routes.php')
 6 SYSTEMPATH\CodeIgniter.php(841): CodeIgniter\Router\RouteCollection->loadRoutes()
 7 SYSTEMPATH\CodeIgniter.php(464): CodeIgniter\CodeIgniter->tryToRouteIt(null)
 8 SYSTEMPATH\CodeIgniter.php(363): CodeIgniter\CodeIgniter->handleRequest(null, Object(Config\Cache), false)
 9 SYSTEMPATH\Boot.php(417): CodeIgniter\CodeIgniter->run()
10 SYSTEMPATH\Boot.php(68): CodeIgniter\Boot::runCodeIgniter(Object(CodeIgniter\CodeIgniter))
11 FCPATH\index.php(59): CodeIgniter\Boot::bootWeb(Object(Config\Paths))
12 SYSTEMPATH\rewrite.php(44): require_once('C:\\Users\\ASUS\\Downloads\\Projectmagang_dr\\Projectmagang_dr\\public\\index.php')
WARNING - 2026-08-04 15:33:12 --> [DEPRECATED] Passing lowercase HTTP method "post" is deprecated. Use uppercase HTTP method like "POST". in SYSTEMPATH\Router\RouteCollection.php on line 1026.
 1 SYSTEMPATH\Router\RouteCollection.php(1026): trigger_error('Passing lowercase HTTP method "post" is deprecated. Use uppercase HTTP method like "POST".', 16384)
 2 APPPATH\Config\Routes.php(77): CodeIgniter\Router\RouteCollection->match([...], 'logbook', 'C_Logbook::logbook')
 3 SYSTEMPATH\Router\RouteCollection.php(799): CodeIgniter\Router\RouteCollection::{closure:C:\Users\ASUS\Downloads\Projectmagang_dr\Projectmagang_dr\app\Config\Routes.php:59}(Object(CodeIgniter\Router\RouteCollection))
 4 APPPATH\Config\Routes.php(59): CodeIgniter\Router\RouteCollection->group('mahasiswa', [...], Object(Closure))
 5 SYSTEMPATH\Router\RouteCollection.php(339): require('C:\\Users\\ASUS\\Downloads\\Projectmagang_dr\\Projectmagang_dr\\app\\Config\\Routes.php')
 6 SYSTEMPATH\CodeIgniter.php(841): CodeIgniter\Router\RouteCollection->loadRoutes()
 7 SYSTEMPATH\CodeIgniter.php(464): CodeIgniter\CodeIgniter->tryToRouteIt(null)
 8 SYSTEMPATH\CodeIgniter.php(363): CodeIgniter\CodeIgniter->handleRequest(null, Object(Config\Cache), false)
 9 SYSTEMPATH\Boot.php(417): CodeIgniter\CodeIgniter->run()
10 SYSTEMPATH\Boot.php(68): CodeIgniter\Boot::runCodeIgniter(Object(CodeIgniter\CodeIgniter))
11 FCPATH\index.php(59): CodeIgniter\Boot::bootWeb(Object(Config\Paths))
12 SYSTEMPATH\rewrite.php(44): require_once('C:\\Users\\ASUS\\Downloads\\Projectmagang_dr\\Projectmagang_dr\\public\\index.php')
WARNING - 2026-08-04 15:33:12 --> [DEPRECATED] Passing lowercase HTTP method "get" is deprecated. Use uppercase HTTP method like "GET". in SYSTEMPATH\Router\RouteCollection.php on line 1026.
 1 SYSTEMPATH\Router\RouteCollection.php(1026): trigger_error('Passing lowercase HTTP method "get" is deprecated. Use uppercase HTTP method like "GET".', 16384)
 2 APPPATH\Config\Routes.php(95): CodeIgniter\Router\RouteCollection->match([...], 'verifikasi', '\\App\\Controllers\\Sekretariat\\C_Verifikasi::index')
 3 SYSTEMPATH\Router\RouteCollection.php(799): CodeIgniter\Router\RouteCollection::{closure:C:\Users\ASUS\Downloads\Projectmagang_dr\Projectmagang_dr\app\Config\Routes.php:89}(Object(CodeIgniter\Router\RouteCollection))
 4 APPPATH\Config\Routes.php(89): CodeIgniter\Router\RouteCollection->group('sekretariat', [...], Object(Closure))
 5 SYSTEMPATH\Router\RouteCollection.php(339): require('C:\\Users\\ASUS\\Downloads\\Projectmagang_dr\\Projectmagang_dr\\app\\Config\\Routes.php')
 6 SYSTEMPATH\CodeIgniter.php(841): CodeIgniter\Router\RouteCollection->loadRoutes()
 7 SYSTEMPATH\CodeIgniter.php(464): CodeIgniter\CodeIgniter->tryToRouteIt(null)
 8 SYSTEMPATH\CodeIgniter.php(363): CodeIgniter\CodeIgniter->handleRequest(null, Object(Config\Cache), false)
 9 SYSTEMPATH\Boot.php(417): CodeIgniter\CodeIgniter->run()
10 SYSTEMPATH\Boot.php(68): CodeIgniter\Boot::runCodeIgniter(Object(CodeIgniter\CodeIgniter))
11 FCPATH\index.php(59): CodeIgniter\Boot::bootWeb(Object(Config\Paths))
12 SYSTEMPATH\rewrite.php(44): require_once('C:\\Users\\ASUS\\Downloads\\Projectmagang_dr\\Projectmagang_dr\\public\\index.php')
WARNING - 2026-08-04 15:33:12 --> [DEPRECATED] Passing lowercase HTTP method "post" is deprecated. Use uppercase HTTP method like "POST". in SYSTEMPATH\Router\RouteCollection.php on line 1026.
 1 SYSTEMPATH\Router\RouteCollection.php(1026): trigger_error('Passing lowercase HTTP method "post" is deprecated. Use uppercase HTTP method like "POST".', 16384)
 2 APPPATH\Config\Routes.php(95): CodeIgniter\Router\RouteCollection->match([...], 'verifikasi', '\\App\\Controllers\\Sekretariat\\C_Verifikasi::index')
 3 SYSTEMPATH\Router\RouteCollection.php(799): CodeIgniter\Router\RouteCollection::{closure:C:\Users\ASUS\Downloads\Projectmagang_dr\Projectmagang_dr\app\Config\Routes.php:89}(Object(CodeIgniter\Router\RouteCollection))
 4 APPPATH\Config\Routes.php(89): CodeIgniter\Router\RouteCollection->group('sekretariat', [...], Object(Closure))
 5 SYSTEMPATH\Router\RouteCollection.php(339): require('C:\\Users\\ASUS\\Downloads\\Projectmagang_dr\\Projectmagang_dr\\app\\Config\\Routes.php')
 6 SYSTEMPATH\CodeIgniter.php(841): CodeIgniter\Router\RouteCollection->loadRoutes()
 7 SYSTEMPATH\CodeIgniter.php(464): CodeIgniter\CodeIgniter->tryToRouteIt(null)
 8 SYSTEMPATH\CodeIgniter.php(363): CodeIgniter\CodeIgniter->handleRequest(null, Object(Config\Cache), false)
 9 SYSTEMPATH\Boot.php(417): CodeIgniter\CodeIgniter->run()
10 SYSTEMPATH\Boot.php(68): CodeIgniter\Boot::runCodeIgniter(Object(CodeIgniter\CodeIgniter))
11 FCPATH\index.php(59): CodeIgniter\Boot::bootWeb(Object(Config\Paths))
12 SYSTEMPATH\rewrite.php(44): require_once('C:\\Users\\ASUS\\Downloads\\Projectmagang_dr\\Projectmagang_dr\\public\\index.php')
WARNING - 2026-08-04 15:33:12 --> [DEPRECATED] Passing lowercase HTTP method "get" is deprecated. Use uppercase HTTP method like "GET". in SYSTEMPATH\Router\RouteCollection.php on line 1026.
 1 SYSTEMPATH\Router\RouteCollection.php(1026): trigger_error('Passing lowercase HTTP method "get" is deprecated. Use uppercase HTTP method like "GET".', 16384)
 2 APPPATH\Config\Routes.php(144): CodeIgniter\Router\RouteCollection->match([...], 'upload-surat-penerimaan', '\\App\\Controllers\\Sekretariat\\C_UploadSuratPenerimaan::index')
 3 SYSTEMPATH\Router\RouteCollection.php(799): CodeIgniter\Router\RouteCollection::{closure:C:\Users\ASUS\Downloads\Projectmagang_dr\Projectmagang_dr\app\Config\Routes.php:89}(Object(CodeIgniter\Router\RouteCollection))
 4 APPPATH\Config\Routes.php(89): CodeIgniter\Router\RouteCollection->group('sekretariat', [...], Object(Closure))
 5 SYSTEMPATH\Router\RouteCollection.php(339): require('C:\\Users\\ASUS\\Downloads\\Projectmagang_dr\\Projectmagang_dr\\app\\Config\\Routes.php')
 6 SYSTEMPATH\CodeIgniter.php(841): CodeIgniter\Router\RouteCollection->loadRoutes()
 7 SYSTEMPATH\CodeIgniter.php(464): CodeIgniter\CodeIgniter->tryToRouteIt(null)
 8 SYSTEMPATH\CodeIgniter.php(363): CodeIgniter\CodeIgniter->handleRequest(null, Object(Config\Cache), false)
 9 SYSTEMPATH\Boot.php(417): CodeIgniter\CodeIgniter->run()
10 SYSTEMPATH\Boot.php(68): CodeIgniter\Boot::runCodeIgniter(Object(CodeIgniter\CodeIgniter))
11 FCPATH\index.php(59): CodeIgniter\Boot::bootWeb(Object(Config\Paths))
12 SYSTEMPATH\rewrite.php(44): require_once('C:\\Users\\ASUS\\Downloads\\Projectmagang_dr\\Projectmagang_dr\\public\\index.php')
WARNING - 2026-08-04 15:33:12 --> [DEPRECATED] Passing lowercase HTTP method "post" is deprecated. Use uppercase HTTP method like "POST". in SYSTEMPATH\Router\RouteCollection.php on line 1026.
 1 SYSTEMPATH\Router\RouteCollection.php(1026): trigger_error('Passing lowercase HTTP method "post" is deprecated. Use uppercase HTTP method like "POST".', 16384)
 2 APPPATH\Config\Routes.php(144): CodeIgniter\Router\RouteCollection->match([...], 'upload-surat-penerimaan', '\\App\\Controllers\\Sekretariat\\C_UploadSuratPenerimaan::index')
 3 SYSTEMPATH\Router\RouteCollection.php(799): CodeIgniter\Router\RouteCollection::{closure:C:\Users\ASUS\Downloads\Projectmagang_dr\Projectmagang_dr\app\Config\Routes.php:89}(Object(CodeIgniter\Router\RouteCollection))
 4 APPPATH\Config\Routes.php(89): CodeIgniter\Router\RouteCollection->group('sekretariat', [...], Object(Closure))
 5 SYSTEMPATH\Router\RouteCollection.php(339): require('C:\\Users\\ASUS\\Downloads\\Projectmagang_dr\\Projectmagang_dr\\app\\Config\\Routes.php')
 6 SYSTEMPATH\CodeIgniter.php(841): CodeIgniter\Router\RouteCollection->loadRoutes()
 7 SYSTEMPATH\CodeIgniter.php(464): CodeIgniter\CodeIgniter->tryToRouteIt(null)
 8 SYSTEMPATH\CodeIgniter.php(363): CodeIgniter\CodeIgniter->handleRequest(null, Object(Config\Cache), false)
 9 SYSTEMPATH\Boot.php(417): CodeIgniter\CodeIgniter->run()
10 SYSTEMPATH\Boot.php(68): CodeIgniter\Boot::runCodeIgniter(Object(CodeIgniter\CodeIgniter))
11 FCPATH\index.php(59): CodeIgniter\Boot::bootWeb(Object(Config\Paths))
12 SYSTEMPATH\rewrite.php(44): require_once('C:\\Users\\ASUS\\Downloads\\Projectmagang_dr\\Projectmagang_dr\\public\\index.php')
WARNING - 2026-08-04 15:33:12 --> [DEPRECATED] Passing lowercase HTTP method "get" is deprecated. Use uppercase HTTP method like "GET". in SYSTEMPATH\Router\RouteCollection.php on line 1026.
 1 SYSTEMPATH\Router\RouteCollection.php(1026): trigger_error('Passing lowercase HTTP method "get" is deprecated. Use uppercase HTTP method like "GET".', 16384)
 2 APPPATH\Config\Routes.php(165): CodeIgniter\Router\RouteCollection->match([...], 'logbook', '\\App\\Controllers\\Kabid\\C_LogbookKabid::index')
 3 SYSTEMPATH\Router\RouteCollection.php(799): CodeIgniter\Router\RouteCollection::{closure:C:\Users\ASUS\Downloads\Projectmagang_dr\Projectmagang_dr\app\Config\Routes.php:153}(Object(CodeIgniter\Router\RouteCollection))
 4 APPPATH\Config\Routes.php(153): CodeIgniter\Router\RouteCollection->group('kabid', [...], Object(Closure))
 5 SYSTEMPATH\Router\RouteCollection.php(339): require('C:\\Users\\ASUS\\Downloads\\Projectmagang_dr\\Projectmagang_dr\\app\\Config\\Routes.php')
 6 SYSTEMPATH\CodeIgniter.php(841): CodeIgniter\Router\RouteCollection->loadRoutes()
 7 SYSTEMPATH\CodeIgniter.php(464): CodeIgniter\CodeIgniter->tryToRouteIt(null)
 8 SYSTEMPATH\CodeIgniter.php(363): CodeIgniter\CodeIgniter->handleRequest(null, Object(Config\Cache), false)
 9 SYSTEMPATH\Boot.php(417): CodeIgniter\CodeIgniter->run()
10 SYSTEMPATH\Boot.php(68): CodeIgniter\Boot::runCodeIgniter(Object(CodeIgniter\CodeIgniter))
11 FCPATH\index.php(59): CodeIgniter\Boot::bootWeb(Object(Config\Paths))
12 SYSTEMPATH\rewrite.php(44): require_once('C:\\Users\\ASUS\\Downloads\\Projectmagang_dr\\Projectmagang_dr\\public\\index.php')
WARNING - 2026-08-04 15:33:12 --> [DEPRECATED] Passing lowercase HTTP method "post" is deprecated. Use uppercase HTTP method like "POST". in SYSTEMPATH\Router\RouteCollection.php on line 1026.
 1 SYSTEMPATH\Router\RouteCollection.php(1026): trigger_error('Passing lowercase HTTP method "post" is deprecated. Use uppercase HTTP method like "POST".', 16384)
 2 APPPATH\Config\Routes.php(165): CodeIgniter\Router\RouteCollection->match([...], 'logbook', '\\App\\Controllers\\Kabid\\C_LogbookKabid::index')
 3 SYSTEMPATH\Router\RouteCollection.php(799): CodeIgniter\Router\RouteCollection::{closure:C:\Users\ASUS\Downloads\Projectmagang_dr\Projectmagang_dr\app\Config\Routes.php:153}(Object(CodeIgniter\Router\RouteCollection))
 4 APPPATH\Config\Routes.php(153): CodeIgniter\Router\RouteCollection->group('kabid', [...], Object(Closure))
 5 SYSTEMPATH\Router\RouteCollection.php(339): require('C:\\Users\\ASUS\\Downloads\\Projectmagang_dr\\Projectmagang_dr\\app\\Config\\Routes.php')
 6 SYSTEMPATH\CodeIgniter.php(841): CodeIgniter\Router\RouteCollection->loadRoutes()
 7 SYSTEMPATH\CodeIgniter.php(464): CodeIgniter\CodeIgniter->tryToRouteIt(null)
 8 SYSTEMPATH\CodeIgniter.php(363): CodeIgniter\CodeIgniter->handleRequest(null, Object(Config\Cache), false)
 9 SYSTEMPATH\Boot.php(417): CodeIgniter\CodeIgniter->run()
10 SYSTEMPATH\Boot.php(68): CodeIgniter\Boot::runCodeIgniter(Object(CodeIgniter\CodeIgniter))
11 FCPATH\index.php(59): CodeIgniter\Boot::bootWeb(Object(Config\Paths))
12 SYSTEMPATH\rewrite.php(44): require_once('C:\\Users\\ASUS\\Downloads\\Projectmagang_dr\\Projectmagang_dr\\public\\index.php')
WARNING - 2026-08-04 15:33:12 --> [DEPRECATED] Passing lowercase HTTP method "get" is deprecated. Use uppercase HTTP method like "GET". in SYSTEMPATH\Router\RouteCollection.php on line 1026.
 1 SYSTEMPATH\Router\RouteCollection.php(1026): trigger_error('Passing lowercase HTTP method "get" is deprecated. Use uppercase HTTP method like "GET".', 16384)
 2 APPPATH\Config\Routes.php(177): CodeIgniter\Router\RouteCollection->match([...], 'upload-dokumen', '\\App\\Controllers\\Kabid\\C_UploadDokumen::index')
 3 SYSTEMPATH\Router\RouteCollection.php(799): CodeIgniter\Router\RouteCollection::{closure:C:\Users\ASUS\Downloads\Projectmagang_dr\Projectmagang_dr\app\Config\Routes.php:153}(Object(CodeIgniter\Router\RouteCollection))
 4 APPPATH\Config\Routes.php(153): CodeIgniter\Router\RouteCollection->group('kabid', [...], Object(Closure))
 5 SYSTEMPATH\Router\RouteCollection.php(339): require('C:\\Users\\ASUS\\Downloads\\Projectmagang_dr\\Projectmagang_dr\\app\\Config\\Routes.php')
 6 SYSTEMPATH\CodeIgniter.php(841): CodeIgniter\Router\RouteCollection->loadRoutes()
 7 SYSTEMPATH\CodeIgniter.php(464): CodeIgniter\CodeIgniter->tryToRouteIt(null)
 8 SYSTEMPATH\CodeIgniter.php(363): CodeIgniter\CodeIgniter->handleRequest(null, Object(Config\Cache), false)
 9 SYSTEMPATH\Boot.php(417): CodeIgniter\CodeIgniter->run()
10 SYSTEMPATH\Boot.php(68): CodeIgniter\Boot::runCodeIgniter(Object(CodeIgniter\CodeIgniter))
11 FCPATH\index.php(59): CodeIgniter\Boot::bootWeb(Object(Config\Paths))
12 SYSTEMPATH\rewrite.php(44): require_once('C:\\Users\\ASUS\\Downloads\\Projectmagang_dr\\Projectmagang_dr\\public\\index.php')
WARNING - 2026-08-04 15:33:12 --> [DEPRECATED] Passing lowercase HTTP method "post" is deprecated. Use uppercase HTTP method like "POST". in SYSTEMPATH\Router\RouteCollection.php on line 1026.
 1 SYSTEMPATH\Router\RouteCollection.php(1026): trigger_error('Passing lowercase HTTP method "post" is deprecated. Use uppercase HTTP method like "POST".', 16384)
 2 APPPATH\Config\Routes.php(177): CodeIgniter\Router\RouteCollection->match([...], 'upload-dokumen', '\\App\\Controllers\\Kabid\\C_UploadDokumen::index')
 3 SYSTEMPATH\Router\RouteCollection.php(799): CodeIgniter\Router\RouteCollection::{closure:C:\Users\ASUS\Downloads\Projectmagang_dr\Projectmagang_dr\app\Config\Routes.php:153}(Object(CodeIgniter\Router\RouteCollection))
 4 APPPATH\Config\Routes.php(153): CodeIgniter\Router\RouteCollection->group('kabid', [...], Object(Closure))
 5 SYSTEMPATH\Router\RouteCollection.php(339): require('C:\\Users\\ASUS\\Downloads\\Projectmagang_dr\\Projectmagang_dr\\app\\Config\\Routes.php')
 6 SYSTEMPATH\CodeIgniter.php(841): CodeIgniter\Router\RouteCollection->loadRoutes()
 7 SYSTEMPATH\CodeIgniter.php(464): CodeIgniter\CodeIgniter->tryToRouteIt(null)
 8 SYSTEMPATH\CodeIgniter.php(363): CodeIgniter\CodeIgniter->handleRequest(null, Object(Config\Cache), false)
 9 SYSTEMPATH\Boot.php(417): CodeIgniter\CodeIgniter->run()
10 SYSTEMPATH\Boot.php(68): CodeIgniter\Boot::runCodeIgniter(Object(CodeIgniter\CodeIgniter))
11 FCPATH\index.php(59): CodeIgniter\Boot::bootWeb(Object(Config\Paths))
12 SYSTEMPATH\rewrite.php(44): require_once('C:\\Users\\ASUS\\Downloads\\Projectmagang_dr\\Projectmagang_dr\\public\\index.php')
DEBUG - 2026-08-04 15:33:13 --> Session: Class initialized using 'CodeIgniter\Session\Handlers\FileHandler' driver.
WARNING - 2026-08-04 15:33:13 --> [DEPRECATED] Passing lowercase HTTP method "get" is deprecated. Use uppercase HTTP method like "GET". in SYSTEMPATH\Router\RouteCollection.php on line 1026.
 1 SYSTEMPATH\Router\RouteCollection.php(1026): trigger_error('Passing lowercase HTTP method "get" is deprecated. Use uppercase HTTP method like "GET".', 16384)
 2 APPPATH\Config\Routes.php(77): CodeIgniter\Router\RouteCollection->match([...], 'logbook', 'C_Logbook::logbook')
 3 SYSTEMPATH\Router\RouteCollection.php(799): CodeIgniter\Router\RouteCollection::{closure:C:\Users\ASUS\Downloads\Projectmagang_dr\Projectmagang_dr\app\Config\Routes.php:59}(Object(CodeIgniter\Router\RouteCollection))
 4 APPPATH\Config\Routes.php(59): CodeIgniter\Router\RouteCollection->group('mahasiswa', [...], Object(Closure))
 5 SYSTEMPATH\Router\RouteCollection.php(339): require('C:\\Users\\ASUS\\Downloads\\Projectmagang_dr\\Projectmagang_dr\\app\\Config\\Routes.php')
 6 SYSTEMPATH\CodeIgniter.php(841): CodeIgniter\Router\RouteCollection->loadRoutes()
 7 SYSTEMPATH\CodeIgniter.php(464): CodeIgniter\CodeIgniter->tryToRouteIt(null)
 8 SYSTEMPATH\CodeIgniter.php(363): CodeIgniter\CodeIgniter->handleRequest(null, Object(Config\Cache), false)
 9 SYSTEMPATH\Boot.php(417): CodeIgniter\CodeIgniter->run()
10 SYSTEMPATH\Boot.php(68): CodeIgniter\Boot::runCodeIgniter(Object(CodeIgniter\CodeIgniter))
11 FCPATH\index.php(59): CodeIgniter\Boot::bootWeb(Object(Config\Paths))
12 SYSTEMPATH\rewrite.php(44): require_once('C:\\Users\\ASUS\\Downloads\\Projectmagang_dr\\Projectmagang_dr\\public\\index.php')
WARNING - 2026-08-04 15:33:13 --> [DEPRECATED] Passing lowercase HTTP method "post" is deprecated. Use uppercase HTTP method like "POST". in SYSTEMPATH\Router\RouteCollection.php on line 1026.
 1 SYSTEMPATH\Router\RouteCollection.php(1026): trigger_error('Passing lowercase HTTP method "post" is deprecated. Use uppercase HTTP method like "POST".', 16384)
 2 APPPATH\Config\Routes.php(77): CodeIgniter\Router\RouteCollection->match([...], 'logbook', 'C_Logbook::logbook')
 3 SYSTEMPATH\Router\RouteCollection.php(799): CodeIgniter\Router\RouteCollection::{closure:C:\Users\ASUS\Downloads\Projectmagang_dr\Projectmagang_dr\app\Config\Routes.php:59}(Object(CodeIgniter\Router\RouteCollection))
 4 APPPATH\Config\Routes.php(59): CodeIgniter\Router\RouteCollection->group('mahasiswa', [...], Object(Closure))
 5 SYSTEMPATH\Router\RouteCollection.php(339): require('C:\\Users\\ASUS\\Downloads\\Projectmagang_dr\\Projectmagang_dr\\app\\Config\\Routes.php')
 6 SYSTEMPATH\CodeIgniter.php(841): CodeIgniter\Router\RouteCollection->loadRoutes()
 7 SYSTEMPATH\CodeIgniter.php(464): CodeIgniter\CodeIgniter->tryToRouteIt(null)
 8 SYSTEMPATH\CodeIgniter.php(363): CodeIgniter\CodeIgniter->handleRequest(null, Object(Config\Cache), false)
 9 SYSTEMPATH\Boot.php(417): CodeIgniter\CodeIgniter->run()
10 SYSTEMPATH\Boot.php(68): CodeIgniter\Boot::runCodeIgniter(Object(CodeIgniter\CodeIgniter))
11 FCPATH\index.php(59): CodeIgniter\Boot::bootWeb(Object(Config\Paths))
12 SYSTEMPATH\rewrite.php(44): require_once('C:\\Users\\ASUS\\Downloads\\Projectmagang_dr\\Projectmagang_dr\\public\\index.php')
WARNING - 2026-08-04 15:33:13 --> [DEPRECATED] Passing lowercase HTTP method "get" is deprecated. Use uppercase HTTP method like "GET". in SYSTEMPATH\Router\RouteCollection.php on line 1026.
 1 SYSTEMPATH\Router\RouteCollection.php(1026): trigger_error('Passing lowercase HTTP method "get" is deprecated. Use uppercase HTTP method like "GET".', 16384)
 2 APPPATH\Config\Routes.php(95): CodeIgniter\Router\RouteCollection->match([...], 'verifikasi', '\\App\\Controllers\\Sekretariat\\C_Verifikasi::index')
 3 SYSTEMPATH\Router\RouteCollection.php(799): CodeIgniter\Router\RouteCollection::{closure:C:\Users\ASUS\Downloads\Projectmagang_dr\Projectmagang_dr\app\Config\Routes.php:89}(Object(CodeIgniter\Router\RouteCollection))
 4 APPPATH\Config\Routes.php(89): CodeIgniter\Router\RouteCollection->group('sekretariat', [...], Object(Closure))
 5 SYSTEMPATH\Router\RouteCollection.php(339): require('C:\\Users\\ASUS\\Downloads\\Projectmagang_dr\\Projectmagang_dr\\app\\Config\\Routes.php')
 6 SYSTEMPATH\CodeIgniter.php(841): CodeIgniter\Router\RouteCollection->loadRoutes()
 7 SYSTEMPATH\CodeIgniter.php(464): CodeIgniter\CodeIgniter->tryToRouteIt(null)
 8 SYSTEMPATH\CodeIgniter.php(363): CodeIgniter\CodeIgniter->handleRequest(null, Object(Config\Cache), false)
 9 SYSTEMPATH\Boot.php(417): CodeIgniter\CodeIgniter->run()
10 SYSTEMPATH\Boot.php(68): CodeIgniter\Boot::runCodeIgniter(Object(CodeIgniter\CodeIgniter))
11 FCPATH\index.php(59): CodeIgniter\Boot::bootWeb(Object(Config\Paths))
12 SYSTEMPATH\rewrite.php(44): require_once('C:\\Users\\ASUS\\Downloads\\Projectmagang_dr\\Projectmagang_dr\\public\\index.php')
WARNING - 2026-08-04 15:33:13 --> [DEPRECATED] Passing lowercase HTTP method "post" is deprecated. Use uppercase HTTP method like "POST". in SYSTEMPATH\Router\RouteCollection.php on line 1026.
 1 SYSTEMPATH\Router\RouteCollection.php(1026): trigger_error('Passing lowercase HTTP method "post" is deprecated. Use uppercase HTTP method like "POST".', 16384)
 2 APPPATH\Config\Routes.php(95): CodeIgniter\Router\RouteCollection->match([...], 'verifikasi', '\\App\\Controllers\\Sekretariat\\C_Verifikasi::index')
 3 SYSTEMPATH\Router\RouteCollection.php(799): CodeIgniter\Router\RouteCollection::{closure:C:\Users\ASUS\Downloads\Projectmagang_dr\Projectmagang_dr\app\Config\Routes.php:89}(Object(CodeIgniter\Router\RouteCollection))
 4 APPPATH\Config\Routes.php(89): CodeIgniter\Router\RouteCollection->group('sekretariat', [...], Object(Closure))
 5 SYSTEMPATH\Router\RouteCollection.php(339): require('C:\\Users\\ASUS\\Downloads\\Projectmagang_dr\\Projectmagang_dr\\app\\Config\\Routes.php')
 6 SYSTEMPATH\CodeIgniter.php(841): CodeIgniter\Router\RouteCollection->loadRoutes()
 7 SYSTEMPATH\CodeIgniter.php(464): CodeIgniter\CodeIgniter->tryToRouteIt(null)
 8 SYSTEMPATH\CodeIgniter.php(363): CodeIgniter\CodeIgniter->handleRequest(null, Object(Config\Cache), false)
 9 SYSTEMPATH\Boot.php(417): CodeIgniter\CodeIgniter->run()
10 SYSTEMPATH\Boot.php(68): CodeIgniter\Boot::runCodeIgniter(Object(CodeIgniter\CodeIgniter))
11 FCPATH\index.php(59): CodeIgniter\Boot::bootWeb(Object(Config\Paths))
12 SYSTEMPATH\rewrite.php(44): require_once('C:\\Users\\ASUS\\Downloads\\Projectmagang_dr\\Projectmagang_dr\\public\\index.php')
WARNING - 2026-08-04 15:33:13 --> [DEPRECATED] Passing lowercase HTTP method "get" is deprecated. Use uppercase HTTP method like "GET". in SYSTEMPATH\Router\RouteCollection.php on line 1026.
 1 SYSTEMPATH\Router\RouteCollection.php(1026): trigger_error('Passing lowercase HTTP method "get" is deprecated. Use uppercase HTTP method like "GET".', 16384)
 2 APPPATH\Config\Routes.php(144): CodeIgniter\Router\RouteCollection->match([...], 'upload-surat-penerimaan', '\\App\\Controllers\\Sekretariat\\C_UploadSuratPenerimaan::index')
 3 SYSTEMPATH\Router\RouteCollection.php(799): CodeIgniter\Router\RouteCollection::{closure:C:\Users\ASUS\Downloads\Projectmagang_dr\Projectmagang_dr\app\Config\Routes.php:89}(Object(CodeIgniter\Router\RouteCollection))
 4 APPPATH\Config\Routes.php(89): CodeIgniter\Router\RouteCollection->group('sekretariat', [...], Object(Closure))
 5 SYSTEMPATH\Router\RouteCollection.php(339): require('C:\\Users\\ASUS\\Downloads\\Projectmagang_dr\\Projectmagang_dr\\app\\Config\\Routes.php')
 6 SYSTEMPATH\CodeIgniter.php(841): CodeIgniter\Router\RouteCollection->loadRoutes()
 7 SYSTEMPATH\CodeIgniter.php(464): CodeIgniter\CodeIgniter->tryToRouteIt(null)
 8 SYSTEMPATH\CodeIgniter.php(363): CodeIgniter\CodeIgniter->handleRequest(null, Object(Config\Cache), false)
 9 SYSTEMPATH\Boot.php(417): CodeIgniter\CodeIgniter->run()
10 SYSTEMPATH\Boot.php(68): CodeIgniter\Boot::runCodeIgniter(Object(CodeIgniter\CodeIgniter))
11 FCPATH\index.php(59): CodeIgniter\Boot::bootWeb(Object(Config\Paths))
12 SYSTEMPATH\rewrite.php(44): require_once('C:\\Users\\ASUS\\Downloads\\Projectmagang_dr\\Projectmagang_dr\\public\\index.php')
WARNING - 2026-08-04 15:33:13 --> [DEPRECATED] Passing lowercase HTTP method "post" is deprecated. Use uppercase HTTP method like "POST". in SYSTEMPATH\Router\RouteCollection.php on line 1026.
 1 SYSTEMPATH\Router\RouteCollection.php(1026): trigger_error('Passing lowercase HTTP method "post" is deprecated. Use uppercase HTTP method like "POST".', 16384)
 2 APPPATH\Config\Routes.php(144): CodeIgniter\Router\RouteCollection->match([...], 'upload-surat-penerimaan', '\\App\\Controllers\\Sekretariat\\C_UploadSuratPenerimaan::index')
 3 SYSTEMPATH\Router\RouteCollection.php(799): CodeIgniter\Router\RouteCollection::{closure:C:\Users\ASUS\Downloads\Projectmagang_dr\Projectmagang_dr\app\Config\Routes.php:89}(Object(CodeIgniter\Router\RouteCollection))
 4 APPPATH\Config\Routes.php(89): CodeIgniter\Router\RouteCollection->group('sekretariat', [...], Object(Closure))
 5 SYSTEMPATH\Router\RouteCollection.php(339): require('C:\\Users\\ASUS\\Downloads\\Projectmagang_dr\\Projectmagang_dr\\app\\Config\\Routes.php')
 6 SYSTEMPATH\CodeIgniter.php(841): CodeIgniter\Router\RouteCollection->loadRoutes()
 7 SYSTEMPATH\CodeIgniter.php(464): CodeIgniter\CodeIgniter->tryToRouteIt(null)
 8 SYSTEMPATH\CodeIgniter.php(363): CodeIgniter\CodeIgniter->handleRequest(null, Object(Config\Cache), false)
 9 SYSTEMPATH\Boot.php(417): CodeIgniter\CodeIgniter->run()
10 SYSTEMPATH\Boot.php(68): CodeIgniter\Boot::runCodeIgniter(Object(CodeIgniter\CodeIgniter))
11 FCPATH\index.php(59): CodeIgniter\Boot::bootWeb(Object(Config\Paths))
12 SYSTEMPATH\rewrite.php(44): require_once('C:\\Users\\ASUS\\Downloads\\Projectmagang_dr\\Projectmagang_dr\\public\\index.php')
WARNING - 2026-08-04 15:33:13 --> [DEPRECATED] Passing lowercase HTTP method "get" is deprecated. Use uppercase HTTP method like "GET". in SYSTEMPATH\Router\RouteCollection.php on line 1026.
 1 SYSTEMPATH\Router\RouteCollection.php(1026): trigger_error('Passing lowercase HTTP method "get" is deprecated. Use uppercase HTTP method like "GET".', 16384)
 2 APPPATH\Config\Routes.php(165): CodeIgniter\Router\RouteCollection->match([...], 'logbook', '\\App\\Controllers\\Kabid\\C_LogbookKabid::index')
 3 SYSTEMPATH\Router\RouteCollection.php(799): CodeIgniter\Router\RouteCollection::{closure:C:\Users\ASUS\Downloads\Projectmagang_dr\Projectmagang_dr\app\Config\Routes.php:153}(Object(CodeIgniter\Router\RouteCollection))
 4 APPPATH\Config\Routes.php(153): CodeIgniter\Router\RouteCollection->group('kabid', [...], Object(Closure))
 5 SYSTEMPATH\Router\RouteCollection.php(339): require('C:\\Users\\ASUS\\Downloads\\Projectmagang_dr\\Projectmagang_dr\\app\\Config\\Routes.php')
 6 SYSTEMPATH\CodeIgniter.php(841): CodeIgniter\Router\RouteCollection->loadRoutes()
 7 SYSTEMPATH\CodeIgniter.php(464): CodeIgniter\CodeIgniter->tryToRouteIt(null)
 8 SYSTEMPATH\CodeIgniter.php(363): CodeIgniter\CodeIgniter->handleRequest(null, Object(Config\Cache), false)
 9 SYSTEMPATH\Boot.php(417): CodeIgniter\CodeIgniter->run()
10 SYSTEMPATH\Boot.php(68): CodeIgniter\Boot::runCodeIgniter(Object(CodeIgniter\CodeIgniter))
11 FCPATH\index.php(59): CodeIgniter\Boot::bootWeb(Object(Config\Paths))
12 SYSTEMPATH\rewrite.php(44): require_once('C:\\Users\\ASUS\\Downloads\\Projectmagang_dr\\Projectmagang_dr\\public\\index.php')
WARNING - 2026-08-04 15:33:13 --> [DEPRECATED] Passing lowercase HTTP method "post" is deprecated. Use uppercase HTTP method like "POST". in SYSTEMPATH\Router\RouteCollection.php on line 1026.
 1 SYSTEMPATH\Router\RouteCollection.php(1026): trigger_error('Passing lowercase HTTP method "post" is deprecated. Use uppercase HTTP method like "POST".', 16384)
 2 APPPATH\Config\Routes.php(165): CodeIgniter\Router\RouteCollection->match([...], 'logbook', '\\App\\Controllers\\Kabid\\C_LogbookKabid::index')
 3 SYSTEMPATH\Router\RouteCollection.php(799): CodeIgniter\Router\RouteCollection::{closure:C:\Users\ASUS\Downloads\Projectmagang_dr\Projectmagang_dr\app\Config\Routes.php:153}(Object(CodeIgniter\Router\RouteCollection))
 4 APPPATH\Config\Routes.php(153): CodeIgniter\Router\RouteCollection->group('kabid', [...], Object(Closure))
 5 SYSTEMPATH\Router\RouteCollection.php(339): require('C:\\Users\\ASUS\\Downloads\\Projectmagang_dr\\Projectmagang_dr\\app\\Config\\Routes.php')
 6 SYSTEMPATH\CodeIgniter.php(841): CodeIgniter\Router\RouteCollection->loadRoutes()
 7 SYSTEMPATH\CodeIgniter.php(464): CodeIgniter\CodeIgniter->tryToRouteIt(null)
 8 SYSTEMPATH\CodeIgniter.php(363): CodeIgniter\CodeIgniter->handleRequest(null, Object(Config\Cache), false)
 9 SYSTEMPATH\Boot.php(417): CodeIgniter\CodeIgniter->run()
10 SYSTEMPATH\Boot.php(68): CodeIgniter\Boot::runCodeIgniter(Object(CodeIgniter\CodeIgniter))
11 FCPATH\index.php(59): CodeIgniter\Boot::bootWeb(Object(Config\Paths))
12 SYSTEMPATH\rewrite.php(44): require_once('C:\\Users\\ASUS\\Downloads\\Projectmagang_dr\\Projectmagang_dr\\public\\index.php')
WARNING - 2026-08-04 15:33:13 --> [DEPRECATED] Passing lowercase HTTP method "get" is deprecated. Use uppercase HTTP method like "GET". in SYSTEMPATH\Router\RouteCollection.php on line 1026.
 1 SYSTEMPATH\Router\RouteCollection.php(1026): trigger_error('Passing lowercase HTTP method "get" is deprecated. Use uppercase HTTP method like "GET".', 16384)
 2 APPPATH\Config\Routes.php(177): CodeIgniter\Router\RouteCollection->match([...], 'upload-dokumen', '\\App\\Controllers\\Kabid\\C_UploadDokumen::index')
 3 SYSTEMPATH\Router\RouteCollection.php(799): CodeIgniter\Router\RouteCollection::{closure:C:\Users\ASUS\Downloads\Projectmagang_dr\Projectmagang_dr\app\Config\Routes.php:153}(Object(CodeIgniter\Router\RouteCollection))
 4 APPPATH\Config\Routes.php(153): CodeIgniter\Router\RouteCollection->group('kabid', [...], Object(Closure))
 5 SYSTEMPATH\Router\RouteCollection.php(339): require('C:\\Users\\ASUS\\Downloads\\Projectmagang_dr\\Projectmagang_dr\\app\\Config\\Routes.php')
 6 SYSTEMPATH\CodeIgniter.php(841): CodeIgniter\Router\RouteCollection->loadRoutes()
 7 SYSTEMPATH\CodeIgniter.php(464): CodeIgniter\CodeIgniter->tryToRouteIt(null)
 8 SYSTEMPATH\CodeIgniter.php(363): CodeIgniter\CodeIgniter->handleRequest(null, Object(Config\Cache), false)
 9 SYSTEMPATH\Boot.php(417): CodeIgniter\CodeIgniter->run()
10 SYSTEMPATH\Boot.php(68): CodeIgniter\Boot::runCodeIgniter(Object(CodeIgniter\CodeIgniter))
11 FCPATH\index.php(59): CodeIgniter\Boot::bootWeb(Object(Config\Paths))
12 SYSTEMPATH\rewrite.php(44): require_once('C:\\Users\\ASUS\\Downloads\\Projectmagang_dr\\Projectmagang_dr\\public\\index.php')
WARNING - 2026-08-04 15:33:13 --> [DEPRECATED] Passing lowercase HTTP method "post" is deprecated. Use uppercase HTTP method like "POST". in SYSTEMPATH\Router\RouteCollection.php on line 1026.
 1 SYSTEMPATH\Router\RouteCollection.php(1026): trigger_error('Passing lowercase HTTP method "post" is deprecated. Use uppercase HTTP method like "POST".', 16384)
 2 APPPATH\Config\Routes.php(177): CodeIgniter\Router\RouteCollection->match([...], 'upload-dokumen', '\\App\\Controllers\\Kabid\\C_UploadDokumen::index')
 3 SYSTEMPATH\Router\RouteCollection.php(799): CodeIgniter\Router\RouteCollection::{closure:C:\Users\ASUS\Downloads\Projectmagang_dr\Projectmagang_dr\app\Config\Routes.php:153}(Object(CodeIgniter\Router\RouteCollection))
 4 APPPATH\Config\Routes.php(153): CodeIgniter\Router\RouteCollection->group('kabid', [...], Object(Closure))
 5 SYSTEMPATH\Router\RouteCollection.php(339): require('C:\\Users\\ASUS\\Downloads\\Projectmagang_dr\\Projectmagang_dr\\app\\Config\\Routes.php')
 6 SYSTEMPATH\CodeIgniter.php(841): CodeIgniter\Router\RouteCollection->loadRoutes()
 7 SYSTEMPATH\CodeIgniter.php(464): CodeIgniter\CodeIgniter->tryToRouteIt(null)
 8 SYSTEMPATH\CodeIgniter.php(363): CodeIgniter\CodeIgniter->handleRequest(null, Object(Config\Cache), false)
 9 SYSTEMPATH\Boot.php(417): CodeIgniter\CodeIgniter->run()
10 SYSTEMPATH\Boot.php(68): CodeIgniter\Boot::runCodeIgniter(Object(CodeIgniter\CodeIgniter))
11 FCPATH\index.php(59): CodeIgniter\Boot::bootWeb(Object(Config\Paths))
12 SYSTEMPATH\rewrite.php(44): require_once('C:\\Users\\ASUS\\Downloads\\Projectmagang_dr\\Projectmagang_dr\\public\\index.php')
DEBUG - 2026-08-04 15:33:13 --> Session: Class initialized using 'CodeIgniter\Session\Handlers\FileHandler' driver.
WARNING - 2026-08-04 15:33:29 --> [DEPRECATED] Passing lowercase HTTP method "get" is deprecated. Use uppercase HTTP method like "GET". in SYSTEMPATH\Router\RouteCollection.php on line 1026.
 1 SYSTEMPATH\Router\RouteCollection.php(1026): trigger_error('Passing lowercase HTTP method "get" is deprecated. Use uppercase HTTP method like "GET".', 16384)
 2 APPPATH\Config\Routes.php(77): CodeIgniter\Router\RouteCollection->match([...], 'logbook', 'C_Logbook::logbook')
 3 SYSTEMPATH\Router\RouteCollection.php(799): CodeIgniter\Router\RouteCollection::{closure:C:\Users\ASUS\Downloads\Projectmagang_dr\Projectmagang_dr\app\Config\Routes.php:59}(Object(CodeIgniter\Router\RouteCollection))
 4 APPPATH\Config\Routes.php(59): CodeIgniter\Router\RouteCollection->group('mahasiswa', [...], Object(Closure))
 5 SYSTEMPATH\Router\RouteCollection.php(339): require('C:\\Users\\ASUS\\Downloads\\Projectmagang_dr\\Projectmagang_dr\\app\\Config\\Routes.php')
 6 SYSTEMPATH\CodeIgniter.php(841): CodeIgniter\Router\RouteCollection->loadRoutes()
 7 SYSTEMPATH\CodeIgniter.php(464): CodeIgniter\CodeIgniter->tryToRouteIt(null)
 8 SYSTEMPATH\CodeIgniter.php(363): CodeIgniter\CodeIgniter->handleRequest(null, Object(Config\Cache), false)
 9 SYSTEMPATH\Boot.php(417): CodeIgniter\CodeIgniter->run()
10 SYSTEMPATH\Boot.php(68): CodeIgniter\Boot::runCodeIgniter(Object(CodeIgniter\CodeIgniter))
11 FCPATH\index.php(59): CodeIgniter\Boot::bootWeb(Object(Config\Paths))
12 SYSTEMPATH\rewrite.php(44): require_once('C:\\Users\\ASUS\\Downloads\\Projectmagang_dr\\Projectmagang_dr\\public\\index.php')
WARNING - 2026-08-04 15:33:29 --> [DEPRECATED] Passing lowercase HTTP method "post" is deprecated. Use uppercase HTTP method like "POST". in SYSTEMPATH\Router\RouteCollection.php on line 1026.
 1 SYSTEMPATH\Router\RouteCollection.php(1026): trigger_error('Passing lowercase HTTP method "post" is deprecated. Use uppercase HTTP method like "POST".', 16384)
 2 APPPATH\Config\Routes.php(77): CodeIgniter\Router\RouteCollection->match([...], 'logbook', 'C_Logbook::logbook')
 3 SYSTEMPATH\Router\RouteCollection.php(799): CodeIgniter\Router\RouteCollection::{closure:C:\Users\ASUS\Downloads\Projectmagang_dr\Projectmagang_dr\app\Config\Routes.php:59}(Object(CodeIgniter\Router\RouteCollection))
 4 APPPATH\Config\Routes.php(59): CodeIgniter\Router\RouteCollection->group('mahasiswa', [...], Object(Closure))
 5 SYSTEMPATH\Router\RouteCollection.php(339): require('C:\\Users\\ASUS\\Downloads\\Projectmagang_dr\\Projectmagang_dr\\app\\Config\\Routes.php')
 6 SYSTEMPATH\CodeIgniter.php(841): CodeIgniter\Router\RouteCollection->loadRoutes()
 7 SYSTEMPATH\CodeIgniter.php(464): CodeIgniter\CodeIgniter->tryToRouteIt(null)
 8 SYSTEMPATH\CodeIgniter.php(363): CodeIgniter\CodeIgniter->handleRequest(null, Object(Config\Cache), false)
 9 SYSTEMPATH\Boot.php(417): CodeIgniter\CodeIgniter->run()
10 SYSTEMPATH\Boot.php(68): CodeIgniter\Boot::runCodeIgniter(Object(CodeIgniter\CodeIgniter))
11 FCPATH\index.php(59): CodeIgniter\Boot::bootWeb(Object(Config\Paths))
12 SYSTEMPATH\rewrite.php(44): require_once('C:\\Users\\ASUS\\Downloads\\Projectmagang_dr\\Projectmagang_dr\\public\\index.php')
WARNING - 2026-08-04 15:33:29 --> [DEPRECATED] Passing lowercase HTTP method "get" is deprecated. Use uppercase HTTP method like "GET". in SYSTEMPATH\Router\RouteCollection.php on line 1026.
 1 SYSTEMPATH\Router\RouteCollection.php(1026): trigger_error('Passing lowercase HTTP method "get" is deprecated. Use uppercase HTTP method like "GET".', 16384)
 2 APPPATH\Config\Routes.php(95): CodeIgniter\Router\RouteCollection->match([...], 'verifikasi', '\\App\\Controllers\\Sekretariat\\C_Verifikasi::index')
 3 SYSTEMPATH\Router\RouteCollection.php(799): CodeIgniter\Router\RouteCollection::{closure:C:\Users\ASUS\Downloads\Projectmagang_dr\Projectmagang_dr\app\Config\Routes.php:89}(Object(CodeIgniter\Router\RouteCollection))
 4 APPPATH\Config\Routes.php(89): CodeIgniter\Router\RouteCollection->group('sekretariat', [...], Object(Closure))
 5 SYSTEMPATH\Router\RouteCollection.php(339): require('C:\\Users\\ASUS\\Downloads\\Projectmagang_dr\\Projectmagang_dr\\app\\Config\\Routes.php')
 6 SYSTEMPATH\CodeIgniter.php(841): CodeIgniter\Router\RouteCollection->loadRoutes()
 7 SYSTEMPATH\CodeIgniter.php(464): CodeIgniter\CodeIgniter->tryToRouteIt(null)
 8 SYSTEMPATH\CodeIgniter.php(363): CodeIgniter\CodeIgniter->handleRequest(null, Object(Config\Cache), false)
 9 SYSTEMPATH\Boot.php(417): CodeIgniter\CodeIgniter->run()
10 SYSTEMPATH\Boot.php(68): CodeIgniter\Boot::runCodeIgniter(Object(CodeIgniter\CodeIgniter))
11 FCPATH\index.php(59): CodeIgniter\Boot::bootWeb(Object(Config\Paths))
12 SYSTEMPATH\rewrite.php(44): require_once('C:\\Users\\ASUS\\Downloads\\Projectmagang_dr\\Projectmagang_dr\\public\\index.php')
WARNING - 2026-08-04 15:33:29 --> [DEPRECATED] Passing lowercase HTTP method "post" is deprecated. Use uppercase HTTP method like "POST". in SYSTEMPATH\Router\RouteCollection.php on line 1026.
 1 SYSTEMPATH\Router\RouteCollection.php(1026): trigger_error('Passing lowercase HTTP method "post" is deprecated. Use uppercase HTTP method like "POST".', 16384)
 2 APPPATH\Config\Routes.php(95): CodeIgniter\Router\RouteCollection->match([...], 'verifikasi', '\\App\\Controllers\\Sekretariat\\C_Verifikasi::index')
 3 SYSTEMPATH\Router\RouteCollection.php(799): CodeIgniter\Router\RouteCollection::{closure:C:\Users\ASUS\Downloads\Projectmagang_dr\Projectmagang_dr\app\Config\Routes.php:89}(Object(CodeIgniter\Router\RouteCollection))
 4 APPPATH\Config\Routes.php(89): CodeIgniter\Router\RouteCollection->group('sekretariat', [...], Object(Closure))
 5 SYSTEMPATH\Router\RouteCollection.php(339): require('C:\\Users\\ASUS\\Downloads\\Projectmagang_dr\\Projectmagang_dr\\app\\Config\\Routes.php')
 6 SYSTEMPATH\CodeIgniter.php(841): CodeIgniter\Router\RouteCollection->loadRoutes()
 7 SYSTEMPATH\CodeIgniter.php(464): CodeIgniter\CodeIgniter->tryToRouteIt(null)
 8 SYSTEMPATH\CodeIgniter.php(363): CodeIgniter\CodeIgniter->handleRequest(null, Object(Config\Cache), false)
 9 SYSTEMPATH\Boot.php(417): CodeIgniter\CodeIgniter->run()
10 SYSTEMPATH\Boot.php(68): CodeIgniter\Boot::runCodeIgniter(Object(CodeIgniter\CodeIgniter))
11 FCPATH\index.php(59): CodeIgniter\Boot::bootWeb(Object(Config\Paths))
12 SYSTEMPATH\rewrite.php(44): require_once('C:\\Users\\ASUS\\Downloads\\Projectmagang_dr\\Projectmagang_dr\\public\\index.php')
WARNING - 2026-08-04 15:33:29 --> [DEPRECATED] Passing lowercase HTTP method "get" is deprecated. Use uppercase HTTP method like "GET". in SYSTEMPATH\Router\RouteCollection.php on line 1026.
 1 SYSTEMPATH\Router\RouteCollection.php(1026): trigger_error('Passing lowercase HTTP method "get" is deprecated. Use uppercase HTTP method like "GET".', 16384)
 2 APPPATH\Config\Routes.php(144): CodeIgniter\Router\RouteCollection->match([...], 'upload-surat-penerimaan', '\\App\\Controllers\\Sekretariat\\C_UploadSuratPenerimaan::index')
 3 SYSTEMPATH\Router\RouteCollection.php(799): CodeIgniter\Router\RouteCollection::{closure:C:\Users\ASUS\Downloads\Projectmagang_dr\Projectmagang_dr\app\Config\Routes.php:89}(Object(CodeIgniter\Router\RouteCollection))
 4 APPPATH\Config\Routes.php(89): CodeIgniter\Router\RouteCollection->group('sekretariat', [...], Object(Closure))
 5 SYSTEMPATH\Router\RouteCollection.php(339): require('C:\\Users\\ASUS\\Downloads\\Projectmagang_dr\\Projectmagang_dr\\app\\Config\\Routes.php')
 6 SYSTEMPATH\CodeIgniter.php(841): CodeIgniter\Router\RouteCollection->loadRoutes()
 7 SYSTEMPATH\CodeIgniter.php(464): CodeIgniter\CodeIgniter->tryToRouteIt(null)
 8 SYSTEMPATH\CodeIgniter.php(363): CodeIgniter\CodeIgniter->handleRequest(null, Object(Config\Cache), false)
 9 SYSTEMPATH\Boot.php(417): CodeIgniter\CodeIgniter->run()
10 SYSTEMPATH\Boot.php(68): CodeIgniter\Boot::runCodeIgniter(Object(CodeIgniter\CodeIgniter))
11 FCPATH\index.php(59): CodeIgniter\Boot::bootWeb(Object(Config\Paths))
12 SYSTEMPATH\rewrite.php(44): require_once('C:\\Users\\ASUS\\Downloads\\Projectmagang_dr\\Projectmagang_dr\\public\\index.php')
WARNING - 2026-08-04 15:33:29 --> [DEPRECATED] Passing lowercase HTTP method "post" is deprecated. Use uppercase HTTP method like "POST". in SYSTEMPATH\Router\RouteCollection.php on line 1026.
 1 SYSTEMPATH\Router\RouteCollection.php(1026): trigger_error('Passing lowercase HTTP method "post" is deprecated. Use uppercase HTTP method like "POST".', 16384)
 2 APPPATH\Config\Routes.php(144): CodeIgniter\Router\RouteCollection->match([...], 'upload-surat-penerimaan', '\\App\\Controllers\\Sekretariat\\C_UploadSuratPenerimaan::index')
 3 SYSTEMPATH\Router\RouteCollection.php(799): CodeIgniter\Router\RouteCollection::{closure:C:\Users\ASUS\Downloads\Projectmagang_dr\Projectmagang_dr\app\Config\Routes.php:89}(Object(CodeIgniter\Router\RouteCollection))
 4 APPPATH\Config\Routes.php(89): CodeIgniter\Router\RouteCollection->group('sekretariat', [...], Object(Closure))
 5 SYSTEMPATH\Router\RouteCollection.php(339): require('C:\\Users\\ASUS\\Downloads\\Projectmagang_dr\\Projectmagang_dr\\app\\Config\\Routes.php')
 6 SYSTEMPATH\CodeIgniter.php(841): CodeIgniter\Router\RouteCollection->loadRoutes()
 7 SYSTEMPATH\CodeIgniter.php(464): CodeIgniter\CodeIgniter->tryToRouteIt(null)
 8 SYSTEMPATH\CodeIgniter.php(363): CodeIgniter\CodeIgniter->handleRequest(null, Object(Config\Cache), false)
 9 SYSTEMPATH\Boot.php(417): CodeIgniter\CodeIgniter->run()
10 SYSTEMPATH\Boot.php(68): CodeIgniter\Boot::runCodeIgniter(Object(CodeIgniter\CodeIgniter))
11 FCPATH\index.php(59): CodeIgniter\Boot::bootWeb(Object(Config\Paths))
12 SYSTEMPATH\rewrite.php(44): require_once('C:\\Users\\ASUS\\Downloads\\Projectmagang_dr\\Projectmagang_dr\\public\\index.php')
WARNING - 2026-08-04 15:33:29 --> [DEPRECATED] Passing lowercase HTTP method "get" is deprecated. Use uppercase HTTP method like "GET". in SYSTEMPATH\Router\RouteCollection.php on line 1026.
 1 SYSTEMPATH\Router\RouteCollection.php(1026): trigger_error('Passing lowercase HTTP method "get" is deprecated. Use uppercase HTTP method like "GET".', 16384)
 2 APPPATH\Config\Routes.php(165): CodeIgniter\Router\RouteCollection->match([...], 'logbook', '\\App\\Controllers\\Kabid\\C_LogbookKabid::index')
 3 SYSTEMPATH\Router\RouteCollection.php(799): CodeIgniter\Router\RouteCollection::{closure:C:\Users\ASUS\Downloads\Projectmagang_dr\Projectmagang_dr\app\Config\Routes.php:153}(Object(CodeIgniter\Router\RouteCollection))
 4 APPPATH\Config\Routes.php(153): CodeIgniter\Router\RouteCollection->group('kabid', [...], Object(Closure))
 5 SYSTEMPATH\Router\RouteCollection.php(339): require('C:\\Users\\ASUS\\Downloads\\Projectmagang_dr\\Projectmagang_dr\\app\\Config\\Routes.php')
 6 SYSTEMPATH\CodeIgniter.php(841): CodeIgniter\Router\RouteCollection->loadRoutes()
 7 SYSTEMPATH\CodeIgniter.php(464): CodeIgniter\CodeIgniter->tryToRouteIt(null)
 8 SYSTEMPATH\CodeIgniter.php(363): CodeIgniter\CodeIgniter->handleRequest(null, Object(Config\Cache), false)
 9 SYSTEMPATH\Boot.php(417): CodeIgniter\CodeIgniter->run()
10 SYSTEMPATH\Boot.php(68): CodeIgniter\Boot::runCodeIgniter(Object(CodeIgniter\CodeIgniter))
11 FCPATH\index.php(59): CodeIgniter\Boot::bootWeb(Object(Config\Paths))
12 SYSTEMPATH\rewrite.php(44): require_once('C:\\Users\\ASUS\\Downloads\\Projectmagang_dr\\Projectmagang_dr\\public\\index.php')
WARNING - 2026-08-04 15:33:29 --> [DEPRECATED] Passing lowercase HTTP method "post" is deprecated. Use uppercase HTTP method like "POST". in SYSTEMPATH\Router\RouteCollection.php on line 1026.
 1 SYSTEMPATH\Router\RouteCollection.php(1026): trigger_error('Passing lowercase HTTP method "post" is deprecated. Use uppercase HTTP method like "POST".', 16384)
 2 APPPATH\Config\Routes.php(165): CodeIgniter\Router\RouteCollection->match([...], 'logbook', '\\App\\Controllers\\Kabid\\C_LogbookKabid::index')
 3 SYSTEMPATH\Router\RouteCollection.php(799): CodeIgniter\Router\RouteCollection::{closure:C:\Users\ASUS\Downloads\Projectmagang_dr\Projectmagang_dr\app\Config\Routes.php:153}(Object(CodeIgniter\Router\RouteCollection))
 4 APPPATH\Config\Routes.php(153): CodeIgniter\Router\RouteCollection->group('kabid', [...], Object(Closure))
 5 SYSTEMPATH\Router\RouteCollection.php(339): require('C:\\Users\\ASUS\\Downloads\\Projectmagang_dr\\Projectmagang_dr\\app\\Config\\Routes.php')
 6 SYSTEMPATH\CodeIgniter.php(841): CodeIgniter\Router\RouteCollection->loadRoutes()
 7 SYSTEMPATH\CodeIgniter.php(464): CodeIgniter\CodeIgniter->tryToRouteIt(null)
 8 SYSTEMPATH\CodeIgniter.php(363): CodeIgniter\CodeIgniter->handleRequest(null, Object(Config\Cache), false)
 9 SYSTEMPATH\Boot.php(417): CodeIgniter\CodeIgniter->run()
10 SYSTEMPATH\Boot.php(68): CodeIgniter\Boot::runCodeIgniter(Object(CodeIgniter\CodeIgniter))
11 FCPATH\index.php(59): CodeIgniter\Boot::bootWeb(Object(Config\Paths))
12 SYSTEMPATH\rewrite.php(44): require_once('C:\\Users\\ASUS\\Downloads\\Projectmagang_dr\\Projectmagang_dr\\public\\index.php')
WARNING - 2026-08-04 15:33:29 --> [DEPRECATED] Passing lowercase HTTP method "get" is deprecated. Use uppercase HTTP method like "GET". in SYSTEMPATH\Router\RouteCollection.php on line 1026.
 1 SYSTEMPATH\Router\RouteCollection.php(1026): trigger_error('Passing lowercase HTTP method "get" is deprecated. Use uppercase HTTP method like "GET".', 16384)
 2 APPPATH\Config\Routes.php(177): CodeIgniter\Router\RouteCollection->match([...], 'upload-dokumen', '\\App\\Controllers\\Kabid\\C_UploadDokumen::index')
 3 SYSTEMPATH\Router\RouteCollection.php(799): CodeIgniter\Router\RouteCollection::{closure:C:\Users\ASUS\Downloads\Projectmagang_dr\Projectmagang_dr\app\Config\Routes.php:153}(Object(CodeIgniter\Router\RouteCollection))
 4 APPPATH\Config\Routes.php(153): CodeIgniter\Router\RouteCollection->group('kabid', [...], Object(Closure))
 5 SYSTEMPATH\Router\RouteCollection.php(339): require('C:\\Users\\ASUS\\Downloads\\Projectmagang_dr\\Projectmagang_dr\\app\\Config\\Routes.php')
 6 SYSTEMPATH\CodeIgniter.php(841): CodeIgniter\Router\RouteCollection->loadRoutes()
 7 SYSTEMPATH\CodeIgniter.php(464): CodeIgniter\CodeIgniter->tryToRouteIt(null)
 8 SYSTEMPATH\CodeIgniter.php(363): CodeIgniter\CodeIgniter->handleRequest(null, Object(Config\Cache), false)
 9 SYSTEMPATH\Boot.php(417): CodeIgniter\CodeIgniter->run()
10 SYSTEMPATH\Boot.php(68): CodeIgniter\Boot::runCodeIgniter(Object(CodeIgniter\CodeIgniter))
11 FCPATH\index.php(59): CodeIgniter\Boot::bootWeb(Object(Config\Paths))
12 SYSTEMPATH\rewrite.php(44): require_once('C:\\Users\\ASUS\\Downloads\\Projectmagang_dr\\Projectmagang_dr\\public\\index.php')
WARNING - 2026-08-04 15:33:29 --> [DEPRECATED] Passing lowercase HTTP method "post" is deprecated. Use uppercase HTTP method like "POST". in SYSTEMPATH\Router\RouteCollection.php on line 1026.
 1 SYSTEMPATH\Router\RouteCollection.php(1026): trigger_error('Passing lowercase HTTP method "post" is deprecated. Use uppercase HTTP method like "POST".', 16384)
 2 APPPATH\Config\Routes.php(177): CodeIgniter\Router\RouteCollection->match([...], 'upload-dokumen', '\\App\\Controllers\\Kabid\\C_UploadDokumen::index')
 3 SYSTEMPATH\Router\RouteCollection.php(799): CodeIgniter\Router\RouteCollection::{closure:C:\Users\ASUS\Downloads\Projectmagang_dr\Projectmagang_dr\app\Config\Routes.php:153}(Object(CodeIgniter\Router\RouteCollection))
 4 APPPATH\Config\Routes.php(153): CodeIgniter\Router\RouteCollection->group('kabid', [...], Object(Closure))
 5 SYSTEMPATH\Router\RouteCollection.php(339): require('C:\\Users\\ASUS\\Downloads\\Projectmagang_dr\\Projectmagang_dr\\app\\Config\\Routes.php')
 6 SYSTEMPATH\CodeIgniter.php(841): CodeIgniter\Router\RouteCollection->loadRoutes()
 7 SYSTEMPATH\CodeIgniter.php(464): CodeIgniter\CodeIgniter->tryToRouteIt(null)
 8 SYSTEMPATH\CodeIgniter.php(363): CodeIgniter\CodeIgniter->handleRequest(null, Object(Config\Cache), false)
 9 SYSTEMPATH\Boot.php(417): CodeIgniter\CodeIgniter->run()
10 SYSTEMPATH\Boot.php(68): CodeIgniter\Boot::runCodeIgniter(Object(CodeIgniter\CodeIgniter))
11 FCPATH\index.php(59): CodeIgniter\Boot::bootWeb(Object(Config\Paths))
12 SYSTEMPATH\rewrite.php(44): require_once('C:\\Users\\ASUS\\Downloads\\Projectmagang_dr\\Projectmagang_dr\\public\\index.php')
DEBUG - 2026-08-04 15:33:30 --> Session: Class initialized using 'CodeIgniter\Session\Handlers\FileHandler' driver.
WARNING - 2026-08-04 15:33:30 --> [DEPRECATED] Passing lowercase HTTP method "get" is deprecated. Use uppercase HTTP method like "GET". in SYSTEMPATH\Router\RouteCollection.php on line 1026.
 1 SYSTEMPATH\Router\RouteCollection.php(1026): trigger_error('Passing lowercase HTTP method "get" is deprecated. Use uppercase HTTP method like "GET".', 16384)
 2 APPPATH\Config\Routes.php(77): CodeIgniter\Router\RouteCollection->match([...], 'logbook', 'C_Logbook::logbook')
 3 SYSTEMPATH\Router\RouteCollection.php(799): CodeIgniter\Router\RouteCollection::{closure:C:\Users\ASUS\Downloads\Projectmagang_dr\Projectmagang_dr\app\Config\Routes.php:59}(Object(CodeIgniter\Router\RouteCollection))
 4 APPPATH\Config\Routes.php(59): CodeIgniter\Router\RouteCollection->group('mahasiswa', [...], Object(Closure))
 5 SYSTEMPATH\Router\RouteCollection.php(339): require('C:\\Users\\ASUS\\Downloads\\Projectmagang_dr\\Projectmagang_dr\\app\\Config\\Routes.php')
 6 SYSTEMPATH\CodeIgniter.php(841): CodeIgniter\Router\RouteCollection->loadRoutes()
 7 SYSTEMPATH\CodeIgniter.php(464): CodeIgniter\CodeIgniter->tryToRouteIt(null)
 8 SYSTEMPATH\CodeIgniter.php(363): CodeIgniter\CodeIgniter->handleRequest(null, Object(Config\Cache), false)
 9 SYSTEMPATH\Boot.php(417): CodeIgniter\CodeIgniter->run()
10 SYSTEMPATH\Boot.php(68): CodeIgniter\Boot::runCodeIgniter(Object(CodeIgniter\CodeIgniter))
11 FCPATH\index.php(59): CodeIgniter\Boot::bootWeb(Object(Config\Paths))
12 SYSTEMPATH\rewrite.php(44): require_once('C:\\Users\\ASUS\\Downloads\\Projectmagang_dr\\Projectmagang_dr\\public\\index.php')
WARNING - 2026-08-04 15:33:30 --> [DEPRECATED] Passing lowercase HTTP method "post" is deprecated. Use uppercase HTTP method like "POST". in SYSTEMPATH\Router\RouteCollection.php on line 1026.
 1 SYSTEMPATH\Router\RouteCollection.php(1026): trigger_error('Passing lowercase HTTP method "post" is deprecated. Use uppercase HTTP method like "POST".', 16384)
 2 APPPATH\Config\Routes.php(77): CodeIgniter\Router\RouteCollection->match([...], 'logbook', 'C_Logbook::logbook')
 3 SYSTEMPATH\Router\RouteCollection.php(799): CodeIgniter\Router\RouteCollection::{closure:C:\Users\ASUS\Downloads\Projectmagang_dr\Projectmagang_dr\app\Config\Routes.php:59}(Object(CodeIgniter\Router\RouteCollection))
 4 APPPATH\Config\Routes.php(59): CodeIgniter\Router\RouteCollection->group('mahasiswa', [...], Object(Closure))
 5 SYSTEMPATH\Router\RouteCollection.php(339): require('C:\\Users\\ASUS\\Downloads\\Projectmagang_dr\\Projectmagang_dr\\app\\Config\\Routes.php')
 6 SYSTEMPATH\CodeIgniter.php(841): CodeIgniter\Router\RouteCollection->loadRoutes()
 7 SYSTEMPATH\CodeIgniter.php(464): CodeIgniter\CodeIgniter->tryToRouteIt(null)
 8 SYSTEMPATH\CodeIgniter.php(363): CodeIgniter\CodeIgniter->handleRequest(null, Object(Config\Cache), false)
 9 SYSTEMPATH\Boot.php(417): CodeIgniter\CodeIgniter->run()
10 SYSTEMPATH\Boot.php(68): CodeIgniter\Boot::runCodeIgniter(Object(CodeIgniter\CodeIgniter))
11 FCPATH\index.php(59): CodeIgniter\Boot::bootWeb(Object(Config\Paths))
12 SYSTEMPATH\rewrite.php(44): require_once('C:\\Users\\ASUS\\Downloads\\Projectmagang_dr\\Projectmagang_dr\\public\\index.php')
WARNING - 2026-08-04 15:33:30 --> [DEPRECATED] Passing lowercase HTTP method "get" is deprecated. Use uppercase HTTP method like "GET". in SYSTEMPATH\Router\RouteCollection.php on line 1026.
 1 SYSTEMPATH\Router\RouteCollection.php(1026): trigger_error('Passing lowercase HTTP method "get" is deprecated. Use uppercase HTTP method like "GET".', 16384)
 2 APPPATH\Config\Routes.php(95): CodeIgniter\Router\RouteCollection->match([...], 'verifikasi', '\\App\\Controllers\\Sekretariat\\C_Verifikasi::index')
 3 SYSTEMPATH\Router\RouteCollection.php(799): CodeIgniter\Router\RouteCollection::{closure:C:\Users\ASUS\Downloads\Projectmagang_dr\Projectmagang_dr\app\Config\Routes.php:89}(Object(CodeIgniter\Router\RouteCollection))
 4 APPPATH\Config\Routes.php(89): CodeIgniter\Router\RouteCollection->group('sekretariat', [...], Object(Closure))
 5 SYSTEMPATH\Router\RouteCollection.php(339): require('C:\\Users\\ASUS\\Downloads\\Projectmagang_dr\\Projectmagang_dr\\app\\Config\\Routes.php')
 6 SYSTEMPATH\CodeIgniter.php(841): CodeIgniter\Router\RouteCollection->loadRoutes()
 7 SYSTEMPATH\CodeIgniter.php(464): CodeIgniter\CodeIgniter->tryToRouteIt(null)
 8 SYSTEMPATH\CodeIgniter.php(363): CodeIgniter\CodeIgniter->handleRequest(null, Object(Config\Cache), false)
 9 SYSTEMPATH\Boot.php(417): CodeIgniter\CodeIgniter->run()
10 SYSTEMPATH\Boot.php(68): CodeIgniter\Boot::runCodeIgniter(Object(CodeIgniter\CodeIgniter))
11 FCPATH\index.php(59): CodeIgniter\Boot::bootWeb(Object(Config\Paths))
12 SYSTEMPATH\rewrite.php(44): require_once('C:\\Users\\ASUS\\Downloads\\Projectmagang_dr\\Projectmagang_dr\\public\\index.php')
WARNING - 2026-08-04 15:33:30 --> [DEPRECATED] Passing lowercase HTTP method "post" is deprecated. Use uppercase HTTP method like "POST". in SYSTEMPATH\Router\RouteCollection.php on line 1026.
 1 SYSTEMPATH\Router\RouteCollection.php(1026): trigger_error('Passing lowercase HTTP method "post" is deprecated. Use uppercase HTTP method like "POST".', 16384)
 2 APPPATH\Config\Routes.php(95): CodeIgniter\Router\RouteCollection->match([...], 'verifikasi', '\\App\\Controllers\\Sekretariat\\C_Verifikasi::index')
 3 SYSTEMPATH\Router\RouteCollection.php(799): CodeIgniter\Router\RouteCollection::{closure:C:\Users\ASUS\Downloads\Projectmagang_dr\Projectmagang_dr\app\Config\Routes.php:89}(Object(CodeIgniter\Router\RouteCollection))
 4 APPPATH\Config\Routes.php(89): CodeIgniter\Router\RouteCollection->group('sekretariat', [...], Object(Closure))
 5 SYSTEMPATH\Router\RouteCollection.php(339): require('C:\\Users\\ASUS\\Downloads\\Projectmagang_dr\\Projectmagang_dr\\app\\Config\\Routes.php')
 6 SYSTEMPATH\CodeIgniter.php(841): CodeIgniter\Router\RouteCollection->loadRoutes()
 7 SYSTEMPATH\CodeIgniter.php(464): CodeIgniter\CodeIgniter->tryToRouteIt(null)
 8 SYSTEMPATH\CodeIgniter.php(363): CodeIgniter\CodeIgniter->handleRequest(null, Object(Config\Cache), false)
 9 SYSTEMPATH\Boot.php(417): CodeIgniter\CodeIgniter->run()
10 SYSTEMPATH\Boot.php(68): CodeIgniter\Boot::runCodeIgniter(Object(CodeIgniter\CodeIgniter))
11 FCPATH\index.php(59): CodeIgniter\Boot::bootWeb(Object(Config\Paths))
12 SYSTEMPATH\rewrite.php(44): require_once('C:\\Users\\ASUS\\Downloads\\Projectmagang_dr\\Projectmagang_dr\\public\\index.php')
WARNING - 2026-08-04 15:33:30 --> [DEPRECATED] Passing lowercase HTTP method "get" is deprecated. Use uppercase HTTP method like "GET". in SYSTEMPATH\Router\RouteCollection.php on line 1026.
 1 SYSTEMPATH\Router\RouteCollection.php(1026): trigger_error('Passing lowercase HTTP method "get" is deprecated. Use uppercase HTTP method like "GET".', 16384)
 2 APPPATH\Config\Routes.php(144): CodeIgniter\Router\RouteCollection->match([...], 'upload-surat-penerimaan', '\\App\\Controllers\\Sekretariat\\C_UploadSuratPenerimaan::index')
 3 SYSTEMPATH\Router\RouteCollection.php(799): CodeIgniter\Router\RouteCollection::{closure:C:\Users\ASUS\Downloads\Projectmagang_dr\Projectmagang_dr\app\Config\Routes.php:89}(Object(CodeIgniter\Router\RouteCollection))
 4 APPPATH\Config\Routes.php(89): CodeIgniter\Router\RouteCollection->group('sekretariat', [...], Object(Closure))
 5 SYSTEMPATH\Router\RouteCollection.php(339): require('C:\\Users\\ASUS\\Downloads\\Projectmagang_dr\\Projectmagang_dr\\app\\Config\\Routes.php')
 6 SYSTEMPATH\CodeIgniter.php(841): CodeIgniter\Router\RouteCollection->loadRoutes()
 7 SYSTEMPATH\CodeIgniter.php(464): CodeIgniter\CodeIgniter->tryToRouteIt(null)
 8 SYSTEMPATH\CodeIgniter.php(363): CodeIgniter\CodeIgniter->handleRequest(null, Object(Config\Cache), false)
 9 SYSTEMPATH\Boot.php(417): CodeIgniter\CodeIgniter->run()
10 SYSTEMPATH\Boot.php(68): CodeIgniter\Boot::runCodeIgniter(Object(CodeIgniter\CodeIgniter))
11 FCPATH\index.php(59): CodeIgniter\Boot::bootWeb(Object(Config\Paths))
12 SYSTEMPATH\rewrite.php(44): require_once('C:\\Users\\ASUS\\Downloads\\Projectmagang_dr\\Projectmagang_dr\\public\\index.php')
WARNING - 2026-08-04 15:33:30 --> [DEPRECATED] Passing lowercase HTTP method "post" is deprecated. Use uppercase HTTP method like "POST". in SYSTEMPATH\Router\RouteCollection.php on line 1026.
 1 SYSTEMPATH\Router\RouteCollection.php(1026): trigger_error('Passing lowercase HTTP method "post" is deprecated. Use uppercase HTTP method like "POST".', 16384)
 2 APPPATH\Config\Routes.php(144): CodeIgniter\Router\RouteCollection->match([...], 'upload-surat-penerimaan', '\\App\\Controllers\\Sekretariat\\C_UploadSuratPenerimaan::index')
 3 SYSTEMPATH\Router\RouteCollection.php(799): CodeIgniter\Router\RouteCollection::{closure:C:\Users\ASUS\Downloads\Projectmagang_dr\Projectmagang_dr\app\Config\Routes.php:89}(Object(CodeIgniter\Router\RouteCollection))
 4 APPPATH\Config\Routes.php(89): CodeIgniter\Router\RouteCollection->group('sekretariat', [...], Object(Closure))
 5 SYSTEMPATH\Router\RouteCollection.php(339): require('C:\\Users\\ASUS\\Downloads\\Projectmagang_dr\\Projectmagang_dr\\app\\Config\\Routes.php')
 6 SYSTEMPATH\CodeIgniter.php(841): CodeIgniter\Router\RouteCollection->loadRoutes()
 7 SYSTEMPATH\CodeIgniter.php(464): CodeIgniter\CodeIgniter->tryToRouteIt(null)
 8 SYSTEMPATH\CodeIgniter.php(363): CodeIgniter\CodeIgniter->handleRequest(null, Object(Config\Cache), false)
 9 SYSTEMPATH\Boot.php(417): CodeIgniter\CodeIgniter->run()
10 SYSTEMPATH\Boot.php(68): CodeIgniter\Boot::runCodeIgniter(Object(CodeIgniter\CodeIgniter))
11 FCPATH\index.php(59): CodeIgniter\Boot::bootWeb(Object(Config\Paths))
12 SYSTEMPATH\rewrite.php(44): require_once('C:\\Users\\ASUS\\Downloads\\Projectmagang_dr\\Projectmagang_dr\\public\\index.php')
WARNING - 2026-08-04 15:33:30 --> [DEPRECATED] Passing lowercase HTTP method "get" is deprecated. Use uppercase HTTP method like "GET". in SYSTEMPATH\Router\RouteCollection.php on line 1026.
 1 SYSTEMPATH\Router\RouteCollection.php(1026): trigger_error('Passing lowercase HTTP method "get" is deprecated. Use uppercase HTTP method like "GET".', 16384)
 2 APPPATH\Config\Routes.php(165): CodeIgniter\Router\RouteCollection->match([...], 'logbook', '\\App\\Controllers\\Kabid\\C_LogbookKabid::index')
 3 SYSTEMPATH\Router\RouteCollection.php(799): CodeIgniter\Router\RouteCollection::{closure:C:\Users\ASUS\Downloads\Projectmagang_dr\Projectmagang_dr\app\Config\Routes.php:153}(Object(CodeIgniter\Router\RouteCollection))
 4 APPPATH\Config\Routes.php(153): CodeIgniter\Router\RouteCollection->group('kabid', [...], Object(Closure))
 5 SYSTEMPATH\Router\RouteCollection.php(339): require('C:\\Users\\ASUS\\Downloads\\Projectmagang_dr\\Projectmagang_dr\\app\\Config\\Routes.php')
 6 SYSTEMPATH\CodeIgniter.php(841): CodeIgniter\Router\RouteCollection->loadRoutes()
 7 SYSTEMPATH\CodeIgniter.php(464): CodeIgniter\CodeIgniter->tryToRouteIt(null)
 8 SYSTEMPATH\CodeIgniter.php(363): CodeIgniter\CodeIgniter->handleRequest(null, Object(Config\Cache), false)
 9 SYSTEMPATH\Boot.php(417): CodeIgniter\CodeIgniter->run()
10 SYSTEMPATH\Boot.php(68): CodeIgniter\Boot::runCodeIgniter(Object(CodeIgniter\CodeIgniter))
11 FCPATH\index.php(59): CodeIgniter\Boot::bootWeb(Object(Config\Paths))
12 SYSTEMPATH\rewrite.php(44): require_once('C:\\Users\\ASUS\\Downloads\\Projectmagang_dr\\Projectmagang_dr\\public\\index.php')
WARNING - 2026-08-04 15:33:30 --> [DEPRECATED] Passing lowercase HTTP method "post" is deprecated. Use uppercase HTTP method like "POST". in SYSTEMPATH\Router\RouteCollection.php on line 1026.
 1 SYSTEMPATH\Router\RouteCollection.php(1026): trigger_error('Passing lowercase HTTP method "post" is deprecated. Use uppercase HTTP method like "POST".', 16384)
 2 APPPATH\Config\Routes.php(165): CodeIgniter\Router\RouteCollection->match([...], 'logbook', '\\App\\Controllers\\Kabid\\C_LogbookKabid::index')
 3 SYSTEMPATH\Router\RouteCollection.php(799): CodeIgniter\Router\RouteCollection::{closure:C:\Users\ASUS\Downloads\Projectmagang_dr\Projectmagang_dr\app\Config\Routes.php:153}(Object(CodeIgniter\Router\RouteCollection))
 4 APPPATH\Config\Routes.php(153): CodeIgniter\Router\RouteCollection->group('kabid', [...], Object(Closure))
 5 SYSTEMPATH\Router\RouteCollection.php(339): require('C:\\Users\\ASUS\\Downloads\\Projectmagang_dr\\Projectmagang_dr\\app\\Config\\Routes.php')
 6 SYSTEMPATH\CodeIgniter.php(841): CodeIgniter\Router\RouteCollection->loadRoutes()
 7 SYSTEMPATH\CodeIgniter.php(464): CodeIgniter\CodeIgniter->tryToRouteIt(null)
 8 SYSTEMPATH\CodeIgniter.php(363): CodeIgniter\CodeIgniter->handleRequest(null, Object(Config\Cache), false)
 9 SYSTEMPATH\Boot.php(417): CodeIgniter\CodeIgniter->run()
10 SYSTEMPATH\Boot.php(68): CodeIgniter\Boot::runCodeIgniter(Object(CodeIgniter\CodeIgniter))
11 FCPATH\index.php(59): CodeIgniter\Boot::bootWeb(Object(Config\Paths))
12 SYSTEMPATH\rewrite.php(44): require_once('C:\\Users\\ASUS\\Downloads\\Projectmagang_dr\\Projectmagang_dr\\public\\index.php')
WARNING - 2026-08-04 15:33:30 --> [DEPRECATED] Passing lowercase HTTP method "get" is deprecated. Use uppercase HTTP method like "GET". in SYSTEMPATH\Router\RouteCollection.php on line 1026.
 1 SYSTEMPATH\Router\RouteCollection.php(1026): trigger_error('Passing lowercase HTTP method "get" is deprecated. Use uppercase HTTP method like "GET".', 16384)
 2 APPPATH\Config\Routes.php(177): CodeIgniter\Router\RouteCollection->match([...], 'upload-dokumen', '\\App\\Controllers\\Kabid\\C_UploadDokumen::index')
 3 SYSTEMPATH\Router\RouteCollection.php(799): CodeIgniter\Router\RouteCollection::{closure:C:\Users\ASUS\Downloads\Projectmagang_dr\Projectmagang_dr\app\Config\Routes.php:153}(Object(CodeIgniter\Router\RouteCollection))
 4 APPPATH\Config\Routes.php(153): CodeIgniter\Router\RouteCollection->group('kabid', [...], Object(Closure))
 5 SYSTEMPATH\Router\RouteCollection.php(339): require('C:\\Users\\ASUS\\Downloads\\Projectmagang_dr\\Projectmagang_dr\\app\\Config\\Routes.php')
 6 SYSTEMPATH\CodeIgniter.php(841): CodeIgniter\Router\RouteCollection->loadRoutes()
 7 SYSTEMPATH\CodeIgniter.php(464): CodeIgniter\CodeIgniter->tryToRouteIt(null)
 8 SYSTEMPATH\CodeIgniter.php(363): CodeIgniter\CodeIgniter->handleRequest(null, Object(Config\Cache), false)
 9 SYSTEMPATH\Boot.php(417): CodeIgniter\CodeIgniter->run()
10 SYSTEMPATH\Boot.php(68): CodeIgniter\Boot::runCodeIgniter(Object(CodeIgniter\CodeIgniter))
11 FCPATH\index.php(59): CodeIgniter\Boot::bootWeb(Object(Config\Paths))
12 SYSTEMPATH\rewrite.php(44): require_once('C:\\Users\\ASUS\\Downloads\\Projectmagang_dr\\Projectmagang_dr\\public\\index.php')
WARNING - 2026-08-04 15:33:30 --> [DEPRECATED] Passing lowercase HTTP method "post" is deprecated. Use uppercase HTTP method like "POST". in SYSTEMPATH\Router\RouteCollection.php on line 1026.
 1 SYSTEMPATH\Router\RouteCollection.php(1026): trigger_error('Passing lowercase HTTP method "post" is deprecated. Use uppercase HTTP method like "POST".', 16384)
 2 APPPATH\Config\Routes.php(177): CodeIgniter\Router\RouteCollection->match([...], 'upload-dokumen', '\\App\\Controllers\\Kabid\\C_UploadDokumen::index')
 3 SYSTEMPATH\Router\RouteCollection.php(799): CodeIgniter\Router\RouteCollection::{closure:C:\Users\ASUS\Downloads\Projectmagang_dr\Projectmagang_dr\app\Config\Routes.php:153}(Object(CodeIgniter\Router\RouteCollection))
 4 APPPATH\Config\Routes.php(153): CodeIgniter\Router\RouteCollection->group('kabid', [...], Object(Closure))
 5 SYSTEMPATH\Router\RouteCollection.php(339): require('C:\\Users\\ASUS\\Downloads\\Projectmagang_dr\\Projectmagang_dr\\app\\Config\\Routes.php')
 6 SYSTEMPATH\CodeIgniter.php(841): CodeIgniter\Router\RouteCollection->loadRoutes()
 7 SYSTEMPATH\CodeIgniter.php(464): CodeIgniter\CodeIgniter->tryToRouteIt(null)
 8 SYSTEMPATH\CodeIgniter.php(363): CodeIgniter\CodeIgniter->handleRequest(null, Object(Config\Cache), false)
 9 SYSTEMPATH\Boot.php(417): CodeIgniter\CodeIgniter->run()
10 SYSTEMPATH\Boot.php(68): CodeIgniter\Boot::runCodeIgniter(Object(CodeIgniter\CodeIgniter))
11 FCPATH\index.php(59): CodeIgniter\Boot::bootWeb(Object(Config\Paths))
12 SYSTEMPATH\rewrite.php(44): require_once('C:\\Users\\ASUS\\Downloads\\Projectmagang_dr\\Projectmagang_dr\\public\\index.php')
DEBUG - 2026-08-04 15:33:30 --> Session: Class initialized using 'CodeIgniter\Session\Handlers\FileHandler' driver.
WARNING - 2026-08-04 15:33:41 --> [DEPRECATED] Passing lowercase HTTP method "get" is deprecated. Use uppercase HTTP method like "GET". in SYSTEMPATH\Router\RouteCollection.php on line 1026.
 1 SYSTEMPATH\Router\RouteCollection.php(1026): trigger_error('Passing lowercase HTTP method "get" is deprecated. Use uppercase HTTP method like "GET".', 16384)
 2 APPPATH\Config\Routes.php(77): CodeIgniter\Router\RouteCollection->match([...], 'logbook', 'C_Logbook::logbook')
 3 SYSTEMPATH\Router\RouteCollection.php(799): CodeIgniter\Router\RouteCollection::{closure:C:\Users\ASUS\Downloads\Projectmagang_dr\Projectmagang_dr\app\Config\Routes.php:59}(Object(CodeIgniter\Router\RouteCollection))
 4 APPPATH\Config\Routes.php(59): CodeIgniter\Router\RouteCollection->group('mahasiswa', [...], Object(Closure))
 5 SYSTEMPATH\Router\RouteCollection.php(339): require('C:\\Users\\ASUS\\Downloads\\Projectmagang_dr\\Projectmagang_dr\\app\\Config\\Routes.php')
 6 SYSTEMPATH\CodeIgniter.php(841): CodeIgniter\Router\RouteCollection->loadRoutes()
 7 SYSTEMPATH\CodeIgniter.php(464): CodeIgniter\CodeIgniter->tryToRouteIt(null)
 8 SYSTEMPATH\CodeIgniter.php(363): CodeIgniter\CodeIgniter->handleRequest(null, Object(Config\Cache), false)
 9 SYSTEMPATH\Boot.php(417): CodeIgniter\CodeIgniter->run()
10 SYSTEMPATH\Boot.php(68): CodeIgniter\Boot::runCodeIgniter(Object(CodeIgniter\CodeIgniter))
11 FCPATH\index.php(59): CodeIgniter\Boot::bootWeb(Object(Config\Paths))
12 SYSTEMPATH\rewrite.php(44): require_once('C:\\Users\\ASUS\\Downloads\\Projectmagang_dr\\Projectmagang_dr\\public\\index.php')
WARNING - 2026-08-04 15:33:41 --> [DEPRECATED] Passing lowercase HTTP method "post" is deprecated. Use uppercase HTTP method like "POST". in SYSTEMPATH\Router\RouteCollection.php on line 1026.
 1 SYSTEMPATH\Router\RouteCollection.php(1026): trigger_error('Passing lowercase HTTP method "post" is deprecated. Use uppercase HTTP method like "POST".', 16384)
 2 APPPATH\Config\Routes.php(77): CodeIgniter\Router\RouteCollection->match([...], 'logbook', 'C_Logbook::logbook')
 3 SYSTEMPATH\Router\RouteCollection.php(799): CodeIgniter\Router\RouteCollection::{closure:C:\Users\ASUS\Downloads\Projectmagang_dr\Projectmagang_dr\app\Config\Routes.php:59}(Object(CodeIgniter\Router\RouteCollection))
 4 APPPATH\Config\Routes.php(59): CodeIgniter\Router\RouteCollection->group('mahasiswa', [...], Object(Closure))
 5 SYSTEMPATH\Router\RouteCollection.php(339): require('C:\\Users\\ASUS\\Downloads\\Projectmagang_dr\\Projectmagang_dr\\app\\Config\\Routes.php')
 6 SYSTEMPATH\CodeIgniter.php(841): CodeIgniter\Router\RouteCollection->loadRoutes()
 7 SYSTEMPATH\CodeIgniter.php(464): CodeIgniter\CodeIgniter->tryToRouteIt(null)
 8 SYSTEMPATH\CodeIgniter.php(363): CodeIgniter\CodeIgniter->handleRequest(null, Object(Config\Cache), false)
 9 SYSTEMPATH\Boot.php(417): CodeIgniter\CodeIgniter->run()
10 SYSTEMPATH\Boot.php(68): CodeIgniter\Boot::runCodeIgniter(Object(CodeIgniter\CodeIgniter))
11 FCPATH\index.php(59): CodeIgniter\Boot::bootWeb(Object(Config\Paths))
12 SYSTEMPATH\rewrite.php(44): require_once('C:\\Users\\ASUS\\Downloads\\Projectmagang_dr\\Projectmagang_dr\\public\\index.php')
WARNING - 2026-08-04 15:33:41 --> [DEPRECATED] Passing lowercase HTTP method "get" is deprecated. Use uppercase HTTP method like "GET". in SYSTEMPATH\Router\RouteCollection.php on line 1026.
 1 SYSTEMPATH\Router\RouteCollection.php(1026): trigger_error('Passing lowercase HTTP method "get" is deprecated. Use uppercase HTTP method like "GET".', 16384)
 2 APPPATH\Config\Routes.php(95): CodeIgniter\Router\RouteCollection->match([...], 'verifikasi', '\\App\\Controllers\\Sekretariat\\C_Verifikasi::index')
 3 SYSTEMPATH\Router\RouteCollection.php(799): CodeIgniter\Router\RouteCollection::{closure:C:\Users\ASUS\Downloads\Projectmagang_dr\Projectmagang_dr\app\Config\Routes.php:89}(Object(CodeIgniter\Router\RouteCollection))
 4 APPPATH\Config\Routes.php(89): CodeIgniter\Router\RouteCollection->group('sekretariat', [...], Object(Closure))
 5 SYSTEMPATH\Router\RouteCollection.php(339): require('C:\\Users\\ASUS\\Downloads\\Projectmagang_dr\\Projectmagang_dr\\app\\Config\\Routes.php')
 6 SYSTEMPATH\CodeIgniter.php(841): CodeIgniter\Router\RouteCollection->loadRoutes()
 7 SYSTEMPATH\CodeIgniter.php(464): CodeIgniter\CodeIgniter->tryToRouteIt(null)
 8 SYSTEMPATH\CodeIgniter.php(363): CodeIgniter\CodeIgniter->handleRequest(null, Object(Config\Cache), false)
 9 SYSTEMPATH\Boot.php(417): CodeIgniter\CodeIgniter->run()
10 SYSTEMPATH\Boot.php(68): CodeIgniter\Boot::runCodeIgniter(Object(CodeIgniter\CodeIgniter))
11 FCPATH\index.php(59): CodeIgniter\Boot::bootWeb(Object(Config\Paths))
12 SYSTEMPATH\rewrite.php(44): require_once('C:\\Users\\ASUS\\Downloads\\Projectmagang_dr\\Projectmagang_dr\\public\\index.php')
WARNING - 2026-08-04 15:33:41 --> [DEPRECATED] Passing lowercase HTTP method "post" is deprecated. Use uppercase HTTP method like "POST". in SYSTEMPATH\Router\RouteCollection.php on line 1026.
 1 SYSTEMPATH\Router\RouteCollection.php(1026): trigger_error('Passing lowercase HTTP method "post" is deprecated. Use uppercase HTTP method like "POST".', 16384)
 2 APPPATH\Config\Routes.php(95): CodeIgniter\Router\RouteCollection->match([...], 'verifikasi', '\\App\\Controllers\\Sekretariat\\C_Verifikasi::index')
 3 SYSTEMPATH\Router\RouteCollection.php(799): CodeIgniter\Router\RouteCollection::{closure:C:\Users\ASUS\Downloads\Projectmagang_dr\Projectmagang_dr\app\Config\Routes.php:89}(Object(CodeIgniter\Router\RouteCollection))
 4 APPPATH\Config\Routes.php(89): CodeIgniter\Router\RouteCollection->group('sekretariat', [...], Object(Closure))
 5 SYSTEMPATH\Router\RouteCollection.php(339): require('C:\\Users\\ASUS\\Downloads\\Projectmagang_dr\\Projectmagang_dr\\app\\Config\\Routes.php')
 6 SYSTEMPATH\CodeIgniter.php(841): CodeIgniter\Router\RouteCollection->loadRoutes()
 7 SYSTEMPATH\CodeIgniter.php(464): CodeIgniter\CodeIgniter->tryToRouteIt(null)
 8 SYSTEMPATH\CodeIgniter.php(363): CodeIgniter\CodeIgniter->handleRequest(null, Object(Config\Cache), false)
 9 SYSTEMPATH\Boot.php(417): CodeIgniter\CodeIgniter->run()
10 SYSTEMPATH\Boot.php(68): CodeIgniter\Boot::runCodeIgniter(Object(CodeIgniter\CodeIgniter))
11 FCPATH\index.php(59): CodeIgniter\Boot::bootWeb(Object(Config\Paths))
12 SYSTEMPATH\rewrite.php(44): require_once('C:\\Users\\ASUS\\Downloads\\Projectmagang_dr\\Projectmagang_dr\\public\\index.php')
WARNING - 2026-08-04 15:33:41 --> [DEPRECATED] Passing lowercase HTTP method "get" is deprecated. Use uppercase HTTP method like "GET". in SYSTEMPATH\Router\RouteCollection.php on line 1026.
 1 SYSTEMPATH\Router\RouteCollection.php(1026): trigger_error('Passing lowercase HTTP method "get" is deprecated. Use uppercase HTTP method like "GET".', 16384)
 2 APPPATH\Config\Routes.php(144): CodeIgniter\Router\RouteCollection->match([...], 'upload-surat-penerimaan', '\\App\\Controllers\\Sekretariat\\C_UploadSuratPenerimaan::index')
 3 SYSTEMPATH\Router\RouteCollection.php(799): CodeIgniter\Router\RouteCollection::{closure:C:\Users\ASUS\Downloads\Projectmagang_dr\Projectmagang_dr\app\Config\Routes.php:89}(Object(CodeIgniter\Router\RouteCollection))
 4 APPPATH\Config\Routes.php(89): CodeIgniter\Router\RouteCollection->group('sekretariat', [...], Object(Closure))
 5 SYSTEMPATH\Router\RouteCollection.php(339): require('C:\\Users\\ASUS\\Downloads\\Projectmagang_dr\\Projectmagang_dr\\app\\Config\\Routes.php')
 6 SYSTEMPATH\CodeIgniter.php(841): CodeIgniter\Router\RouteCollection->loadRoutes()
 7 SYSTEMPATH\CodeIgniter.php(464): CodeIgniter\CodeIgniter->tryToRouteIt(null)
 8 SYSTEMPATH\CodeIgniter.php(363): CodeIgniter\CodeIgniter->handleRequest(null, Object(Config\Cache), false)
 9 SYSTEMPATH\Boot.php(417): CodeIgniter\CodeIgniter->run()
10 SYSTEMPATH\Boot.php(68): CodeIgniter\Boot::runCodeIgniter(Object(CodeIgniter\CodeIgniter))
11 FCPATH\index.php(59): CodeIgniter\Boot::bootWeb(Object(Config\Paths))
12 SYSTEMPATH\rewrite.php(44): require_once('C:\\Users\\ASUS\\Downloads\\Projectmagang_dr\\Projectmagang_dr\\public\\index.php')
WARNING - 2026-08-04 15:33:41 --> [DEPRECATED] Passing lowercase HTTP method "post" is deprecated. Use uppercase HTTP method like "POST". in SYSTEMPATH\Router\RouteCollection.php on line 1026.
 1 SYSTEMPATH\Router\RouteCollection.php(1026): trigger_error('Passing lowercase HTTP method "post" is deprecated. Use uppercase HTTP method like "POST".', 16384)
 2 APPPATH\Config\Routes.php(144): CodeIgniter\Router\RouteCollection->match([...], 'upload-surat-penerimaan', '\\App\\Controllers\\Sekretariat\\C_UploadSuratPenerimaan::index')
 3 SYSTEMPATH\Router\RouteCollection.php(799): CodeIgniter\Router\RouteCollection::{closure:C:\Users\ASUS\Downloads\Projectmagang_dr\Projectmagang_dr\app\Config\Routes.php:89}(Object(CodeIgniter\Router\RouteCollection))
 4 APPPATH\Config\Routes.php(89): CodeIgniter\Router\RouteCollection->group('sekretariat', [...], Object(Closure))
 5 SYSTEMPATH\Router\RouteCollection.php(339): require('C:\\Users\\ASUS\\Downloads\\Projectmagang_dr\\Projectmagang_dr\\app\\Config\\Routes.php')
 6 SYSTEMPATH\CodeIgniter.php(841): CodeIgniter\Router\RouteCollection->loadRoutes()
 7 SYSTEMPATH\CodeIgniter.php(464): CodeIgniter\CodeIgniter->tryToRouteIt(null)
 8 SYSTEMPATH\CodeIgniter.php(363): CodeIgniter\CodeIgniter->handleRequest(null, Object(Config\Cache), false)
 9 SYSTEMPATH\Boot.php(417): CodeIgniter\CodeIgniter->run()
10 SYSTEMPATH\Boot.php(68): CodeIgniter\Boot::runCodeIgniter(Object(CodeIgniter\CodeIgniter))
11 FCPATH\index.php(59): CodeIgniter\Boot::bootWeb(Object(Config\Paths))
12 SYSTEMPATH\rewrite.php(44): require_once('C:\\Users\\ASUS\\Downloads\\Projectmagang_dr\\Projectmagang_dr\\public\\index.php')
WARNING - 2026-08-04 15:33:41 --> [DEPRECATED] Passing lowercase HTTP method "get" is deprecated. Use uppercase HTTP method like "GET". in SYSTEMPATH\Router\RouteCollection.php on line 1026.
 1 SYSTEMPATH\Router\RouteCollection.php(1026): trigger_error('Passing lowercase HTTP method "get" is deprecated. Use uppercase HTTP method like "GET".', 16384)
 2 APPPATH\Config\Routes.php(165): CodeIgniter\Router\RouteCollection->match([...], 'logbook', '\\App\\Controllers\\Kabid\\C_LogbookKabid::index')
 3 SYSTEMPATH\Router\RouteCollection.php(799): CodeIgniter\Router\RouteCollection::{closure:C:\Users\ASUS\Downloads\Projectmagang_dr\Projectmagang_dr\app\Config\Routes.php:153}(Object(CodeIgniter\Router\RouteCollection))
 4 APPPATH\Config\Routes.php(153): CodeIgniter\Router\RouteCollection->group('kabid', [...], Object(Closure))
 5 SYSTEMPATH\Router\RouteCollection.php(339): require('C:\\Users\\ASUS\\Downloads\\Projectmagang_dr\\Projectmagang_dr\\app\\Config\\Routes.php')
 6 SYSTEMPATH\CodeIgniter.php(841): CodeIgniter\Router\RouteCollection->loadRoutes()
 7 SYSTEMPATH\CodeIgniter.php(464): CodeIgniter\CodeIgniter->tryToRouteIt(null)
 8 SYSTEMPATH\CodeIgniter.php(363): CodeIgniter\CodeIgniter->handleRequest(null, Object(Config\Cache), false)
 9 SYSTEMPATH\Boot.php(417): CodeIgniter\CodeIgniter->run()
10 SYSTEMPATH\Boot.php(68): CodeIgniter\Boot::runCodeIgniter(Object(CodeIgniter\CodeIgniter))
11 FCPATH\index.php(59): CodeIgniter\Boot::bootWeb(Object(Config\Paths))
12 SYSTEMPATH\rewrite.php(44): require_once('C:\\Users\\ASUS\\Downloads\\Projectmagang_dr\\Projectmagang_dr\\public\\index.php')
WARNING - 2026-08-04 15:33:41 --> [DEPRECATED] Passing lowercase HTTP method "post" is deprecated. Use uppercase HTTP method like "POST". in SYSTEMPATH\Router\RouteCollection.php on line 1026.
 1 SYSTEMPATH\Router\RouteCollection.php(1026): trigger_error('Passing lowercase HTTP method "post" is deprecated. Use uppercase HTTP method like "POST".', 16384)
 2 APPPATH\Config\Routes.php(165): CodeIgniter\Router\RouteCollection->match([...], 'logbook', '\\App\\Controllers\\Kabid\\C_LogbookKabid::index')
 3 SYSTEMPATH\Router\RouteCollection.php(799): CodeIgniter\Router\RouteCollection::{closure:C:\Users\ASUS\Downloads\Projectmagang_dr\Projectmagang_dr\app\Config\Routes.php:153}(Object(CodeIgniter\Router\RouteCollection))
 4 APPPATH\Config\Routes.php(153): CodeIgniter\Router\RouteCollection->group('kabid', [...], Object(Closure))
 5 SYSTEMPATH\Router\RouteCollection.php(339): require('C:\\Users\\ASUS\\Downloads\\Projectmagang_dr\\Projectmagang_dr\\app\\Config\\Routes.php')
 6 SYSTEMPATH\CodeIgniter.php(841): CodeIgniter\Router\RouteCollection->loadRoutes()
 7 SYSTEMPATH\CodeIgniter.php(464): CodeIgniter\CodeIgniter->tryToRouteIt(null)
 8 SYSTEMPATH\CodeIgniter.php(363): CodeIgniter\CodeIgniter->handleRequest(null, Object(Config\Cache), false)
 9 SYSTEMPATH\Boot.php(417): CodeIgniter\CodeIgniter->run()
10 SYSTEMPATH\Boot.php(68): CodeIgniter\Boot::runCodeIgniter(Object(CodeIgniter\CodeIgniter))
11 FCPATH\index.php(59): CodeIgniter\Boot::bootWeb(Object(Config\Paths))
12 SYSTEMPATH\rewrite.php(44): require_once('C:\\Users\\ASUS\\Downloads\\Projectmagang_dr\\Projectmagang_dr\\public\\index.php')
WARNING - 2026-08-04 15:33:41 --> [DEPRECATED] Passing lowercase HTTP method "get" is deprecated. Use uppercase HTTP method like "GET". in SYSTEMPATH\Router\RouteCollection.php on line 1026.
 1 SYSTEMPATH\Router\RouteCollection.php(1026): trigger_error('Passing lowercase HTTP method "get" is deprecated. Use uppercase HTTP method like "GET".', 16384)
 2 APPPATH\Config\Routes.php(177): CodeIgniter\Router\RouteCollection->match([...], 'upload-dokumen', '\\App\\Controllers\\Kabid\\C_UploadDokumen::index')
 3 SYSTEMPATH\Router\RouteCollection.php(799): CodeIgniter\Router\RouteCollection::{closure:C:\Users\ASUS\Downloads\Projectmagang_dr\Projectmagang_dr\app\Config\Routes.php:153}(Object(CodeIgniter\Router\RouteCollection))
 4 APPPATH\Config\Routes.php(153): CodeIgniter\Router\RouteCollection->group('kabid', [...], Object(Closure))
 5 SYSTEMPATH\Router\RouteCollection.php(339): require('C:\\Users\\ASUS\\Downloads\\Projectmagang_dr\\Projectmagang_dr\\app\\Config\\Routes.php')
 6 SYSTEMPATH\CodeIgniter.php(841): CodeIgniter\Router\RouteCollection->loadRoutes()
 7 SYSTEMPATH\CodeIgniter.php(464): CodeIgniter\CodeIgniter->tryToRouteIt(null)
 8 SYSTEMPATH\CodeIgniter.php(363): CodeIgniter\CodeIgniter->handleRequest(null, Object(Config\Cache), false)
 9 SYSTEMPATH\Boot.php(417): CodeIgniter\CodeIgniter->run()
10 SYSTEMPATH\Boot.php(68): CodeIgniter\Boot::runCodeIgniter(Object(CodeIgniter\CodeIgniter))
11 FCPATH\index.php(59): CodeIgniter\Boot::bootWeb(Object(Config\Paths))
12 SYSTEMPATH\rewrite.php(44): require_once('C:\\Users\\ASUS\\Downloads\\Projectmagang_dr\\Projectmagang_dr\\public\\index.php')
WARNING - 2026-08-04 15:33:41 --> [DEPRECATED] Passing lowercase HTTP method "post" is deprecated. Use uppercase HTTP method like "POST". in SYSTEMPATH\Router\RouteCollection.php on line 1026.
 1 SYSTEMPATH\Router\RouteCollection.php(1026): trigger_error('Passing lowercase HTTP method "post" is deprecated. Use uppercase HTTP method like "POST".', 16384)
 2 APPPATH\Config\Routes.php(177): CodeIgniter\Router\RouteCollection->match([...], 'upload-dokumen', '\\App\\Controllers\\Kabid\\C_UploadDokumen::index')
 3 SYSTEMPATH\Router\RouteCollection.php(799): CodeIgniter\Router\RouteCollection::{closure:C:\Users\ASUS\Downloads\Projectmagang_dr\Projectmagang_dr\app\Config\Routes.php:153}(Object(CodeIgniter\Router\RouteCollection))
 4 APPPATH\Config\Routes.php(153): CodeIgniter\Router\RouteCollection->group('kabid', [...], Object(Closure))
 5 SYSTEMPATH\Router\RouteCollection.php(339): require('C:\\Users\\ASUS\\Downloads\\Projectmagang_dr\\Projectmagang_dr\\app\\Config\\Routes.php')
 6 SYSTEMPATH\CodeIgniter.php(841): CodeIgniter\Router\RouteCollection->loadRoutes()
 7 SYSTEMPATH\CodeIgniter.php(464): CodeIgniter\CodeIgniter->tryToRouteIt(null)
 8 SYSTEMPATH\CodeIgniter.php(363): CodeIgniter\CodeIgniter->handleRequest(null, Object(Config\Cache), false)
 9 SYSTEMPATH\Boot.php(417): CodeIgniter\CodeIgniter->run()
10 SYSTEMPATH\Boot.php(68): CodeIgniter\Boot::runCodeIgniter(Object(CodeIgniter\CodeIgniter))
11 FCPATH\index.php(59): CodeIgniter\Boot::bootWeb(Object(Config\Paths))
12 SYSTEMPATH\rewrite.php(44): require_once('C:\\Users\\ASUS\\Downloads\\Projectmagang_dr\\Projectmagang_dr\\public\\index.php')
DEBUG - 2026-08-04 15:33:41 --> Session: Class initialized using 'CodeIgniter\Session\Handlers\FileHandler' driver.
WARNING - 2026-08-04 15:33:41 --> [DEPRECATED] Passing lowercase HTTP method "get" is deprecated. Use uppercase HTTP method like "GET". in SYSTEMPATH\Router\RouteCollection.php on line 1026.
 1 SYSTEMPATH\Router\RouteCollection.php(1026): trigger_error('Passing lowercase HTTP method "get" is deprecated. Use uppercase HTTP method like "GET".', 16384)
 2 APPPATH\Config\Routes.php(77): CodeIgniter\Router\RouteCollection->match([...], 'logbook', 'C_Logbook::logbook')
 3 SYSTEMPATH\Router\RouteCollection.php(799): CodeIgniter\Router\RouteCollection::{closure:C:\Users\ASUS\Downloads\Projectmagang_dr\Projectmagang_dr\app\Config\Routes.php:59}(Object(CodeIgniter\Router\RouteCollection))
 4 APPPATH\Config\Routes.php(59): CodeIgniter\Router\RouteCollection->group('mahasiswa', [...], Object(Closure))
 5 SYSTEMPATH\Router\RouteCollection.php(339): require('C:\\Users\\ASUS\\Downloads\\Projectmagang_dr\\Projectmagang_dr\\app\\Config\\Routes.php')
 6 SYSTEMPATH\CodeIgniter.php(841): CodeIgniter\Router\RouteCollection->loadRoutes()
 7 SYSTEMPATH\CodeIgniter.php(464): CodeIgniter\CodeIgniter->tryToRouteIt(null)
 8 SYSTEMPATH\CodeIgniter.php(363): CodeIgniter\CodeIgniter->handleRequest(null, Object(Config\Cache), false)
 9 SYSTEMPATH\Boot.php(417): CodeIgniter\CodeIgniter->run()
10 SYSTEMPATH\Boot.php(68): CodeIgniter\Boot::runCodeIgniter(Object(CodeIgniter\CodeIgniter))
11 FCPATH\index.php(59): CodeIgniter\Boot::bootWeb(Object(Config\Paths))
12 SYSTEMPATH\rewrite.php(44): require_once('C:\\Users\\ASUS\\Downloads\\Projectmagang_dr\\Projectmagang_dr\\public\\index.php')
WARNING - 2026-08-04 15:33:41 --> [DEPRECATED] Passing lowercase HTTP method "post" is deprecated. Use uppercase HTTP method like "POST". in SYSTEMPATH\Router\RouteCollection.php on line 1026.
 1 SYSTEMPATH\Router\RouteCollection.php(1026): trigger_error('Passing lowercase HTTP method "post" is deprecated. Use uppercase HTTP method like "POST".', 16384)
 2 APPPATH\Config\Routes.php(77): CodeIgniter\Router\RouteCollection->match([...], 'logbook', 'C_Logbook::logbook')
 3 SYSTEMPATH\Router\RouteCollection.php(799): CodeIgniter\Router\RouteCollection::{closure:C:\Users\ASUS\Downloads\Projectmagang_dr\Projectmagang_dr\app\Config\Routes.php:59}(Object(CodeIgniter\Router\RouteCollection))
 4 APPPATH\Config\Routes.php(59): CodeIgniter\Router\RouteCollection->group('mahasiswa', [...], Object(Closure))
 5 SYSTEMPATH\Router\RouteCollection.php(339): require('C:\\Users\\ASUS\\Downloads\\Projectmagang_dr\\Projectmagang_dr\\app\\Config\\Routes.php')
 6 SYSTEMPATH\CodeIgniter.php(841): CodeIgniter\Router\RouteCollection->loadRoutes()
 7 SYSTEMPATH\CodeIgniter.php(464): CodeIgniter\CodeIgniter->tryToRouteIt(null)
 8 SYSTEMPATH\CodeIgniter.php(363): CodeIgniter\CodeIgniter->handleRequest(null, Object(Config\Cache), false)
 9 SYSTEMPATH\Boot.php(417): CodeIgniter\CodeIgniter->run()
10 SYSTEMPATH\Boot.php(68): CodeIgniter\Boot::runCodeIgniter(Object(CodeIgniter\CodeIgniter))
11 FCPATH\index.php(59): CodeIgniter\Boot::bootWeb(Object(Config\Paths))
12 SYSTEMPATH\rewrite.php(44): require_once('C:\\Users\\ASUS\\Downloads\\Projectmagang_dr\\Projectmagang_dr\\public\\index.php')
WARNING - 2026-08-04 15:33:41 --> [DEPRECATED] Passing lowercase HTTP method "get" is deprecated. Use uppercase HTTP method like "GET". in SYSTEMPATH\Router\RouteCollection.php on line 1026.
 1 SYSTEMPATH\Router\RouteCollection.php(1026): trigger_error('Passing lowercase HTTP method "get" is deprecated. Use uppercase HTTP method like "GET".', 16384)
 2 APPPATH\Config\Routes.php(95): CodeIgniter\Router\RouteCollection->match([...], 'verifikasi', '\\App\\Controllers\\Sekretariat\\C_Verifikasi::index')
 3 SYSTEMPATH\Router\RouteCollection.php(799): CodeIgniter\Router\RouteCollection::{closure:C:\Users\ASUS\Downloads\Projectmagang_dr\Projectmagang_dr\app\Config\Routes.php:89}(Object(CodeIgniter\Router\RouteCollection))
 4 APPPATH\Config\Routes.php(89): CodeIgniter\Router\RouteCollection->group('sekretariat', [...], Object(Closure))
 5 SYSTEMPATH\Router\RouteCollection.php(339): require('C:\\Users\\ASUS\\Downloads\\Projectmagang_dr\\Projectmagang_dr\\app\\Config\\Routes.php')
 6 SYSTEMPATH\CodeIgniter.php(841): CodeIgniter\Router\RouteCollection->loadRoutes()
 7 SYSTEMPATH\CodeIgniter.php(464): CodeIgniter\CodeIgniter->tryToRouteIt(null)
 8 SYSTEMPATH\CodeIgniter.php(363): CodeIgniter\CodeIgniter->handleRequest(null, Object(Config\Cache), false)
 9 SYSTEMPATH\Boot.php(417): CodeIgniter\CodeIgniter->run()
10 SYSTEMPATH\Boot.php(68): CodeIgniter\Boot::runCodeIgniter(Object(CodeIgniter\CodeIgniter))
11 FCPATH\index.php(59): CodeIgniter\Boot::bootWeb(Object(Config\Paths))
12 SYSTEMPATH\rewrite.php(44): require_once('C:\\Users\\ASUS\\Downloads\\Projectmagang_dr\\Projectmagang_dr\\public\\index.php')
WARNING - 2026-08-04 15:33:41 --> [DEPRECATED] Passing lowercase HTTP method "post" is deprecated. Use uppercase HTTP method like "POST". in SYSTEMPATH\Router\RouteCollection.php on line 1026.
 1 SYSTEMPATH\Router\RouteCollection.php(1026): trigger_error('Passing lowercase HTTP method "post" is deprecated. Use uppercase HTTP method like "POST".', 16384)
 2 APPPATH\Config\Routes.php(95): CodeIgniter\Router\RouteCollection->match([...], 'verifikasi', '\\App\\Controllers\\Sekretariat\\C_Verifikasi::index')
 3 SYSTEMPATH\Router\RouteCollection.php(799): CodeIgniter\Router\RouteCollection::{closure:C:\Users\ASUS\Downloads\Projectmagang_dr\Projectmagang_dr\app\Config\Routes.php:89}(Object(CodeIgniter\Router\RouteCollection))
 4 APPPATH\Config\Routes.php(89): CodeIgniter\Router\RouteCollection->group('sekretariat', [...], Object(Closure))
 5 SYSTEMPATH\Router\RouteCollection.php(339): require('C:\\Users\\ASUS\\Downloads\\Projectmagang_dr\\Projectmagang_dr\\app\\Config\\Routes.php')
 6 SYSTEMPATH\CodeIgniter.php(841): CodeIgniter\Router\RouteCollection->loadRoutes()
 7 SYSTEMPATH\CodeIgniter.php(464): CodeIgniter\CodeIgniter->tryToRouteIt(null)
 8 SYSTEMPATH\CodeIgniter.php(363): CodeIgniter\CodeIgniter->handleRequest(null, Object(Config\Cache), false)
 9 SYSTEMPATH\Boot.php(417): CodeIgniter\CodeIgniter->run()
10 SYSTEMPATH\Boot.php(68): CodeIgniter\Boot::runCodeIgniter(Object(CodeIgniter\CodeIgniter))
11 FCPATH\index.php(59): CodeIgniter\Boot::bootWeb(Object(Config\Paths))
12 SYSTEMPATH\rewrite.php(44): require_once('C:\\Users\\ASUS\\Downloads\\Projectmagang_dr\\Projectmagang_dr\\public\\index.php')
WARNING - 2026-08-04 15:33:41 --> [DEPRECATED] Passing lowercase HTTP method "get" is deprecated. Use uppercase HTTP method like "GET". in SYSTEMPATH\Router\RouteCollection.php on line 1026.
 1 SYSTEMPATH\Router\RouteCollection.php(1026): trigger_error('Passing lowercase HTTP method "get" is deprecated. Use uppercase HTTP method like "GET".', 16384)
 2 APPPATH\Config\Routes.php(144): CodeIgniter\Router\RouteCollection->match([...], 'upload-surat-penerimaan', '\\App\\Controllers\\Sekretariat\\C_UploadSuratPenerimaan::index')
 3 SYSTEMPATH\Router\RouteCollection.php(799): CodeIgniter\Router\RouteCollection::{closure:C:\Users\ASUS\Downloads\Projectmagang_dr\Projectmagang_dr\app\Config\Routes.php:89}(Object(CodeIgniter\Router\RouteCollection))
 4 APPPATH\Config\Routes.php(89): CodeIgniter\Router\RouteCollection->group('sekretariat', [...], Object(Closure))
 5 SYSTEMPATH\Router\RouteCollection.php(339): require('C:\\Users\\ASUS\\Downloads\\Projectmagang_dr\\Projectmagang_dr\\app\\Config\\Routes.php')
 6 SYSTEMPATH\CodeIgniter.php(841): CodeIgniter\Router\RouteCollection->loadRoutes()
 7 SYSTEMPATH\CodeIgniter.php(464): CodeIgniter\CodeIgniter->tryToRouteIt(null)
 8 SYSTEMPATH\CodeIgniter.php(363): CodeIgniter\CodeIgniter->handleRequest(null, Object(Config\Cache), false)
 9 SYSTEMPATH\Boot.php(417): CodeIgniter\CodeIgniter->run()
10 SYSTEMPATH\Boot.php(68): CodeIgniter\Boot::runCodeIgniter(Object(CodeIgniter\CodeIgniter))
11 FCPATH\index.php(59): CodeIgniter\Boot::bootWeb(Object(Config\Paths))
12 SYSTEMPATH\rewrite.php(44): require_once('C:\\Users\\ASUS\\Downloads\\Projectmagang_dr\\Projectmagang_dr\\public\\index.php')
WARNING - 2026-08-04 15:33:41 --> [DEPRECATED] Passing lowercase HTTP method "post" is deprecated. Use uppercase HTTP method like "POST". in SYSTEMPATH\Router\RouteCollection.php on line 1026.
 1 SYSTEMPATH\Router\RouteCollection.php(1026): trigger_error('Passing lowercase HTTP method "post" is deprecated. Use uppercase HTTP method like "POST".', 16384)
 2 APPPATH\Config\Routes.php(144): CodeIgniter\Router\RouteCollection->match([...], 'upload-surat-penerimaan', '\\App\\Controllers\\Sekretariat\\C_UploadSuratPenerimaan::index')
 3 SYSTEMPATH\Router\RouteCollection.php(799): CodeIgniter\Router\RouteCollection::{closure:C:\Users\ASUS\Downloads\Projectmagang_dr\Projectmagang_dr\app\Config\Routes.php:89}(Object(CodeIgniter\Router\RouteCollection))
 4 APPPATH\Config\Routes.php(89): CodeIgniter\Router\RouteCollection->group('sekretariat', [...], Object(Closure))
 5 SYSTEMPATH\Router\RouteCollection.php(339): require('C:\\Users\\ASUS\\Downloads\\Projectmagang_dr\\Projectmagang_dr\\app\\Config\\Routes.php')
 6 SYSTEMPATH\CodeIgniter.php(841): CodeIgniter\Router\RouteCollection->loadRoutes()
 7 SYSTEMPATH\CodeIgniter.php(464): CodeIgniter\CodeIgniter->tryToRouteIt(null)
 8 SYSTEMPATH\CodeIgniter.php(363): CodeIgniter\CodeIgniter->handleRequest(null, Object(Config\Cache), false)
 9 SYSTEMPATH\Boot.php(417): CodeIgniter\CodeIgniter->run()
10 SYSTEMPATH\Boot.php(68): CodeIgniter\Boot::runCodeIgniter(Object(CodeIgniter\CodeIgniter))
11 FCPATH\index.php(59): CodeIgniter\Boot::bootWeb(Object(Config\Paths))
12 SYSTEMPATH\rewrite.php(44): require_once('C:\\Users\\ASUS\\Downloads\\Projectmagang_dr\\Projectmagang_dr\\public\\index.php')
WARNING - 2026-08-04 15:33:41 --> [DEPRECATED] Passing lowercase HTTP method "get" is deprecated. Use uppercase HTTP method like "GET". in SYSTEMPATH\Router\RouteCollection.php on line 1026.
 1 SYSTEMPATH\Router\RouteCollection.php(1026): trigger_error('Passing lowercase HTTP method "get" is deprecated. Use uppercase HTTP method like "GET".', 16384)
 2 APPPATH\Config\Routes.php(165): CodeIgniter\Router\RouteCollection->match([...], 'logbook', '\\App\\Controllers\\Kabid\\C_LogbookKabid::index')
 3 SYSTEMPATH\Router\RouteCollection.php(799): CodeIgniter\Router\RouteCollection::{closure:C:\Users\ASUS\Downloads\Projectmagang_dr\Projectmagang_dr\app\Config\Routes.php:153}(Object(CodeIgniter\Router\RouteCollection))
 4 APPPATH\Config\Routes.php(153): CodeIgniter\Router\RouteCollection->group('kabid', [...], Object(Closure))
 5 SYSTEMPATH\Router\RouteCollection.php(339): require('C:\\Users\\ASUS\\Downloads\\Projectmagang_dr\\Projectmagang_dr\\app\\Config\\Routes.php')
 6 SYSTEMPATH\CodeIgniter.php(841): CodeIgniter\Router\RouteCollection->loadRoutes()
 7 SYSTEMPATH\CodeIgniter.php(464): CodeIgniter\CodeIgniter->tryToRouteIt(null)
 8 SYSTEMPATH\CodeIgniter.php(363): CodeIgniter\CodeIgniter->handleRequest(null, Object(Config\Cache), false)
 9 SYSTEMPATH\Boot.php(417): CodeIgniter\CodeIgniter->run()
10 SYSTEMPATH\Boot.php(68): CodeIgniter\Boot::runCodeIgniter(Object(CodeIgniter\CodeIgniter))
11 FCPATH\index.php(59): CodeIgniter\Boot::bootWeb(Object(Config\Paths))
12 SYSTEMPATH\rewrite.php(44): require_once('C:\\Users\\ASUS\\Downloads\\Projectmagang_dr\\Projectmagang_dr\\public\\index.php')
WARNING - 2026-08-04 15:33:41 --> [DEPRECATED] Passing lowercase HTTP method "post" is deprecated. Use uppercase HTTP method like "POST". in SYSTEMPATH\Router\RouteCollection.php on line 1026.
 1 SYSTEMPATH\Router\RouteCollection.php(1026): trigger_error('Passing lowercase HTTP method "post" is deprecated. Use uppercase HTTP method like "POST".', 16384)
 2 APPPATH\Config\Routes.php(165): CodeIgniter\Router\RouteCollection->match([...], 'logbook', '\\App\\Controllers\\Kabid\\C_LogbookKabid::index')
 3 SYSTEMPATH\Router\RouteCollection.php(799): CodeIgniter\Router\RouteCollection::{closure:C:\Users\ASUS\Downloads\Projectmagang_dr\Projectmagang_dr\app\Config\Routes.php:153}(Object(CodeIgniter\Router\RouteCollection))
 4 APPPATH\Config\Routes.php(153): CodeIgniter\Router\RouteCollection->group('kabid', [...], Object(Closure))
 5 SYSTEMPATH\Router\RouteCollection.php(339): require('C:\\Users\\ASUS\\Downloads\\Projectmagang_dr\\Projectmagang_dr\\app\\Config\\Routes.php')
 6 SYSTEMPATH\CodeIgniter.php(841): CodeIgniter\Router\RouteCollection->loadRoutes()
 7 SYSTEMPATH\CodeIgniter.php(464): CodeIgniter\CodeIgniter->tryToRouteIt(null)
 8 SYSTEMPATH\CodeIgniter.php(363): CodeIgniter\CodeIgniter->handleRequest(null, Object(Config\Cache), false)
 9 SYSTEMPATH\Boot.php(417): CodeIgniter\CodeIgniter->run()
10 SYSTEMPATH\Boot.php(68): CodeIgniter\Boot::runCodeIgniter(Object(CodeIgniter\CodeIgniter))
11 FCPATH\index.php(59): CodeIgniter\Boot::bootWeb(Object(Config\Paths))
12 SYSTEMPATH\rewrite.php(44): require_once('C:\\Users\\ASUS\\Downloads\\Projectmagang_dr\\Projectmagang_dr\\public\\index.php')
WARNING - 2026-08-04 15:33:41 --> [DEPRECATED] Passing lowercase HTTP method "get" is deprecated. Use uppercase HTTP method like "GET". in SYSTEMPATH\Router\RouteCollection.php on line 1026.
 1 SYSTEMPATH\Router\RouteCollection.php(1026): trigger_error('Passing lowercase HTTP method "get" is deprecated. Use uppercase HTTP method like "GET".', 16384)
 2 APPPATH\Config\Routes.php(177): CodeIgniter\Router\RouteCollection->match([...], 'upload-dokumen', '\\App\\Controllers\\Kabid\\C_UploadDokumen::index')
 3 SYSTEMPATH\Router\RouteCollection.php(799): CodeIgniter\Router\RouteCollection::{closure:C:\Users\ASUS\Downloads\Projectmagang_dr\Projectmagang_dr\app\Config\Routes.php:153}(Object(CodeIgniter\Router\RouteCollection))
 4 APPPATH\Config\Routes.php(153): CodeIgniter\Router\RouteCollection->group('kabid', [...], Object(Closure))
 5 SYSTEMPATH\Router\RouteCollection.php(339): require('C:\\Users\\ASUS\\Downloads\\Projectmagang_dr\\Projectmagang_dr\\app\\Config\\Routes.php')
 6 SYSTEMPATH\CodeIgniter.php(841): CodeIgniter\Router\RouteCollection->loadRoutes()
 7 SYSTEMPATH\CodeIgniter.php(464): CodeIgniter\CodeIgniter->tryToRouteIt(null)
 8 SYSTEMPATH\CodeIgniter.php(363): CodeIgniter\CodeIgniter->handleRequest(null, Object(Config\Cache), false)
 9 SYSTEMPATH\Boot.php(417): CodeIgniter\CodeIgniter->run()
10 SYSTEMPATH\Boot.php(68): CodeIgniter\Boot::runCodeIgniter(Object(CodeIgniter\CodeIgniter))
11 FCPATH\index.php(59): CodeIgniter\Boot::bootWeb(Object(Config\Paths))
12 SYSTEMPATH\rewrite.php(44): require_once('C:\\Users\\ASUS\\Downloads\\Projectmagang_dr\\Projectmagang_dr\\public\\index.php')
WARNING - 2026-08-04 15:33:41 --> [DEPRECATED] Passing lowercase HTTP method "post" is deprecated. Use uppercase HTTP method like "POST". in SYSTEMPATH\Router\RouteCollection.php on line 1026.
 1 SYSTEMPATH\Router\RouteCollection.php(1026): trigger_error('Passing lowercase HTTP method "post" is deprecated. Use uppercase HTTP method like "POST".', 16384)
 2 APPPATH\Config\Routes.php(177): CodeIgniter\Router\RouteCollection->match([...], 'upload-dokumen', '\\App\\Controllers\\Kabid\\C_UploadDokumen::index')
 3 SYSTEMPATH\Router\RouteCollection.php(799): CodeIgniter\Router\RouteCollection::{closure:C:\Users\ASUS\Downloads\Projectmagang_dr\Projectmagang_dr\app\Config\Routes.php:153}(Object(CodeIgniter\Router\RouteCollection))
 4 APPPATH\Config\Routes.php(153): CodeIgniter\Router\RouteCollection->group('kabid', [...], Object(Closure))
 5 SYSTEMPATH\Router\RouteCollection.php(339): require('C:\\Users\\ASUS\\Downloads\\Projectmagang_dr\\Projectmagang_dr\\app\\Config\\Routes.php')
 6 SYSTEMPATH\CodeIgniter.php(841): CodeIgniter\Router\RouteCollection->loadRoutes()
 7 SYSTEMPATH\CodeIgniter.php(464): CodeIgniter\CodeIgniter->tryToRouteIt(null)
 8 SYSTEMPATH\CodeIgniter.php(363): CodeIgniter\CodeIgniter->handleRequest(null, Object(Config\Cache), false)
 9 SYSTEMPATH\Boot.php(417): CodeIgniter\CodeIgniter->run()
10 SYSTEMPATH\Boot.php(68): CodeIgniter\Boot::runCodeIgniter(Object(CodeIgniter\CodeIgniter))
11 FCPATH\index.php(59): CodeIgniter\Boot::bootWeb(Object(Config\Paths))
12 SYSTEMPATH\rewrite.php(44): require_once('C:\\Users\\ASUS\\Downloads\\Projectmagang_dr\\Projectmagang_dr\\public\\index.php')
DEBUG - 2026-08-04 15:33:41 --> Session: Class initialized using 'CodeIgniter\Session\Handlers\FileHandler' driver.
WARNING - 2026-08-04 15:33:45 --> [DEPRECATED] Passing lowercase HTTP method "get" is deprecated. Use uppercase HTTP method like "GET". in SYSTEMPATH\Router\RouteCollection.php on line 1026.
 1 SYSTEMPATH\Router\RouteCollection.php(1026): trigger_error('Passing lowercase HTTP method "get" is deprecated. Use uppercase HTTP method like "GET".', 16384)
 2 APPPATH\Config\Routes.php(77): CodeIgniter\Router\RouteCollection->match([...], 'logbook', 'C_Logbook::logbook')
 3 SYSTEMPATH\Router\RouteCollection.php(799): CodeIgniter\Router\RouteCollection::{closure:C:\Users\ASUS\Downloads\Projectmagang_dr\Projectmagang_dr\app\Config\Routes.php:59}(Object(CodeIgniter\Router\RouteCollection))
 4 APPPATH\Config\Routes.php(59): CodeIgniter\Router\RouteCollection->group('mahasiswa', [...], Object(Closure))
 5 SYSTEMPATH\Router\RouteCollection.php(339): require('C:\\Users\\ASUS\\Downloads\\Projectmagang_dr\\Projectmagang_dr\\app\\Config\\Routes.php')
 6 SYSTEMPATH\CodeIgniter.php(841): CodeIgniter\Router\RouteCollection->loadRoutes()
 7 SYSTEMPATH\CodeIgniter.php(464): CodeIgniter\CodeIgniter->tryToRouteIt(null)
 8 SYSTEMPATH\CodeIgniter.php(363): CodeIgniter\CodeIgniter->handleRequest(null, Object(Config\Cache), false)
 9 SYSTEMPATH\Boot.php(417): CodeIgniter\CodeIgniter->run()
10 SYSTEMPATH\Boot.php(68): CodeIgniter\Boot::runCodeIgniter(Object(CodeIgniter\CodeIgniter))
11 FCPATH\index.php(59): CodeIgniter\Boot::bootWeb(Object(Config\Paths))
12 SYSTEMPATH\rewrite.php(44): require_once('C:\\Users\\ASUS\\Downloads\\Projectmagang_dr\\Projectmagang_dr\\public\\index.php')
WARNING - 2026-08-04 15:33:45 --> [DEPRECATED] Passing lowercase HTTP method "post" is deprecated. Use uppercase HTTP method like "POST". in SYSTEMPATH\Router\RouteCollection.php on line 1026.
 1 SYSTEMPATH\Router\RouteCollection.php(1026): trigger_error('Passing lowercase HTTP method "post" is deprecated. Use uppercase HTTP method like "POST".', 16384)
 2 APPPATH\Config\Routes.php(77): CodeIgniter\Router\RouteCollection->match([...], 'logbook', 'C_Logbook::logbook')
 3 SYSTEMPATH\Router\RouteCollection.php(799): CodeIgniter\Router\RouteCollection::{closure:C:\Users\ASUS\Downloads\Projectmagang_dr\Projectmagang_dr\app\Config\Routes.php:59}(Object(CodeIgniter\Router\RouteCollection))
 4 APPPATH\Config\Routes.php(59): CodeIgniter\Router\RouteCollection->group('mahasiswa', [...], Object(Closure))
 5 SYSTEMPATH\Router\RouteCollection.php(339): require('C:\\Users\\ASUS\\Downloads\\Projectmagang_dr\\Projectmagang_dr\\app\\Config\\Routes.php')
 6 SYSTEMPATH\CodeIgniter.php(841): CodeIgniter\Router\RouteCollection->loadRoutes()
 7 SYSTEMPATH\CodeIgniter.php(464): CodeIgniter\CodeIgniter->tryToRouteIt(null)
 8 SYSTEMPATH\CodeIgniter.php(363): CodeIgniter\CodeIgniter->handleRequest(null, Object(Config\Cache), false)
 9 SYSTEMPATH\Boot.php(417): CodeIgniter\CodeIgniter->run()
10 SYSTEMPATH\Boot.php(68): CodeIgniter\Boot::runCodeIgniter(Object(CodeIgniter\CodeIgniter))
11 FCPATH\index.php(59): CodeIgniter\Boot::bootWeb(Object(Config\Paths))
12 SYSTEMPATH\rewrite.php(44): require_once('C:\\Users\\ASUS\\Downloads\\Projectmagang_dr\\Projectmagang_dr\\public\\index.php')
WARNING - 2026-08-04 15:33:45 --> [DEPRECATED] Passing lowercase HTTP method "get" is deprecated. Use uppercase HTTP method like "GET". in SYSTEMPATH\Router\RouteCollection.php on line 1026.
 1 SYSTEMPATH\Router\RouteCollection.php(1026): trigger_error('Passing lowercase HTTP method "get" is deprecated. Use uppercase HTTP method like "GET".', 16384)
 2 APPPATH\Config\Routes.php(95): CodeIgniter\Router\RouteCollection->match([...], 'verifikasi', '\\App\\Controllers\\Sekretariat\\C_Verifikasi::index')
 3 SYSTEMPATH\Router\RouteCollection.php(799): CodeIgniter\Router\RouteCollection::{closure:C:\Users\ASUS\Downloads\Projectmagang_dr\Projectmagang_dr\app\Config\Routes.php:89}(Object(CodeIgniter\Router\RouteCollection))
 4 APPPATH\Config\Routes.php(89): CodeIgniter\Router\RouteCollection->group('sekretariat', [...], Object(Closure))
 5 SYSTEMPATH\Router\RouteCollection.php(339): require('C:\\Users\\ASUS\\Downloads\\Projectmagang_dr\\Projectmagang_dr\\app\\Config\\Routes.php')
 6 SYSTEMPATH\CodeIgniter.php(841): CodeIgniter\Router\RouteCollection->loadRoutes()
 7 SYSTEMPATH\CodeIgniter.php(464): CodeIgniter\CodeIgniter->tryToRouteIt(null)
 8 SYSTEMPATH\CodeIgniter.php(363): CodeIgniter\CodeIgniter->handleRequest(null, Object(Config\Cache), false)
 9 SYSTEMPATH\Boot.php(417): CodeIgniter\CodeIgniter->run()
10 SYSTEMPATH\Boot.php(68): CodeIgniter\Boot::runCodeIgniter(Object(CodeIgniter\CodeIgniter))
11 FCPATH\index.php(59): CodeIgniter\Boot::bootWeb(Object(Config\Paths))
12 SYSTEMPATH\rewrite.php(44): require_once('C:\\Users\\ASUS\\Downloads\\Projectmagang_dr\\Projectmagang_dr\\public\\index.php')
WARNING - 2026-08-04 15:33:45 --> [DEPRECATED] Passing lowercase HTTP method "post" is deprecated. Use uppercase HTTP method like "POST". in SYSTEMPATH\Router\RouteCollection.php on line 1026.
 1 SYSTEMPATH\Router\RouteCollection.php(1026): trigger_error('Passing lowercase HTTP method "post" is deprecated. Use uppercase HTTP method like "POST".', 16384)
 2 APPPATH\Config\Routes.php(95): CodeIgniter\Router\RouteCollection->match([...], 'verifikasi', '\\App\\Controllers\\Sekretariat\\C_Verifikasi::index')
 3 SYSTEMPATH\Router\RouteCollection.php(799): CodeIgniter\Router\RouteCollection::{closure:C:\Users\ASUS\Downloads\Projectmagang_dr\Projectmagang_dr\app\Config\Routes.php:89}(Object(CodeIgniter\Router\RouteCollection))
 4 APPPATH\Config\Routes.php(89): CodeIgniter\Router\RouteCollection->group('sekretariat', [...], Object(Closure))
 5 SYSTEMPATH\Router\RouteCollection.php(339): require('C:\\Users\\ASUS\\Downloads\\Projectmagang_dr\\Projectmagang_dr\\app\\Config\\Routes.php')
 6 SYSTEMPATH\CodeIgniter.php(841): CodeIgniter\Router\RouteCollection->loadRoutes()
 7 SYSTEMPATH\CodeIgniter.php(464): CodeIgniter\CodeIgniter->tryToRouteIt(null)
 8 SYSTEMPATH\CodeIgniter.php(363): CodeIgniter\CodeIgniter->handleRequest(null, Object(Config\Cache), false)
 9 SYSTEMPATH\Boot.php(417): CodeIgniter\CodeIgniter->run()
10 SYSTEMPATH\Boot.php(68): CodeIgniter\Boot::runCodeIgniter(Object(CodeIgniter\CodeIgniter))
11 FCPATH\index.php(59): CodeIgniter\Boot::bootWeb(Object(Config\Paths))
12 SYSTEMPATH\rewrite.php(44): require_once('C:\\Users\\ASUS\\Downloads\\Projectmagang_dr\\Projectmagang_dr\\public\\index.php')
WARNING - 2026-08-04 15:33:45 --> [DEPRECATED] Passing lowercase HTTP method "get" is deprecated. Use uppercase HTTP method like "GET". in SYSTEMPATH\Router\RouteCollection.php on line 1026.
 1 SYSTEMPATH\Router\RouteCollection.php(1026): trigger_error('Passing lowercase HTTP method "get" is deprecated. Use uppercase HTTP method like "GET".', 16384)
 2 APPPATH\Config\Routes.php(144): CodeIgniter\Router\RouteCollection->match([...], 'upload-surat-penerimaan', '\\App\\Controllers\\Sekretariat\\C_UploadSuratPenerimaan::index')
 3 SYSTEMPATH\Router\RouteCollection.php(799): CodeIgniter\Router\RouteCollection::{closure:C:\Users\ASUS\Downloads\Projectmagang_dr\Projectmagang_dr\app\Config\Routes.php:89}(Object(CodeIgniter\Router\RouteCollection))
 4 APPPATH\Config\Routes.php(89): CodeIgniter\Router\RouteCollection->group('sekretariat', [...], Object(Closure))
 5 SYSTEMPATH\Router\RouteCollection.php(339): require('C:\\Users\\ASUS\\Downloads\\Projectmagang_dr\\Projectmagang_dr\\app\\Config\\Routes.php')
 6 SYSTEMPATH\CodeIgniter.php(841): CodeIgniter\Router\RouteCollection->loadRoutes()
 7 SYSTEMPATH\CodeIgniter.php(464): CodeIgniter\CodeIgniter->tryToRouteIt(null)
 8 SYSTEMPATH\CodeIgniter.php(363): CodeIgniter\CodeIgniter->handleRequest(null, Object(Config\Cache), false)
 9 SYSTEMPATH\Boot.php(417): CodeIgniter\CodeIgniter->run()
10 SYSTEMPATH\Boot.php(68): CodeIgniter\Boot::runCodeIgniter(Object(CodeIgniter\CodeIgniter))
11 FCPATH\index.php(59): CodeIgniter\Boot::bootWeb(Object(Config\Paths))
12 SYSTEMPATH\rewrite.php(44): require_once('C:\\Users\\ASUS\\Downloads\\Projectmagang_dr\\Projectmagang_dr\\public\\index.php')
WARNING - 2026-08-04 15:33:45 --> [DEPRECATED] Passing lowercase HTTP method "post" is deprecated. Use uppercase HTTP method like "POST". in SYSTEMPATH\Router\RouteCollection.php on line 1026.
 1 SYSTEMPATH\Router\RouteCollection.php(1026): trigger_error('Passing lowercase HTTP method "post" is deprecated. Use uppercase HTTP method like "POST".', 16384)
 2 APPPATH\Config\Routes.php(144): CodeIgniter\Router\RouteCollection->match([...], 'upload-surat-penerimaan', '\\App\\Controllers\\Sekretariat\\C_UploadSuratPenerimaan::index')
 3 SYSTEMPATH\Router\RouteCollection.php(799): CodeIgniter\Router\RouteCollection::{closure:C:\Users\ASUS\Downloads\Projectmagang_dr\Projectmagang_dr\app\Config\Routes.php:89}(Object(CodeIgniter\Router\RouteCollection))
 4 APPPATH\Config\Routes.php(89): CodeIgniter\Router\RouteCollection->group('sekretariat', [...], Object(Closure))
 5 SYSTEMPATH\Router\RouteCollection.php(339): require('C:\\Users\\ASUS\\Downloads\\Projectmagang_dr\\Projectmagang_dr\\app\\Config\\Routes.php')
 6 SYSTEMPATH\CodeIgniter.php(841): CodeIgniter\Router\RouteCollection->loadRoutes()
 7 SYSTEMPATH\CodeIgniter.php(464): CodeIgniter\CodeIgniter->tryToRouteIt(null)
 8 SYSTEMPATH\CodeIgniter.php(363): CodeIgniter\CodeIgniter->handleRequest(null, Object(Config\Cache), false)
 9 SYSTEMPATH\Boot.php(417): CodeIgniter\CodeIgniter->run()
10 SYSTEMPATH\Boot.php(68): CodeIgniter\Boot::runCodeIgniter(Object(CodeIgniter\CodeIgniter))
11 FCPATH\index.php(59): CodeIgniter\Boot::bootWeb(Object(Config\Paths))
12 SYSTEMPATH\rewrite.php(44): require_once('C:\\Users\\ASUS\\Downloads\\Projectmagang_dr\\Projectmagang_dr\\public\\index.php')
WARNING - 2026-08-04 15:33:45 --> [DEPRECATED] Passing lowercase HTTP method "get" is deprecated. Use uppercase HTTP method like "GET". in SYSTEMPATH\Router\RouteCollection.php on line 1026.
 1 SYSTEMPATH\Router\RouteCollection.php(1026): trigger_error('Passing lowercase HTTP method "get" is deprecated. Use uppercase HTTP method like "GET".', 16384)
 2 APPPATH\Config\Routes.php(165): CodeIgniter\Router\RouteCollection->match([...], 'logbook', '\\App\\Controllers\\Kabid\\C_LogbookKabid::index')
 3 SYSTEMPATH\Router\RouteCollection.php(799): CodeIgniter\Router\RouteCollection::{closure:C:\Users\ASUS\Downloads\Projectmagang_dr\Projectmagang_dr\app\Config\Routes.php:153}(Object(CodeIgniter\Router\RouteCollection))
 4 APPPATH\Config\Routes.php(153): CodeIgniter\Router\RouteCollection->group('kabid', [...], Object(Closure))
 5 SYSTEMPATH\Router\RouteCollection.php(339): require('C:\\Users\\ASUS\\Downloads\\Projectmagang_dr\\Projectmagang_dr\\app\\Config\\Routes.php')
 6 SYSTEMPATH\CodeIgniter.php(841): CodeIgniter\Router\RouteCollection->loadRoutes()
 7 SYSTEMPATH\CodeIgniter.php(464): CodeIgniter\CodeIgniter->tryToRouteIt(null)
 8 SYSTEMPATH\CodeIgniter.php(363): CodeIgniter\CodeIgniter->handleRequest(null, Object(Config\Cache), false)
 9 SYSTEMPATH\Boot.php(417): CodeIgniter\CodeIgniter->run()
10 SYSTEMPATH\Boot.php(68): CodeIgniter\Boot::runCodeIgniter(Object(CodeIgniter\CodeIgniter))
11 FCPATH\index.php(59): CodeIgniter\Boot::bootWeb(Object(Config\Paths))
12 SYSTEMPATH\rewrite.php(44): require_once('C:\\Users\\ASUS\\Downloads\\Projectmagang_dr\\Projectmagang_dr\\public\\index.php')
WARNING - 2026-08-04 15:33:45 --> [DEPRECATED] Passing lowercase HTTP method "post" is deprecated. Use uppercase HTTP method like "POST". in SYSTEMPATH\Router\RouteCollection.php on line 1026.
 1 SYSTEMPATH\Router\RouteCollection.php(1026): trigger_error('Passing lowercase HTTP method "post" is deprecated. Use uppercase HTTP method like "POST".', 16384)
 2 APPPATH\Config\Routes.php(165): CodeIgniter\Router\RouteCollection->match([...], 'logbook', '\\App\\Controllers\\Kabid\\C_LogbookKabid::index')
 3 SYSTEMPATH\Router\RouteCollection.php(799): CodeIgniter\Router\RouteCollection::{closure:C:\Users\ASUS\Downloads\Projectmagang_dr\Projectmagang_dr\app\Config\Routes.php:153}(Object(CodeIgniter\Router\RouteCollection))
 4 APPPATH\Config\Routes.php(153): CodeIgniter\Router\RouteCollection->group('kabid', [...], Object(Closure))
 5 SYSTEMPATH\Router\RouteCollection.php(339): require('C:\\Users\\ASUS\\Downloads\\Projectmagang_dr\\Projectmagang_dr\\app\\Config\\Routes.php')
 6 SYSTEMPATH\CodeIgniter.php(841): CodeIgniter\Router\RouteCollection->loadRoutes()
 7 SYSTEMPATH\CodeIgniter.php(464): CodeIgniter\CodeIgniter->tryToRouteIt(null)
 8 SYSTEMPATH\CodeIgniter.php(363): CodeIgniter\CodeIgniter->handleRequest(null, Object(Config\Cache), false)
 9 SYSTEMPATH\Boot.php(417): CodeIgniter\CodeIgniter->run()
10 SYSTEMPATH\Boot.php(68): CodeIgniter\Boot::runCodeIgniter(Object(CodeIgniter\CodeIgniter))
11 FCPATH\index.php(59): CodeIgniter\Boot::bootWeb(Object(Config\Paths))
12 SYSTEMPATH\rewrite.php(44): require_once('C:\\Users\\ASUS\\Downloads\\Projectmagang_dr\\Projectmagang_dr\\public\\index.php')
WARNING - 2026-08-04 15:33:45 --> [DEPRECATED] Passing lowercase HTTP method "get" is deprecated. Use uppercase HTTP method like "GET". in SYSTEMPATH\Router\RouteCollection.php on line 1026.
 1 SYSTEMPATH\Router\RouteCollection.php(1026): trigger_error('Passing lowercase HTTP method "get" is deprecated. Use uppercase HTTP method like "GET".', 16384)
 2 APPPATH\Config\Routes.php(177): CodeIgniter\Router\RouteCollection->match([...], 'upload-dokumen', '\\App\\Controllers\\Kabid\\C_UploadDokumen::index')
 3 SYSTEMPATH\Router\RouteCollection.php(799): CodeIgniter\Router\RouteCollection::{closure:C:\Users\ASUS\Downloads\Projectmagang_dr\Projectmagang_dr\app\Config\Routes.php:153}(Object(CodeIgniter\Router\RouteCollection))
 4 APPPATH\Config\Routes.php(153): CodeIgniter\Router\RouteCollection->group('kabid', [...], Object(Closure))
 5 SYSTEMPATH\Router\RouteCollection.php(339): require('C:\\Users\\ASUS\\Downloads\\Projectmagang_dr\\Projectmagang_dr\\app\\Config\\Routes.php')
 6 SYSTEMPATH\CodeIgniter.php(841): CodeIgniter\Router\RouteCollection->loadRoutes()
 7 SYSTEMPATH\CodeIgniter.php(464): CodeIgniter\CodeIgniter->tryToRouteIt(null)
 8 SYSTEMPATH\CodeIgniter.php(363): CodeIgniter\CodeIgniter->handleRequest(null, Object(Config\Cache), false)
 9 SYSTEMPATH\Boot.php(417): CodeIgniter\CodeIgniter->run()
10 SYSTEMPATH\Boot.php(68): CodeIgniter\Boot::runCodeIgniter(Object(CodeIgniter\CodeIgniter))
11 FCPATH\index.php(59): CodeIgniter\Boot::bootWeb(Object(Config\Paths))
12 SYSTEMPATH\rewrite.php(44): require_once('C:\\Users\\ASUS\\Downloads\\Projectmagang_dr\\Projectmagang_dr\\public\\index.php')
WARNING - 2026-08-04 15:33:45 --> [DEPRECATED] Passing lowercase HTTP method "post" is deprecated. Use uppercase HTTP method like "POST". in SYSTEMPATH\Router\RouteCollection.php on line 1026.
 1 SYSTEMPATH\Router\RouteCollection.php(1026): trigger_error('Passing lowercase HTTP method "post" is deprecated. Use uppercase HTTP method like "POST".', 16384)
 2 APPPATH\Config\Routes.php(177): CodeIgniter\Router\RouteCollection->match([...], 'upload-dokumen', '\\App\\Controllers\\Kabid\\C_UploadDokumen::index')
 3 SYSTEMPATH\Router\RouteCollection.php(799): CodeIgniter\Router\RouteCollection::{closure:C:\Users\ASUS\Downloads\Projectmagang_dr\Projectmagang_dr\app\Config\Routes.php:153}(Object(CodeIgniter\Router\RouteCollection))
 4 APPPATH\Config\Routes.php(153): CodeIgniter\Router\RouteCollection->group('kabid', [...], Object(Closure))
 5 SYSTEMPATH\Router\RouteCollection.php(339): require('C:\\Users\\ASUS\\Downloads\\Projectmagang_dr\\Projectmagang_dr\\app\\Config\\Routes.php')
 6 SYSTEMPATH\CodeIgniter.php(841): CodeIgniter\Router\RouteCollection->loadRoutes()
 7 SYSTEMPATH\CodeIgniter.php(464): CodeIgniter\CodeIgniter->tryToRouteIt(null)
 8 SYSTEMPATH\CodeIgniter.php(363): CodeIgniter\CodeIgniter->handleRequest(null, Object(Config\Cache), false)
 9 SYSTEMPATH\Boot.php(417): CodeIgniter\CodeIgniter->run()
10 SYSTEMPATH\Boot.php(68): CodeIgniter\Boot::runCodeIgniter(Object(CodeIgniter\CodeIgniter))
11 FCPATH\index.php(59): CodeIgniter\Boot::bootWeb(Object(Config\Paths))
12 SYSTEMPATH\rewrite.php(44): require_once('C:\\Users\\ASUS\\Downloads\\Projectmagang_dr\\Projectmagang_dr\\public\\index.php')
DEBUG - 2026-08-04 15:33:46 --> Session: Class initialized using 'CodeIgniter\Session\Handlers\FileHandler' driver.
WARNING - 2026-08-04 15:35:02 --> [DEPRECATED] Passing lowercase HTTP method "get" is deprecated. Use uppercase HTTP method like "GET". in SYSTEMPATH\Router\RouteCollection.php on line 1026.
 1 SYSTEMPATH\Router\RouteCollection.php(1026): trigger_error('Passing lowercase HTTP method "get" is deprecated. Use uppercase HTTP method like "GET".', 16384)
 2 APPPATH\Config\Routes.php(77): CodeIgniter\Router\RouteCollection->match([...], 'logbook', 'C_Logbook::logbook')
 3 SYSTEMPATH\Router\RouteCollection.php(799): CodeIgniter\Router\RouteCollection::{closure:C:\Users\ASUS\Downloads\Projectmagang_dr\Projectmagang_dr\app\Config\Routes.php:59}(Object(CodeIgniter\Router\RouteCollection))
 4 APPPATH\Config\Routes.php(59): CodeIgniter\Router\RouteCollection->group('mahasiswa', [...], Object(Closure))
 5 SYSTEMPATH\Router\RouteCollection.php(339): require('C:\\Users\\ASUS\\Downloads\\Projectmagang_dr\\Projectmagang_dr\\app\\Config\\Routes.php')
 6 SYSTEMPATH\CodeIgniter.php(841): CodeIgniter\Router\RouteCollection->loadRoutes()
 7 SYSTEMPATH\CodeIgniter.php(464): CodeIgniter\CodeIgniter->tryToRouteIt(null)
 8 SYSTEMPATH\CodeIgniter.php(363): CodeIgniter\CodeIgniter->handleRequest(null, Object(Config\Cache), false)
 9 SYSTEMPATH\Boot.php(417): CodeIgniter\CodeIgniter->run()
10 SYSTEMPATH\Boot.php(68): CodeIgniter\Boot::runCodeIgniter(Object(CodeIgniter\CodeIgniter))
11 FCPATH\index.php(59): CodeIgniter\Boot::bootWeb(Object(Config\Paths))
12 SYSTEMPATH\rewrite.php(44): require_once('C:\\Users\\ASUS\\Downloads\\Projectmagang_dr\\Projectmagang_dr\\public\\index.php')
WARNING - 2026-08-04 15:35:02 --> [DEPRECATED] Passing lowercase HTTP method "post" is deprecated. Use uppercase HTTP method like "POST". in SYSTEMPATH\Router\RouteCollection.php on line 1026.
 1 SYSTEMPATH\Router\RouteCollection.php(1026): trigger_error('Passing lowercase HTTP method "post" is deprecated. Use uppercase HTTP method like "POST".', 16384)
 2 APPPATH\Config\Routes.php(77): CodeIgniter\Router\RouteCollection->match([...], 'logbook', 'C_Logbook::logbook')
 3 SYSTEMPATH\Router\RouteCollection.php(799): CodeIgniter\Router\RouteCollection::{closure:C:\Users\ASUS\Downloads\Projectmagang_dr\Projectmagang_dr\app\Config\Routes.php:59}(Object(CodeIgniter\Router\RouteCollection))
 4 APPPATH\Config\Routes.php(59): CodeIgniter\Router\RouteCollection->group('mahasiswa', [...], Object(Closure))
 5 SYSTEMPATH\Router\RouteCollection.php(339): require('C:\\Users\\ASUS\\Downloads\\Projectmagang_dr\\Projectmagang_dr\\app\\Config\\Routes.php')
 6 SYSTEMPATH\CodeIgniter.php(841): CodeIgniter\Router\RouteCollection->loadRoutes()
 7 SYSTEMPATH\CodeIgniter.php(464): CodeIgniter\CodeIgniter->tryToRouteIt(null)
 8 SYSTEMPATH\CodeIgniter.php(363): CodeIgniter\CodeIgniter->handleRequest(null, Object(Config\Cache), false)
 9 SYSTEMPATH\Boot.php(417): CodeIgniter\CodeIgniter->run()
10 SYSTEMPATH\Boot.php(68): CodeIgniter\Boot::runCodeIgniter(Object(CodeIgniter\CodeIgniter))
11 FCPATH\index.php(59): CodeIgniter\Boot::bootWeb(Object(Config\Paths))
12 SYSTEMPATH\rewrite.php(44): require_once('C:\\Users\\ASUS\\Downloads\\Projectmagang_dr\\Projectmagang_dr\\public\\index.php')
WARNING - 2026-08-04 15:35:02 --> [DEPRECATED] Passing lowercase HTTP method "get" is deprecated. Use uppercase HTTP method like "GET". in SYSTEMPATH\Router\RouteCollection.php on line 1026.
 1 SYSTEMPATH\Router\RouteCollection.php(1026): trigger_error('Passing lowercase HTTP method "get" is deprecated. Use uppercase HTTP method like "GET".', 16384)
 2 APPPATH\Config\Routes.php(95): CodeIgniter\Router\RouteCollection->match([...], 'verifikasi', '\\App\\Controllers\\Sekretariat\\C_Verifikasi::index')
 3 SYSTEMPATH\Router\RouteCollection.php(799): CodeIgniter\Router\RouteCollection::{closure:C:\Users\ASUS\Downloads\Projectmagang_dr\Projectmagang_dr\app\Config\Routes.php:89}(Object(CodeIgniter\Router\RouteCollection))
 4 APPPATH\Config\Routes.php(89): CodeIgniter\Router\RouteCollection->group('sekretariat', [...], Object(Closure))
 5 SYSTEMPATH\Router\RouteCollection.php(339): require('C:\\Users\\ASUS\\Downloads\\Projectmagang_dr\\Projectmagang_dr\\app\\Config\\Routes.php')
 6 SYSTEMPATH\CodeIgniter.php(841): CodeIgniter\Router\RouteCollection->loadRoutes()
 7 SYSTEMPATH\CodeIgniter.php(464): CodeIgniter\CodeIgniter->tryToRouteIt(null)
 8 SYSTEMPATH\CodeIgniter.php(363): CodeIgniter\CodeIgniter->handleRequest(null, Object(Config\Cache), false)
 9 SYSTEMPATH\Boot.php(417): CodeIgniter\CodeIgniter->run()
10 SYSTEMPATH\Boot.php(68): CodeIgniter\Boot::runCodeIgniter(Object(CodeIgniter\CodeIgniter))
11 FCPATH\index.php(59): CodeIgniter\Boot::bootWeb(Object(Config\Paths))
12 SYSTEMPATH\rewrite.php(44): require_once('C:\\Users\\ASUS\\Downloads\\Projectmagang_dr\\Projectmagang_dr\\public\\index.php')
WARNING - 2026-08-04 15:35:02 --> [DEPRECATED] Passing lowercase HTTP method "post" is deprecated. Use uppercase HTTP method like "POST". in SYSTEMPATH\Router\RouteCollection.php on line 1026.
 1 SYSTEMPATH\Router\RouteCollection.php(1026): trigger_error('Passing lowercase HTTP method "post" is deprecated. Use uppercase HTTP method like "POST".', 16384)
 2 APPPATH\Config\Routes.php(95): CodeIgniter\Router\RouteCollection->match([...], 'verifikasi', '\\App\\Controllers\\Sekretariat\\C_Verifikasi::index')
 3 SYSTEMPATH\Router\RouteCollection.php(799): CodeIgniter\Router\RouteCollection::{closure:C:\Users\ASUS\Downloads\Projectmagang_dr\Projectmagang_dr\app\Config\Routes.php:89}(Object(CodeIgniter\Router\RouteCollection))
 4 APPPATH\Config\Routes.php(89): CodeIgniter\Router\RouteCollection->group('sekretariat', [...], Object(Closure))
 5 SYSTEMPATH\Router\RouteCollection.php(339): require('C:\\Users\\ASUS\\Downloads\\Projectmagang_dr\\Projectmagang_dr\\app\\Config\\Routes.php')
 6 SYSTEMPATH\CodeIgniter.php(841): CodeIgniter\Router\RouteCollection->loadRoutes()
 7 SYSTEMPATH\CodeIgniter.php(464): CodeIgniter\CodeIgniter->tryToRouteIt(null)
 8 SYSTEMPATH\CodeIgniter.php(363): CodeIgniter\CodeIgniter->handleRequest(null, Object(Config\Cache), false)
 9 SYSTEMPATH\Boot.php(417): CodeIgniter\CodeIgniter->run()
10 SYSTEMPATH\Boot.php(68): CodeIgniter\Boot::runCodeIgniter(Object(CodeIgniter\CodeIgniter))
11 FCPATH\index.php(59): CodeIgniter\Boot::bootWeb(Object(Config\Paths))
12 SYSTEMPATH\rewrite.php(44): require_once('C:\\Users\\ASUS\\Downloads\\Projectmagang_dr\\Projectmagang_dr\\public\\index.php')
WARNING - 2026-08-04 15:35:02 --> [DEPRECATED] Passing lowercase HTTP method "get" is deprecated. Use uppercase HTTP method like "GET". in SYSTEMPATH\Router\RouteCollection.php on line 1026.
 1 SYSTEMPATH\Router\RouteCollection.php(1026): trigger_error('Passing lowercase HTTP method "get" is deprecated. Use uppercase HTTP method like "GET".', 16384)
 2 APPPATH\Config\Routes.php(144): CodeIgniter\Router\RouteCollection->match([...], 'upload-surat-penerimaan', '\\App\\Controllers\\Sekretariat\\C_UploadSuratPenerimaan::index')
 3 SYSTEMPATH\Router\RouteCollection.php(799): CodeIgniter\Router\RouteCollection::{closure:C:\Users\ASUS\Downloads\Projectmagang_dr\Projectmagang_dr\app\Config\Routes.php:89}(Object(CodeIgniter\Router\RouteCollection))
 4 APPPATH\Config\Routes.php(89): CodeIgniter\Router\RouteCollection->group('sekretariat', [...], Object(Closure))
 5 SYSTEMPATH\Router\RouteCollection.php(339): require('C:\\Users\\ASUS\\Downloads\\Projectmagang_dr\\Projectmagang_dr\\app\\Config\\Routes.php')
 6 SYSTEMPATH\CodeIgniter.php(841): CodeIgniter\Router\RouteCollection->loadRoutes()
 7 SYSTEMPATH\CodeIgniter.php(464): CodeIgniter\CodeIgniter->tryToRouteIt(null)
 8 SYSTEMPATH\CodeIgniter.php(363): CodeIgniter\CodeIgniter->handleRequest(null, Object(Config\Cache), false)
 9 SYSTEMPATH\Boot.php(417): CodeIgniter\CodeIgniter->run()
10 SYSTEMPATH\Boot.php(68): CodeIgniter\Boot::runCodeIgniter(Object(CodeIgniter\CodeIgniter))
11 FCPATH\index.php(59): CodeIgniter\Boot::bootWeb(Object(Config\Paths))
12 SYSTEMPATH\rewrite.php(44): require_once('C:\\Users\\ASUS\\Downloads\\Projectmagang_dr\\Projectmagang_dr\\public\\index.php')
WARNING - 2026-08-04 15:35:02 --> [DEPRECATED] Passing lowercase HTTP method "post" is deprecated. Use uppercase HTTP method like "POST". in SYSTEMPATH\Router\RouteCollection.php on line 1026.
 1 SYSTEMPATH\Router\RouteCollection.php(1026): trigger_error('Passing lowercase HTTP method "post" is deprecated. Use uppercase HTTP method like "POST".', 16384)
 2 APPPATH\Config\Routes.php(144): CodeIgniter\Router\RouteCollection->match([...], 'upload-surat-penerimaan', '\\App\\Controllers\\Sekretariat\\C_UploadSuratPenerimaan::index')
 3 SYSTEMPATH\Router\RouteCollection.php(799): CodeIgniter\Router\RouteCollection::{closure:C:\Users\ASUS\Downloads\Projectmagang_dr\Projectmagang_dr\app\Config\Routes.php:89}(Object(CodeIgniter\Router\RouteCollection))
 4 APPPATH\Config\Routes.php(89): CodeIgniter\Router\RouteCollection->group('sekretariat', [...], Object(Closure))
 5 SYSTEMPATH\Router\RouteCollection.php(339): require('C:\\Users\\ASUS\\Downloads\\Projectmagang_dr\\Projectmagang_dr\\app\\Config\\Routes.php')
 6 SYSTEMPATH\CodeIgniter.php(841): CodeIgniter\Router\RouteCollection->loadRoutes()
 7 SYSTEMPATH\CodeIgniter.php(464): CodeIgniter\CodeIgniter->tryToRouteIt(null)
 8 SYSTEMPATH\CodeIgniter.php(363): CodeIgniter\CodeIgniter->handleRequest(null, Object(Config\Cache), false)
 9 SYSTEMPATH\Boot.php(417): CodeIgniter\CodeIgniter->run()
10 SYSTEMPATH\Boot.php(68): CodeIgniter\Boot::runCodeIgniter(Object(CodeIgniter\CodeIgniter))
11 FCPATH\index.php(59): CodeIgniter\Boot::bootWeb(Object(Config\Paths))
12 SYSTEMPATH\rewrite.php(44): require_once('C:\\Users\\ASUS\\Downloads\\Projectmagang_dr\\Projectmagang_dr\\public\\index.php')
WARNING - 2026-08-04 15:35:02 --> [DEPRECATED] Passing lowercase HTTP method "get" is deprecated. Use uppercase HTTP method like "GET". in SYSTEMPATH\Router\RouteCollection.php on line 1026.
 1 SYSTEMPATH\Router\RouteCollection.php(1026): trigger_error('Passing lowercase HTTP method "get" is deprecated. Use uppercase HTTP method like "GET".', 16384)
 2 APPPATH\Config\Routes.php(165): CodeIgniter\Router\RouteCollection->match([...], 'logbook', '\\App\\Controllers\\Kabid\\C_LogbookKabid::index')
 3 SYSTEMPATH\Router\RouteCollection.php(799): CodeIgniter\Router\RouteCollection::{closure:C:\Users\ASUS\Downloads\Projectmagang_dr\Projectmagang_dr\app\Config\Routes.php:153}(Object(CodeIgniter\Router\RouteCollection))
 4 APPPATH\Config\Routes.php(153): CodeIgniter\Router\RouteCollection->group('kabid', [...], Object(Closure))
 5 SYSTEMPATH\Router\RouteCollection.php(339): require('C:\\Users\\ASUS\\Downloads\\Projectmagang_dr\\Projectmagang_dr\\app\\Config\\Routes.php')
 6 SYSTEMPATH\CodeIgniter.php(841): CodeIgniter\Router\RouteCollection->loadRoutes()
 7 SYSTEMPATH\CodeIgniter.php(464): CodeIgniter\CodeIgniter->tryToRouteIt(null)
 8 SYSTEMPATH\CodeIgniter.php(363): CodeIgniter\CodeIgniter->handleRequest(null, Object(Config\Cache), false)
 9 SYSTEMPATH\Boot.php(417): CodeIgniter\CodeIgniter->run()
10 SYSTEMPATH\Boot.php(68): CodeIgniter\Boot::runCodeIgniter(Object(CodeIgniter\CodeIgniter))
11 FCPATH\index.php(59): CodeIgniter\Boot::bootWeb(Object(Config\Paths))
12 SYSTEMPATH\rewrite.php(44): require_once('C:\\Users\\ASUS\\Downloads\\Projectmagang_dr\\Projectmagang_dr\\public\\index.php')
WARNING - 2026-08-04 15:35:02 --> [DEPRECATED] Passing lowercase HTTP method "post" is deprecated. Use uppercase HTTP method like "POST". in SYSTEMPATH\Router\RouteCollection.php on line 1026.
 1 SYSTEMPATH\Router\RouteCollection.php(1026): trigger_error('Passing lowercase HTTP method "post" is deprecated. Use uppercase HTTP method like "POST".', 16384)
 2 APPPATH\Config\Routes.php(165): CodeIgniter\Router\RouteCollection->match([...], 'logbook', '\\App\\Controllers\\Kabid\\C_LogbookKabid::index')
 3 SYSTEMPATH\Router\RouteCollection.php(799): CodeIgniter\Router\RouteCollection::{closure:C:\Users\ASUS\Downloads\Projectmagang_dr\Projectmagang_dr\app\Config\Routes.php:153}(Object(CodeIgniter\Router\RouteCollection))
 4 APPPATH\Config\Routes.php(153): CodeIgniter\Router\RouteCollection->group('kabid', [...], Object(Closure))
 5 SYSTEMPATH\Router\RouteCollection.php(339): require('C:\\Users\\ASUS\\Downloads\\Projectmagang_dr\\Projectmagang_dr\\app\\Config\\Routes.php')
 6 SYSTEMPATH\CodeIgniter.php(841): CodeIgniter\Router\RouteCollection->loadRoutes()
 7 SYSTEMPATH\CodeIgniter.php(464): CodeIgniter\CodeIgniter->tryToRouteIt(null)
 8 SYSTEMPATH\CodeIgniter.php(363): CodeIgniter\CodeIgniter->handleRequest(null, Object(Config\Cache), false)
 9 SYSTEMPATH\Boot.php(417): CodeIgniter\CodeIgniter->run()
10 SYSTEMPATH\Boot.php(68): CodeIgniter\Boot::runCodeIgniter(Object(CodeIgniter\CodeIgniter))
11 FCPATH\index.php(59): CodeIgniter\Boot::bootWeb(Object(Config\Paths))
12 SYSTEMPATH\rewrite.php(44): require_once('C:\\Users\\ASUS\\Downloads\\Projectmagang_dr\\Projectmagang_dr\\public\\index.php')
WARNING - 2026-08-04 15:35:02 --> [DEPRECATED] Passing lowercase HTTP method "get" is deprecated. Use uppercase HTTP method like "GET". in SYSTEMPATH\Router\RouteCollection.php on line 1026.
 1 SYSTEMPATH\Router\RouteCollection.php(1026): trigger_error('Passing lowercase HTTP method "get" is deprecated. Use uppercase HTTP method like "GET".', 16384)
 2 APPPATH\Config\Routes.php(177): CodeIgniter\Router\RouteCollection->match([...], 'upload-dokumen', '\\App\\Controllers\\Kabid\\C_UploadDokumen::index')
 3 SYSTEMPATH\Router\RouteCollection.php(799): CodeIgniter\Router\RouteCollection::{closure:C:\Users\ASUS\Downloads\Projectmagang_dr\Projectmagang_dr\app\Config\Routes.php:153}(Object(CodeIgniter\Router\RouteCollection))
 4 APPPATH\Config\Routes.php(153): CodeIgniter\Router\RouteCollection->group('kabid', [...], Object(Closure))
 5 SYSTEMPATH\Router\RouteCollection.php(339): require('C:\\Users\\ASUS\\Downloads\\Projectmagang_dr\\Projectmagang_dr\\app\\Config\\Routes.php')
 6 SYSTEMPATH\CodeIgniter.php(841): CodeIgniter\Router\RouteCollection->loadRoutes()
 7 SYSTEMPATH\CodeIgniter.php(464): CodeIgniter\CodeIgniter->tryToRouteIt(null)
 8 SYSTEMPATH\CodeIgniter.php(363): CodeIgniter\CodeIgniter->handleRequest(null, Object(Config\Cache), false)
 9 SYSTEMPATH\Boot.php(417): CodeIgniter\CodeIgniter->run()
10 SYSTEMPATH\Boot.php(68): CodeIgniter\Boot::runCodeIgniter(Object(CodeIgniter\CodeIgniter))
11 FCPATH\index.php(59): CodeIgniter\Boot::bootWeb(Object(Config\Paths))
12 SYSTEMPATH\rewrite.php(44): require_once('C:\\Users\\ASUS\\Downloads\\Projectmagang_dr\\Projectmagang_dr\\public\\index.php')
WARNING - 2026-08-04 15:35:02 --> [DEPRECATED] Passing lowercase HTTP method "post" is deprecated. Use uppercase HTTP method like "POST". in SYSTEMPATH\Router\RouteCollection.php on line 1026.
 1 SYSTEMPATH\Router\RouteCollection.php(1026): trigger_error('Passing lowercase HTTP method "post" is deprecated. Use uppercase HTTP method like "POST".', 16384)
 2 APPPATH\Config\Routes.php(177): CodeIgniter\Router\RouteCollection->match([...], 'upload-dokumen', '\\App\\Controllers\\Kabid\\C_UploadDokumen::index')
 3 SYSTEMPATH\Router\RouteCollection.php(799): CodeIgniter\Router\RouteCollection::{closure:C:\Users\ASUS\Downloads\Projectmagang_dr\Projectmagang_dr\app\Config\Routes.php:153}(Object(CodeIgniter\Router\RouteCollection))
 4 APPPATH\Config\Routes.php(153): CodeIgniter\Router\RouteCollection->group('kabid', [...], Object(Closure))
 5 SYSTEMPATH\Router\RouteCollection.php(339): require('C:\\Users\\ASUS\\Downloads\\Projectmagang_dr\\Projectmagang_dr\\app\\Config\\Routes.php')
 6 SYSTEMPATH\CodeIgniter.php(841): CodeIgniter\Router\RouteCollection->loadRoutes()
 7 SYSTEMPATH\CodeIgniter.php(464): CodeIgniter\CodeIgniter->tryToRouteIt(null)
 8 SYSTEMPATH\CodeIgniter.php(363): CodeIgniter\CodeIgniter->handleRequest(null, Object(Config\Cache), false)
 9 SYSTEMPATH\Boot.php(417): CodeIgniter\CodeIgniter->run()
10 SYSTEMPATH\Boot.php(68): CodeIgniter\Boot::runCodeIgniter(Object(CodeIgniter\CodeIgniter))
11 FCPATH\index.php(59): CodeIgniter\Boot::bootWeb(Object(Config\Paths))
12 SYSTEMPATH\rewrite.php(44): require_once('C:\\Users\\ASUS\\Downloads\\Projectmagang_dr\\Projectmagang_dr\\public\\index.php')
DEBUG - 2026-08-04 15:35:03 --> Session: Class initialized using 'CodeIgniter\Session\Handlers\FileHandler' driver.
WARNING - 2026-08-04 15:35:04 --> [DEPRECATED] Passing lowercase HTTP method "get" is deprecated. Use uppercase HTTP method like "GET". in SYSTEMPATH\Router\RouteCollection.php on line 1026.
 1 SYSTEMPATH\Router\RouteCollection.php(1026): trigger_error('Passing lowercase HTTP method "get" is deprecated. Use uppercase HTTP method like "GET".', 16384)
 2 APPPATH\Config\Routes.php(77): CodeIgniter\Router\RouteCollection->match([...], 'logbook', 'C_Logbook::logbook')
 3 SYSTEMPATH\Router\RouteCollection.php(799): CodeIgniter\Router\RouteCollection::{closure:C:\Users\ASUS\Downloads\Projectmagang_dr\Projectmagang_dr\app\Config\Routes.php:59}(Object(CodeIgniter\Router\RouteCollection))
 4 APPPATH\Config\Routes.php(59): CodeIgniter\Router\RouteCollection->group('mahasiswa', [...], Object(Closure))
 5 SYSTEMPATH\Router\RouteCollection.php(339): require('C:\\Users\\ASUS\\Downloads\\Projectmagang_dr\\Projectmagang_dr\\app\\Config\\Routes.php')
 6 SYSTEMPATH\CodeIgniter.php(841): CodeIgniter\Router\RouteCollection->loadRoutes()
 7 SYSTEMPATH\CodeIgniter.php(464): CodeIgniter\CodeIgniter->tryToRouteIt(null)
 8 SYSTEMPATH\CodeIgniter.php(363): CodeIgniter\CodeIgniter->handleRequest(null, Object(Config\Cache), false)
 9 SYSTEMPATH\Boot.php(417): CodeIgniter\CodeIgniter->run()
10 SYSTEMPATH\Boot.php(68): CodeIgniter\Boot::runCodeIgniter(Object(CodeIgniter\CodeIgniter))
11 FCPATH\index.php(59): CodeIgniter\Boot::bootWeb(Object(Config\Paths))
12 SYSTEMPATH\rewrite.php(44): require_once('C:\\Users\\ASUS\\Downloads\\Projectmagang_dr\\Projectmagang_dr\\public\\index.php')
WARNING - 2026-08-04 15:35:04 --> [DEPRECATED] Passing lowercase HTTP method "post" is deprecated. Use uppercase HTTP method like "POST". in SYSTEMPATH\Router\RouteCollection.php on line 1026.
 1 SYSTEMPATH\Router\RouteCollection.php(1026): trigger_error('Passing lowercase HTTP method "post" is deprecated. Use uppercase HTTP method like "POST".', 16384)
 2 APPPATH\Config\Routes.php(77): CodeIgniter\Router\RouteCollection->match([...], 'logbook', 'C_Logbook::logbook')
 3 SYSTEMPATH\Router\RouteCollection.php(799): CodeIgniter\Router\RouteCollection::{closure:C:\Users\ASUS\Downloads\Projectmagang_dr\Projectmagang_dr\app\Config\Routes.php:59}(Object(CodeIgniter\Router\RouteCollection))
 4 APPPATH\Config\Routes.php(59): CodeIgniter\Router\RouteCollection->group('mahasiswa', [...], Object(Closure))
 5 SYSTEMPATH\Router\RouteCollection.php(339): require('C:\\Users\\ASUS\\Downloads\\Projectmagang_dr\\Projectmagang_dr\\app\\Config\\Routes.php')
 6 SYSTEMPATH\CodeIgniter.php(841): CodeIgniter\Router\RouteCollection->loadRoutes()
 7 SYSTEMPATH\CodeIgniter.php(464): CodeIgniter\CodeIgniter->tryToRouteIt(null)
 8 SYSTEMPATH\CodeIgniter.php(363): CodeIgniter\CodeIgniter->handleRequest(null, Object(Config\Cache), false)
 9 SYSTEMPATH\Boot.php(417): CodeIgniter\CodeIgniter->run()
10 SYSTEMPATH\Boot.php(68): CodeIgniter\Boot::runCodeIgniter(Object(CodeIgniter\CodeIgniter))
11 FCPATH\index.php(59): CodeIgniter\Boot::bootWeb(Object(Config\Paths))
12 SYSTEMPATH\rewrite.php(44): require_once('C:\\Users\\ASUS\\Downloads\\Projectmagang_dr\\Projectmagang_dr\\public\\index.php')
WARNING - 2026-08-04 15:35:04 --> [DEPRECATED] Passing lowercase HTTP method "get" is deprecated. Use uppercase HTTP method like "GET". in SYSTEMPATH\Router\RouteCollection.php on line 1026.
 1 SYSTEMPATH\Router\RouteCollection.php(1026): trigger_error('Passing lowercase HTTP method "get" is deprecated. Use uppercase HTTP method like "GET".', 16384)
 2 APPPATH\Config\Routes.php(95): CodeIgniter\Router\RouteCollection->match([...], 'verifikasi', '\\App\\Controllers\\Sekretariat\\C_Verifikasi::index')
 3 SYSTEMPATH\Router\RouteCollection.php(799): CodeIgniter\Router\RouteCollection::{closure:C:\Users\ASUS\Downloads\Projectmagang_dr\Projectmagang_dr\app\Config\Routes.php:89}(Object(CodeIgniter\Router\RouteCollection))
 4 APPPATH\Config\Routes.php(89): CodeIgniter\Router\RouteCollection->group('sekretariat', [...], Object(Closure))
 5 SYSTEMPATH\Router\RouteCollection.php(339): require('C:\\Users\\ASUS\\Downloads\\Projectmagang_dr\\Projectmagang_dr\\app\\Config\\Routes.php')
 6 SYSTEMPATH\CodeIgniter.php(841): CodeIgniter\Router\RouteCollection->loadRoutes()
 7 SYSTEMPATH\CodeIgniter.php(464): CodeIgniter\CodeIgniter->tryToRouteIt(null)
 8 SYSTEMPATH\CodeIgniter.php(363): CodeIgniter\CodeIgniter->handleRequest(null, Object(Config\Cache), false)
 9 SYSTEMPATH\Boot.php(417): CodeIgniter\CodeIgniter->run()
10 SYSTEMPATH\Boot.php(68): CodeIgniter\Boot::runCodeIgniter(Object(CodeIgniter\CodeIgniter))
11 FCPATH\index.php(59): CodeIgniter\Boot::bootWeb(Object(Config\Paths))
12 SYSTEMPATH\rewrite.php(44): require_once('C:\\Users\\ASUS\\Downloads\\Projectmagang_dr\\Projectmagang_dr\\public\\index.php')
WARNING - 2026-08-04 15:35:04 --> [DEPRECATED] Passing lowercase HTTP method "post" is deprecated. Use uppercase HTTP method like "POST". in SYSTEMPATH\Router\RouteCollection.php on line 1026.
 1 SYSTEMPATH\Router\RouteCollection.php(1026): trigger_error('Passing lowercase HTTP method "post" is deprecated. Use uppercase HTTP method like "POST".', 16384)
 2 APPPATH\Config\Routes.php(95): CodeIgniter\Router\RouteCollection->match([...], 'verifikasi', '\\App\\Controllers\\Sekretariat\\C_Verifikasi::index')
 3 SYSTEMPATH\Router\RouteCollection.php(799): CodeIgniter\Router\RouteCollection::{closure:C:\Users\ASUS\Downloads\Projectmagang_dr\Projectmagang_dr\app\Config\Routes.php:89}(Object(CodeIgniter\Router\RouteCollection))
 4 APPPATH\Config\Routes.php(89): CodeIgniter\Router\RouteCollection->group('sekretariat', [...], Object(Closure))
 5 SYSTEMPATH\Router\RouteCollection.php(339): require('C:\\Users\\ASUS\\Downloads\\Projectmagang_dr\\Projectmagang_dr\\app\\Config\\Routes.php')
 6 SYSTEMPATH\CodeIgniter.php(841): CodeIgniter\Router\RouteCollection->loadRoutes()
 7 SYSTEMPATH\CodeIgniter.php(464): CodeIgniter\CodeIgniter->tryToRouteIt(null)
 8 SYSTEMPATH\CodeIgniter.php(363): CodeIgniter\CodeIgniter->handleRequest(null, Object(Config\Cache), false)
 9 SYSTEMPATH\Boot.php(417): CodeIgniter\CodeIgniter->run()
10 SYSTEMPATH\Boot.php(68): CodeIgniter\Boot::runCodeIgniter(Object(CodeIgniter\CodeIgniter))
11 FCPATH\index.php(59): CodeIgniter\Boot::bootWeb(Object(Config\Paths))
12 SYSTEMPATH\rewrite.php(44): require_once('C:\\Users\\ASUS\\Downloads\\Projectmagang_dr\\Projectmagang_dr\\public\\index.php')
WARNING - 2026-08-04 15:35:04 --> [DEPRECATED] Passing lowercase HTTP method "get" is deprecated. Use uppercase HTTP method like "GET". in SYSTEMPATH\Router\RouteCollection.php on line 1026.
 1 SYSTEMPATH\Router\RouteCollection.php(1026): trigger_error('Passing lowercase HTTP method "get" is deprecated. Use uppercase HTTP method like "GET".', 16384)
 2 APPPATH\Config\Routes.php(144): CodeIgniter\Router\RouteCollection->match([...], 'upload-surat-penerimaan', '\\App\\Controllers\\Sekretariat\\C_UploadSuratPenerimaan::index')
 3 SYSTEMPATH\Router\RouteCollection.php(799): CodeIgniter\Router\RouteCollection::{closure:C:\Users\ASUS\Downloads\Projectmagang_dr\Projectmagang_dr\app\Config\Routes.php:89}(Object(CodeIgniter\Router\RouteCollection))
 4 APPPATH\Config\Routes.php(89): CodeIgniter\Router\RouteCollection->group('sekretariat', [...], Object(Closure))
 5 SYSTEMPATH\Router\RouteCollection.php(339): require('C:\\Users\\ASUS\\Downloads\\Projectmagang_dr\\Projectmagang_dr\\app\\Config\\Routes.php')
 6 SYSTEMPATH\CodeIgniter.php(841): CodeIgniter\Router\RouteCollection->loadRoutes()
 7 SYSTEMPATH\CodeIgniter.php(464): CodeIgniter\CodeIgniter->tryToRouteIt(null)
 8 SYSTEMPATH\CodeIgniter.php(363): CodeIgniter\CodeIgniter->handleRequest(null, Object(Config\Cache), false)
 9 SYSTEMPATH\Boot.php(417): CodeIgniter\CodeIgniter->run()
10 SYSTEMPATH\Boot.php(68): CodeIgniter\Boot::runCodeIgniter(Object(CodeIgniter\CodeIgniter))
11 FCPATH\index.php(59): CodeIgniter\Boot::bootWeb(Object(Config\Paths))
12 SYSTEMPATH\rewrite.php(44): require_once('C:\\Users\\ASUS\\Downloads\\Projectmagang_dr\\Projectmagang_dr\\public\\index.php')
WARNING - 2026-08-04 15:35:04 --> [DEPRECATED] Passing lowercase HTTP method "post" is deprecated. Use uppercase HTTP method like "POST". in SYSTEMPATH\Router\RouteCollection.php on line 1026.
 1 SYSTEMPATH\Router\RouteCollection.php(1026): trigger_error('Passing lowercase HTTP method "post" is deprecated. Use uppercase HTTP method like "POST".', 16384)
 2 APPPATH\Config\Routes.php(144): CodeIgniter\Router\RouteCollection->match([...], 'upload-surat-penerimaan', '\\App\\Controllers\\Sekretariat\\C_UploadSuratPenerimaan::index')
 3 SYSTEMPATH\Router\RouteCollection.php(799): CodeIgniter\Router\RouteCollection::{closure:C:\Users\ASUS\Downloads\Projectmagang_dr\Projectmagang_dr\app\Config\Routes.php:89}(Object(CodeIgniter\Router\RouteCollection))
 4 APPPATH\Config\Routes.php(89): CodeIgniter\Router\RouteCollection->group('sekretariat', [...], Object(Closure))
 5 SYSTEMPATH\Router\RouteCollection.php(339): require('C:\\Users\\ASUS\\Downloads\\Projectmagang_dr\\Projectmagang_dr\\app\\Config\\Routes.php')
 6 SYSTEMPATH\CodeIgniter.php(841): CodeIgniter\Router\RouteCollection->loadRoutes()
 7 SYSTEMPATH\CodeIgniter.php(464): CodeIgniter\CodeIgniter->tryToRouteIt(null)
 8 SYSTEMPATH\CodeIgniter.php(363): CodeIgniter\CodeIgniter->handleRequest(null, Object(Config\Cache), false)
 9 SYSTEMPATH\Boot.php(417): CodeIgniter\CodeIgniter->run()
10 SYSTEMPATH\Boot.php(68): CodeIgniter\Boot::runCodeIgniter(Object(CodeIgniter\CodeIgniter))
11 FCPATH\index.php(59): CodeIgniter\Boot::bootWeb(Object(Config\Paths))
12 SYSTEMPATH\rewrite.php(44): require_once('C:\\Users\\ASUS\\Downloads\\Projectmagang_dr\\Projectmagang_dr\\public\\index.php')
WARNING - 2026-08-04 15:35:04 --> [DEPRECATED] Passing lowercase HTTP method "get" is deprecated. Use uppercase HTTP method like "GET". in SYSTEMPATH\Router\RouteCollection.php on line 1026.
 1 SYSTEMPATH\Router\RouteCollection.php(1026): trigger_error('Passing lowercase HTTP method "get" is deprecated. Use uppercase HTTP method like "GET".', 16384)
 2 APPPATH\Config\Routes.php(165): CodeIgniter\Router\RouteCollection->match([...], 'logbook', '\\App\\Controllers\\Kabid\\C_LogbookKabid::index')
 3 SYSTEMPATH\Router\RouteCollection.php(799): CodeIgniter\Router\RouteCollection::{closure:C:\Users\ASUS\Downloads\Projectmagang_dr\Projectmagang_dr\app\Config\Routes.php:153}(Object(CodeIgniter\Router\RouteCollection))
 4 APPPATH\Config\Routes.php(153): CodeIgniter\Router\RouteCollection->group('kabid', [...], Object(Closure))
 5 SYSTEMPATH\Router\RouteCollection.php(339): require('C:\\Users\\ASUS\\Downloads\\Projectmagang_dr\\Projectmagang_dr\\app\\Config\\Routes.php')
 6 SYSTEMPATH\CodeIgniter.php(841): CodeIgniter\Router\RouteCollection->loadRoutes()
 7 SYSTEMPATH\CodeIgniter.php(464): CodeIgniter\CodeIgniter->tryToRouteIt(null)
 8 SYSTEMPATH\CodeIgniter.php(363): CodeIgniter\CodeIgniter->handleRequest(null, Object(Config\Cache), false)
 9 SYSTEMPATH\Boot.php(417): CodeIgniter\CodeIgniter->run()
10 SYSTEMPATH\Boot.php(68): CodeIgniter\Boot::runCodeIgniter(Object(CodeIgniter\CodeIgniter))
11 FCPATH\index.php(59): CodeIgniter\Boot::bootWeb(Object(Config\Paths))
12 SYSTEMPATH\rewrite.php(44): require_once('C:\\Users\\ASUS\\Downloads\\Projectmagang_dr\\Projectmagang_dr\\public\\index.php')
WARNING - 2026-08-04 15:35:04 --> [DEPRECATED] Passing lowercase HTTP method "post" is deprecated. Use uppercase HTTP method like "POST". in SYSTEMPATH\Router\RouteCollection.php on line 1026.
 1 SYSTEMPATH\Router\RouteCollection.php(1026): trigger_error('Passing lowercase HTTP method "post" is deprecated. Use uppercase HTTP method like "POST".', 16384)
 2 APPPATH\Config\Routes.php(165): CodeIgniter\Router\RouteCollection->match([...], 'logbook', '\\App\\Controllers\\Kabid\\C_LogbookKabid::index')
 3 SYSTEMPATH\Router\RouteCollection.php(799): CodeIgniter\Router\RouteCollection::{closure:C:\Users\ASUS\Downloads\Projectmagang_dr\Projectmagang_dr\app\Config\Routes.php:153}(Object(CodeIgniter\Router\RouteCollection))
 4 APPPATH\Config\Routes.php(153): CodeIgniter\Router\RouteCollection->group('kabid', [...], Object(Closure))
 5 SYSTEMPATH\Router\RouteCollection.php(339): require('C:\\Users\\ASUS\\Downloads\\Projectmagang_dr\\Projectmagang_dr\\app\\Config\\Routes.php')
 6 SYSTEMPATH\CodeIgniter.php(841): CodeIgniter\Router\RouteCollection->loadRoutes()
 7 SYSTEMPATH\CodeIgniter.php(464): CodeIgniter\CodeIgniter->tryToRouteIt(null)
 8 SYSTEMPATH\CodeIgniter.php(363): CodeIgniter\CodeIgniter->handleRequest(null, Object(Config\Cache), false)
 9 SYSTEMPATH\Boot.php(417): CodeIgniter\CodeIgniter->run()
10 SYSTEMPATH\Boot.php(68): CodeIgniter\Boot::runCodeIgniter(Object(CodeIgniter\CodeIgniter))
11 FCPATH\index.php(59): CodeIgniter\Boot::bootWeb(Object(Config\Paths))
12 SYSTEMPATH\rewrite.php(44): require_once('C:\\Users\\ASUS\\Downloads\\Projectmagang_dr\\Projectmagang_dr\\public\\index.php')
WARNING - 2026-08-04 15:35:04 --> [DEPRECATED] Passing lowercase HTTP method "get" is deprecated. Use uppercase HTTP method like "GET". in SYSTEMPATH\Router\RouteCollection.php on line 1026.
 1 SYSTEMPATH\Router\RouteCollection.php(1026): trigger_error('Passing lowercase HTTP method "get" is deprecated. Use uppercase HTTP method like "GET".', 16384)
 2 APPPATH\Config\Routes.php(177): CodeIgniter\Router\RouteCollection->match([...], 'upload-dokumen', '\\App\\Controllers\\Kabid\\C_UploadDokumen::index')
 3 SYSTEMPATH\Router\RouteCollection.php(799): CodeIgniter\Router\RouteCollection::{closure:C:\Users\ASUS\Downloads\Projectmagang_dr\Projectmagang_dr\app\Config\Routes.php:153}(Object(CodeIgniter\Router\RouteCollection))
 4 APPPATH\Config\Routes.php(153): CodeIgniter\Router\RouteCollection->group('kabid', [...], Object(Closure))
 5 SYSTEMPATH\Router\RouteCollection.php(339): require('C:\\Users\\ASUS\\Downloads\\Projectmagang_dr\\Projectmagang_dr\\app\\Config\\Routes.php')
 6 SYSTEMPATH\CodeIgniter.php(841): CodeIgniter\Router\RouteCollection->loadRoutes()
 7 SYSTEMPATH\CodeIgniter.php(464): CodeIgniter\CodeIgniter->tryToRouteIt(null)
 8 SYSTEMPATH\CodeIgniter.php(363): CodeIgniter\CodeIgniter->handleRequest(null, Object(Config\Cache), false)
 9 SYSTEMPATH\Boot.php(417): CodeIgniter\CodeIgniter->run()
10 SYSTEMPATH\Boot.php(68): CodeIgniter\Boot::runCodeIgniter(Object(CodeIgniter\CodeIgniter))
11 FCPATH\index.php(59): CodeIgniter\Boot::bootWeb(Object(Config\Paths))
12 SYSTEMPATH\rewrite.php(44): require_once('C:\\Users\\ASUS\\Downloads\\Projectmagang_dr\\Projectmagang_dr\\public\\index.php')
WARNING - 2026-08-04 15:35:04 --> [DEPRECATED] Passing lowercase HTTP method "post" is deprecated. Use uppercase HTTP method like "POST". in SYSTEMPATH\Router\RouteCollection.php on line 1026.
 1 SYSTEMPATH\Router\RouteCollection.php(1026): trigger_error('Passing lowercase HTTP method "post" is deprecated. Use uppercase HTTP method like "POST".', 16384)
 2 APPPATH\Config\Routes.php(177): CodeIgniter\Router\RouteCollection->match([...], 'upload-dokumen', '\\App\\Controllers\\Kabid\\C_UploadDokumen::index')
 3 SYSTEMPATH\Router\RouteCollection.php(799): CodeIgniter\Router\RouteCollection::{closure:C:\Users\ASUS\Downloads\Projectmagang_dr\Projectmagang_dr\app\Config\Routes.php:153}(Object(CodeIgniter\Router\RouteCollection))
 4 APPPATH\Config\Routes.php(153): CodeIgniter\Router\RouteCollection->group('kabid', [...], Object(Closure))
 5 SYSTEMPATH\Router\RouteCollection.php(339): require('C:\\Users\\ASUS\\Downloads\\Projectmagang_dr\\Projectmagang_dr\\app\\Config\\Routes.php')
 6 SYSTEMPATH\CodeIgniter.php(841): CodeIgniter\Router\RouteCollection->loadRoutes()
 7 SYSTEMPATH\CodeIgniter.php(464): CodeIgniter\CodeIgniter->tryToRouteIt(null)
 8 SYSTEMPATH\CodeIgniter.php(363): CodeIgniter\CodeIgniter->handleRequest(null, Object(Config\Cache), false)
 9 SYSTEMPATH\Boot.php(417): CodeIgniter\CodeIgniter->run()
10 SYSTEMPATH\Boot.php(68): CodeIgniter\Boot::runCodeIgniter(Object(CodeIgniter\CodeIgniter))
11 FCPATH\index.php(59): CodeIgniter\Boot::bootWeb(Object(Config\Paths))
12 SYSTEMPATH\rewrite.php(44): require_once('C:\\Users\\ASUS\\Downloads\\Projectmagang_dr\\Projectmagang_dr\\public\\index.php')
DEBUG - 2026-08-04 15:35:04 --> Session: Class initialized using 'CodeIgniter\Session\Handlers\FileHandler' driver.
WARNING - 2026-08-04 15:35:04 --> [DEPRECATED] Passing lowercase HTTP method "get" is deprecated. Use uppercase HTTP method like "GET". in SYSTEMPATH\Router\RouteCollection.php on line 1026.
 1 SYSTEMPATH\Router\RouteCollection.php(1026): trigger_error('Passing lowercase HTTP method "get" is deprecated. Use uppercase HTTP method like "GET".', 16384)
 2 APPPATH\Config\Routes.php(77): CodeIgniter\Router\RouteCollection->match([...], 'logbook', 'C_Logbook::logbook')
 3 SYSTEMPATH\Router\RouteCollection.php(799): CodeIgniter\Router\RouteCollection::{closure:C:\Users\ASUS\Downloads\Projectmagang_dr\Projectmagang_dr\app\Config\Routes.php:59}(Object(CodeIgniter\Router\RouteCollection))
 4 APPPATH\Config\Routes.php(59): CodeIgniter\Router\RouteCollection->group('mahasiswa', [...], Object(Closure))
 5 SYSTEMPATH\Router\RouteCollection.php(339): require('C:\\Users\\ASUS\\Downloads\\Projectmagang_dr\\Projectmagang_dr\\app\\Config\\Routes.php')
 6 SYSTEMPATH\CodeIgniter.php(841): CodeIgniter\Router\RouteCollection->loadRoutes()
 7 SYSTEMPATH\CodeIgniter.php(464): CodeIgniter\CodeIgniter->tryToRouteIt(null)
 8 SYSTEMPATH\CodeIgniter.php(363): CodeIgniter\CodeIgniter->handleRequest(null, Object(Config\Cache), false)
 9 SYSTEMPATH\Boot.php(417): CodeIgniter\CodeIgniter->run()
10 SYSTEMPATH\Boot.php(68): CodeIgniter\Boot::runCodeIgniter(Object(CodeIgniter\CodeIgniter))
11 FCPATH\index.php(59): CodeIgniter\Boot::bootWeb(Object(Config\Paths))
12 SYSTEMPATH\rewrite.php(44): require_once('C:\\Users\\ASUS\\Downloads\\Projectmagang_dr\\Projectmagang_dr\\public\\index.php')
WARNING - 2026-08-04 15:35:04 --> [DEPRECATED] Passing lowercase HTTP method "post" is deprecated. Use uppercase HTTP method like "POST". in SYSTEMPATH\Router\RouteCollection.php on line 1026.
 1 SYSTEMPATH\Router\RouteCollection.php(1026): trigger_error('Passing lowercase HTTP method "post" is deprecated. Use uppercase HTTP method like "POST".', 16384)
 2 APPPATH\Config\Routes.php(77): CodeIgniter\Router\RouteCollection->match([...], 'logbook', 'C_Logbook::logbook')
 3 SYSTEMPATH\Router\RouteCollection.php(799): CodeIgniter\Router\RouteCollection::{closure:C:\Users\ASUS\Downloads\Projectmagang_dr\Projectmagang_dr\app\Config\Routes.php:59}(Object(CodeIgniter\Router\RouteCollection))
 4 APPPATH\Config\Routes.php(59): CodeIgniter\Router\RouteCollection->group('mahasiswa', [...], Object(Closure))
 5 SYSTEMPATH\Router\RouteCollection.php(339): require('C:\\Users\\ASUS\\Downloads\\Projectmagang_dr\\Projectmagang_dr\\app\\Config\\Routes.php')
 6 SYSTEMPATH\CodeIgniter.php(841): CodeIgniter\Router\RouteCollection->loadRoutes()
 7 SYSTEMPATH\CodeIgniter.php(464): CodeIgniter\CodeIgniter->tryToRouteIt(null)
 8 SYSTEMPATH\CodeIgniter.php(363): CodeIgniter\CodeIgniter->handleRequest(null, Object(Config\Cache), false)
 9 SYSTEMPATH\Boot.php(417): CodeIgniter\CodeIgniter->run()
10 SYSTEMPATH\Boot.php(68): CodeIgniter\Boot::runCodeIgniter(Object(CodeIgniter\CodeIgniter))
11 FCPATH\index.php(59): CodeIgniter\Boot::bootWeb(Object(Config\Paths))
12 SYSTEMPATH\rewrite.php(44): require_once('C:\\Users\\ASUS\\Downloads\\Projectmagang_dr\\Projectmagang_dr\\public\\index.php')
WARNING - 2026-08-04 15:35:04 --> [DEPRECATED] Passing lowercase HTTP method "get" is deprecated. Use uppercase HTTP method like "GET". in SYSTEMPATH\Router\RouteCollection.php on line 1026.
 1 SYSTEMPATH\Router\RouteCollection.php(1026): trigger_error('Passing lowercase HTTP method "get" is deprecated. Use uppercase HTTP method like "GET".', 16384)
 2 APPPATH\Config\Routes.php(95): CodeIgniter\Router\RouteCollection->match([...], 'verifikasi', '\\App\\Controllers\\Sekretariat\\C_Verifikasi::index')
 3 SYSTEMPATH\Router\RouteCollection.php(799): CodeIgniter\Router\RouteCollection::{closure:C:\Users\ASUS\Downloads\Projectmagang_dr\Projectmagang_dr\app\Config\Routes.php:89}(Object(CodeIgniter\Router\RouteCollection))
 4 APPPATH\Config\Routes.php(89): CodeIgniter\Router\RouteCollection->group('sekretariat', [...], Object(Closure))
 5 SYSTEMPATH\Router\RouteCollection.php(339): require('C:\\Users\\ASUS\\Downloads\\Projectmagang_dr\\Projectmagang_dr\\app\\Config\\Routes.php')
 6 SYSTEMPATH\CodeIgniter.php(841): CodeIgniter\Router\RouteCollection->loadRoutes()
 7 SYSTEMPATH\CodeIgniter.php(464): CodeIgniter\CodeIgniter->tryToRouteIt(null)
 8 SYSTEMPATH\CodeIgniter.php(363): CodeIgniter\CodeIgniter->handleRequest(null, Object(Config\Cache), false)
 9 SYSTEMPATH\Boot.php(417): CodeIgniter\CodeIgniter->run()
10 SYSTEMPATH\Boot.php(68): CodeIgniter\Boot::runCodeIgniter(Object(CodeIgniter\CodeIgniter))
11 FCPATH\index.php(59): CodeIgniter\Boot::bootWeb(Object(Config\Paths))
12 SYSTEMPATH\rewrite.php(44): require_once('C:\\Users\\ASUS\\Downloads\\Projectmagang_dr\\Projectmagang_dr\\public\\index.php')
WARNING - 2026-08-04 15:35:04 --> [DEPRECATED] Passing lowercase HTTP method "post" is deprecated. Use uppercase HTTP method like "POST". in SYSTEMPATH\Router\RouteCollection.php on line 1026.
 1 SYSTEMPATH\Router\RouteCollection.php(1026): trigger_error('Passing lowercase HTTP method "post" is deprecated. Use uppercase HTTP method like "POST".', 16384)
 2 APPPATH\Config\Routes.php(95): CodeIgniter\Router\RouteCollection->match([...], 'verifikasi', '\\App\\Controllers\\Sekretariat\\C_Verifikasi::index')
 3 SYSTEMPATH\Router\RouteCollection.php(799): CodeIgniter\Router\RouteCollection::{closure:C:\Users\ASUS\Downloads\Projectmagang_dr\Projectmagang_dr\app\Config\Routes.php:89}(Object(CodeIgniter\Router\RouteCollection))
 4 APPPATH\Config\Routes.php(89): CodeIgniter\Router\RouteCollection->group('sekretariat', [...], Object(Closure))
 5 SYSTEMPATH\Router\RouteCollection.php(339): require('C:\\Users\\ASUS\\Downloads\\Projectmagang_dr\\Projectmagang_dr\\app\\Config\\Routes.php')
 6 SYSTEMPATH\CodeIgniter.php(841): CodeIgniter\Router\RouteCollection->loadRoutes()
 7 SYSTEMPATH\CodeIgniter.php(464): CodeIgniter\CodeIgniter->tryToRouteIt(null)
 8 SYSTEMPATH\CodeIgniter.php(363): CodeIgniter\CodeIgniter->handleRequest(null, Object(Config\Cache), false)
 9 SYSTEMPATH\Boot.php(417): CodeIgniter\CodeIgniter->run()
10 SYSTEMPATH\Boot.php(68): CodeIgniter\Boot::runCodeIgniter(Object(CodeIgniter\CodeIgniter))
11 FCPATH\index.php(59): CodeIgniter\Boot::bootWeb(Object(Config\Paths))
12 SYSTEMPATH\rewrite.php(44): require_once('C:\\Users\\ASUS\\Downloads\\Projectmagang_dr\\Projectmagang_dr\\public\\index.php')
WARNING - 2026-08-04 15:35:04 --> [DEPRECATED] Passing lowercase HTTP method "get" is deprecated. Use uppercase HTTP method like "GET". in SYSTEMPATH\Router\RouteCollection.php on line 1026.
 1 SYSTEMPATH\Router\RouteCollection.php(1026): trigger_error('Passing lowercase HTTP method "get" is deprecated. Use uppercase HTTP method like "GET".', 16384)
 2 APPPATH\Config\Routes.php(144): CodeIgniter\Router\RouteCollection->match([...], 'upload-surat-penerimaan', '\\App\\Controllers\\Sekretariat\\C_UploadSuratPenerimaan::index')
 3 SYSTEMPATH\Router\RouteCollection.php(799): CodeIgniter\Router\RouteCollection::{closure:C:\Users\ASUS\Downloads\Projectmagang_dr\Projectmagang_dr\app\Config\Routes.php:89}(Object(CodeIgniter\Router\RouteCollection))
 4 APPPATH\Config\Routes.php(89): CodeIgniter\Router\RouteCollection->group('sekretariat', [...], Object(Closure))
 5 SYSTEMPATH\Router\RouteCollection.php(339): require('C:\\Users\\ASUS\\Downloads\\Projectmagang_dr\\Projectmagang_dr\\app\\Config\\Routes.php')
 6 SYSTEMPATH\CodeIgniter.php(841): CodeIgniter\Router\RouteCollection->loadRoutes()
 7 SYSTEMPATH\CodeIgniter.php(464): CodeIgniter\CodeIgniter->tryToRouteIt(null)
 8 SYSTEMPATH\CodeIgniter.php(363): CodeIgniter\CodeIgniter->handleRequest(null, Object(Config\Cache), false)
 9 SYSTEMPATH\Boot.php(417): CodeIgniter\CodeIgniter->run()
10 SYSTEMPATH\Boot.php(68): CodeIgniter\Boot::runCodeIgniter(Object(CodeIgniter\CodeIgniter))
11 FCPATH\index.php(59): CodeIgniter\Boot::bootWeb(Object(Config\Paths))
12 SYSTEMPATH\rewrite.php(44): require_once('C:\\Users\\ASUS\\Downloads\\Projectmagang_dr\\Projectmagang_dr\\public\\index.php')
WARNING - 2026-08-04 15:35:04 --> [DEPRECATED] Passing lowercase HTTP method "post" is deprecated. Use uppercase HTTP method like "POST". in SYSTEMPATH\Router\RouteCollection.php on line 1026.
 1 SYSTEMPATH\Router\RouteCollection.php(1026): trigger_error('Passing lowercase HTTP method "post" is deprecated. Use uppercase HTTP method like "POST".', 16384)
 2 APPPATH\Config\Routes.php(144): CodeIgniter\Router\RouteCollection->match([...], 'upload-surat-penerimaan', '\\App\\Controllers\\Sekretariat\\C_UploadSuratPenerimaan::index')
 3 SYSTEMPATH\Router\RouteCollection.php(799): CodeIgniter\Router\RouteCollection::{closure:C:\Users\ASUS\Downloads\Projectmagang_dr\Projectmagang_dr\app\Config\Routes.php:89}(Object(CodeIgniter\Router\RouteCollection))
 4 APPPATH\Config\Routes.php(89): CodeIgniter\Router\RouteCollection->group('sekretariat', [...], Object(Closure))
 5 SYSTEMPATH\Router\RouteCollection.php(339): require('C:\\Users\\ASUS\\Downloads\\Projectmagang_dr\\Projectmagang_dr\\app\\Config\\Routes.php')
 6 SYSTEMPATH\CodeIgniter.php(841): CodeIgniter\Router\RouteCollection->loadRoutes()
 7 SYSTEMPATH\CodeIgniter.php(464): CodeIgniter\CodeIgniter->tryToRouteIt(null)
 8 SYSTEMPATH\CodeIgniter.php(363): CodeIgniter\CodeIgniter->handleRequest(null, Object(Config\Cache), false)
 9 SYSTEMPATH\Boot.php(417): CodeIgniter\CodeIgniter->run()
10 SYSTEMPATH\Boot.php(68): CodeIgniter\Boot::runCodeIgniter(Object(CodeIgniter\CodeIgniter))
11 FCPATH\index.php(59): CodeIgniter\Boot::bootWeb(Object(Config\Paths))
12 SYSTEMPATH\rewrite.php(44): require_once('C:\\Users\\ASUS\\Downloads\\Projectmagang_dr\\Projectmagang_dr\\public\\index.php')
WARNING - 2026-08-04 15:35:04 --> [DEPRECATED] Passing lowercase HTTP method "get" is deprecated. Use uppercase HTTP method like "GET". in SYSTEMPATH\Router\RouteCollection.php on line 1026.
 1 SYSTEMPATH\Router\RouteCollection.php(1026): trigger_error('Passing lowercase HTTP method "get" is deprecated. Use uppercase HTTP method like "GET".', 16384)
 2 APPPATH\Config\Routes.php(165): CodeIgniter\Router\RouteCollection->match([...], 'logbook', '\\App\\Controllers\\Kabid\\C_LogbookKabid::index')
 3 SYSTEMPATH\Router\RouteCollection.php(799): CodeIgniter\Router\RouteCollection::{closure:C:\Users\ASUS\Downloads\Projectmagang_dr\Projectmagang_dr\app\Config\Routes.php:153}(Object(CodeIgniter\Router\RouteCollection))
 4 APPPATH\Config\Routes.php(153): CodeIgniter\Router\RouteCollection->group('kabid', [...], Object(Closure))
 5 SYSTEMPATH\Router\RouteCollection.php(339): require('C:\\Users\\ASUS\\Downloads\\Projectmagang_dr\\Projectmagang_dr\\app\\Config\\Routes.php')
 6 SYSTEMPATH\CodeIgniter.php(841): CodeIgniter\Router\RouteCollection->loadRoutes()
 7 SYSTEMPATH\CodeIgniter.php(464): CodeIgniter\CodeIgniter->tryToRouteIt(null)
 8 SYSTEMPATH\CodeIgniter.php(363): CodeIgniter\CodeIgniter->handleRequest(null, Object(Config\Cache), false)
 9 SYSTEMPATH\Boot.php(417): CodeIgniter\CodeIgniter->run()
10 SYSTEMPATH\Boot.php(68): CodeIgniter\Boot::runCodeIgniter(Object(CodeIgniter\CodeIgniter))
11 FCPATH\index.php(59): CodeIgniter\Boot::bootWeb(Object(Config\Paths))
12 SYSTEMPATH\rewrite.php(44): require_once('C:\\Users\\ASUS\\Downloads\\Projectmagang_dr\\Projectmagang_dr\\public\\index.php')
WARNING - 2026-08-04 15:35:04 --> [DEPRECATED] Passing lowercase HTTP method "post" is deprecated. Use uppercase HTTP method like "POST". in SYSTEMPATH\Router\RouteCollection.php on line 1026.
 1 SYSTEMPATH\Router\RouteCollection.php(1026): trigger_error('Passing lowercase HTTP method "post" is deprecated. Use uppercase HTTP method like "POST".', 16384)
 2 APPPATH\Config\Routes.php(165): CodeIgniter\Router\RouteCollection->match([...], 'logbook', '\\App\\Controllers\\Kabid\\C_LogbookKabid::index')
 3 SYSTEMPATH\Router\RouteCollection.php(799): CodeIgniter\Router\RouteCollection::{closure:C:\Users\ASUS\Downloads\Projectmagang_dr\Projectmagang_dr\app\Config\Routes.php:153}(Object(CodeIgniter\Router\RouteCollection))
 4 APPPATH\Config\Routes.php(153): CodeIgniter\Router\RouteCollection->group('kabid', [...], Object(Closure))
 5 SYSTEMPATH\Router\RouteCollection.php(339): require('C:\\Users\\ASUS\\Downloads\\Projectmagang_dr\\Projectmagang_dr\\app\\Config\\Routes.php')
 6 SYSTEMPATH\CodeIgniter.php(841): CodeIgniter\Router\RouteCollection->loadRoutes()
 7 SYSTEMPATH\CodeIgniter.php(464): CodeIgniter\CodeIgniter->tryToRouteIt(null)
 8 SYSTEMPATH\CodeIgniter.php(363): CodeIgniter\CodeIgniter->handleRequest(null, Object(Config\Cache), false)
 9 SYSTEMPATH\Boot.php(417): CodeIgniter\CodeIgniter->run()
10 SYSTEMPATH\Boot.php(68): CodeIgniter\Boot::runCodeIgniter(Object(CodeIgniter\CodeIgniter))
11 FCPATH\index.php(59): CodeIgniter\Boot::bootWeb(Object(Config\Paths))
12 SYSTEMPATH\rewrite.php(44): require_once('C:\\Users\\ASUS\\Downloads\\Projectmagang_dr\\Projectmagang_dr\\public\\index.php')
WARNING - 2026-08-04 15:35:04 --> [DEPRECATED] Passing lowercase HTTP method "get" is deprecated. Use uppercase HTTP method like "GET". in SYSTEMPATH\Router\RouteCollection.php on line 1026.
 1 SYSTEMPATH\Router\RouteCollection.php(1026): trigger_error('Passing lowercase HTTP method "get" is deprecated. Use uppercase HTTP method like "GET".', 16384)
 2 APPPATH\Config\Routes.php(177): CodeIgniter\Router\RouteCollection->match([...], 'upload-dokumen', '\\App\\Controllers\\Kabid\\C_UploadDokumen::index')
 3 SYSTEMPATH\Router\RouteCollection.php(799): CodeIgniter\Router\RouteCollection::{closure:C:\Users\ASUS\Downloads\Projectmagang_dr\Projectmagang_dr\app\Config\Routes.php:153}(Object(CodeIgniter\Router\RouteCollection))
 4 APPPATH\Config\Routes.php(153): CodeIgniter\Router\RouteCollection->group('kabid', [...], Object(Closure))
 5 SYSTEMPATH\Router\RouteCollection.php(339): require('C:\\Users\\ASUS\\Downloads\\Projectmagang_dr\\Projectmagang_dr\\app\\Config\\Routes.php')
 6 SYSTEMPATH\CodeIgniter.php(841): CodeIgniter\Router\RouteCollection->loadRoutes()
 7 SYSTEMPATH\CodeIgniter.php(464): CodeIgniter\CodeIgniter->tryToRouteIt(null)
 8 SYSTEMPATH\CodeIgniter.php(363): CodeIgniter\CodeIgniter->handleRequest(null, Object(Config\Cache), false)
 9 SYSTEMPATH\Boot.php(417): CodeIgniter\CodeIgniter->run()
10 SYSTEMPATH\Boot.php(68): CodeIgniter\Boot::runCodeIgniter(Object(CodeIgniter\CodeIgniter))
11 FCPATH\index.php(59): CodeIgniter\Boot::bootWeb(Object(Config\Paths))
12 SYSTEMPATH\rewrite.php(44): require_once('C:\\Users\\ASUS\\Downloads\\Projectmagang_dr\\Projectmagang_dr\\public\\index.php')
WARNING - 2026-08-04 15:35:04 --> [DEPRECATED] Passing lowercase HTTP method "post" is deprecated. Use uppercase HTTP method like "POST". in SYSTEMPATH\Router\RouteCollection.php on line 1026.
 1 SYSTEMPATH\Router\RouteCollection.php(1026): trigger_error('Passing lowercase HTTP method "post" is deprecated. Use uppercase HTTP method like "POST".', 16384)
 2 APPPATH\Config\Routes.php(177): CodeIgniter\Router\RouteCollection->match([...], 'upload-dokumen', '\\App\\Controllers\\Kabid\\C_UploadDokumen::index')
 3 SYSTEMPATH\Router\RouteCollection.php(799): CodeIgniter\Router\RouteCollection::{closure:C:\Users\ASUS\Downloads\Projectmagang_dr\Projectmagang_dr\app\Config\Routes.php:153}(Object(CodeIgniter\Router\RouteCollection))
 4 APPPATH\Config\Routes.php(153): CodeIgniter\Router\RouteCollection->group('kabid', [...], Object(Closure))
 5 SYSTEMPATH\Router\RouteCollection.php(339): require('C:\\Users\\ASUS\\Downloads\\Projectmagang_dr\\Projectmagang_dr\\app\\Config\\Routes.php')
 6 SYSTEMPATH\CodeIgniter.php(841): CodeIgniter\Router\RouteCollection->loadRoutes()
 7 SYSTEMPATH\CodeIgniter.php(464): CodeIgniter\CodeIgniter->tryToRouteIt(null)
 8 SYSTEMPATH\CodeIgniter.php(363): CodeIgniter\CodeIgniter->handleRequest(null, Object(Config\Cache), false)
 9 SYSTEMPATH\Boot.php(417): CodeIgniter\CodeIgniter->run()
10 SYSTEMPATH\Boot.php(68): CodeIgniter\Boot::runCodeIgniter(Object(CodeIgniter\CodeIgniter))
11 FCPATH\index.php(59): CodeIgniter\Boot::bootWeb(Object(Config\Paths))
12 SYSTEMPATH\rewrite.php(44): require_once('C:\\Users\\ASUS\\Downloads\\Projectmagang_dr\\Projectmagang_dr\\public\\index.php')
DEBUG - 2026-08-04 15:35:04 --> Session: Class initialized using 'CodeIgniter\Session\Handlers\FileHandler' driver.
