WARNING - 2026-08-21 14:17:54 --> [DEPRECATED] Passing lowercase HTTP method "get" is deprecated. Use uppercase HTTP method like "GET". in SYSTEMPATH\Router\RouteCollection.php on line 1026.
 1 SYSTEMPATH\Router\RouteCollection.php(1026): trigger_error('Passing lowercase HTTP method "get" is deprecated. Use uppercase HTTP method like "GET".', 16384)
 2 APPPATH\Config\Routes.php(77): CodeIgniter\Router\RouteCollection->match([...], 'logbook', 'C_Logbook::logbook')
 3 SYSTEMPATH\Router\RouteCollection.php(799): CodeIgniter\Router\RouteCollection::{closure:C:\Users\ASUS\Downloads\Projectmagang_dr\Projectmagang_dr\app\Config\Routes.php:59}(Object(CodeIgniter\Router\RouteCollection))
 4 APPPATH\Config\Routes.php(59): CodeIgniter\Router\RouteCollection->group('mahasiswa', [...], Object(Closure))
 5 SYSTEMPATH\Router\RouteCollection.php(339): require('C:\\Users\\ASUS\\Downloads\\Projectmagang_dr\\Projectmagang_dr\\app\\Config\\Routes.php')
 6 SYSTEMPATH\CLI\Console.php(41): CodeIgniter\Router\RouteCollection->loadRoutes()
 7 SYSTEMPATH\Boot.php(442): CodeIgniter\CLI\Console->run()
 8 SYSTEMPATH\Boot.php(166): CodeIgniter\Boot::runCommand(Object(CodeIgniter\CLI\Console))
 9 ROOTPATH\spark(87): CodeIgniter\Boot::bootSpark(Object(Config\Paths))
WARNING - 2026-08-21 14:17:54 --> [DEPRECATED] Passing lowercase HTTP method "post" is deprecated. Use uppercase HTTP method like "POST". in SYSTEMPATH\Router\RouteCollection.php on line 1026.
 1 SYSTEMPATH\Router\RouteCollection.php(1026): trigger_error('Passing lowercase HTTP method "post" is deprecated. Use uppercase HTTP method like "POST".', 16384)
 2 APPPATH\Config\Routes.php(77): CodeIgniter\Router\RouteCollection->match([...], 'logbook', 'C_Logbook::logbook')
 3 SYSTEMPATH\Router\RouteCollection.php(799): CodeIgniter\Router\RouteCollection::{closure:C:\Users\ASUS\Downloads\Projectmagang_dr\Projectmagang_dr\app\Config\Routes.php:59}(Object(CodeIgniter\Router\RouteCollection))
 4 APPPATH\Config\Routes.php(59): CodeIgniter\Router\RouteCollection->group('mahasiswa', [...], Object(Closure))
 5 SYSTEMPATH\Router\RouteCollection.php(339): require('C:\\Users\\ASUS\\Downloads\\Projectmagang_dr\\Projectmagang_dr\\app\\Config\\Routes.php')
 6 SYSTEMPATH\CLI\Console.php(41): CodeIgniter\Router\RouteCollection->loadRoutes()
 7 SYSTEMPATH\Boot.php(442): CodeIgniter\CLI\Console->run()
 8 SYSTEMPATH\Boot.php(166): CodeIgniter\Boot::runCommand(Object(CodeIgniter\CLI\Console))
 9 ROOTPATH\spark(87): CodeIgniter\Boot::bootSpark(Object(Config\Paths))
WARNING - 2026-08-21 14:17:54 --> [DEPRECATED] Passing lowercase HTTP method "get" is deprecated. Use uppercase HTTP method like "GET". in SYSTEMPATH\Router\RouteCollection.php on line 1026.
 1 SYSTEMPATH\Router\RouteCollection.php(1026): trigger_error('Passing lowercase HTTP method "get" is deprecated. Use uppercase HTTP method like "GET".', 16384)
 2 APPPATH\Config\Routes.php(95): CodeIgniter\Router\RouteCollection->match([...], 'verifikasi', '\\App\\Controllers\\Sekretariat\\C_Verifikasi::index')
 3 SYSTEMPATH\Router\RouteCollection.php(799): CodeIgniter\Router\RouteCollection::{closure:C:\Users\ASUS\Downloads\Projectmagang_dr\Projectmagang_dr\app\Config\Routes.php:89}(Object(CodeIgniter\Router\RouteCollection))
 4 APPPATH\Config\Routes.php(89): CodeIgniter\Router\RouteCollection->group('sekretariat', [...], Object(Closure))
 5 SYSTEMPATH\Router\RouteCollection.php(339): require('C:\\Users\\ASUS\\Downloads\\Projectmagang_dr\\Projectmagang_dr\\app\\Config\\Routes.php')
 6 SYSTEMPATH\CLI\Console.php(41): CodeIgniter\Router\RouteCollection->loadRoutes()
 7 SYSTEMPATH\Boot.php(442): CodeIgniter\CLI\Console->run()
 8 SYSTEMPATH\Boot.php(166): CodeIgniter\Boot::runCommand(Object(CodeIgniter\CLI\Console))
 9 ROOTPATH\spark(87): CodeIgniter\Boot::bootSpark(Object(Config\Paths))
WARNING - 2026-08-21 14:17:54 --> [DEPRECATED] Passing lowercase HTTP method "post" is deprecated. Use uppercase HTTP method like "POST". in SYSTEMPATH\Router\RouteCollection.php on line 1026.
 1 SYSTEMPATH\Router\RouteCollection.php(1026): trigger_error('Passing lowercase HTTP method "post" is deprecated. Use uppercase HTTP method like "POST".', 16384)
 2 APPPATH\Config\Routes.php(95): CodeIgniter\Router\RouteCollection->match([...], 'verifikasi', '\\App\\Controllers\\Sekretariat\\C_Verifikasi::index')
 3 SYSTEMPATH\Router\RouteCollection.php(799): CodeIgniter\Router\RouteCollection::{closure:C:\Users\ASUS\Downloads\Projectmagang_dr\Projectmagang_dr\app\Config\Routes.php:89}(Object(CodeIgniter\Router\RouteCollection))
 4 APPPATH\Config\Routes.php(89): CodeIgniter\Router\RouteCollection->group('sekretariat', [...], Object(Closure))
 5 SYSTEMPATH\Router\RouteCollection.php(339): require('C:\\Users\\ASUS\\Downloads\\Projectmagang_dr\\Projectmagang_dr\\app\\Config\\Routes.php')
 6 SYSTEMPATH\CLI\Console.php(41): CodeIgniter\Router\RouteCollection->loadRoutes()
 7 SYSTEMPATH\Boot.php(442): CodeIgniter\CLI\Console->run()
 8 SYSTEMPATH\Boot.php(166): CodeIgniter\Boot::runCommand(Object(CodeIgniter\CLI\Console))
 9 ROOTPATH\spark(87): CodeIgniter\Boot::bootSpark(Object(Config\Paths))
WARNING - 2026-08-21 14:17:54 --> [DEPRECATED] Passing lowercase HTTP method "get" is deprecated. Use uppercase HTTP method like "GET". in SYSTEMPATH\Router\RouteCollection.php on line 1026.
 1 SYSTEMPATH\Router\RouteCollection.php(1026): trigger_error('Passing lowercase HTTP method "get" is deprecated. Use uppercase HTTP method like "GET".', 16384)
 2 APPPATH\Config\Routes.php(144): CodeIgniter\Router\RouteCollection->match([...], 'upload-surat-penerimaan', '\\App\\Controllers\\Sekretariat\\C_UploadSuratPenerimaan::index')
 3 SYSTEMPATH\Router\RouteCollection.php(799): CodeIgniter\Router\RouteCollection::{closure:C:\Users\ASUS\Downloads\Projectmagang_dr\Projectmagang_dr\app\Config\Routes.php:89}(Object(CodeIgniter\Router\RouteCollection))
 4 APPPATH\Config\Routes.php(89): CodeIgniter\Router\RouteCollection->group('sekretariat', [...], Object(Closure))
 5 SYSTEMPATH\Router\RouteCollection.php(339): require('C:\\Users\\ASUS\\Downloads\\Projectmagang_dr\\Projectmagang_dr\\app\\Config\\Routes.php')
 6 SYSTEMPATH\CLI\Console.php(41): CodeIgniter\Router\RouteCollection->loadRoutes()
 7 SYSTEMPATH\Boot.php(442): CodeIgniter\CLI\Console->run()
 8 SYSTEMPATH\Boot.php(166): CodeIgniter\Boot::runCommand(Object(CodeIgniter\CLI\Console))
 9 ROOTPATH\spark(87): CodeIgniter\Boot::bootSpark(Object(Config\Paths))
WARNING - 2026-08-21 14:17:54 --> [DEPRECATED] Passing lowercase HTTP method "post" is deprecated. Use uppercase HTTP method like "POST". in SYSTEMPATH\Router\RouteCollection.php on line 1026.
 1 SYSTEMPATH\Router\RouteCollection.php(1026): trigger_error('Passing lowercase HTTP method "post" is deprecated. Use uppercase HTTP method like "POST".', 16384)
 2 APPPATH\Config\Routes.php(144): CodeIgniter\Router\RouteCollection->match([...], 'upload-surat-penerimaan', '\\App\\Controllers\\Sekretariat\\C_UploadSuratPenerimaan::index')
 3 SYSTEMPATH\Router\RouteCollection.php(799): CodeIgniter\Router\RouteCollection::{closure:C:\Users\ASUS\Downloads\Projectmagang_dr\Projectmagang_dr\app\Config\Routes.php:89}(Object(CodeIgniter\Router\RouteCollection))
 4 APPPATH\Config\Routes.php(89): CodeIgniter\Router\RouteCollection->group('sekretariat', [...], Object(Closure))
 5 SYSTEMPATH\Router\RouteCollection.php(339): require('C:\\Users\\ASUS\\Downloads\\Projectmagang_dr\\Projectmagang_dr\\app\\Config\\Routes.php')
 6 SYSTEMPATH\CLI\Console.php(41): CodeIgniter\Router\RouteCollection->loadRoutes()
 7 SYSTEMPATH\Boot.php(442): CodeIgniter\CLI\Console->run()
 8 SYSTEMPATH\Boot.php(166): CodeIgniter\Boot::runCommand(Object(CodeIgniter\CLI\Console))
 9 ROOTPATH\spark(87): CodeIgniter\Boot::bootSpark(Object(Config\Paths))
WARNING - 2026-08-21 14:17:54 --> [DEPRECATED] Passing lowercase HTTP method "get" is deprecated. Use uppercase HTTP method like "GET". in SYSTEMPATH\Router\RouteCollection.php on line 1026.
 1 SYSTEMPATH\Router\RouteCollection.php(1026): trigger_error('Passing lowercase HTTP method "get" is deprecated. Use uppercase HTTP method like "GET".', 16384)
 2 APPPATH\Config\Routes.php(167): CodeIgniter\Router\RouteCollection->match([...], 'logbook', '\\App\\Controllers\\Kabid\\C_LogbookKabid::index')
 3 SYSTEMPATH\Router\RouteCollection.php(799): CodeIgniter\Router\RouteCollection::{closure:C:\Users\ASUS\Downloads\Projectmagang_dr\Projectmagang_dr\app\Config\Routes.php:153}(Object(CodeIgniter\Router\RouteCollection))
 4 APPPATH\Config\Routes.php(153): CodeIgniter\Router\RouteCollection->group('kabid', [...], Object(Closure))
 5 SYSTEMPATH\Router\RouteCollection.php(339): require('C:\\Users\\ASUS\\Downloads\\Projectmagang_dr\\Projectmagang_dr\\app\\Config\\Routes.php')
 6 SYSTEMPATH\CLI\Console.php(41): CodeIgniter\Router\RouteCollection->loadRoutes()
 7 SYSTEMPATH\Boot.php(442): CodeIgniter\CLI\Console->run()
 8 SYSTEMPATH\Boot.php(166): CodeIgniter\Boot::runCommand(Object(CodeIgniter\CLI\Console))
 9 ROOTPATH\spark(87): CodeIgniter\Boot::bootSpark(Object(Config\Paths))
WARNING - 2026-08-21 14:17:54 --> [DEPRECATED] Passing lowercase HTTP method "post" is deprecated. Use uppercase HTTP method like "POST". in SYSTEMPATH\Router\RouteCollection.php on line 1026.
 1 SYSTEMPATH\Router\RouteCollection.php(1026): trigger_error('Passing lowercase HTTP method "post" is deprecated. Use uppercase HTTP method like "POST".', 16384)
 2 APPPATH\Config\Routes.php(167): CodeIgniter\Router\RouteCollection->match([...], 'logbook', '\\App\\Controllers\\Kabid\\C_LogbookKabid::index')
 3 SYSTEMPATH\Router\RouteCollection.php(799): CodeIgniter\Router\RouteCollection::{closure:C:\Users\ASUS\Downloads\Projectmagang_dr\Projectmagang_dr\app\Config\Routes.php:153}(Object(CodeIgniter\Router\RouteCollection))
 4 APPPATH\Config\Routes.php(153): CodeIgniter\Router\RouteCollection->group('kabid', [...], Object(Closure))
 5 SYSTEMPATH\Router\RouteCollection.php(339): require('C:\\Users\\ASUS\\Downloads\\Projectmagang_dr\\Projectmagang_dr\\app\\Config\\Routes.php')
 6 SYSTEMPATH\CLI\Console.php(41): CodeIgniter\Router\RouteCollection->loadRoutes()
 7 SYSTEMPATH\Boot.php(442): CodeIgniter\CLI\Console->run()
 8 SYSTEMPATH\Boot.php(166): CodeIgniter\Boot::runCommand(Object(CodeIgniter\CLI\Console))
 9 ROOTPATH\spark(87): CodeIgniter\Boot::bootSpark(Object(Config\Paths))
WARNING - 2026-08-21 14:17:54 --> [DEPRECATED] Passing lowercase HTTP method "get" is deprecated. Use uppercase HTTP method like "GET". in SYSTEMPATH\Router\RouteCollection.php on line 1026.
 1 SYSTEMPATH\Router\RouteCollection.php(1026): trigger_error('Passing lowercase HTTP method "get" is deprecated. Use uppercase HTTP method like "GET".', 16384)
 2 APPPATH\Config\Routes.php(179): CodeIgniter\Router\RouteCollection->match([...], 'upload-dokumen', '\\App\\Controllers\\Kabid\\C_UploadDokumen::index')
 3 SYSTEMPATH\Router\RouteCollection.php(799): CodeIgniter\Router\RouteCollection::{closure:C:\Users\ASUS\Downloads\Projectmagang_dr\Projectmagang_dr\app\Config\Routes.php:153}(Object(CodeIgniter\Router\RouteCollection))
 4 APPPATH\Config\Routes.php(153): CodeIgniter\Router\RouteCollection->group('kabid', [...], Object(Closure))
 5 SYSTEMPATH\Router\RouteCollection.php(339): require('C:\\Users\\ASUS\\Downloads\\Projectmagang_dr\\Projectmagang_dr\\app\\Config\\Routes.php')
 6 SYSTEMPATH\CLI\Console.php(41): CodeIgniter\Router\RouteCollection->loadRoutes()
 7 SYSTEMPATH\Boot.php(442): CodeIgniter\CLI\Console->run()
 8 SYSTEMPATH\Boot.php(166): CodeIgniter\Boot::runCommand(Object(CodeIgniter\CLI\Console))
 9 ROOTPATH\spark(87): CodeIgniter\Boot::bootSpark(Object(Config\Paths))
WARNING - 2026-08-21 14:17:54 --> [DEPRECATED] Passing lowercase HTTP method "post" is deprecated. Use uppercase HTTP method like "POST". in SYSTEMPATH\Router\RouteCollection.php on line 1026.
 1 SYSTEMPATH\Router\RouteCollection.php(1026): trigger_error('Passing lowercase HTTP method "post" is deprecated. Use uppercase HTTP method like "POST".', 16384)
 2 APPPATH\Config\Routes.php(179): CodeIgniter\Router\RouteCollection->match([...], 'upload-dokumen', '\\App\\Controllers\\Kabid\\C_UploadDokumen::index')
 3 SYSTEMPATH\Router\RouteCollection.php(799): CodeIgniter\Router\RouteCollection::{closure:C:\Users\ASUS\Downloads\Projectmagang_dr\Projectmagang_dr\app\Config\Routes.php:153}(Object(CodeIgniter\Router\RouteCollection))
 4 APPPATH\Config\Routes.php(153): CodeIgniter\Router\RouteCollection->group('kabid', [...], Object(Closure))
 5 SYSTEMPATH\Router\RouteCollection.php(339): require('C:\\Users\\ASUS\\Downloads\\Projectmagang_dr\\Projectmagang_dr\\app\\Config\\Routes.php')
 6 SYSTEMPATH\CLI\Console.php(41): CodeIgniter\Router\RouteCollection->loadRoutes()
 7 SYSTEMPATH\Boot.php(442): CodeIgniter\CLI\Console->run()
 8 SYSTEMPATH\Boot.php(166): CodeIgniter\Boot::runCommand(Object(CodeIgniter\CLI\Console))
 9 ROOTPATH\spark(87): CodeIgniter\Boot::bootSpark(Object(Config\Paths))
WARNING - 2026-08-21 14:18:20 --> [DEPRECATED] Passing lowercase HTTP method "get" is deprecated. Use uppercase HTTP method like "GET". in SYSTEMPATH\Router\RouteCollection.php on line 1026.
 1 SYSTEMPATH\Router\RouteCollection.php(1026): trigger_error('Passing lowercase HTTP method "get" is deprecated. Use uppercase HTTP method like "GET".', 16384)
 2 APPPATH\Config\Routes.php(77): CodeIgniter\Router\RouteCollection->match([...], 'logbook', 'C_Logbook::logbook')
 3 SYSTEMPATH\Router\RouteCollection.php(799): CodeIgniter\Router\RouteCollection::{closure:C:\Users\ASUS\Downloads\Projectmagang_dr\Projectmagang_dr\app\Config\Routes.php:59}(Object(CodeIgniter\Router\RouteCollection))
 4 APPPATH\Config\Routes.php(59): CodeIgniter\Router\RouteCollection->group('mahasiswa', [...], Object(Closure))
 5 SYSTEMPATH\Router\RouteCollection.php(339): require('C:\\Users\\ASUS\\Downloads\\Projectmagang_dr\\Projectmagang_dr\\app\\Config\\Routes.php')
 6 SYSTEMPATH\CodeIgniter.php(841): CodeIgniter\Router\RouteCollection->loadRoutes()
 7 SYSTEMPATH\CodeIgniter.php(464): CodeIgniter\CodeIgniter->tryToRouteIt(null)
 8 SYSTEMPATH\CodeIgniter.php(363): CodeIgniter\CodeIgniter->handleRequest(null, Object(Config\Cache), false)
 9 SYSTEMPATH\Boot.php(417): CodeIgniter\CodeIgniter->run()
10 SYSTEMPATH\Boot.php(68): CodeIgniter\Boot::runCodeIgniter(Object(CodeIgniter\CodeIgniter))
11 FCPATH\index.php(59): CodeIgniter\Boot::bootWeb(Object(Config\Paths))
12 SYSTEMPATH\rewrite.php(44): require_once('C:\\Users\\ASUS\\Downloads\\Projectmagang_dr\\Projectmagang_dr\\public\\index.php')
WARNING - 2026-08-21 14:18:20 --> [DEPRECATED] Passing lowercase HTTP method "post" is deprecated. Use uppercase HTTP method like "POST". in SYSTEMPATH\Router\RouteCollection.php on line 1026.
 1 SYSTEMPATH\Router\RouteCollection.php(1026): trigger_error('Passing lowercase HTTP method "post" is deprecated. Use uppercase HTTP method like "POST".', 16384)
 2 APPPATH\Config\Routes.php(77): CodeIgniter\Router\RouteCollection->match([...], 'logbook', 'C_Logbook::logbook')
 3 SYSTEMPATH\Router\RouteCollection.php(799): CodeIgniter\Router\RouteCollection::{closure:C:\Users\ASUS\Downloads\Projectmagang_dr\Projectmagang_dr\app\Config\Routes.php:59}(Object(CodeIgniter\Router\RouteCollection))
 4 APPPATH\Config\Routes.php(59): CodeIgniter\Router\RouteCollection->group('mahasiswa', [...], Object(Closure))
 5 SYSTEMPATH\Router\RouteCollection.php(339): require('C:\\Users\\ASUS\\Downloads\\Projectmagang_dr\\Projectmagang_dr\\app\\Config\\Routes.php')
 6 SYSTEMPATH\CodeIgniter.php(841): CodeIgniter\Router\RouteCollection->loadRoutes()
 7 SYSTEMPATH\CodeIgniter.php(464): CodeIgniter\CodeIgniter->tryToRouteIt(null)
 8 SYSTEMPATH\CodeIgniter.php(363): CodeIgniter\CodeIgniter->handleRequest(null, Object(Config\Cache), false)
 9 SYSTEMPATH\Boot.php(417): CodeIgniter\CodeIgniter->run()
10 SYSTEMPATH\Boot.php(68): CodeIgniter\Boot::runCodeIgniter(Object(CodeIgniter\CodeIgniter))
11 FCPATH\index.php(59): CodeIgniter\Boot::bootWeb(Object(Config\Paths))
12 SYSTEMPATH\rewrite.php(44): require_once('C:\\Users\\ASUS\\Downloads\\Projectmagang_dr\\Projectmagang_dr\\public\\index.php')
WARNING - 2026-08-21 14:18:20 --> [DEPRECATED] Passing lowercase HTTP method "get" is deprecated. Use uppercase HTTP method like "GET". in SYSTEMPATH\Router\RouteCollection.php on line 1026.
 1 SYSTEMPATH\Router\RouteCollection.php(1026): trigger_error('Passing lowercase HTTP method "get" is deprecated. Use uppercase HTTP method like "GET".', 16384)
 2 APPPATH\Config\Routes.php(95): CodeIgniter\Router\RouteCollection->match([...], 'verifikasi', '\\App\\Controllers\\Sekretariat\\C_Verifikasi::index')
 3 SYSTEMPATH\Router\RouteCollection.php(799): CodeIgniter\Router\RouteCollection::{closure:C:\Users\ASUS\Downloads\Projectmagang_dr\Projectmagang_dr\app\Config\Routes.php:89}(Object(CodeIgniter\Router\RouteCollection))
 4 APPPATH\Config\Routes.php(89): CodeIgniter\Router\RouteCollection->group('sekretariat', [...], Object(Closure))
 5 SYSTEMPATH\Router\RouteCollection.php(339): require('C:\\Users\\ASUS\\Downloads\\Projectmagang_dr\\Projectmagang_dr\\app\\Config\\Routes.php')
 6 SYSTEMPATH\CodeIgniter.php(841): CodeIgniter\Router\RouteCollection->loadRoutes()
 7 SYSTEMPATH\CodeIgniter.php(464): CodeIgniter\CodeIgniter->tryToRouteIt(null)
 8 SYSTEMPATH\CodeIgniter.php(363): CodeIgniter\CodeIgniter->handleRequest(null, Object(Config\Cache), false)
 9 SYSTEMPATH\Boot.php(417): CodeIgniter\CodeIgniter->run()
10 SYSTEMPATH\Boot.php(68): CodeIgniter\Boot::runCodeIgniter(Object(CodeIgniter\CodeIgniter))
11 FCPATH\index.php(59): CodeIgniter\Boot::bootWeb(Object(Config\Paths))
12 SYSTEMPATH\rewrite.php(44): require_once('C:\\Users\\ASUS\\Downloads\\Projectmagang_dr\\Projectmagang_dr\\public\\index.php')
WARNING - 2026-08-21 14:18:20 --> [DEPRECATED] Passing lowercase HTTP method "post" is deprecated. Use uppercase HTTP method like "POST". in SYSTEMPATH\Router\RouteCollection.php on line 1026.
 1 SYSTEMPATH\Router\RouteCollection.php(1026): trigger_error('Passing lowercase HTTP method "post" is deprecated. Use uppercase HTTP method like "POST".', 16384)
 2 APPPATH\Config\Routes.php(95): CodeIgniter\Router\RouteCollection->match([...], 'verifikasi', '\\App\\Controllers\\Sekretariat\\C_Verifikasi::index')
 3 SYSTEMPATH\Router\RouteCollection.php(799): CodeIgniter\Router\RouteCollection::{closure:C:\Users\ASUS\Downloads\Projectmagang_dr\Projectmagang_dr\app\Config\Routes.php:89}(Object(CodeIgniter\Router\RouteCollection))
 4 APPPATH\Config\Routes.php(89): CodeIgniter\Router\RouteCollection->group('sekretariat', [...], Object(Closure))
 5 SYSTEMPATH\Router\RouteCollection.php(339): require('C:\\Users\\ASUS\\Downloads\\Projectmagang_dr\\Projectmagang_dr\\app\\Config\\Routes.php')
 6 SYSTEMPATH\CodeIgniter.php(841): CodeIgniter\Router\RouteCollection->loadRoutes()
 7 SYSTEMPATH\CodeIgniter.php(464): CodeIgniter\CodeIgniter->tryToRouteIt(null)
 8 SYSTEMPATH\CodeIgniter.php(363): CodeIgniter\CodeIgniter->handleRequest(null, Object(Config\Cache), false)
 9 SYSTEMPATH\Boot.php(417): CodeIgniter\CodeIgniter->run()
10 SYSTEMPATH\Boot.php(68): CodeIgniter\Boot::runCodeIgniter(Object(CodeIgniter\CodeIgniter))
11 FCPATH\index.php(59): CodeIgniter\Boot::bootWeb(Object(Config\Paths))
12 SYSTEMPATH\rewrite.php(44): require_once('C:\\Users\\ASUS\\Downloads\\Projectmagang_dr\\Projectmagang_dr\\public\\index.php')
WARNING - 2026-08-21 14:18:20 --> [DEPRECATED] Passing lowercase HTTP method "get" is deprecated. Use uppercase HTTP method like "GET". in SYSTEMPATH\Router\RouteCollection.php on line 1026.
 1 SYSTEMPATH\Router\RouteCollection.php(1026): trigger_error('Passing lowercase HTTP method "get" is deprecated. Use uppercase HTTP method like "GET".', 16384)
 2 APPPATH\Config\Routes.php(144): CodeIgniter\Router\RouteCollection->match([...], 'upload-surat-penerimaan', '\\App\\Controllers\\Sekretariat\\C_UploadSuratPenerimaan::index')
 3 SYSTEMPATH\Router\RouteCollection.php(799): CodeIgniter\Router\RouteCollection::{closure:C:\Users\ASUS\Downloads\Projectmagang_dr\Projectmagang_dr\app\Config\Routes.php:89}(Object(CodeIgniter\Router\RouteCollection))
 4 APPPATH\Config\Routes.php(89): CodeIgniter\Router\RouteCollection->group('sekretariat', [...], Object(Closure))
 5 SYSTEMPATH\Router\RouteCollection.php(339): require('C:\\Users\\ASUS\\Downloads\\Projectmagang_dr\\Projectmagang_dr\\app\\Config\\Routes.php')
 6 SYSTEMPATH\CodeIgniter.php(841): CodeIgniter\Router\RouteCollection->loadRoutes()
 7 SYSTEMPATH\CodeIgniter.php(464): CodeIgniter\CodeIgniter->tryToRouteIt(null)
 8 SYSTEMPATH\CodeIgniter.php(363): CodeIgniter\CodeIgniter->handleRequest(null, Object(Config\Cache), false)
 9 SYSTEMPATH\Boot.php(417): CodeIgniter\CodeIgniter->run()
10 SYSTEMPATH\Boot.php(68): CodeIgniter\Boot::runCodeIgniter(Object(CodeIgniter\CodeIgniter))
11 FCPATH\index.php(59): CodeIgniter\Boot::bootWeb(Object(Config\Paths))
12 SYSTEMPATH\rewrite.php(44): require_once('C:\\Users\\ASUS\\Downloads\\Projectmagang_dr\\Projectmagang_dr\\public\\index.php')
WARNING - 2026-08-21 14:18:20 --> [DEPRECATED] Passing lowercase HTTP method "post" is deprecated. Use uppercase HTTP method like "POST". in SYSTEMPATH\Router\RouteCollection.php on line 1026.
 1 SYSTEMPATH\Router\RouteCollection.php(1026): trigger_error('Passing lowercase HTTP method "post" is deprecated. Use uppercase HTTP method like "POST".', 16384)
 2 APPPATH\Config\Routes.php(144): CodeIgniter\Router\RouteCollection->match([...], 'upload-surat-penerimaan', '\\App\\Controllers\\Sekretariat\\C_UploadSuratPenerimaan::index')
 3 SYSTEMPATH\Router\RouteCollection.php(799): CodeIgniter\Router\RouteCollection::{closure:C:\Users\ASUS\Downloads\Projectmagang_dr\Projectmagang_dr\app\Config\Routes.php:89}(Object(CodeIgniter\Router\RouteCollection))
 4 APPPATH\Config\Routes.php(89): CodeIgniter\Router\RouteCollection->group('sekretariat', [...], Object(Closure))
 5 SYSTEMPATH\Router\RouteCollection.php(339): require('C:\\Users\\ASUS\\Downloads\\Projectmagang_dr\\Projectmagang_dr\\app\\Config\\Routes.php')
 6 SYSTEMPATH\CodeIgniter.php(841): CodeIgniter\Router\RouteCollection->loadRoutes()
 7 SYSTEMPATH\CodeIgniter.php(464): CodeIgniter\CodeIgniter->tryToRouteIt(null)
 8 SYSTEMPATH\CodeIgniter.php(363): CodeIgniter\CodeIgniter->handleRequest(null, Object(Config\Cache), false)
 9 SYSTEMPATH\Boot.php(417): CodeIgniter\CodeIgniter->run()
10 SYSTEMPATH\Boot.php(68): CodeIgniter\Boot::runCodeIgniter(Object(CodeIgniter\CodeIgniter))
11 FCPATH\index.php(59): CodeIgniter\Boot::bootWeb(Object(Config\Paths))
12 SYSTEMPATH\rewrite.php(44): require_once('C:\\Users\\ASUS\\Downloads\\Projectmagang_dr\\Projectmagang_dr\\public\\index.php')
WARNING - 2026-08-21 14:18:20 --> [DEPRECATED] Passing lowercase HTTP method "get" is deprecated. Use uppercase HTTP method like "GET". in SYSTEMPATH\Router\RouteCollection.php on line 1026.
 1 SYSTEMPATH\Router\RouteCollection.php(1026): trigger_error('Passing lowercase HTTP method "get" is deprecated. Use uppercase HTTP method like "GET".', 16384)
 2 APPPATH\Config\Routes.php(167): CodeIgniter\Router\RouteCollection->match([...], 'logbook', '\\App\\Controllers\\Kabid\\C_LogbookKabid::index')
 3 SYSTEMPATH\Router\RouteCollection.php(799): CodeIgniter\Router\RouteCollection::{closure:C:\Users\ASUS\Downloads\Projectmagang_dr\Projectmagang_dr\app\Config\Routes.php:153}(Object(CodeIgniter\Router\RouteCollection))
 4 APPPATH\Config\Routes.php(153): CodeIgniter\Router\RouteCollection->group('kabid', [...], Object(Closure))
 5 SYSTEMPATH\Router\RouteCollection.php(339): require('C:\\Users\\ASUS\\Downloads\\Projectmagang_dr\\Projectmagang_dr\\app\\Config\\Routes.php')
 6 SYSTEMPATH\CodeIgniter.php(841): CodeIgniter\Router\RouteCollection->loadRoutes()
 7 SYSTEMPATH\CodeIgniter.php(464): CodeIgniter\CodeIgniter->tryToRouteIt(null)
 8 SYSTEMPATH\CodeIgniter.php(363): CodeIgniter\CodeIgniter->handleRequest(null, Object(Config\Cache), false)
 9 SYSTEMPATH\Boot.php(417): CodeIgniter\CodeIgniter->run()
10 SYSTEMPATH\Boot.php(68): CodeIgniter\Boot::runCodeIgniter(Object(CodeIgniter\CodeIgniter))
11 FCPATH\index.php(59): CodeIgniter\Boot::bootWeb(Object(Config\Paths))
12 SYSTEMPATH\rewrite.php(44): require_once('C:\\Users\\ASUS\\Downloads\\Projectmagang_dr\\Projectmagang_dr\\public\\index.php')
WARNING - 2026-08-21 14:18:20 --> [DEPRECATED] Passing lowercase HTTP method "post" is deprecated. Use uppercase HTTP method like "POST". in SYSTEMPATH\Router\RouteCollection.php on line 1026.
 1 SYSTEMPATH\Router\RouteCollection.php(1026): trigger_error('Passing lowercase HTTP method "post" is deprecated. Use uppercase HTTP method like "POST".', 16384)
 2 APPPATH\Config\Routes.php(167): CodeIgniter\Router\RouteCollection->match([...], 'logbook', '\\App\\Controllers\\Kabid\\C_LogbookKabid::index')
 3 SYSTEMPATH\Router\RouteCollection.php(799): CodeIgniter\Router\RouteCollection::{closure:C:\Users\ASUS\Downloads\Projectmagang_dr\Projectmagang_dr\app\Config\Routes.php:153}(Object(CodeIgniter\Router\RouteCollection))
 4 APPPATH\Config\Routes.php(153): CodeIgniter\Router\RouteCollection->group('kabid', [...], Object(Closure))
 5 SYSTEMPATH\Router\RouteCollection.php(339): require('C:\\Users\\ASUS\\Downloads\\Projectmagang_dr\\Projectmagang_dr\\app\\Config\\Routes.php')
 6 SYSTEMPATH\CodeIgniter.php(841): CodeIgniter\Router\RouteCollection->loadRoutes()
 7 SYSTEMPATH\CodeIgniter.php(464): CodeIgniter\CodeIgniter->tryToRouteIt(null)
 8 SYSTEMPATH\CodeIgniter.php(363): CodeIgniter\CodeIgniter->handleRequest(null, Object(Config\Cache), false)
 9 SYSTEMPATH\Boot.php(417): CodeIgniter\CodeIgniter->run()
10 SYSTEMPATH\Boot.php(68): CodeIgniter\Boot::runCodeIgniter(Object(CodeIgniter\CodeIgniter))
11 FCPATH\index.php(59): CodeIgniter\Boot::bootWeb(Object(Config\Paths))
12 SYSTEMPATH\rewrite.php(44): require_once('C:\\Users\\ASUS\\Downloads\\Projectmagang_dr\\Projectmagang_dr\\public\\index.php')
WARNING - 2026-08-21 14:18:20 --> [DEPRECATED] Passing lowercase HTTP method "get" is deprecated. Use uppercase HTTP method like "GET". in SYSTEMPATH\Router\RouteCollection.php on line 1026.
 1 SYSTEMPATH\Router\RouteCollection.php(1026): trigger_error('Passing lowercase HTTP method "get" is deprecated. Use uppercase HTTP method like "GET".', 16384)
 2 APPPATH\Config\Routes.php(179): CodeIgniter\Router\RouteCollection->match([...], 'upload-dokumen', '\\App\\Controllers\\Kabid\\C_UploadDokumen::index')
 3 SYSTEMPATH\Router\RouteCollection.php(799): CodeIgniter\Router\RouteCollection::{closure:C:\Users\ASUS\Downloads\Projectmagang_dr\Projectmagang_dr\app\Config\Routes.php:153}(Object(CodeIgniter\Router\RouteCollection))
 4 APPPATH\Config\Routes.php(153): CodeIgniter\Router\RouteCollection->group('kabid', [...], Object(Closure))
 5 SYSTEMPATH\Router\RouteCollection.php(339): require('C:\\Users\\ASUS\\Downloads\\Projectmagang_dr\\Projectmagang_dr\\app\\Config\\Routes.php')
 6 SYSTEMPATH\CodeIgniter.php(841): CodeIgniter\Router\RouteCollection->loadRoutes()
 7 SYSTEMPATH\CodeIgniter.php(464): CodeIgniter\CodeIgniter->tryToRouteIt(null)
 8 SYSTEMPATH\CodeIgniter.php(363): CodeIgniter\CodeIgniter->handleRequest(null, Object(Config\Cache), false)
 9 SYSTEMPATH\Boot.php(417): CodeIgniter\CodeIgniter->run()
10 SYSTEMPATH\Boot.php(68): CodeIgniter\Boot::runCodeIgniter(Object(CodeIgniter\CodeIgniter))
11 FCPATH\index.php(59): CodeIgniter\Boot::bootWeb(Object(Config\Paths))
12 SYSTEMPATH\rewrite.php(44): require_once('C:\\Users\\ASUS\\Downloads\\Projectmagang_dr\\Projectmagang_dr\\public\\index.php')
WARNING - 2026-08-21 14:18:20 --> [DEPRECATED] Passing lowercase HTTP method "post" is deprecated. Use uppercase HTTP method like "POST". in SYSTEMPATH\Router\RouteCollection.php on line 1026.
 1 SYSTEMPATH\Router\RouteCollection.php(1026): trigger_error('Passing lowercase HTTP method "post" is deprecated. Use uppercase HTTP method like "POST".', 16384)
 2 APPPATH\Config\Routes.php(179): CodeIgniter\Router\RouteCollection->match([...], 'upload-dokumen', '\\App\\Controllers\\Kabid\\C_UploadDokumen::index')
 3 SYSTEMPATH\Router\RouteCollection.php(799): CodeIgniter\Router\RouteCollection::{closure:C:\Users\ASUS\Downloads\Projectmagang_dr\Projectmagang_dr\app\Config\Routes.php:153}(Object(CodeIgniter\Router\RouteCollection))
 4 APPPATH\Config\Routes.php(153): CodeIgniter\Router\RouteCollection->group('kabid', [...], Object(Closure))
 5 SYSTEMPATH\Router\RouteCollection.php(339): require('C:\\Users\\ASUS\\Downloads\\Projectmagang_dr\\Projectmagang_dr\\app\\Config\\Routes.php')
 6 SYSTEMPATH\CodeIgniter.php(841): CodeIgniter\Router\RouteCollection->loadRoutes()
 7 SYSTEMPATH\CodeIgniter.php(464): CodeIgniter\CodeIgniter->tryToRouteIt(null)
 8 SYSTEMPATH\CodeIgniter.php(363): CodeIgniter\CodeIgniter->handleRequest(null, Object(Config\Cache), false)
 9 SYSTEMPATH\Boot.php(417): CodeIgniter\CodeIgniter->run()
10 SYSTEMPATH\Boot.php(68): CodeIgniter\Boot::runCodeIgniter(Object(CodeIgniter\CodeIgniter))
11 FCPATH\index.php(59): CodeIgniter\Boot::bootWeb(Object(Config\Paths))
12 SYSTEMPATH\rewrite.php(44): require_once('C:\\Users\\ASUS\\Downloads\\Projectmagang_dr\\Projectmagang_dr\\public\\index.php')
WARNING - 2026-08-21 14:18:48 --> [DEPRECATED] Passing lowercase HTTP method "get" is deprecated. Use uppercase HTTP method like "GET". in SYSTEMPATH\Router\RouteCollection.php on line 1026.
 1 SYSTEMPATH\Router\RouteCollection.php(1026): trigger_error('Passing lowercase HTTP method "get" is deprecated. Use uppercase HTTP method like "GET".', 16384)
 2 APPPATH\Config\Routes.php(77): CodeIgniter\Router\RouteCollection->match([...], 'logbook', 'C_Logbook::logbook')
 3 SYSTEMPATH\Router\RouteCollection.php(799): CodeIgniter\Router\RouteCollection::{closure:C:\Users\ASUS\Downloads\Projectmagang_dr\Projectmagang_dr\app\Config\Routes.php:59}(Object(CodeIgniter\Router\RouteCollection))
 4 APPPATH\Config\Routes.php(59): CodeIgniter\Router\RouteCollection->group('mahasiswa', [...], Object(Closure))
 5 SYSTEMPATH\Router\RouteCollection.php(339): require('C:\\Users\\ASUS\\Downloads\\Projectmagang_dr\\Projectmagang_dr\\app\\Config\\Routes.php')
 6 SYSTEMPATH\CodeIgniter.php(841): CodeIgniter\Router\RouteCollection->loadRoutes()
 7 SYSTEMPATH\CodeIgniter.php(464): CodeIgniter\CodeIgniter->tryToRouteIt(null)
 8 SYSTEMPATH\CodeIgniter.php(363): CodeIgniter\CodeIgniter->handleRequest(null, Object(Config\Cache), false)
 9 SYSTEMPATH\Boot.php(417): CodeIgniter\CodeIgniter->run()
10 SYSTEMPATH\Boot.php(68): CodeIgniter\Boot::runCodeIgniter(Object(CodeIgniter\CodeIgniter))
11 FCPATH\index.php(59): CodeIgniter\Boot::bootWeb(Object(Config\Paths))
12 SYSTEMPATH\rewrite.php(44): require_once('C:\\Users\\ASUS\\Downloads\\Projectmagang_dr\\Projectmagang_dr\\public\\index.php')
WARNING - 2026-08-21 14:18:48 --> [DEPRECATED] Passing lowercase HTTP method "post" is deprecated. Use uppercase HTTP method like "POST". in SYSTEMPATH\Router\RouteCollection.php on line 1026.
 1 SYSTEMPATH\Router\RouteCollection.php(1026): trigger_error('Passing lowercase HTTP method "post" is deprecated. Use uppercase HTTP method like "POST".', 16384)
 2 APPPATH\Config\Routes.php(77): CodeIgniter\Router\RouteCollection->match([...], 'logbook', 'C_Logbook::logbook')
 3 SYSTEMPATH\Router\RouteCollection.php(799): CodeIgniter\Router\RouteCollection::{closure:C:\Users\ASUS\Downloads\Projectmagang_dr\Projectmagang_dr\app\Config\Routes.php:59}(Object(CodeIgniter\Router\RouteCollection))
 4 APPPATH\Config\Routes.php(59): CodeIgniter\Router\RouteCollection->group('mahasiswa', [...], Object(Closure))
 5 SYSTEMPATH\Router\RouteCollection.php(339): require('C:\\Users\\ASUS\\Downloads\\Projectmagang_dr\\Projectmagang_dr\\app\\Config\\Routes.php')
 6 SYSTEMPATH\CodeIgniter.php(841): CodeIgniter\Router\RouteCollection->loadRoutes()
 7 SYSTEMPATH\CodeIgniter.php(464): CodeIgniter\CodeIgniter->tryToRouteIt(null)
 8 SYSTEMPATH\CodeIgniter.php(363): CodeIgniter\CodeIgniter->handleRequest(null, Object(Config\Cache), false)
 9 SYSTEMPATH\Boot.php(417): CodeIgniter\CodeIgniter->run()
10 SYSTEMPATH\Boot.php(68): CodeIgniter\Boot::runCodeIgniter(Object(CodeIgniter\CodeIgniter))
11 FCPATH\index.php(59): CodeIgniter\Boot::bootWeb(Object(Config\Paths))
12 SYSTEMPATH\rewrite.php(44): require_once('C:\\Users\\ASUS\\Downloads\\Projectmagang_dr\\Projectmagang_dr\\public\\index.php')
WARNING - 2026-08-21 14:18:48 --> [DEPRECATED] Passing lowercase HTTP method "get" is deprecated. Use uppercase HTTP method like "GET". in SYSTEMPATH\Router\RouteCollection.php on line 1026.
 1 SYSTEMPATH\Router\RouteCollection.php(1026): trigger_error('Passing lowercase HTTP method "get" is deprecated. Use uppercase HTTP method like "GET".', 16384)
 2 APPPATH\Config\Routes.php(95): CodeIgniter\Router\RouteCollection->match([...], 'verifikasi', '\\App\\Controllers\\Sekretariat\\C_Verifikasi::index')
 3 SYSTEMPATH\Router\RouteCollection.php(799): CodeIgniter\Router\RouteCollection::{closure:C:\Users\ASUS\Downloads\Projectmagang_dr\Projectmagang_dr\app\Config\Routes.php:89}(Object(CodeIgniter\Router\RouteCollection))
 4 APPPATH\Config\Routes.php(89): CodeIgniter\Router\RouteCollection->group('sekretariat', [...], Object(Closure))
 5 SYSTEMPATH\Router\RouteCollection.php(339): require('C:\\Users\\ASUS\\Downloads\\Projectmagang_dr\\Projectmagang_dr\\app\\Config\\Routes.php')
 6 SYSTEMPATH\CodeIgniter.php(841): CodeIgniter\Router\RouteCollection->loadRoutes()
 7 SYSTEMPATH\CodeIgniter.php(464): CodeIgniter\CodeIgniter->tryToRouteIt(null)
 8 SYSTEMPATH\CodeIgniter.php(363): CodeIgniter\CodeIgniter->handleRequest(null, Object(Config\Cache), false)
 9 SYSTEMPATH\Boot.php(417): CodeIgniter\CodeIgniter->run()
10 SYSTEMPATH\Boot.php(68): CodeIgniter\Boot::runCodeIgniter(Object(CodeIgniter\CodeIgniter))
11 FCPATH\index.php(59): CodeIgniter\Boot::bootWeb(Object(Config\Paths))
12 SYSTEMPATH\rewrite.php(44): require_once('C:\\Users\\ASUS\\Downloads\\Projectmagang_dr\\Projectmagang_dr\\public\\index.php')
WARNING - 2026-08-21 14:18:48 --> [DEPRECATED] Passing lowercase HTTP method "post" is deprecated. Use uppercase HTTP method like "POST". in SYSTEMPATH\Router\RouteCollection.php on line 1026.
 1 SYSTEMPATH\Router\RouteCollection.php(1026): trigger_error('Passing lowercase HTTP method "post" is deprecated. Use uppercase HTTP method like "POST".', 16384)
 2 APPPATH\Config\Routes.php(95): CodeIgniter\Router\RouteCollection->match([...], 'verifikasi', '\\App\\Controllers\\Sekretariat\\C_Verifikasi::index')
 3 SYSTEMPATH\Router\RouteCollection.php(799): CodeIgniter\Router\RouteCollection::{closure:C:\Users\ASUS\Downloads\Projectmagang_dr\Projectmagang_dr\app\Config\Routes.php:89}(Object(CodeIgniter\Router\RouteCollection))
 4 APPPATH\Config\Routes.php(89): CodeIgniter\Router\RouteCollection->group('sekretariat', [...], Object(Closure))
 5 SYSTEMPATH\Router\RouteCollection.php(339): require('C:\\Users\\ASUS\\Downloads\\Projectmagang_dr\\Projectmagang_dr\\app\\Config\\Routes.php')
 6 SYSTEMPATH\CodeIgniter.php(841): CodeIgniter\Router\RouteCollection->loadRoutes()
 7 SYSTEMPATH\CodeIgniter.php(464): CodeIgniter\CodeIgniter->tryToRouteIt(null)
 8 SYSTEMPATH\CodeIgniter.php(363): CodeIgniter\CodeIgniter->handleRequest(null, Object(Config\Cache), false)
 9 SYSTEMPATH\Boot.php(417): CodeIgniter\CodeIgniter->run()
10 SYSTEMPATH\Boot.php(68): CodeIgniter\Boot::runCodeIgniter(Object(CodeIgniter\CodeIgniter))
11 FCPATH\index.php(59): CodeIgniter\Boot::bootWeb(Object(Config\Paths))
12 SYSTEMPATH\rewrite.php(44): require_once('C:\\Users\\ASUS\\Downloads\\Projectmagang_dr\\Projectmagang_dr\\public\\index.php')
WARNING - 2026-08-21 14:18:48 --> [DEPRECATED] Passing lowercase HTTP method "get" is deprecated. Use uppercase HTTP method like "GET". in SYSTEMPATH\Router\RouteCollection.php on line 1026.
 1 SYSTEMPATH\Router\RouteCollection.php(1026): trigger_error('Passing lowercase HTTP method "get" is deprecated. Use uppercase HTTP method like "GET".', 16384)
 2 APPPATH\Config\Routes.php(144): CodeIgniter\Router\RouteCollection->match([...], 'upload-surat-penerimaan', '\\App\\Controllers\\Sekretariat\\C_UploadSuratPenerimaan::index')
 3 SYSTEMPATH\Router\RouteCollection.php(799): CodeIgniter\Router\RouteCollection::{closure:C:\Users\ASUS\Downloads\Projectmagang_dr\Projectmagang_dr\app\Config\Routes.php:89}(Object(CodeIgniter\Router\RouteCollection))
 4 APPPATH\Config\Routes.php(89): CodeIgniter\Router\RouteCollection->group('sekretariat', [...], Object(Closure))
 5 SYSTEMPATH\Router\RouteCollection.php(339): require('C:\\Users\\ASUS\\Downloads\\Projectmagang_dr\\Projectmagang_dr\\app\\Config\\Routes.php')
 6 SYSTEMPATH\CodeIgniter.php(841): CodeIgniter\Router\RouteCollection->loadRoutes()
 7 SYSTEMPATH\CodeIgniter.php(464): CodeIgniter\CodeIgniter->tryToRouteIt(null)
 8 SYSTEMPATH\CodeIgniter.php(363): CodeIgniter\CodeIgniter->handleRequest(null, Object(Config\Cache), false)
 9 SYSTEMPATH\Boot.php(417): CodeIgniter\CodeIgniter->run()
10 SYSTEMPATH\Boot.php(68): CodeIgniter\Boot::runCodeIgniter(Object(CodeIgniter\CodeIgniter))
11 FCPATH\index.php(59): CodeIgniter\Boot::bootWeb(Object(Config\Paths))
12 SYSTEMPATH\rewrite.php(44): require_once('C:\\Users\\ASUS\\Downloads\\Projectmagang_dr\\Projectmagang_dr\\public\\index.php')
WARNING - 2026-08-21 14:18:48 --> [DEPRECATED] Passing lowercase HTTP method "post" is deprecated. Use uppercase HTTP method like "POST". in SYSTEMPATH\Router\RouteCollection.php on line 1026.
 1 SYSTEMPATH\Router\RouteCollection.php(1026): trigger_error('Passing lowercase HTTP method "post" is deprecated. Use uppercase HTTP method like "POST".', 16384)
 2 APPPATH\Config\Routes.php(144): CodeIgniter\Router\RouteCollection->match([...], 'upload-surat-penerimaan', '\\App\\Controllers\\Sekretariat\\C_UploadSuratPenerimaan::index')
 3 SYSTEMPATH\Router\RouteCollection.php(799): CodeIgniter\Router\RouteCollection::{closure:C:\Users\ASUS\Downloads\Projectmagang_dr\Projectmagang_dr\app\Config\Routes.php:89}(Object(CodeIgniter\Router\RouteCollection))
 4 APPPATH\Config\Routes.php(89): CodeIgniter\Router\RouteCollection->group('sekretariat', [...], Object(Closure))
 5 SYSTEMPATH\Router\RouteCollection.php(339): require('C:\\Users\\ASUS\\Downloads\\Projectmagang_dr\\Projectmagang_dr\\app\\Config\\Routes.php')
 6 SYSTEMPATH\CodeIgniter.php(841): CodeIgniter\Router\RouteCollection->loadRoutes()
 7 SYSTEMPATH\CodeIgniter.php(464): CodeIgniter\CodeIgniter->tryToRouteIt(null)
 8 SYSTEMPATH\CodeIgniter.php(363): CodeIgniter\CodeIgniter->handleRequest(null, Object(Config\Cache), false)
 9 SYSTEMPATH\Boot.php(417): CodeIgniter\CodeIgniter->run()
10 SYSTEMPATH\Boot.php(68): CodeIgniter\Boot::runCodeIgniter(Object(CodeIgniter\CodeIgniter))
11 FCPATH\index.php(59): CodeIgniter\Boot::bootWeb(Object(Config\Paths))
12 SYSTEMPATH\rewrite.php(44): require_once('C:\\Users\\ASUS\\Downloads\\Projectmagang_dr\\Projectmagang_dr\\public\\index.php')
WARNING - 2026-08-21 14:18:48 --> [DEPRECATED] Passing lowercase HTTP method "get" is deprecated. Use uppercase HTTP method like "GET". in SYSTEMPATH\Router\RouteCollection.php on line 1026.
 1 SYSTEMPATH\Router\RouteCollection.php(1026): trigger_error('Passing lowercase HTTP method "get" is deprecated. Use uppercase HTTP method like "GET".', 16384)
 2 APPPATH\Config\Routes.php(167): CodeIgniter\Router\RouteCollection->match([...], 'logbook', '\\App\\Controllers\\Kabid\\C_LogbookKabid::index')
 3 SYSTEMPATH\Router\RouteCollection.php(799): CodeIgniter\Router\RouteCollection::{closure:C:\Users\ASUS\Downloads\Projectmagang_dr\Projectmagang_dr\app\Config\Routes.php:153}(Object(CodeIgniter\Router\RouteCollection))
 4 APPPATH\Config\Routes.php(153): CodeIgniter\Router\RouteCollection->group('kabid', [...], Object(Closure))
 5 SYSTEMPATH\Router\RouteCollection.php(339): require('C:\\Users\\ASUS\\Downloads\\Projectmagang_dr\\Projectmagang_dr\\app\\Config\\Routes.php')
 6 SYSTEMPATH\CodeIgniter.php(841): CodeIgniter\Router\RouteCollection->loadRoutes()
 7 SYSTEMPATH\CodeIgniter.php(464): CodeIgniter\CodeIgniter->tryToRouteIt(null)
 8 SYSTEMPATH\CodeIgniter.php(363): CodeIgniter\CodeIgniter->handleRequest(null, Object(Config\Cache), false)
 9 SYSTEMPATH\Boot.php(417): CodeIgniter\CodeIgniter->run()
10 SYSTEMPATH\Boot.php(68): CodeIgniter\Boot::runCodeIgniter(Object(CodeIgniter\CodeIgniter))
11 FCPATH\index.php(59): CodeIgniter\Boot::bootWeb(Object(Config\Paths))
12 SYSTEMPATH\rewrite.php(44): require_once('C:\\Users\\ASUS\\Downloads\\Projectmagang_dr\\Projectmagang_dr\\public\\index.php')
WARNING - 2026-08-21 14:18:48 --> [DEPRECATED] Passing lowercase HTTP method "post" is deprecated. Use uppercase HTTP method like "POST". in SYSTEMPATH\Router\RouteCollection.php on line 1026.
 1 SYSTEMPATH\Router\RouteCollection.php(1026): trigger_error('Passing lowercase HTTP method "post" is deprecated. Use uppercase HTTP method like "POST".', 16384)
 2 APPPATH\Config\Routes.php(167): CodeIgniter\Router\RouteCollection->match([...], 'logbook', '\\App\\Controllers\\Kabid\\C_LogbookKabid::index')
 3 SYSTEMPATH\Router\RouteCollection.php(799): CodeIgniter\Router\RouteCollection::{closure:C:\Users\ASUS\Downloads\Projectmagang_dr\Projectmagang_dr\app\Config\Routes.php:153}(Object(CodeIgniter\Router\RouteCollection))
 4 APPPATH\Config\Routes.php(153): CodeIgniter\Router\RouteCollection->group('kabid', [...], Object(Closure))
 5 SYSTEMPATH\Router\RouteCollection.php(339): require('C:\\Users\\ASUS\\Downloads\\Projectmagang_dr\\Projectmagang_dr\\app\\Config\\Routes.php')
 6 SYSTEMPATH\CodeIgniter.php(841): CodeIgniter\Router\RouteCollection->loadRoutes()
 7 SYSTEMPATH\CodeIgniter.php(464): CodeIgniter\CodeIgniter->tryToRouteIt(null)
 8 SYSTEMPATH\CodeIgniter.php(363): CodeIgniter\CodeIgniter->handleRequest(null, Object(Config\Cache), false)
 9 SYSTEMPATH\Boot.php(417): CodeIgniter\CodeIgniter->run()
10 SYSTEMPATH\Boot.php(68): CodeIgniter\Boot::runCodeIgniter(Object(CodeIgniter\CodeIgniter))
11 FCPATH\index.php(59): CodeIgniter\Boot::bootWeb(Object(Config\Paths))
12 SYSTEMPATH\rewrite.php(44): require_once('C:\\Users\\ASUS\\Downloads\\Projectmagang_dr\\Projectmagang_dr\\public\\index.php')
WARNING - 2026-08-21 14:18:48 --> [DEPRECATED] Passing lowercase HTTP method "get" is deprecated. Use uppercase HTTP method like "GET". in SYSTEMPATH\Router\RouteCollection.php on line 1026.
 1 SYSTEMPATH\Router\RouteCollection.php(1026): trigger_error('Passing lowercase HTTP method "get" is deprecated. Use uppercase HTTP method like "GET".', 16384)
 2 APPPATH\Config\Routes.php(179): CodeIgniter\Router\RouteCollection->match([...], 'upload-dokumen', '\\App\\Controllers\\Kabid\\C_UploadDokumen::index')
 3 SYSTEMPATH\Router\RouteCollection.php(799): CodeIgniter\Router\RouteCollection::{closure:C:\Users\ASUS\Downloads\Projectmagang_dr\Projectmagang_dr\app\Config\Routes.php:153}(Object(CodeIgniter\Router\RouteCollection))
 4 APPPATH\Config\Routes.php(153): CodeIgniter\Router\RouteCollection->group('kabid', [...], Object(Closure))
 5 SYSTEMPATH\Router\RouteCollection.php(339): require('C:\\Users\\ASUS\\Downloads\\Projectmagang_dr\\Projectmagang_dr\\app\\Config\\Routes.php')
 6 SYSTEMPATH\CodeIgniter.php(841): CodeIgniter\Router\RouteCollection->loadRoutes()
 7 SYSTEMPATH\CodeIgniter.php(464): CodeIgniter\CodeIgniter->tryToRouteIt(null)
 8 SYSTEMPATH\CodeIgniter.php(363): CodeIgniter\CodeIgniter->handleRequest(null, Object(Config\Cache), false)
 9 SYSTEMPATH\Boot.php(417): CodeIgniter\CodeIgniter->run()
10 SYSTEMPATH\Boot.php(68): CodeIgniter\Boot::runCodeIgniter(Object(CodeIgniter\CodeIgniter))
11 FCPATH\index.php(59): CodeIgniter\Boot::bootWeb(Object(Config\Paths))
12 SYSTEMPATH\rewrite.php(44): require_once('C:\\Users\\ASUS\\Downloads\\Projectmagang_dr\\Projectmagang_dr\\public\\index.php')
WARNING - 2026-08-21 14:18:48 --> [DEPRECATED] Passing lowercase HTTP method "post" is deprecated. Use uppercase HTTP method like "POST". in SYSTEMPATH\Router\RouteCollection.php on line 1026.
 1 SYSTEMPATH\Router\RouteCollection.php(1026): trigger_error('Passing lowercase HTTP method "post" is deprecated. Use uppercase HTTP method like "POST".', 16384)
 2 APPPATH\Config\Routes.php(179): CodeIgniter\Router\RouteCollection->match([...], 'upload-dokumen', '\\App\\Controllers\\Kabid\\C_UploadDokumen::index')
 3 SYSTEMPATH\Router\RouteCollection.php(799): CodeIgniter\Router\RouteCollection::{closure:C:\Users\ASUS\Downloads\Projectmagang_dr\Projectmagang_dr\app\Config\Routes.php:153}(Object(CodeIgniter\Router\RouteCollection))
 4 APPPATH\Config\Routes.php(153): CodeIgniter\Router\RouteCollection->group('kabid', [...], Object(Closure))
 5 SYSTEMPATH\Router\RouteCollection.php(339): require('C:\\Users\\ASUS\\Downloads\\Projectmagang_dr\\Projectmagang_dr\\app\\Config\\Routes.php')
 6 SYSTEMPATH\CodeIgniter.php(841): CodeIgniter\Router\RouteCollection->loadRoutes()
 7 SYSTEMPATH\CodeIgniter.php(464): CodeIgniter\CodeIgniter->tryToRouteIt(null)
 8 SYSTEMPATH\CodeIgniter.php(363): CodeIgniter\CodeIgniter->handleRequest(null, Object(Config\Cache), false)
 9 SYSTEMPATH\Boot.php(417): CodeIgniter\CodeIgniter->run()
10 SYSTEMPATH\Boot.php(68): CodeIgniter\Boot::runCodeIgniter(Object(CodeIgniter\CodeIgniter))
11 FCPATH\index.php(59): CodeIgniter\Boot::bootWeb(Object(Config\Paths))
12 SYSTEMPATH\rewrite.php(44): require_once('C:\\Users\\ASUS\\Downloads\\Projectmagang_dr\\Projectmagang_dr\\public\\index.php')
DEBUG - 2026-08-21 14:18:48 --> Session: Class initialized using 'CodeIgniter\Session\Handlers\FileHandler' driver.
WARNING - 2026-08-21 14:18:51 --> [DEPRECATED] Passing lowercase HTTP method "get" is deprecated. Use uppercase HTTP method like "GET". in SYSTEMPATH\Router\RouteCollection.php on line 1026.
 1 SYSTEMPATH\Router\RouteCollection.php(1026): trigger_error('Passing lowercase HTTP method "get" is deprecated. Use uppercase HTTP method like "GET".', 16384)
 2 APPPATH\Config\Routes.php(77): CodeIgniter\Router\RouteCollection->match([...], 'logbook', 'C_Logbook::logbook')
 3 SYSTEMPATH\Router\RouteCollection.php(799): CodeIgniter\Router\RouteCollection::{closure:C:\Users\ASUS\Downloads\Projectmagang_dr\Projectmagang_dr\app\Config\Routes.php:59}(Object(CodeIgniter\Router\RouteCollection))
 4 APPPATH\Config\Routes.php(59): CodeIgniter\Router\RouteCollection->group('mahasiswa', [...], Object(Closure))
 5 SYSTEMPATH\Router\RouteCollection.php(339): require('C:\\Users\\ASUS\\Downloads\\Projectmagang_dr\\Projectmagang_dr\\app\\Config\\Routes.php')
 6 SYSTEMPATH\CodeIgniter.php(841): CodeIgniter\Router\RouteCollection->loadRoutes()
 7 SYSTEMPATH\CodeIgniter.php(464): CodeIgniter\CodeIgniter->tryToRouteIt(null)
 8 SYSTEMPATH\CodeIgniter.php(363): CodeIgniter\CodeIgniter->handleRequest(null, Object(Config\Cache), false)
 9 SYSTEMPATH\Boot.php(417): CodeIgniter\CodeIgniter->run()
10 SYSTEMPATH\Boot.php(68): CodeIgniter\Boot::runCodeIgniter(Object(CodeIgniter\CodeIgniter))
11 FCPATH\index.php(59): CodeIgniter\Boot::bootWeb(Object(Config\Paths))
12 SYSTEMPATH\rewrite.php(44): require_once('C:\\Users\\ASUS\\Downloads\\Projectmagang_dr\\Projectmagang_dr\\public\\index.php')
WARNING - 2026-08-21 14:18:51 --> [DEPRECATED] Passing lowercase HTTP method "post" is deprecated. Use uppercase HTTP method like "POST". in SYSTEMPATH\Router\RouteCollection.php on line 1026.
 1 SYSTEMPATH\Router\RouteCollection.php(1026): trigger_error('Passing lowercase HTTP method "post" is deprecated. Use uppercase HTTP method like "POST".', 16384)
 2 APPPATH\Config\Routes.php(77): CodeIgniter\Router\RouteCollection->match([...], 'logbook', 'C_Logbook::logbook')
 3 SYSTEMPATH\Router\RouteCollection.php(799): CodeIgniter\Router\RouteCollection::{closure:C:\Users\ASUS\Downloads\Projectmagang_dr\Projectmagang_dr\app\Config\Routes.php:59}(Object(CodeIgniter\Router\RouteCollection))
 4 APPPATH\Config\Routes.php(59): CodeIgniter\Router\RouteCollection->group('mahasiswa', [...], Object(Closure))
 5 SYSTEMPATH\Router\RouteCollection.php(339): require('C:\\Users\\ASUS\\Downloads\\Projectmagang_dr\\Projectmagang_dr\\app\\Config\\Routes.php')
 6 SYSTEMPATH\CodeIgniter.php(841): CodeIgniter\Router\RouteCollection->loadRoutes()
 7 SYSTEMPATH\CodeIgniter.php(464): CodeIgniter\CodeIgniter->tryToRouteIt(null)
 8 SYSTEMPATH\CodeIgniter.php(363): CodeIgniter\CodeIgniter->handleRequest(null, Object(Config\Cache), false)
 9 SYSTEMPATH\Boot.php(417): CodeIgniter\CodeIgniter->run()
10 SYSTEMPATH\Boot.php(68): CodeIgniter\Boot::runCodeIgniter(Object(CodeIgniter\CodeIgniter))
11 FCPATH\index.php(59): CodeIgniter\Boot::bootWeb(Object(Config\Paths))
12 SYSTEMPATH\rewrite.php(44): require_once('C:\\Users\\ASUS\\Downloads\\Projectmagang_dr\\Projectmagang_dr\\public\\index.php')
WARNING - 2026-08-21 14:18:51 --> [DEPRECATED] Passing lowercase HTTP method "get" is deprecated. Use uppercase HTTP method like "GET". in SYSTEMPATH\Router\RouteCollection.php on line 1026.
 1 SYSTEMPATH\Router\RouteCollection.php(1026): trigger_error('Passing lowercase HTTP method "get" is deprecated. Use uppercase HTTP method like "GET".', 16384)
 2 APPPATH\Config\Routes.php(95): CodeIgniter\Router\RouteCollection->match([...], 'verifikasi', '\\App\\Controllers\\Sekretariat\\C_Verifikasi::index')
 3 SYSTEMPATH\Router\RouteCollection.php(799): CodeIgniter\Router\RouteCollection::{closure:C:\Users\ASUS\Downloads\Projectmagang_dr\Projectmagang_dr\app\Config\Routes.php:89}(Object(CodeIgniter\Router\RouteCollection))
 4 APPPATH\Config\Routes.php(89): CodeIgniter\Router\RouteCollection->group('sekretariat', [...], Object(Closure))
 5 SYSTEMPATH\Router\RouteCollection.php(339): require('C:\\Users\\ASUS\\Downloads\\Projectmagang_dr\\Projectmagang_dr\\app\\Config\\Routes.php')
 6 SYSTEMPATH\CodeIgniter.php(841): CodeIgniter\Router\RouteCollection->loadRoutes()
 7 SYSTEMPATH\CodeIgniter.php(464): CodeIgniter\CodeIgniter->tryToRouteIt(null)
 8 SYSTEMPATH\CodeIgniter.php(363): CodeIgniter\CodeIgniter->handleRequest(null, Object(Config\Cache), false)
 9 SYSTEMPATH\Boot.php(417): CodeIgniter\CodeIgniter->run()
10 SYSTEMPATH\Boot.php(68): CodeIgniter\Boot::runCodeIgniter(Object(CodeIgniter\CodeIgniter))
11 FCPATH\index.php(59): CodeIgniter\Boot::bootWeb(Object(Config\Paths))
12 SYSTEMPATH\rewrite.php(44): require_once('C:\\Users\\ASUS\\Downloads\\Projectmagang_dr\\Projectmagang_dr\\public\\index.php')
WARNING - 2026-08-21 14:18:51 --> [DEPRECATED] Passing lowercase HTTP method "post" is deprecated. Use uppercase HTTP method like "POST". in SYSTEMPATH\Router\RouteCollection.php on line 1026.
 1 SYSTEMPATH\Router\RouteCollection.php(1026): trigger_error('Passing lowercase HTTP method "post" is deprecated. Use uppercase HTTP method like "POST".', 16384)
 2 APPPATH\Config\Routes.php(95): CodeIgniter\Router\RouteCollection->match([...], 'verifikasi', '\\App\\Controllers\\Sekretariat\\C_Verifikasi::index')
 3 SYSTEMPATH\Router\RouteCollection.php(799): CodeIgniter\Router\RouteCollection::{closure:C:\Users\ASUS\Downloads\Projectmagang_dr\Projectmagang_dr\app\Config\Routes.php:89}(Object(CodeIgniter\Router\RouteCollection))
 4 APPPATH\Config\Routes.php(89): CodeIgniter\Router\RouteCollection->group('sekretariat', [...], Object(Closure))
 5 SYSTEMPATH\Router\RouteCollection.php(339): require('C:\\Users\\ASUS\\Downloads\\Projectmagang_dr\\Projectmagang_dr\\app\\Config\\Routes.php')
 6 SYSTEMPATH\CodeIgniter.php(841): CodeIgniter\Router\RouteCollection->loadRoutes()
 7 SYSTEMPATH\CodeIgniter.php(464): CodeIgniter\CodeIgniter->tryToRouteIt(null)
 8 SYSTEMPATH\CodeIgniter.php(363): CodeIgniter\CodeIgniter->handleRequest(null, Object(Config\Cache), false)
 9 SYSTEMPATH\Boot.php(417): CodeIgniter\CodeIgniter->run()
10 SYSTEMPATH\Boot.php(68): CodeIgniter\Boot::runCodeIgniter(Object(CodeIgniter\CodeIgniter))
11 FCPATH\index.php(59): CodeIgniter\Boot::bootWeb(Object(Config\Paths))
12 SYSTEMPATH\rewrite.php(44): require_once('C:\\Users\\ASUS\\Downloads\\Projectmagang_dr\\Projectmagang_dr\\public\\index.php')
WARNING - 2026-08-21 14:18:51 --> [DEPRECATED] Passing lowercase HTTP method "get" is deprecated. Use uppercase HTTP method like "GET". in SYSTEMPATH\Router\RouteCollection.php on line 1026.
 1 SYSTEMPATH\Router\RouteCollection.php(1026): trigger_error('Passing lowercase HTTP method "get" is deprecated. Use uppercase HTTP method like "GET".', 16384)
 2 APPPATH\Config\Routes.php(144): CodeIgniter\Router\RouteCollection->match([...], 'upload-surat-penerimaan', '\\App\\Controllers\\Sekretariat\\C_UploadSuratPenerimaan::index')
 3 SYSTEMPATH\Router\RouteCollection.php(799): CodeIgniter\Router\RouteCollection::{closure:C:\Users\ASUS\Downloads\Projectmagang_dr\Projectmagang_dr\app\Config\Routes.php:89}(Object(CodeIgniter\Router\RouteCollection))
 4 APPPATH\Config\Routes.php(89): CodeIgniter\Router\RouteCollection->group('sekretariat', [...], Object(Closure))
 5 SYSTEMPATH\Router\RouteCollection.php(339): require('C:\\Users\\ASUS\\Downloads\\Projectmagang_dr\\Projectmagang_dr\\app\\Config\\Routes.php')
 6 SYSTEMPATH\CodeIgniter.php(841): CodeIgniter\Router\RouteCollection->loadRoutes()
 7 SYSTEMPATH\CodeIgniter.php(464): CodeIgniter\CodeIgniter->tryToRouteIt(null)
 8 SYSTEMPATH\CodeIgniter.php(363): CodeIgniter\CodeIgniter->handleRequest(null, Object(Config\Cache), false)
 9 SYSTEMPATH\Boot.php(417): CodeIgniter\CodeIgniter->run()
10 SYSTEMPATH\Boot.php(68): CodeIgniter\Boot::runCodeIgniter(Object(CodeIgniter\CodeIgniter))
11 FCPATH\index.php(59): CodeIgniter\Boot::bootWeb(Object(Config\Paths))
12 SYSTEMPATH\rewrite.php(44): require_once('C:\\Users\\ASUS\\Downloads\\Projectmagang_dr\\Projectmagang_dr\\public\\index.php')
WARNING - 2026-08-21 14:18:51 --> [DEPRECATED] Passing lowercase HTTP method "post" is deprecated. Use uppercase HTTP method like "POST". in SYSTEMPATH\Router\RouteCollection.php on line 1026.
 1 SYSTEMPATH\Router\RouteCollection.php(1026): trigger_error('Passing lowercase HTTP method "post" is deprecated. Use uppercase HTTP method like "POST".', 16384)
 2 APPPATH\Config\Routes.php(144): CodeIgniter\Router\RouteCollection->match([...], 'upload-surat-penerimaan', '\\App\\Controllers\\Sekretariat\\C_UploadSuratPenerimaan::index')
 3 SYSTEMPATH\Router\RouteCollection.php(799): CodeIgniter\Router\RouteCollection::{closure:C:\Users\ASUS\Downloads\Projectmagang_dr\Projectmagang_dr\app\Config\Routes.php:89}(Object(CodeIgniter\Router\RouteCollection))
 4 APPPATH\Config\Routes.php(89): CodeIgniter\Router\RouteCollection->group('sekretariat', [...], Object(Closure))
 5 SYSTEMPATH\Router\RouteCollection.php(339): require('C:\\Users\\ASUS\\Downloads\\Projectmagang_dr\\Projectmagang_dr\\app\\Config\\Routes.php')
 6 SYSTEMPATH\CodeIgniter.php(841): CodeIgniter\Router\RouteCollection->loadRoutes()
 7 SYSTEMPATH\CodeIgniter.php(464): CodeIgniter\CodeIgniter->tryToRouteIt(null)
 8 SYSTEMPATH\CodeIgniter.php(363): CodeIgniter\CodeIgniter->handleRequest(null, Object(Config\Cache), false)
 9 SYSTEMPATH\Boot.php(417): CodeIgniter\CodeIgniter->run()
10 SYSTEMPATH\Boot.php(68): CodeIgniter\Boot::runCodeIgniter(Object(CodeIgniter\CodeIgniter))
11 FCPATH\index.php(59): CodeIgniter\Boot::bootWeb(Object(Config\Paths))
12 SYSTEMPATH\rewrite.php(44): require_once('C:\\Users\\ASUS\\Downloads\\Projectmagang_dr\\Projectmagang_dr\\public\\index.php')
WARNING - 2026-08-21 14:18:51 --> [DEPRECATED] Passing lowercase HTTP method "get" is deprecated. Use uppercase HTTP method like "GET". in SYSTEMPATH\Router\RouteCollection.php on line 1026.
 1 SYSTEMPATH\Router\RouteCollection.php(1026): trigger_error('Passing lowercase HTTP method "get" is deprecated. Use uppercase HTTP method like "GET".', 16384)
 2 APPPATH\Config\Routes.php(167): CodeIgniter\Router\RouteCollection->match([...], 'logbook', '\\App\\Controllers\\Kabid\\C_LogbookKabid::index')
 3 SYSTEMPATH\Router\RouteCollection.php(799): CodeIgniter\Router\RouteCollection::{closure:C:\Users\ASUS\Downloads\Projectmagang_dr\Projectmagang_dr\app\Config\Routes.php:153}(Object(CodeIgniter\Router\RouteCollection))
 4 APPPATH\Config\Routes.php(153): CodeIgniter\Router\RouteCollection->group('kabid', [...], Object(Closure))
 5 SYSTEMPATH\Router\RouteCollection.php(339): require('C:\\Users\\ASUS\\Downloads\\Projectmagang_dr\\Projectmagang_dr\\app\\Config\\Routes.php')
 6 SYSTEMPATH\CodeIgniter.php(841): CodeIgniter\Router\RouteCollection->loadRoutes()
 7 SYSTEMPATH\CodeIgniter.php(464): CodeIgniter\CodeIgniter->tryToRouteIt(null)
 8 SYSTEMPATH\CodeIgniter.php(363): CodeIgniter\CodeIgniter->handleRequest(null, Object(Config\Cache), false)
 9 SYSTEMPATH\Boot.php(417): CodeIgniter\CodeIgniter->run()
10 SYSTEMPATH\Boot.php(68): CodeIgniter\Boot::runCodeIgniter(Object(CodeIgniter\CodeIgniter))
11 FCPATH\index.php(59): CodeIgniter\Boot::bootWeb(Object(Config\Paths))
12 SYSTEMPATH\rewrite.php(44): require_once('C:\\Users\\ASUS\\Downloads\\Projectmagang_dr\\Projectmagang_dr\\public\\index.php')
WARNING - 2026-08-21 14:18:51 --> [DEPRECATED] Passing lowercase HTTP method "post" is deprecated. Use uppercase HTTP method like "POST". in SYSTEMPATH\Router\RouteCollection.php on line 1026.
 1 SYSTEMPATH\Router\RouteCollection.php(1026): trigger_error('Passing lowercase HTTP method "post" is deprecated. Use uppercase HTTP method like "POST".', 16384)
 2 APPPATH\Config\Routes.php(167): CodeIgniter\Router\RouteCollection->match([...], 'logbook', '\\App\\Controllers\\Kabid\\C_LogbookKabid::index')
 3 SYSTEMPATH\Router\RouteCollection.php(799): CodeIgniter\Router\RouteCollection::{closure:C:\Users\ASUS\Downloads\Projectmagang_dr\Projectmagang_dr\app\Config\Routes.php:153}(Object(CodeIgniter\Router\RouteCollection))
 4 APPPATH\Config\Routes.php(153): CodeIgniter\Router\RouteCollection->group('kabid', [...], Object(Closure))
 5 SYSTEMPATH\Router\RouteCollection.php(339): require('C:\\Users\\ASUS\\Downloads\\Projectmagang_dr\\Projectmagang_dr\\app\\Config\\Routes.php')
 6 SYSTEMPATH\CodeIgniter.php(841): CodeIgniter\Router\RouteCollection->loadRoutes()
 7 SYSTEMPATH\CodeIgniter.php(464): CodeIgniter\CodeIgniter->tryToRouteIt(null)
 8 SYSTEMPATH\CodeIgniter.php(363): CodeIgniter\CodeIgniter->handleRequest(null, Object(Config\Cache), false)
 9 SYSTEMPATH\Boot.php(417): CodeIgniter\CodeIgniter->run()
10 SYSTEMPATH\Boot.php(68): CodeIgniter\Boot::runCodeIgniter(Object(CodeIgniter\CodeIgniter))
11 FCPATH\index.php(59): CodeIgniter\Boot::bootWeb(Object(Config\Paths))
12 SYSTEMPATH\rewrite.php(44): require_once('C:\\Users\\ASUS\\Downloads\\Projectmagang_dr\\Projectmagang_dr\\public\\index.php')
WARNING - 2026-08-21 14:18:51 --> [DEPRECATED] Passing lowercase HTTP method "get" is deprecated. Use uppercase HTTP method like "GET". in SYSTEMPATH\Router\RouteCollection.php on line 1026.
 1 SYSTEMPATH\Router\RouteCollection.php(1026): trigger_error('Passing lowercase HTTP method "get" is deprecated. Use uppercase HTTP method like "GET".', 16384)
 2 APPPATH\Config\Routes.php(179): CodeIgniter\Router\RouteCollection->match([...], 'upload-dokumen', '\\App\\Controllers\\Kabid\\C_UploadDokumen::index')
 3 SYSTEMPATH\Router\RouteCollection.php(799): CodeIgniter\Router\RouteCollection::{closure:C:\Users\ASUS\Downloads\Projectmagang_dr\Projectmagang_dr\app\Config\Routes.php:153}(Object(CodeIgniter\Router\RouteCollection))
 4 APPPATH\Config\Routes.php(153): CodeIgniter\Router\RouteCollection->group('kabid', [...], Object(Closure))
 5 SYSTEMPATH\Router\RouteCollection.php(339): require('C:\\Users\\ASUS\\Downloads\\Projectmagang_dr\\Projectmagang_dr\\app\\Config\\Routes.php')
 6 SYSTEMPATH\CodeIgniter.php(841): CodeIgniter\Router\RouteCollection->loadRoutes()
 7 SYSTEMPATH\CodeIgniter.php(464): CodeIgniter\CodeIgniter->tryToRouteIt(null)
 8 SYSTEMPATH\CodeIgniter.php(363): CodeIgniter\CodeIgniter->handleRequest(null, Object(Config\Cache), false)
 9 SYSTEMPATH\Boot.php(417): CodeIgniter\CodeIgniter->run()
10 SYSTEMPATH\Boot.php(68): CodeIgniter\Boot::runCodeIgniter(Object(CodeIgniter\CodeIgniter))
11 FCPATH\index.php(59): CodeIgniter\Boot::bootWeb(Object(Config\Paths))
12 SYSTEMPATH\rewrite.php(44): require_once('C:\\Users\\ASUS\\Downloads\\Projectmagang_dr\\Projectmagang_dr\\public\\index.php')
WARNING - 2026-08-21 14:18:51 --> [DEPRECATED] Passing lowercase HTTP method "post" is deprecated. Use uppercase HTTP method like "POST". in SYSTEMPATH\Router\RouteCollection.php on line 1026.
 1 SYSTEMPATH\Router\RouteCollection.php(1026): trigger_error('Passing lowercase HTTP method "post" is deprecated. Use uppercase HTTP method like "POST".', 16384)
 2 APPPATH\Config\Routes.php(179): CodeIgniter\Router\RouteCollection->match([...], 'upload-dokumen', '\\App\\Controllers\\Kabid\\C_UploadDokumen::index')
 3 SYSTEMPATH\Router\RouteCollection.php(799): CodeIgniter\Router\RouteCollection::{closure:C:\Users\ASUS\Downloads\Projectmagang_dr\Projectmagang_dr\app\Config\Routes.php:153}(Object(CodeIgniter\Router\RouteCollection))
 4 APPPATH\Config\Routes.php(153): CodeIgniter\Router\RouteCollection->group('kabid', [...], Object(Closure))
 5 SYSTEMPATH\Router\RouteCollection.php(339): require('C:\\Users\\ASUS\\Downloads\\Projectmagang_dr\\Projectmagang_dr\\app\\Config\\Routes.php')
 6 SYSTEMPATH\CodeIgniter.php(841): CodeIgniter\Router\RouteCollection->loadRoutes()
 7 SYSTEMPATH\CodeIgniter.php(464): CodeIgniter\CodeIgniter->tryToRouteIt(null)
 8 SYSTEMPATH\CodeIgniter.php(363): CodeIgniter\CodeIgniter->handleRequest(null, Object(Config\Cache), false)
 9 SYSTEMPATH\Boot.php(417): CodeIgniter\CodeIgniter->run()
10 SYSTEMPATH\Boot.php(68): CodeIgniter\Boot::runCodeIgniter(Object(CodeIgniter\CodeIgniter))
11 FCPATH\index.php(59): CodeIgniter\Boot::bootWeb(Object(Config\Paths))
12 SYSTEMPATH\rewrite.php(44): require_once('C:\\Users\\ASUS\\Downloads\\Projectmagang_dr\\Projectmagang_dr\\public\\index.php')
DEBUG - 2026-08-21 14:18:51 --> Session: Class initialized using 'CodeIgniter\Session\Handlers\FileHandler' driver.
WARNING - 2026-08-21 14:18:57 --> [DEPRECATED] Passing lowercase HTTP method "get" is deprecated. Use uppercase HTTP method like "GET". in SYSTEMPATH\Router\RouteCollection.php on line 1026.
 1 SYSTEMPATH\Router\RouteCollection.php(1026): trigger_error('Passing lowercase HTTP method "get" is deprecated. Use uppercase HTTP method like "GET".', 16384)
 2 APPPATH\Config\Routes.php(77): CodeIgniter\Router\RouteCollection->match([...], 'logbook', 'C_Logbook::logbook')
 3 SYSTEMPATH\Router\RouteCollection.php(799): CodeIgniter\Router\RouteCollection::{closure:C:\Users\ASUS\Downloads\Projectmagang_dr\Projectmagang_dr\app\Config\Routes.php:59}(Object(CodeIgniter\Router\RouteCollection))
 4 APPPATH\Config\Routes.php(59): CodeIgniter\Router\RouteCollection->group('mahasiswa', [...], Object(Closure))
 5 SYSTEMPATH\Router\RouteCollection.php(339): require('C:\\Users\\ASUS\\Downloads\\Projectmagang_dr\\Projectmagang_dr\\app\\Config\\Routes.php')
 6 SYSTEMPATH\CodeIgniter.php(841): CodeIgniter\Router\RouteCollection->loadRoutes()
 7 SYSTEMPATH\CodeIgniter.php(464): CodeIgniter\CodeIgniter->tryToRouteIt(null)
 8 SYSTEMPATH\CodeIgniter.php(363): CodeIgniter\CodeIgniter->handleRequest(null, Object(Config\Cache), false)
 9 SYSTEMPATH\Boot.php(417): CodeIgniter\CodeIgniter->run()
10 SYSTEMPATH\Boot.php(68): CodeIgniter\Boot::runCodeIgniter(Object(CodeIgniter\CodeIgniter))
11 FCPATH\index.php(59): CodeIgniter\Boot::bootWeb(Object(Config\Paths))
12 SYSTEMPATH\rewrite.php(44): require_once('C:\\Users\\ASUS\\Downloads\\Projectmagang_dr\\Projectmagang_dr\\public\\index.php')
WARNING - 2026-08-21 14:18:57 --> [DEPRECATED] Passing lowercase HTTP method "post" is deprecated. Use uppercase HTTP method like "POST". in SYSTEMPATH\Router\RouteCollection.php on line 1026.
 1 SYSTEMPATH\Router\RouteCollection.php(1026): trigger_error('Passing lowercase HTTP method "post" is deprecated. Use uppercase HTTP method like "POST".', 16384)
 2 APPPATH\Config\Routes.php(77): CodeIgniter\Router\RouteCollection->match([...], 'logbook', 'C_Logbook::logbook')
 3 SYSTEMPATH\Router\RouteCollection.php(799): CodeIgniter\Router\RouteCollection::{closure:C:\Users\ASUS\Downloads\Projectmagang_dr\Projectmagang_dr\app\Config\Routes.php:59}(Object(CodeIgniter\Router\RouteCollection))
 4 APPPATH\Config\Routes.php(59): CodeIgniter\Router\RouteCollection->group('mahasiswa', [...], Object(Closure))
 5 SYSTEMPATH\Router\RouteCollection.php(339): require('C:\\Users\\ASUS\\Downloads\\Projectmagang_dr\\Projectmagang_dr\\app\\Config\\Routes.php')
 6 SYSTEMPATH\CodeIgniter.php(841): CodeIgniter\Router\RouteCollection->loadRoutes()
 7 SYSTEMPATH\CodeIgniter.php(464): CodeIgniter\CodeIgniter->tryToRouteIt(null)
 8 SYSTEMPATH\CodeIgniter.php(363): CodeIgniter\CodeIgniter->handleRequest(null, Object(Config\Cache), false)
 9 SYSTEMPATH\Boot.php(417): CodeIgniter\CodeIgniter->run()
10 SYSTEMPATH\Boot.php(68): CodeIgniter\Boot::runCodeIgniter(Object(CodeIgniter\CodeIgniter))
11 FCPATH\index.php(59): CodeIgniter\Boot::bootWeb(Object(Config\Paths))
12 SYSTEMPATH\rewrite.php(44): require_once('C:\\Users\\ASUS\\Downloads\\Projectmagang_dr\\Projectmagang_dr\\public\\index.php')
WARNING - 2026-08-21 14:18:57 --> [DEPRECATED] Passing lowercase HTTP method "get" is deprecated. Use uppercase HTTP method like "GET". in SYSTEMPATH\Router\RouteCollection.php on line 1026.
 1 SYSTEMPATH\Router\RouteCollection.php(1026): trigger_error('Passing lowercase HTTP method "get" is deprecated. Use uppercase HTTP method like "GET".', 16384)
 2 APPPATH\Config\Routes.php(95): CodeIgniter\Router\RouteCollection->match([...], 'verifikasi', '\\App\\Controllers\\Sekretariat\\C_Verifikasi::index')
 3 SYSTEMPATH\Router\RouteCollection.php(799): CodeIgniter\Router\RouteCollection::{closure:C:\Users\ASUS\Downloads\Projectmagang_dr\Projectmagang_dr\app\Config\Routes.php:89}(Object(CodeIgniter\Router\RouteCollection))
 4 APPPATH\Config\Routes.php(89): CodeIgniter\Router\RouteCollection->group('sekretariat', [...], Object(Closure))
 5 SYSTEMPATH\Router\RouteCollection.php(339): require('C:\\Users\\ASUS\\Downloads\\Projectmagang_dr\\Projectmagang_dr\\app\\Config\\Routes.php')
 6 SYSTEMPATH\CodeIgniter.php(841): CodeIgniter\Router\RouteCollection->loadRoutes()
 7 SYSTEMPATH\CodeIgniter.php(464): CodeIgniter\CodeIgniter->tryToRouteIt(null)
 8 SYSTEMPATH\CodeIgniter.php(363): CodeIgniter\CodeIgniter->handleRequest(null, Object(Config\Cache), false)
 9 SYSTEMPATH\Boot.php(417): CodeIgniter\CodeIgniter->run()
10 SYSTEMPATH\Boot.php(68): CodeIgniter\Boot::runCodeIgniter(Object(CodeIgniter\CodeIgniter))
11 FCPATH\index.php(59): CodeIgniter\Boot::bootWeb(Object(Config\Paths))
12 SYSTEMPATH\rewrite.php(44): require_once('C:\\Users\\ASUS\\Downloads\\Projectmagang_dr\\Projectmagang_dr\\public\\index.php')
WARNING - 2026-08-21 14:18:57 --> [DEPRECATED] Passing lowercase HTTP method "post" is deprecated. Use uppercase HTTP method like "POST". in SYSTEMPATH\Router\RouteCollection.php on line 1026.
 1 SYSTEMPATH\Router\RouteCollection.php(1026): trigger_error('Passing lowercase HTTP method "post" is deprecated. Use uppercase HTTP method like "POST".', 16384)
 2 APPPATH\Config\Routes.php(95): CodeIgniter\Router\RouteCollection->match([...], 'verifikasi', '\\App\\Controllers\\Sekretariat\\C_Verifikasi::index')
 3 SYSTEMPATH\Router\RouteCollection.php(799): CodeIgniter\Router\RouteCollection::{closure:C:\Users\ASUS\Downloads\Projectmagang_dr\Projectmagang_dr\app\Config\Routes.php:89}(Object(CodeIgniter\Router\RouteCollection))
 4 APPPATH\Config\Routes.php(89): CodeIgniter\Router\RouteCollection->group('sekretariat', [...], Object(Closure))
 5 SYSTEMPATH\Router\RouteCollection.php(339): require('C:\\Users\\ASUS\\Downloads\\Projectmagang_dr\\Projectmagang_dr\\app\\Config\\Routes.php')
 6 SYSTEMPATH\CodeIgniter.php(841): CodeIgniter\Router\RouteCollection->loadRoutes()
 7 SYSTEMPATH\CodeIgniter.php(464): CodeIgniter\CodeIgniter->tryToRouteIt(null)
 8 SYSTEMPATH\CodeIgniter.php(363): CodeIgniter\CodeIgniter->handleRequest(null, Object(Config\Cache), false)
 9 SYSTEMPATH\Boot.php(417): CodeIgniter\CodeIgniter->run()
10 SYSTEMPATH\Boot.php(68): CodeIgniter\Boot::runCodeIgniter(Object(CodeIgniter\CodeIgniter))
11 FCPATH\index.php(59): CodeIgniter\Boot::bootWeb(Object(Config\Paths))
12 SYSTEMPATH\rewrite.php(44): require_once('C:\\Users\\ASUS\\Downloads\\Projectmagang_dr\\Projectmagang_dr\\public\\index.php')
WARNING - 2026-08-21 14:18:57 --> [DEPRECATED] Passing lowercase HTTP method "get" is deprecated. Use uppercase HTTP method like "GET". in SYSTEMPATH\Router\RouteCollection.php on line 1026.
 1 SYSTEMPATH\Router\RouteCollection.php(1026): trigger_error('Passing lowercase HTTP method "get" is deprecated. Use uppercase HTTP method like "GET".', 16384)
 2 APPPATH\Config\Routes.php(144): CodeIgniter\Router\RouteCollection->match([...], 'upload-surat-penerimaan', '\\App\\Controllers\\Sekretariat\\C_UploadSuratPenerimaan::index')
 3 SYSTEMPATH\Router\RouteCollection.php(799): CodeIgniter\Router\RouteCollection::{closure:C:\Users\ASUS\Downloads\Projectmagang_dr\Projectmagang_dr\app\Config\Routes.php:89}(Object(CodeIgniter\Router\RouteCollection))
 4 APPPATH\Config\Routes.php(89): CodeIgniter\Router\RouteCollection->group('sekretariat', [...], Object(Closure))
 5 SYSTEMPATH\Router\RouteCollection.php(339): require('C:\\Users\\ASUS\\Downloads\\Projectmagang_dr\\Projectmagang_dr\\app\\Config\\Routes.php')
 6 SYSTEMPATH\CodeIgniter.php(841): CodeIgniter\Router\RouteCollection->loadRoutes()
 7 SYSTEMPATH\CodeIgniter.php(464): CodeIgniter\CodeIgniter->tryToRouteIt(null)
 8 SYSTEMPATH\CodeIgniter.php(363): CodeIgniter\CodeIgniter->handleRequest(null, Object(Config\Cache), false)
 9 SYSTEMPATH\Boot.php(417): CodeIgniter\CodeIgniter->run()
10 SYSTEMPATH\Boot.php(68): CodeIgniter\Boot::runCodeIgniter(Object(CodeIgniter\CodeIgniter))
11 FCPATH\index.php(59): CodeIgniter\Boot::bootWeb(Object(Config\Paths))
12 SYSTEMPATH\rewrite.php(44): require_once('C:\\Users\\ASUS\\Downloads\\Projectmagang_dr\\Projectmagang_dr\\public\\index.php')
WARNING - 2026-08-21 14:18:57 --> [DEPRECATED] Passing lowercase HTTP method "post" is deprecated. Use uppercase HTTP method like "POST". in SYSTEMPATH\Router\RouteCollection.php on line 1026.
 1 SYSTEMPATH\Router\RouteCollection.php(1026): trigger_error('Passing lowercase HTTP method "post" is deprecated. Use uppercase HTTP method like "POST".', 16384)
 2 APPPATH\Config\Routes.php(144): CodeIgniter\Router\RouteCollection->match([...], 'upload-surat-penerimaan', '\\App\\Controllers\\Sekretariat\\C_UploadSuratPenerimaan::index')
 3 SYSTEMPATH\Router\RouteCollection.php(799): CodeIgniter\Router\RouteCollection::{closure:C:\Users\ASUS\Downloads\Projectmagang_dr\Projectmagang_dr\app\Config\Routes.php:89}(Object(CodeIgniter\Router\RouteCollection))
 4 APPPATH\Config\Routes.php(89): CodeIgniter\Router\RouteCollection->group('sekretariat', [...], Object(Closure))
 5 SYSTEMPATH\Router\RouteCollection.php(339): require('C:\\Users\\ASUS\\Downloads\\Projectmagang_dr\\Projectmagang_dr\\app\\Config\\Routes.php')
 6 SYSTEMPATH\CodeIgniter.php(841): CodeIgniter\Router\RouteCollection->loadRoutes()
 7 SYSTEMPATH\CodeIgniter.php(464): CodeIgniter\CodeIgniter->tryToRouteIt(null)
 8 SYSTEMPATH\CodeIgniter.php(363): CodeIgniter\CodeIgniter->handleRequest(null, Object(Config\Cache), false)
 9 SYSTEMPATH\Boot.php(417): CodeIgniter\CodeIgniter->run()
10 SYSTEMPATH\Boot.php(68): CodeIgniter\Boot::runCodeIgniter(Object(CodeIgniter\CodeIgniter))
11 FCPATH\index.php(59): CodeIgniter\Boot::bootWeb(Object(Config\Paths))
12 SYSTEMPATH\rewrite.php(44): require_once('C:\\Users\\ASUS\\Downloads\\Projectmagang_dr\\Projectmagang_dr\\public\\index.php')
WARNING - 2026-08-21 14:18:57 --> [DEPRECATED] Passing lowercase HTTP method "get" is deprecated. Use uppercase HTTP method like "GET". in SYSTEMPATH\Router\RouteCollection.php on line 1026.
 1 SYSTEMPATH\Router\RouteCollection.php(1026): trigger_error('Passing lowercase HTTP method "get" is deprecated. Use uppercase HTTP method like "GET".', 16384)
 2 APPPATH\Config\Routes.php(167): CodeIgniter\Router\RouteCollection->match([...], 'logbook', '\\App\\Controllers\\Kabid\\C_LogbookKabid::index')
 3 SYSTEMPATH\Router\RouteCollection.php(799): CodeIgniter\Router\RouteCollection::{closure:C:\Users\ASUS\Downloads\Projectmagang_dr\Projectmagang_dr\app\Config\Routes.php:153}(Object(CodeIgniter\Router\RouteCollection))
 4 APPPATH\Config\Routes.php(153): CodeIgniter\Router\RouteCollection->group('kabid', [...], Object(Closure))
 5 SYSTEMPATH\Router\RouteCollection.php(339): require('C:\\Users\\ASUS\\Downloads\\Projectmagang_dr\\Projectmagang_dr\\app\\Config\\Routes.php')
 6 SYSTEMPATH\CodeIgniter.php(841): CodeIgniter\Router\RouteCollection->loadRoutes()
 7 SYSTEMPATH\CodeIgniter.php(464): CodeIgniter\CodeIgniter->tryToRouteIt(null)
 8 SYSTEMPATH\CodeIgniter.php(363): CodeIgniter\CodeIgniter->handleRequest(null, Object(Config\Cache), false)
 9 SYSTEMPATH\Boot.php(417): CodeIgniter\CodeIgniter->run()
10 SYSTEMPATH\Boot.php(68): CodeIgniter\Boot::runCodeIgniter(Object(CodeIgniter\CodeIgniter))
11 FCPATH\index.php(59): CodeIgniter\Boot::bootWeb(Object(Config\Paths))
12 SYSTEMPATH\rewrite.php(44): require_once('C:\\Users\\ASUS\\Downloads\\Projectmagang_dr\\Projectmagang_dr\\public\\index.php')
WARNING - 2026-08-21 14:18:57 --> [DEPRECATED] Passing lowercase HTTP method "post" is deprecated. Use uppercase HTTP method like "POST". in SYSTEMPATH\Router\RouteCollection.php on line 1026.
 1 SYSTEMPATH\Router\RouteCollection.php(1026): trigger_error('Passing lowercase HTTP method "post" is deprecated. Use uppercase HTTP method like "POST".', 16384)
 2 APPPATH\Config\Routes.php(167): CodeIgniter\Router\RouteCollection->match([...], 'logbook', '\\App\\Controllers\\Kabid\\C_LogbookKabid::index')
 3 SYSTEMPATH\Router\RouteCollection.php(799): CodeIgniter\Router\RouteCollection::{closure:C:\Users\ASUS\Downloads\Projectmagang_dr\Projectmagang_dr\app\Config\Routes.php:153}(Object(CodeIgniter\Router\RouteCollection))
 4 APPPATH\Config\Routes.php(153): CodeIgniter\Router\RouteCollection->group('kabid', [...], Object(Closure))
 5 SYSTEMPATH\Router\RouteCollection.php(339): require('C:\\Users\\ASUS\\Downloads\\Projectmagang_dr\\Projectmagang_dr\\app\\Config\\Routes.php')
 6 SYSTEMPATH\CodeIgniter.php(841): CodeIgniter\Router\RouteCollection->loadRoutes()
 7 SYSTEMPATH\CodeIgniter.php(464): CodeIgniter\CodeIgniter->tryToRouteIt(null)
 8 SYSTEMPATH\CodeIgniter.php(363): CodeIgniter\CodeIgniter->handleRequest(null, Object(Config\Cache), false)
 9 SYSTEMPATH\Boot.php(417): CodeIgniter\CodeIgniter->run()
10 SYSTEMPATH\Boot.php(68): CodeIgniter\Boot::runCodeIgniter(Object(CodeIgniter\CodeIgniter))
11 FCPATH\index.php(59): CodeIgniter\Boot::bootWeb(Object(Config\Paths))
12 SYSTEMPATH\rewrite.php(44): require_once('C:\\Users\\ASUS\\Downloads\\Projectmagang_dr\\Projectmagang_dr\\public\\index.php')
WARNING - 2026-08-21 14:18:57 --> [DEPRECATED] Passing lowercase HTTP method "get" is deprecated. Use uppercase HTTP method like "GET". in SYSTEMPATH\Router\RouteCollection.php on line 1026.
 1 SYSTEMPATH\Router\RouteCollection.php(1026): trigger_error('Passing lowercase HTTP method "get" is deprecated. Use uppercase HTTP method like "GET".', 16384)
 2 APPPATH\Config\Routes.php(179): CodeIgniter\Router\RouteCollection->match([...], 'upload-dokumen', '\\App\\Controllers\\Kabid\\C_UploadDokumen::index')
 3 SYSTEMPATH\Router\RouteCollection.php(799): CodeIgniter\Router\RouteCollection::{closure:C:\Users\ASUS\Downloads\Projectmagang_dr\Projectmagang_dr\app\Config\Routes.php:153}(Object(CodeIgniter\Router\RouteCollection))
 4 APPPATH\Config\Routes.php(153): CodeIgniter\Router\RouteCollection->group('kabid', [...], Object(Closure))
 5 SYSTEMPATH\Router\RouteCollection.php(339): require('C:\\Users\\ASUS\\Downloads\\Projectmagang_dr\\Projectmagang_dr\\app\\Config\\Routes.php')
 6 SYSTEMPATH\CodeIgniter.php(841): CodeIgniter\Router\RouteCollection->loadRoutes()
 7 SYSTEMPATH\CodeIgniter.php(464): CodeIgniter\CodeIgniter->tryToRouteIt(null)
 8 SYSTEMPATH\CodeIgniter.php(363): CodeIgniter\CodeIgniter->handleRequest(null, Object(Config\Cache), false)
 9 SYSTEMPATH\Boot.php(417): CodeIgniter\CodeIgniter->run()
10 SYSTEMPATH\Boot.php(68): CodeIgniter\Boot::runCodeIgniter(Object(CodeIgniter\CodeIgniter))
11 FCPATH\index.php(59): CodeIgniter\Boot::bootWeb(Object(Config\Paths))
12 SYSTEMPATH\rewrite.php(44): require_once('C:\\Users\\ASUS\\Downloads\\Projectmagang_dr\\Projectmagang_dr\\public\\index.php')
WARNING - 2026-08-21 14:18:57 --> [DEPRECATED] Passing lowercase HTTP method "post" is deprecated. Use uppercase HTTP method like "POST". in SYSTEMPATH\Router\RouteCollection.php on line 1026.
 1 SYSTEMPATH\Router\RouteCollection.php(1026): trigger_error('Passing lowercase HTTP method "post" is deprecated. Use uppercase HTTP method like "POST".', 16384)
 2 APPPATH\Config\Routes.php(179): CodeIgniter\Router\RouteCollection->match([...], 'upload-dokumen', '\\App\\Controllers\\Kabid\\C_UploadDokumen::index')
 3 SYSTEMPATH\Router\RouteCollection.php(799): CodeIgniter\Router\RouteCollection::{closure:C:\Users\ASUS\Downloads\Projectmagang_dr\Projectmagang_dr\app\Config\Routes.php:153}(Object(CodeIgniter\Router\RouteCollection))
 4 APPPATH\Config\Routes.php(153): CodeIgniter\Router\RouteCollection->group('kabid', [...], Object(Closure))
 5 SYSTEMPATH\Router\RouteCollection.php(339): require('C:\\Users\\ASUS\\Downloads\\Projectmagang_dr\\Projectmagang_dr\\app\\Config\\Routes.php')
 6 SYSTEMPATH\CodeIgniter.php(841): CodeIgniter\Router\RouteCollection->loadRoutes()
 7 SYSTEMPATH\CodeIgniter.php(464): CodeIgniter\CodeIgniter->tryToRouteIt(null)
 8 SYSTEMPATH\CodeIgniter.php(363): CodeIgniter\CodeIgniter->handleRequest(null, Object(Config\Cache), false)
 9 SYSTEMPATH\Boot.php(417): CodeIgniter\CodeIgniter->run()
10 SYSTEMPATH\Boot.php(68): CodeIgniter\Boot::runCodeIgniter(Object(CodeIgniter\CodeIgniter))
11 FCPATH\index.php(59): CodeIgniter\Boot::bootWeb(Object(Config\Paths))
12 SYSTEMPATH\rewrite.php(44): require_once('C:\\Users\\ASUS\\Downloads\\Projectmagang_dr\\Projectmagang_dr\\public\\index.php')
DEBUG - 2026-08-21 14:18:57 --> Session: Class initialized using 'CodeIgniter\Session\Handlers\FileHandler' driver.
WARNING - 2026-08-21 14:18:57 --> [DEPRECATED] Passing lowercase HTTP method "get" is deprecated. Use uppercase HTTP method like "GET". in SYSTEMPATH\Router\RouteCollection.php on line 1026.
 1 SYSTEMPATH\Router\RouteCollection.php(1026): trigger_error('Passing lowercase HTTP method "get" is deprecated. Use uppercase HTTP method like "GET".', 16384)
 2 APPPATH\Config\Routes.php(77): CodeIgniter\Router\RouteCollection->match([...], 'logbook', 'C_Logbook::logbook')
 3 SYSTEMPATH\Router\RouteCollection.php(799): CodeIgniter\Router\RouteCollection::{closure:C:\Users\ASUS\Downloads\Projectmagang_dr\Projectmagang_dr\app\Config\Routes.php:59}(Object(CodeIgniter\Router\RouteCollection))
 4 APPPATH\Config\Routes.php(59): CodeIgniter\Router\RouteCollection->group('mahasiswa', [...], Object(Closure))
 5 SYSTEMPATH\Router\RouteCollection.php(339): require('C:\\Users\\ASUS\\Downloads\\Projectmagang_dr\\Projectmagang_dr\\app\\Config\\Routes.php')
 6 SYSTEMPATH\CodeIgniter.php(841): CodeIgniter\Router\RouteCollection->loadRoutes()
 7 SYSTEMPATH\CodeIgniter.php(464): CodeIgniter\CodeIgniter->tryToRouteIt(null)
 8 SYSTEMPATH\CodeIgniter.php(363): CodeIgniter\CodeIgniter->handleRequest(null, Object(Config\Cache), false)
 9 SYSTEMPATH\Boot.php(417): CodeIgniter\CodeIgniter->run()
10 SYSTEMPATH\Boot.php(68): CodeIgniter\Boot::runCodeIgniter(Object(CodeIgniter\CodeIgniter))
11 FCPATH\index.php(59): CodeIgniter\Boot::bootWeb(Object(Config\Paths))
12 SYSTEMPATH\rewrite.php(44): require_once('C:\\Users\\ASUS\\Downloads\\Projectmagang_dr\\Projectmagang_dr\\public\\index.php')
WARNING - 2026-08-21 14:18:57 --> [DEPRECATED] Passing lowercase HTTP method "post" is deprecated. Use uppercase HTTP method like "POST". in SYSTEMPATH\Router\RouteCollection.php on line 1026.
 1 SYSTEMPATH\Router\RouteCollection.php(1026): trigger_error('Passing lowercase HTTP method "post" is deprecated. Use uppercase HTTP method like "POST".', 16384)
 2 APPPATH\Config\Routes.php(77): CodeIgniter\Router\RouteCollection->match([...], 'logbook', 'C_Logbook::logbook')
 3 SYSTEMPATH\Router\RouteCollection.php(799): CodeIgniter\Router\RouteCollection::{closure:C:\Users\ASUS\Downloads\Projectmagang_dr\Projectmagang_dr\app\Config\Routes.php:59}(Object(CodeIgniter\Router\RouteCollection))
 4 APPPATH\Config\Routes.php(59): CodeIgniter\Router\RouteCollection->group('mahasiswa', [...], Object(Closure))
 5 SYSTEMPATH\Router\RouteCollection.php(339): require('C:\\Users\\ASUS\\Downloads\\Projectmagang_dr\\Projectmagang_dr\\app\\Config\\Routes.php')
 6 SYSTEMPATH\CodeIgniter.php(841): CodeIgniter\Router\RouteCollection->loadRoutes()
 7 SYSTEMPATH\CodeIgniter.php(464): CodeIgniter\CodeIgniter->tryToRouteIt(null)
 8 SYSTEMPATH\CodeIgniter.php(363): CodeIgniter\CodeIgniter->handleRequest(null, Object(Config\Cache), false)
 9 SYSTEMPATH\Boot.php(417): CodeIgniter\CodeIgniter->run()
10 SYSTEMPATH\Boot.php(68): CodeIgniter\Boot::runCodeIgniter(Object(CodeIgniter\CodeIgniter))
11 FCPATH\index.php(59): CodeIgniter\Boot::bootWeb(Object(Config\Paths))
12 SYSTEMPATH\rewrite.php(44): require_once('C:\\Users\\ASUS\\Downloads\\Projectmagang_dr\\Projectmagang_dr\\public\\index.php')
WARNING - 2026-08-21 14:18:58 --> [DEPRECATED] Passing lowercase HTTP method "get" is deprecated. Use uppercase HTTP method like "GET". in SYSTEMPATH\Router\RouteCollection.php on line 1026.
 1 SYSTEMPATH\Router\RouteCollection.php(1026): trigger_error('Passing lowercase HTTP method "get" is deprecated. Use uppercase HTTP method like "GET".', 16384)
 2 APPPATH\Config\Routes.php(95): CodeIgniter\Router\RouteCollection->match([...], 'verifikasi', '\\App\\Controllers\\Sekretariat\\C_Verifikasi::index')
 3 SYSTEMPATH\Router\RouteCollection.php(799): CodeIgniter\Router\RouteCollection::{closure:C:\Users\ASUS\Downloads\Projectmagang_dr\Projectmagang_dr\app\Config\Routes.php:89}(Object(CodeIgniter\Router\RouteCollection))
 4 APPPATH\Config\Routes.php(89): CodeIgniter\Router\RouteCollection->group('sekretariat', [...], Object(Closure))
 5 SYSTEMPATH\Router\RouteCollection.php(339): require('C:\\Users\\ASUS\\Downloads\\Projectmagang_dr\\Projectmagang_dr\\app\\Config\\Routes.php')
 6 SYSTEMPATH\CodeIgniter.php(841): CodeIgniter\Router\RouteCollection->loadRoutes()
 7 SYSTEMPATH\CodeIgniter.php(464): CodeIgniter\CodeIgniter->tryToRouteIt(null)
 8 SYSTEMPATH\CodeIgniter.php(363): CodeIgniter\CodeIgniter->handleRequest(null, Object(Config\Cache), false)
 9 SYSTEMPATH\Boot.php(417): CodeIgniter\CodeIgniter->run()
10 SYSTEMPATH\Boot.php(68): CodeIgniter\Boot::runCodeIgniter(Object(CodeIgniter\CodeIgniter))
11 FCPATH\index.php(59): CodeIgniter\Boot::bootWeb(Object(Config\Paths))
12 SYSTEMPATH\rewrite.php(44): require_once('C:\\Users\\ASUS\\Downloads\\Projectmagang_dr\\Projectmagang_dr\\public\\index.php')
WARNING - 2026-08-21 14:18:58 --> [DEPRECATED] Passing lowercase HTTP method "post" is deprecated. Use uppercase HTTP method like "POST". in SYSTEMPATH\Router\RouteCollection.php on line 1026.
 1 SYSTEMPATH\Router\RouteCollection.php(1026): trigger_error('Passing lowercase HTTP method "post" is deprecated. Use uppercase HTTP method like "POST".', 16384)
 2 APPPATH\Config\Routes.php(95): CodeIgniter\Router\RouteCollection->match([...], 'verifikasi', '\\App\\Controllers\\Sekretariat\\C_Verifikasi::index')
 3 SYSTEMPATH\Router\RouteCollection.php(799): CodeIgniter\Router\RouteCollection::{closure:C:\Users\ASUS\Downloads\Projectmagang_dr\Projectmagang_dr\app\Config\Routes.php:89}(Object(CodeIgniter\Router\RouteCollection))
 4 APPPATH\Config\Routes.php(89): CodeIgniter\Router\RouteCollection->group('sekretariat', [...], Object(Closure))
 5 SYSTEMPATH\Router\RouteCollection.php(339): require('C:\\Users\\ASUS\\Downloads\\Projectmagang_dr\\Projectmagang_dr\\app\\Config\\Routes.php')
 6 SYSTEMPATH\CodeIgniter.php(841): CodeIgniter\Router\RouteCollection->loadRoutes()
 7 SYSTEMPATH\CodeIgniter.php(464): CodeIgniter\CodeIgniter->tryToRouteIt(null)
 8 SYSTEMPATH\CodeIgniter.php(363): CodeIgniter\CodeIgniter->handleRequest(null, Object(Config\Cache), false)
 9 SYSTEMPATH\Boot.php(417): CodeIgniter\CodeIgniter->run()
10 SYSTEMPATH\Boot.php(68): CodeIgniter\Boot::runCodeIgniter(Object(CodeIgniter\CodeIgniter))
11 FCPATH\index.php(59): CodeIgniter\Boot::bootWeb(Object(Config\Paths))
12 SYSTEMPATH\rewrite.php(44): require_once('C:\\Users\\ASUS\\Downloads\\Projectmagang_dr\\Projectmagang_dr\\public\\index.php')
WARNING - 2026-08-21 14:18:58 --> [DEPRECATED] Passing lowercase HTTP method "get" is deprecated. Use uppercase HTTP method like "GET". in SYSTEMPATH\Router\RouteCollection.php on line 1026.
 1 SYSTEMPATH\Router\RouteCollection.php(1026): trigger_error('Passing lowercase HTTP method "get" is deprecated. Use uppercase HTTP method like "GET".', 16384)
 2 APPPATH\Config\Routes.php(144): CodeIgniter\Router\RouteCollection->match([...], 'upload-surat-penerimaan', '\\App\\Controllers\\Sekretariat\\C_UploadSuratPenerimaan::index')
 3 SYSTEMPATH\Router\RouteCollection.php(799): CodeIgniter\Router\RouteCollection::{closure:C:\Users\ASUS\Downloads\Projectmagang_dr\Projectmagang_dr\app\Config\Routes.php:89}(Object(CodeIgniter\Router\RouteCollection))
 4 APPPATH\Config\Routes.php(89): CodeIgniter\Router\RouteCollection->group('sekretariat', [...], Object(Closure))
 5 SYSTEMPATH\Router\RouteCollection.php(339): require('C:\\Users\\ASUS\\Downloads\\Projectmagang_dr\\Projectmagang_dr\\app\\Config\\Routes.php')
 6 SYSTEMPATH\CodeIgniter.php(841): CodeIgniter\Router\RouteCollection->loadRoutes()
 7 SYSTEMPATH\CodeIgniter.php(464): CodeIgniter\CodeIgniter->tryToRouteIt(null)
 8 SYSTEMPATH\CodeIgniter.php(363): CodeIgniter\CodeIgniter->handleRequest(null, Object(Config\Cache), false)
 9 SYSTEMPATH\Boot.php(417): CodeIgniter\CodeIgniter->run()
10 SYSTEMPATH\Boot.php(68): CodeIgniter\Boot::runCodeIgniter(Object(CodeIgniter\CodeIgniter))
11 FCPATH\index.php(59): CodeIgniter\Boot::bootWeb(Object(Config\Paths))
12 SYSTEMPATH\rewrite.php(44): require_once('C:\\Users\\ASUS\\Downloads\\Projectmagang_dr\\Projectmagang_dr\\public\\index.php')
WARNING - 2026-08-21 14:18:58 --> [DEPRECATED] Passing lowercase HTTP method "post" is deprecated. Use uppercase HTTP method like "POST". in SYSTEMPATH\Router\RouteCollection.php on line 1026.
 1 SYSTEMPATH\Router\RouteCollection.php(1026): trigger_error('Passing lowercase HTTP method "post" is deprecated. Use uppercase HTTP method like "POST".', 16384)
 2 APPPATH\Config\Routes.php(144): CodeIgniter\Router\RouteCollection->match([...], 'upload-surat-penerimaan', '\\App\\Controllers\\Sekretariat\\C_UploadSuratPenerimaan::index')
 3 SYSTEMPATH\Router\RouteCollection.php(799): CodeIgniter\Router\RouteCollection::{closure:C:\Users\ASUS\Downloads\Projectmagang_dr\Projectmagang_dr\app\Config\Routes.php:89}(Object(CodeIgniter\Router\RouteCollection))
 4 APPPATH\Config\Routes.php(89): CodeIgniter\Router\RouteCollection->group('sekretariat', [...], Object(Closure))
 5 SYSTEMPATH\Router\RouteCollection.php(339): require('C:\\Users\\ASUS\\Downloads\\Projectmagang_dr\\Projectmagang_dr\\app\\Config\\Routes.php')
 6 SYSTEMPATH\CodeIgniter.php(841): CodeIgniter\Router\RouteCollection->loadRoutes()
 7 SYSTEMPATH\CodeIgniter.php(464): CodeIgniter\CodeIgniter->tryToRouteIt(null)
 8 SYSTEMPATH\CodeIgniter.php(363): CodeIgniter\CodeIgniter->handleRequest(null, Object(Config\Cache), false)
 9 SYSTEMPATH\Boot.php(417): CodeIgniter\CodeIgniter->run()
10 SYSTEMPATH\Boot.php(68): CodeIgniter\Boot::runCodeIgniter(Object(CodeIgniter\CodeIgniter))
11 FCPATH\index.php(59): CodeIgniter\Boot::bootWeb(Object(Config\Paths))
12 SYSTEMPATH\rewrite.php(44): require_once('C:\\Users\\ASUS\\Downloads\\Projectmagang_dr\\Projectmagang_dr\\public\\index.php')
WARNING - 2026-08-21 14:18:58 --> [DEPRECATED] Passing lowercase HTTP method "get" is deprecated. Use uppercase HTTP method like "GET". in SYSTEMPATH\Router\RouteCollection.php on line 1026.
 1 SYSTEMPATH\Router\RouteCollection.php(1026): trigger_error('Passing lowercase HTTP method "get" is deprecated. Use uppercase HTTP method like "GET".', 16384)
 2 APPPATH\Config\Routes.php(167): CodeIgniter\Router\RouteCollection->match([...], 'logbook', '\\App\\Controllers\\Kabid\\C_LogbookKabid::index')
 3 SYSTEMPATH\Router\RouteCollection.php(799): CodeIgniter\Router\RouteCollection::{closure:C:\Users\ASUS\Downloads\Projectmagang_dr\Projectmagang_dr\app\Config\Routes.php:153}(Object(CodeIgniter\Router\RouteCollection))
 4 APPPATH\Config\Routes.php(153): CodeIgniter\Router\RouteCollection->group('kabid', [...], Object(Closure))
 5 SYSTEMPATH\Router\RouteCollection.php(339): require('C:\\Users\\ASUS\\Downloads\\Projectmagang_dr\\Projectmagang_dr\\app\\Config\\Routes.php')
 6 SYSTEMPATH\CodeIgniter.php(841): CodeIgniter\Router\RouteCollection->loadRoutes()
 7 SYSTEMPATH\CodeIgniter.php(464): CodeIgniter\CodeIgniter->tryToRouteIt(null)
 8 SYSTEMPATH\CodeIgniter.php(363): CodeIgniter\CodeIgniter->handleRequest(null, Object(Config\Cache), false)
 9 SYSTEMPATH\Boot.php(417): CodeIgniter\CodeIgniter->run()
10 SYSTEMPATH\Boot.php(68): CodeIgniter\Boot::runCodeIgniter(Object(CodeIgniter\CodeIgniter))
11 FCPATH\index.php(59): CodeIgniter\Boot::bootWeb(Object(Config\Paths))
12 SYSTEMPATH\rewrite.php(44): require_once('C:\\Users\\ASUS\\Downloads\\Projectmagang_dr\\Projectmagang_dr\\public\\index.php')
WARNING - 2026-08-21 14:18:58 --> [DEPRECATED] Passing lowercase HTTP method "post" is deprecated. Use uppercase HTTP method like "POST". in SYSTEMPATH\Router\RouteCollection.php on line 1026.
 1 SYSTEMPATH\Router\RouteCollection.php(1026): trigger_error('Passing lowercase HTTP method "post" is deprecated. Use uppercase HTTP method like "POST".', 16384)
 2 APPPATH\Config\Routes.php(167): CodeIgniter\Router\RouteCollection->match([...], 'logbook', '\\App\\Controllers\\Kabid\\C_LogbookKabid::index')
 3 SYSTEMPATH\Router\RouteCollection.php(799): CodeIgniter\Router\RouteCollection::{closure:C:\Users\ASUS\Downloads\Projectmagang_dr\Projectmagang_dr\app\Config\Routes.php:153}(Object(CodeIgniter\Router\RouteCollection))
 4 APPPATH\Config\Routes.php(153): CodeIgniter\Router\RouteCollection->group('kabid', [...], Object(Closure))
 5 SYSTEMPATH\Router\RouteCollection.php(339): require('C:\\Users\\ASUS\\Downloads\\Projectmagang_dr\\Projectmagang_dr\\app\\Config\\Routes.php')
 6 SYSTEMPATH\CodeIgniter.php(841): CodeIgniter\Router\RouteCollection->loadRoutes()
 7 SYSTEMPATH\CodeIgniter.php(464): CodeIgniter\CodeIgniter->tryToRouteIt(null)
 8 SYSTEMPATH\CodeIgniter.php(363): CodeIgniter\CodeIgniter->handleRequest(null, Object(Config\Cache), false)
 9 SYSTEMPATH\Boot.php(417): CodeIgniter\CodeIgniter->run()
10 SYSTEMPATH\Boot.php(68): CodeIgniter\Boot::runCodeIgniter(Object(CodeIgniter\CodeIgniter))
11 FCPATH\index.php(59): CodeIgniter\Boot::bootWeb(Object(Config\Paths))
12 SYSTEMPATH\rewrite.php(44): require_once('C:\\Users\\ASUS\\Downloads\\Projectmagang_dr\\Projectmagang_dr\\public\\index.php')
WARNING - 2026-08-21 14:18:58 --> [DEPRECATED] Passing lowercase HTTP method "get" is deprecated. Use uppercase HTTP method like "GET". in SYSTEMPATH\Router\RouteCollection.php on line 1026.
 1 SYSTEMPATH\Router\RouteCollection.php(1026): trigger_error('Passing lowercase HTTP method "get" is deprecated. Use uppercase HTTP method like "GET".', 16384)
 2 APPPATH\Config\Routes.php(179): CodeIgniter\Router\RouteCollection->match([...], 'upload-dokumen', '\\App\\Controllers\\Kabid\\C_UploadDokumen::index')
 3 SYSTEMPATH\Router\RouteCollection.php(799): CodeIgniter\Router\RouteCollection::{closure:C:\Users\ASUS\Downloads\Projectmagang_dr\Projectmagang_dr\app\Config\Routes.php:153}(Object(CodeIgniter\Router\RouteCollection))
 4 APPPATH\Config\Routes.php(153): CodeIgniter\Router\RouteCollection->group('kabid', [...], Object(Closure))
 5 SYSTEMPATH\Router\RouteCollection.php(339): require('C:\\Users\\ASUS\\Downloads\\Projectmagang_dr\\Projectmagang_dr\\app\\Config\\Routes.php')
 6 SYSTEMPATH\CodeIgniter.php(841): CodeIgniter\Router\RouteCollection->loadRoutes()
 7 SYSTEMPATH\CodeIgniter.php(464): CodeIgniter\CodeIgniter->tryToRouteIt(null)
 8 SYSTEMPATH\CodeIgniter.php(363): CodeIgniter\CodeIgniter->handleRequest(null, Object(Config\Cache), false)
 9 SYSTEMPATH\Boot.php(417): CodeIgniter\CodeIgniter->run()
10 SYSTEMPATH\Boot.php(68): CodeIgniter\Boot::runCodeIgniter(Object(CodeIgniter\CodeIgniter))
11 FCPATH\index.php(59): CodeIgniter\Boot::bootWeb(Object(Config\Paths))
12 SYSTEMPATH\rewrite.php(44): require_once('C:\\Users\\ASUS\\Downloads\\Projectmagang_dr\\Projectmagang_dr\\public\\index.php')
WARNING - 2026-08-21 14:18:58 --> [DEPRECATED] Passing lowercase HTTP method "post" is deprecated. Use uppercase HTTP method like "POST". in SYSTEMPATH\Router\RouteCollection.php on line 1026.
 1 SYSTEMPATH\Router\RouteCollection.php(1026): trigger_error('Passing lowercase HTTP method "post" is deprecated. Use uppercase HTTP method like "POST".', 16384)
 2 APPPATH\Config\Routes.php(179): CodeIgniter\Router\RouteCollection->match([...], 'upload-dokumen', '\\App\\Controllers\\Kabid\\C_UploadDokumen::index')
 3 SYSTEMPATH\Router\RouteCollection.php(799): CodeIgniter\Router\RouteCollection::{closure:C:\Users\ASUS\Downloads\Projectmagang_dr\Projectmagang_dr\app\Config\Routes.php:153}(Object(CodeIgniter\Router\RouteCollection))
 4 APPPATH\Config\Routes.php(153): CodeIgniter\Router\RouteCollection->group('kabid', [...], Object(Closure))
 5 SYSTEMPATH\Router\RouteCollection.php(339): require('C:\\Users\\ASUS\\Downloads\\Projectmagang_dr\\Projectmagang_dr\\app\\Config\\Routes.php')
 6 SYSTEMPATH\CodeIgniter.php(841): CodeIgniter\Router\RouteCollection->loadRoutes()
 7 SYSTEMPATH\CodeIgniter.php(464): CodeIgniter\CodeIgniter->tryToRouteIt(null)
 8 SYSTEMPATH\CodeIgniter.php(363): CodeIgniter\CodeIgniter->handleRequest(null, Object(Config\Cache), false)
 9 SYSTEMPATH\Boot.php(417): CodeIgniter\CodeIgniter->run()
10 SYSTEMPATH\Boot.php(68): CodeIgniter\Boot::runCodeIgniter(Object(CodeIgniter\CodeIgniter))
11 FCPATH\index.php(59): CodeIgniter\Boot::bootWeb(Object(Config\Paths))
12 SYSTEMPATH\rewrite.php(44): require_once('C:\\Users\\ASUS\\Downloads\\Projectmagang_dr\\Projectmagang_dr\\public\\index.php')
DEBUG - 2026-08-21 14:18:58 --> Session: Class initialized using 'CodeIgniter\Session\Handlers\FileHandler' driver.
WARNING - 2026-08-21 14:19:14 --> [DEPRECATED] Passing lowercase HTTP method "get" is deprecated. Use uppercase HTTP method like "GET". in SYSTEMPATH\Router\RouteCollection.php on line 1026.
 1 SYSTEMPATH\Router\RouteCollection.php(1026): trigger_error('Passing lowercase HTTP method "get" is deprecated. Use uppercase HTTP method like "GET".', 16384)
 2 APPPATH\Config\Routes.php(77): CodeIgniter\Router\RouteCollection->match([...], 'logbook', 'C_Logbook::logbook')
 3 SYSTEMPATH\Router\RouteCollection.php(799): CodeIgniter\Router\RouteCollection::{closure:C:\Users\ASUS\Downloads\Projectmagang_dr\Projectmagang_dr\app\Config\Routes.php:59}(Object(CodeIgniter\Router\RouteCollection))
 4 APPPATH\Config\Routes.php(59): CodeIgniter\Router\RouteCollection->group('mahasiswa', [...], Object(Closure))
 5 SYSTEMPATH\Router\RouteCollection.php(339): require('C:\\Users\\ASUS\\Downloads\\Projectmagang_dr\\Projectmagang_dr\\app\\Config\\Routes.php')
 6 SYSTEMPATH\CodeIgniter.php(841): CodeIgniter\Router\RouteCollection->loadRoutes()
 7 SYSTEMPATH\CodeIgniter.php(464): CodeIgniter\CodeIgniter->tryToRouteIt(null)
 8 SYSTEMPATH\CodeIgniter.php(363): CodeIgniter\CodeIgniter->handleRequest(null, Object(Config\Cache), false)
 9 SYSTEMPATH\Boot.php(417): CodeIgniter\CodeIgniter->run()
10 SYSTEMPATH\Boot.php(68): CodeIgniter\Boot::runCodeIgniter(Object(CodeIgniter\CodeIgniter))
11 FCPATH\index.php(59): CodeIgniter\Boot::bootWeb(Object(Config\Paths))
12 SYSTEMPATH\rewrite.php(44): require_once('C:\\Users\\ASUS\\Downloads\\Projectmagang_dr\\Projectmagang_dr\\public\\index.php')
WARNING - 2026-08-21 14:19:14 --> [DEPRECATED] Passing lowercase HTTP method "post" is deprecated. Use uppercase HTTP method like "POST". in SYSTEMPATH\Router\RouteCollection.php on line 1026.
 1 SYSTEMPATH\Router\RouteCollection.php(1026): trigger_error('Passing lowercase HTTP method "post" is deprecated. Use uppercase HTTP method like "POST".', 16384)
 2 APPPATH\Config\Routes.php(77): CodeIgniter\Router\RouteCollection->match([...], 'logbook', 'C_Logbook::logbook')
 3 SYSTEMPATH\Router\RouteCollection.php(799): CodeIgniter\Router\RouteCollection::{closure:C:\Users\ASUS\Downloads\Projectmagang_dr\Projectmagang_dr\app\Config\Routes.php:59}(Object(CodeIgniter\Router\RouteCollection))
 4 APPPATH\Config\Routes.php(59): CodeIgniter\Router\RouteCollection->group('mahasiswa', [...], Object(Closure))
 5 SYSTEMPATH\Router\RouteCollection.php(339): require('C:\\Users\\ASUS\\Downloads\\Projectmagang_dr\\Projectmagang_dr\\app\\Config\\Routes.php')
 6 SYSTEMPATH\CodeIgniter.php(841): CodeIgniter\Router\RouteCollection->loadRoutes()
 7 SYSTEMPATH\CodeIgniter.php(464): CodeIgniter\CodeIgniter->tryToRouteIt(null)
 8 SYSTEMPATH\CodeIgniter.php(363): CodeIgniter\CodeIgniter->handleRequest(null, Object(Config\Cache), false)
 9 SYSTEMPATH\Boot.php(417): CodeIgniter\CodeIgniter->run()
10 SYSTEMPATH\Boot.php(68): CodeIgniter\Boot::runCodeIgniter(Object(CodeIgniter\CodeIgniter))
11 FCPATH\index.php(59): CodeIgniter\Boot::bootWeb(Object(Config\Paths))
12 SYSTEMPATH\rewrite.php(44): require_once('C:\\Users\\ASUS\\Downloads\\Projectmagang_dr\\Projectmagang_dr\\public\\index.php')
WARNING - 2026-08-21 14:19:14 --> [DEPRECATED] Passing lowercase HTTP method "get" is deprecated. Use uppercase HTTP method like "GET". in SYSTEMPATH\Router\RouteCollection.php on line 1026.
 1 SYSTEMPATH\Router\RouteCollection.php(1026): trigger_error('Passing lowercase HTTP method "get" is deprecated. Use uppercase HTTP method like "GET".', 16384)
 2 APPPATH\Config\Routes.php(95): CodeIgniter\Router\RouteCollection->match([...], 'verifikasi', '\\App\\Controllers\\Sekretariat\\C_Verifikasi::index')
 3 SYSTEMPATH\Router\RouteCollection.php(799): CodeIgniter\Router\RouteCollection::{closure:C:\Users\ASUS\Downloads\Projectmagang_dr\Projectmagang_dr\app\Config\Routes.php:89}(Object(CodeIgniter\Router\RouteCollection))
 4 APPPATH\Config\Routes.php(89): CodeIgniter\Router\RouteCollection->group('sekretariat', [...], Object(Closure))
 5 SYSTEMPATH\Router\RouteCollection.php(339): require('C:\\Users\\ASUS\\Downloads\\Projectmagang_dr\\Projectmagang_dr\\app\\Config\\Routes.php')
 6 SYSTEMPATH\CodeIgniter.php(841): CodeIgniter\Router\RouteCollection->loadRoutes()
 7 SYSTEMPATH\CodeIgniter.php(464): CodeIgniter\CodeIgniter->tryToRouteIt(null)
 8 SYSTEMPATH\CodeIgniter.php(363): CodeIgniter\CodeIgniter->handleRequest(null, Object(Config\Cache), false)
 9 SYSTEMPATH\Boot.php(417): CodeIgniter\CodeIgniter->run()
10 SYSTEMPATH\Boot.php(68): CodeIgniter\Boot::runCodeIgniter(Object(CodeIgniter\CodeIgniter))
11 FCPATH\index.php(59): CodeIgniter\Boot::bootWeb(Object(Config\Paths))
12 SYSTEMPATH\rewrite.php(44): require_once('C:\\Users\\ASUS\\Downloads\\Projectmagang_dr\\Projectmagang_dr\\public\\index.php')
WARNING - 2026-08-21 14:19:14 --> [DEPRECATED] Passing lowercase HTTP method "post" is deprecated. Use uppercase HTTP method like "POST". in SYSTEMPATH\Router\RouteCollection.php on line 1026.
 1 SYSTEMPATH\Router\RouteCollection.php(1026): trigger_error('Passing lowercase HTTP method "post" is deprecated. Use uppercase HTTP method like "POST".', 16384)
 2 APPPATH\Config\Routes.php(95): CodeIgniter\Router\RouteCollection->match([...], 'verifikasi', '\\App\\Controllers\\Sekretariat\\C_Verifikasi::index')
 3 SYSTEMPATH\Router\RouteCollection.php(799): CodeIgniter\Router\RouteCollection::{closure:C:\Users\ASUS\Downloads\Projectmagang_dr\Projectmagang_dr\app\Config\Routes.php:89}(Object(CodeIgniter\Router\RouteCollection))
 4 APPPATH\Config\Routes.php(89): CodeIgniter\Router\RouteCollection->group('sekretariat', [...], Object(Closure))
 5 SYSTEMPATH\Router\RouteCollection.php(339): require('C:\\Users\\ASUS\\Downloads\\Projectmagang_dr\\Projectmagang_dr\\app\\Config\\Routes.php')
 6 SYSTEMPATH\CodeIgniter.php(841): CodeIgniter\Router\RouteCollection->loadRoutes()
 7 SYSTEMPATH\CodeIgniter.php(464): CodeIgniter\CodeIgniter->tryToRouteIt(null)
 8 SYSTEMPATH\CodeIgniter.php(363): CodeIgniter\CodeIgniter->handleRequest(null, Object(Config\Cache), false)
 9 SYSTEMPATH\Boot.php(417): CodeIgniter\CodeIgniter->run()
10 SYSTEMPATH\Boot.php(68): CodeIgniter\Boot::runCodeIgniter(Object(CodeIgniter\CodeIgniter))
11 FCPATH\index.php(59): CodeIgniter\Boot::bootWeb(Object(Config\Paths))
12 SYSTEMPATH\rewrite.php(44): require_once('C:\\Users\\ASUS\\Downloads\\Projectmagang_dr\\Projectmagang_dr\\public\\index.php')
WARNING - 2026-08-21 14:19:14 --> [DEPRECATED] Passing lowercase HTTP method "get" is deprecated. Use uppercase HTTP method like "GET". in SYSTEMPATH\Router\RouteCollection.php on line 1026.
 1 SYSTEMPATH\Router\RouteCollection.php(1026): trigger_error('Passing lowercase HTTP method "get" is deprecated. Use uppercase HTTP method like "GET".', 16384)
 2 APPPATH\Config\Routes.php(144): CodeIgniter\Router\RouteCollection->match([...], 'upload-surat-penerimaan', '\\App\\Controllers\\Sekretariat\\C_UploadSuratPenerimaan::index')
 3 SYSTEMPATH\Router\RouteCollection.php(799): CodeIgniter\Router\RouteCollection::{closure:C:\Users\ASUS\Downloads\Projectmagang_dr\Projectmagang_dr\app\Config\Routes.php:89}(Object(CodeIgniter\Router\RouteCollection))
 4 APPPATH\Config\Routes.php(89): CodeIgniter\Router\RouteCollection->group('sekretariat', [...], Object(Closure))
 5 SYSTEMPATH\Router\RouteCollection.php(339): require('C:\\Users\\ASUS\\Downloads\\Projectmagang_dr\\Projectmagang_dr\\app\\Config\\Routes.php')
 6 SYSTEMPATH\CodeIgniter.php(841): CodeIgniter\Router\RouteCollection->loadRoutes()
 7 SYSTEMPATH\CodeIgniter.php(464): CodeIgniter\CodeIgniter->tryToRouteIt(null)
 8 SYSTEMPATH\CodeIgniter.php(363): CodeIgniter\CodeIgniter->handleRequest(null, Object(Config\Cache), false)
 9 SYSTEMPATH\Boot.php(417): CodeIgniter\CodeIgniter->run()
10 SYSTEMPATH\Boot.php(68): CodeIgniter\Boot::runCodeIgniter(Object(CodeIgniter\CodeIgniter))
11 FCPATH\index.php(59): CodeIgniter\Boot::bootWeb(Object(Config\Paths))
12 SYSTEMPATH\rewrite.php(44): require_once('C:\\Users\\ASUS\\Downloads\\Projectmagang_dr\\Projectmagang_dr\\public\\index.php')
WARNING - 2026-08-21 14:19:14 --> [DEPRECATED] Passing lowercase HTTP method "post" is deprecated. Use uppercase HTTP method like "POST". in SYSTEMPATH\Router\RouteCollection.php on line 1026.
 1 SYSTEMPATH\Router\RouteCollection.php(1026): trigger_error('Passing lowercase HTTP method "post" is deprecated. Use uppercase HTTP method like "POST".', 16384)
 2 APPPATH\Config\Routes.php(144): CodeIgniter\Router\RouteCollection->match([...], 'upload-surat-penerimaan', '\\App\\Controllers\\Sekretariat\\C_UploadSuratPenerimaan::index')
 3 SYSTEMPATH\Router\RouteCollection.php(799): CodeIgniter\Router\RouteCollection::{closure:C:\Users\ASUS\Downloads\Projectmagang_dr\Projectmagang_dr\app\Config\Routes.php:89}(Object(CodeIgniter\Router\RouteCollection))
 4 APPPATH\Config\Routes.php(89): CodeIgniter\Router\RouteCollection->group('sekretariat', [...], Object(Closure))
 5 SYSTEMPATH\Router\RouteCollection.php(339): require('C:\\Users\\ASUS\\Downloads\\Projectmagang_dr\\Projectmagang_dr\\app\\Config\\Routes.php')
 6 SYSTEMPATH\CodeIgniter.php(841): CodeIgniter\Router\RouteCollection->loadRoutes()
 7 SYSTEMPATH\CodeIgniter.php(464): CodeIgniter\CodeIgniter->tryToRouteIt(null)
 8 SYSTEMPATH\CodeIgniter.php(363): CodeIgniter\CodeIgniter->handleRequest(null, Object(Config\Cache), false)
 9 SYSTEMPATH\Boot.php(417): CodeIgniter\CodeIgniter->run()
10 SYSTEMPATH\Boot.php(68): CodeIgniter\Boot::runCodeIgniter(Object(CodeIgniter\CodeIgniter))
11 FCPATH\index.php(59): CodeIgniter\Boot::bootWeb(Object(Config\Paths))
12 SYSTEMPATH\rewrite.php(44): require_once('C:\\Users\\ASUS\\Downloads\\Projectmagang_dr\\Projectmagang_dr\\public\\index.php')
WARNING - 2026-08-21 14:19:14 --> [DEPRECATED] Passing lowercase HTTP method "get" is deprecated. Use uppercase HTTP method like "GET". in SYSTEMPATH\Router\RouteCollection.php on line 1026.
 1 SYSTEMPATH\Router\RouteCollection.php(1026): trigger_error('Passing lowercase HTTP method "get" is deprecated. Use uppercase HTTP method like "GET".', 16384)
 2 APPPATH\Config\Routes.php(167): CodeIgniter\Router\RouteCollection->match([...], 'logbook', '\\App\\Controllers\\Kabid\\C_LogbookKabid::index')
 3 SYSTEMPATH\Router\RouteCollection.php(799): CodeIgniter\Router\RouteCollection::{closure:C:\Users\ASUS\Downloads\Projectmagang_dr\Projectmagang_dr\app\Config\Routes.php:153}(Object(CodeIgniter\Router\RouteCollection))
 4 APPPATH\Config\Routes.php(153): CodeIgniter\Router\RouteCollection->group('kabid', [...], Object(Closure))
 5 SYSTEMPATH\Router\RouteCollection.php(339): require('C:\\Users\\ASUS\\Downloads\\Projectmagang_dr\\Projectmagang_dr\\app\\Config\\Routes.php')
 6 SYSTEMPATH\CodeIgniter.php(841): CodeIgniter\Router\RouteCollection->loadRoutes()
 7 SYSTEMPATH\CodeIgniter.php(464): CodeIgniter\CodeIgniter->tryToRouteIt(null)
 8 SYSTEMPATH\CodeIgniter.php(363): CodeIgniter\CodeIgniter->handleRequest(null, Object(Config\Cache), false)
 9 SYSTEMPATH\Boot.php(417): CodeIgniter\CodeIgniter->run()
10 SYSTEMPATH\Boot.php(68): CodeIgniter\Boot::runCodeIgniter(Object(CodeIgniter\CodeIgniter))
11 FCPATH\index.php(59): CodeIgniter\Boot::bootWeb(Object(Config\Paths))
12 SYSTEMPATH\rewrite.php(44): require_once('C:\\Users\\ASUS\\Downloads\\Projectmagang_dr\\Projectmagang_dr\\public\\index.php')
WARNING - 2026-08-21 14:19:14 --> [DEPRECATED] Passing lowercase HTTP method "post" is deprecated. Use uppercase HTTP method like "POST". in SYSTEMPATH\Router\RouteCollection.php on line 1026.
 1 SYSTEMPATH\Router\RouteCollection.php(1026): trigger_error('Passing lowercase HTTP method "post" is deprecated. Use uppercase HTTP method like "POST".', 16384)
 2 APPPATH\Config\Routes.php(167): CodeIgniter\Router\RouteCollection->match([...], 'logbook', '\\App\\Controllers\\Kabid\\C_LogbookKabid::index')
 3 SYSTEMPATH\Router\RouteCollection.php(799): CodeIgniter\Router\RouteCollection::{closure:C:\Users\ASUS\Downloads\Projectmagang_dr\Projectmagang_dr\app\Config\Routes.php:153}(Object(CodeIgniter\Router\RouteCollection))
 4 APPPATH\Config\Routes.php(153): CodeIgniter\Router\RouteCollection->group('kabid', [...], Object(Closure))
 5 SYSTEMPATH\Router\RouteCollection.php(339): require('C:\\Users\\ASUS\\Downloads\\Projectmagang_dr\\Projectmagang_dr\\app\\Config\\Routes.php')
 6 SYSTEMPATH\CodeIgniter.php(841): CodeIgniter\Router\RouteCollection->loadRoutes()
 7 SYSTEMPATH\CodeIgniter.php(464): CodeIgniter\CodeIgniter->tryToRouteIt(null)
 8 SYSTEMPATH\CodeIgniter.php(363): CodeIgniter\CodeIgniter->handleRequest(null, Object(Config\Cache), false)
 9 SYSTEMPATH\Boot.php(417): CodeIgniter\CodeIgniter->run()
10 SYSTEMPATH\Boot.php(68): CodeIgniter\Boot::runCodeIgniter(Object(CodeIgniter\CodeIgniter))
11 FCPATH\index.php(59): CodeIgniter\Boot::bootWeb(Object(Config\Paths))
12 SYSTEMPATH\rewrite.php(44): require_once('C:\\Users\\ASUS\\Downloads\\Projectmagang_dr\\Projectmagang_dr\\public\\index.php')
WARNING - 2026-08-21 14:19:14 --> [DEPRECATED] Passing lowercase HTTP method "get" is deprecated. Use uppercase HTTP method like "GET". in SYSTEMPATH\Router\RouteCollection.php on line 1026.
 1 SYSTEMPATH\Router\RouteCollection.php(1026): trigger_error('Passing lowercase HTTP method "get" is deprecated. Use uppercase HTTP method like "GET".', 16384)
 2 APPPATH\Config\Routes.php(179): CodeIgniter\Router\RouteCollection->match([...], 'upload-dokumen', '\\App\\Controllers\\Kabid\\C_UploadDokumen::index')
 3 SYSTEMPATH\Router\RouteCollection.php(799): CodeIgniter\Router\RouteCollection::{closure:C:\Users\ASUS\Downloads\Projectmagang_dr\Projectmagang_dr\app\Config\Routes.php:153}(Object(CodeIgniter\Router\RouteCollection))
 4 APPPATH\Config\Routes.php(153): CodeIgniter\Router\RouteCollection->group('kabid', [...], Object(Closure))
 5 SYSTEMPATH\Router\RouteCollection.php(339): require('C:\\Users\\ASUS\\Downloads\\Projectmagang_dr\\Projectmagang_dr\\app\\Config\\Routes.php')
 6 SYSTEMPATH\CodeIgniter.php(841): CodeIgniter\Router\RouteCollection->loadRoutes()
 7 SYSTEMPATH\CodeIgniter.php(464): CodeIgniter\CodeIgniter->tryToRouteIt(null)
 8 SYSTEMPATH\CodeIgniter.php(363): CodeIgniter\CodeIgniter->handleRequest(null, Object(Config\Cache), false)
 9 SYSTEMPATH\Boot.php(417): CodeIgniter\CodeIgniter->run()
10 SYSTEMPATH\Boot.php(68): CodeIgniter\Boot::runCodeIgniter(Object(CodeIgniter\CodeIgniter))
11 FCPATH\index.php(59): CodeIgniter\Boot::bootWeb(Object(Config\Paths))
12 SYSTEMPATH\rewrite.php(44): require_once('C:\\Users\\ASUS\\Downloads\\Projectmagang_dr\\Projectmagang_dr\\public\\index.php')
WARNING - 2026-08-21 14:19:14 --> [DEPRECATED] Passing lowercase HTTP method "post" is deprecated. Use uppercase HTTP method like "POST". in SYSTEMPATH\Router\RouteCollection.php on line 1026.
 1 SYSTEMPATH\Router\RouteCollection.php(1026): trigger_error('Passing lowercase HTTP method "post" is deprecated. Use uppercase HTTP method like "POST".', 16384)
 2 APPPATH\Config\Routes.php(179): CodeIgniter\Router\RouteCollection->match([...], 'upload-dokumen', '\\App\\Controllers\\Kabid\\C_UploadDokumen::index')
 3 SYSTEMPATH\Router\RouteCollection.php(799): CodeIgniter\Router\RouteCollection::{closure:C:\Users\ASUS\Downloads\Projectmagang_dr\Projectmagang_dr\app\Config\Routes.php:153}(Object(CodeIgniter\Router\RouteCollection))
 4 APPPATH\Config\Routes.php(153): CodeIgniter\Router\RouteCollection->group('kabid', [...], Object(Closure))
 5 SYSTEMPATH\Router\RouteCollection.php(339): require('C:\\Users\\ASUS\\Downloads\\Projectmagang_dr\\Projectmagang_dr\\app\\Config\\Routes.php')
 6 SYSTEMPATH\CodeIgniter.php(841): CodeIgniter\Router\RouteCollection->loadRoutes()
 7 SYSTEMPATH\CodeIgniter.php(464): CodeIgniter\CodeIgniter->tryToRouteIt(null)
 8 SYSTEMPATH\CodeIgniter.php(363): CodeIgniter\CodeIgniter->handleRequest(null, Object(Config\Cache), false)
 9 SYSTEMPATH\Boot.php(417): CodeIgniter\CodeIgniter->run()
10 SYSTEMPATH\Boot.php(68): CodeIgniter\Boot::runCodeIgniter(Object(CodeIgniter\CodeIgniter))
11 FCPATH\index.php(59): CodeIgniter\Boot::bootWeb(Object(Config\Paths))
12 SYSTEMPATH\rewrite.php(44): require_once('C:\\Users\\ASUS\\Downloads\\Projectmagang_dr\\Projectmagang_dr\\public\\index.php')
DEBUG - 2026-08-21 14:19:15 --> Session: Class initialized using 'CodeIgniter\Session\Handlers\FileHandler' driver.
WARNING - 2026-08-21 14:19:15 --> [DEPRECATED] Passing lowercase HTTP method "get" is deprecated. Use uppercase HTTP method like "GET". in SYSTEMPATH\Router\RouteCollection.php on line 1026.
 1 SYSTEMPATH\Router\RouteCollection.php(1026): trigger_error('Passing lowercase HTTP method "get" is deprecated. Use uppercase HTTP method like "GET".', 16384)
 2 APPPATH\Config\Routes.php(77): CodeIgniter\Router\RouteCollection->match([...], 'logbook', 'C_Logbook::logbook')
 3 SYSTEMPATH\Router\RouteCollection.php(799): CodeIgniter\Router\RouteCollection::{closure:C:\Users\ASUS\Downloads\Projectmagang_dr\Projectmagang_dr\app\Config\Routes.php:59}(Object(CodeIgniter\Router\RouteCollection))
 4 APPPATH\Config\Routes.php(59): CodeIgniter\Router\RouteCollection->group('mahasiswa', [...], Object(Closure))
 5 SYSTEMPATH\Router\RouteCollection.php(339): require('C:\\Users\\ASUS\\Downloads\\Projectmagang_dr\\Projectmagang_dr\\app\\Config\\Routes.php')
 6 SYSTEMPATH\CodeIgniter.php(841): CodeIgniter\Router\RouteCollection->loadRoutes()
 7 SYSTEMPATH\CodeIgniter.php(464): CodeIgniter\CodeIgniter->tryToRouteIt(null)
 8 SYSTEMPATH\CodeIgniter.php(363): CodeIgniter\CodeIgniter->handleRequest(null, Object(Config\Cache), false)
 9 SYSTEMPATH\Boot.php(417): CodeIgniter\CodeIgniter->run()
10 SYSTEMPATH\Boot.php(68): CodeIgniter\Boot::runCodeIgniter(Object(CodeIgniter\CodeIgniter))
11 FCPATH\index.php(59): CodeIgniter\Boot::bootWeb(Object(Config\Paths))
12 SYSTEMPATH\rewrite.php(44): require_once('C:\\Users\\ASUS\\Downloads\\Projectmagang_dr\\Projectmagang_dr\\public\\index.php')
WARNING - 2026-08-21 14:19:15 --> [DEPRECATED] Passing lowercase HTTP method "post" is deprecated. Use uppercase HTTP method like "POST". in SYSTEMPATH\Router\RouteCollection.php on line 1026.
 1 SYSTEMPATH\Router\RouteCollection.php(1026): trigger_error('Passing lowercase HTTP method "post" is deprecated. Use uppercase HTTP method like "POST".', 16384)
 2 APPPATH\Config\Routes.php(77): CodeIgniter\Router\RouteCollection->match([...], 'logbook', 'C_Logbook::logbook')
 3 SYSTEMPATH\Router\RouteCollection.php(799): CodeIgniter\Router\RouteCollection::{closure:C:\Users\ASUS\Downloads\Projectmagang_dr\Projectmagang_dr\app\Config\Routes.php:59}(Object(CodeIgniter\Router\RouteCollection))
 4 APPPATH\Config\Routes.php(59): CodeIgniter\Router\RouteCollection->group('mahasiswa', [...], Object(Closure))
 5 SYSTEMPATH\Router\RouteCollection.php(339): require('C:\\Users\\ASUS\\Downloads\\Projectmagang_dr\\Projectmagang_dr\\app\\Config\\Routes.php')
 6 SYSTEMPATH\CodeIgniter.php(841): CodeIgniter\Router\RouteCollection->loadRoutes()
 7 SYSTEMPATH\CodeIgniter.php(464): CodeIgniter\CodeIgniter->tryToRouteIt(null)
 8 SYSTEMPATH\CodeIgniter.php(363): CodeIgniter\CodeIgniter->handleRequest(null, Object(Config\Cache), false)
 9 SYSTEMPATH\Boot.php(417): CodeIgniter\CodeIgniter->run()
10 SYSTEMPATH\Boot.php(68): CodeIgniter\Boot::runCodeIgniter(Object(CodeIgniter\CodeIgniter))
11 FCPATH\index.php(59): CodeIgniter\Boot::bootWeb(Object(Config\Paths))
12 SYSTEMPATH\rewrite.php(44): require_once('C:\\Users\\ASUS\\Downloads\\Projectmagang_dr\\Projectmagang_dr\\public\\index.php')
WARNING - 2026-08-21 14:19:15 --> [DEPRECATED] Passing lowercase HTTP method "get" is deprecated. Use uppercase HTTP method like "GET". in SYSTEMPATH\Router\RouteCollection.php on line 1026.
 1 SYSTEMPATH\Router\RouteCollection.php(1026): trigger_error('Passing lowercase HTTP method "get" is deprecated. Use uppercase HTTP method like "GET".', 16384)
 2 APPPATH\Config\Routes.php(95): CodeIgniter\Router\RouteCollection->match([...], 'verifikasi', '\\App\\Controllers\\Sekretariat\\C_Verifikasi::index')
 3 SYSTEMPATH\Router\RouteCollection.php(799): CodeIgniter\Router\RouteCollection::{closure:C:\Users\ASUS\Downloads\Projectmagang_dr\Projectmagang_dr\app\Config\Routes.php:89}(Object(CodeIgniter\Router\RouteCollection))
 4 APPPATH\Config\Routes.php(89): CodeIgniter\Router\RouteCollection->group('sekretariat', [...], Object(Closure))
 5 SYSTEMPATH\Router\RouteCollection.php(339): require('C:\\Users\\ASUS\\Downloads\\Projectmagang_dr\\Projectmagang_dr\\app\\Config\\Routes.php')
 6 SYSTEMPATH\CodeIgniter.php(841): CodeIgniter\Router\RouteCollection->loadRoutes()
 7 SYSTEMPATH\CodeIgniter.php(464): CodeIgniter\CodeIgniter->tryToRouteIt(null)
 8 SYSTEMPATH\CodeIgniter.php(363): CodeIgniter\CodeIgniter->handleRequest(null, Object(Config\Cache), false)
 9 SYSTEMPATH\Boot.php(417): CodeIgniter\CodeIgniter->run()
10 SYSTEMPATH\Boot.php(68): CodeIgniter\Boot::runCodeIgniter(Object(CodeIgniter\CodeIgniter))
11 FCPATH\index.php(59): CodeIgniter\Boot::bootWeb(Object(Config\Paths))
12 SYSTEMPATH\rewrite.php(44): require_once('C:\\Users\\ASUS\\Downloads\\Projectmagang_dr\\Projectmagang_dr\\public\\index.php')
WARNING - 2026-08-21 14:19:15 --> [DEPRECATED] Passing lowercase HTTP method "post" is deprecated. Use uppercase HTTP method like "POST". in SYSTEMPATH\Router\RouteCollection.php on line 1026.
 1 SYSTEMPATH\Router\RouteCollection.php(1026): trigger_error('Passing lowercase HTTP method "post" is deprecated. Use uppercase HTTP method like "POST".', 16384)
 2 APPPATH\Config\Routes.php(95): CodeIgniter\Router\RouteCollection->match([...], 'verifikasi', '\\App\\Controllers\\Sekretariat\\C_Verifikasi::index')
 3 SYSTEMPATH\Router\RouteCollection.php(799): CodeIgniter\Router\RouteCollection::{closure:C:\Users\ASUS\Downloads\Projectmagang_dr\Projectmagang_dr\app\Config\Routes.php:89}(Object(CodeIgniter\Router\RouteCollection))
 4 APPPATH\Config\Routes.php(89): CodeIgniter\Router\RouteCollection->group('sekretariat', [...], Object(Closure))
 5 SYSTEMPATH\Router\RouteCollection.php(339): require('C:\\Users\\ASUS\\Downloads\\Projectmagang_dr\\Projectmagang_dr\\app\\Config\\Routes.php')
 6 SYSTEMPATH\CodeIgniter.php(841): CodeIgniter\Router\RouteCollection->loadRoutes()
 7 SYSTEMPATH\CodeIgniter.php(464): CodeIgniter\CodeIgniter->tryToRouteIt(null)
 8 SYSTEMPATH\CodeIgniter.php(363): CodeIgniter\CodeIgniter->handleRequest(null, Object(Config\Cache), false)
 9 SYSTEMPATH\Boot.php(417): CodeIgniter\CodeIgniter->run()
10 SYSTEMPATH\Boot.php(68): CodeIgniter\Boot::runCodeIgniter(Object(CodeIgniter\CodeIgniter))
11 FCPATH\index.php(59): CodeIgniter\Boot::bootWeb(Object(Config\Paths))
12 SYSTEMPATH\rewrite.php(44): require_once('C:\\Users\\ASUS\\Downloads\\Projectmagang_dr\\Projectmagang_dr\\public\\index.php')
WARNING - 2026-08-21 14:19:15 --> [DEPRECATED] Passing lowercase HTTP method "get" is deprecated. Use uppercase HTTP method like "GET". in SYSTEMPATH\Router\RouteCollection.php on line 1026.
 1 SYSTEMPATH\Router\RouteCollection.php(1026): trigger_error('Passing lowercase HTTP method "get" is deprecated. Use uppercase HTTP method like "GET".', 16384)
 2 APPPATH\Config\Routes.php(144): CodeIgniter\Router\RouteCollection->match([...], 'upload-surat-penerimaan', '\\App\\Controllers\\Sekretariat\\C_UploadSuratPenerimaan::index')
 3 SYSTEMPATH\Router\RouteCollection.php(799): CodeIgniter\Router\RouteCollection::{closure:C:\Users\ASUS\Downloads\Projectmagang_dr\Projectmagang_dr\app\Config\Routes.php:89}(Object(CodeIgniter\Router\RouteCollection))
 4 APPPATH\Config\Routes.php(89): CodeIgniter\Router\RouteCollection->group('sekretariat', [...], Object(Closure))
 5 SYSTEMPATH\Router\RouteCollection.php(339): require('C:\\Users\\ASUS\\Downloads\\Projectmagang_dr\\Projectmagang_dr\\app\\Config\\Routes.php')
 6 SYSTEMPATH\CodeIgniter.php(841): CodeIgniter\Router\RouteCollection->loadRoutes()
 7 SYSTEMPATH\CodeIgniter.php(464): CodeIgniter\CodeIgniter->tryToRouteIt(null)
 8 SYSTEMPATH\CodeIgniter.php(363): CodeIgniter\CodeIgniter->handleRequest(null, Object(Config\Cache), false)
 9 SYSTEMPATH\Boot.php(417): CodeIgniter\CodeIgniter->run()
10 SYSTEMPATH\Boot.php(68): CodeIgniter\Boot::runCodeIgniter(Object(CodeIgniter\CodeIgniter))
11 FCPATH\index.php(59): CodeIgniter\Boot::bootWeb(Object(Config\Paths))
12 SYSTEMPATH\rewrite.php(44): require_once('C:\\Users\\ASUS\\Downloads\\Projectmagang_dr\\Projectmagang_dr\\public\\index.php')
WARNING - 2026-08-21 14:19:15 --> [DEPRECATED] Passing lowercase HTTP method "post" is deprecated. Use uppercase HTTP method like "POST". in SYSTEMPATH\Router\RouteCollection.php on line 1026.
 1 SYSTEMPATH\Router\RouteCollection.php(1026): trigger_error('Passing lowercase HTTP method "post" is deprecated. Use uppercase HTTP method like "POST".', 16384)
 2 APPPATH\Config\Routes.php(144): CodeIgniter\Router\RouteCollection->match([...], 'upload-surat-penerimaan', '\\App\\Controllers\\Sekretariat\\C_UploadSuratPenerimaan::index')
 3 SYSTEMPATH\Router\RouteCollection.php(799): CodeIgniter\Router\RouteCollection::{closure:C:\Users\ASUS\Downloads\Projectmagang_dr\Projectmagang_dr\app\Config\Routes.php:89}(Object(CodeIgniter\Router\RouteCollection))
 4 APPPATH\Config\Routes.php(89): CodeIgniter\Router\RouteCollection->group('sekretariat', [...], Object(Closure))
 5 SYSTEMPATH\Router\RouteCollection.php(339): require('C:\\Users\\ASUS\\Downloads\\Projectmagang_dr\\Projectmagang_dr\\app\\Config\\Routes.php')
 6 SYSTEMPATH\CodeIgniter.php(841): CodeIgniter\Router\RouteCollection->loadRoutes()
 7 SYSTEMPATH\CodeIgniter.php(464): CodeIgniter\CodeIgniter->tryToRouteIt(null)
 8 SYSTEMPATH\CodeIgniter.php(363): CodeIgniter\CodeIgniter->handleRequest(null, Object(Config\Cache), false)
 9 SYSTEMPATH\Boot.php(417): CodeIgniter\CodeIgniter->run()
10 SYSTEMPATH\Boot.php(68): CodeIgniter\Boot::runCodeIgniter(Object(CodeIgniter\CodeIgniter))
11 FCPATH\index.php(59): CodeIgniter\Boot::bootWeb(Object(Config\Paths))
12 SYSTEMPATH\rewrite.php(44): require_once('C:\\Users\\ASUS\\Downloads\\Projectmagang_dr\\Projectmagang_dr\\public\\index.php')
WARNING - 2026-08-21 14:19:15 --> [DEPRECATED] Passing lowercase HTTP method "get" is deprecated. Use uppercase HTTP method like "GET". in SYSTEMPATH\Router\RouteCollection.php on line 1026.
 1 SYSTEMPATH\Router\RouteCollection.php(1026): trigger_error('Passing lowercase HTTP method "get" is deprecated. Use uppercase HTTP method like "GET".', 16384)
 2 APPPATH\Config\Routes.php(167): CodeIgniter\Router\RouteCollection->match([...], 'logbook', '\\App\\Controllers\\Kabid\\C_LogbookKabid::index')
 3 SYSTEMPATH\Router\RouteCollection.php(799): CodeIgniter\Router\RouteCollection::{closure:C:\Users\ASUS\Downloads\Projectmagang_dr\Projectmagang_dr\app\Config\Routes.php:153}(Object(CodeIgniter\Router\RouteCollection))
 4 APPPATH\Config\Routes.php(153): CodeIgniter\Router\RouteCollection->group('kabid', [...], Object(Closure))
 5 SYSTEMPATH\Router\RouteCollection.php(339): require('C:\\Users\\ASUS\\Downloads\\Projectmagang_dr\\Projectmagang_dr\\app\\Config\\Routes.php')
 6 SYSTEMPATH\CodeIgniter.php(841): CodeIgniter\Router\RouteCollection->loadRoutes()
 7 SYSTEMPATH\CodeIgniter.php(464): CodeIgniter\CodeIgniter->tryToRouteIt(null)
 8 SYSTEMPATH\CodeIgniter.php(363): CodeIgniter\CodeIgniter->handleRequest(null, Object(Config\Cache), false)
 9 SYSTEMPATH\Boot.php(417): CodeIgniter\CodeIgniter->run()
10 SYSTEMPATH\Boot.php(68): CodeIgniter\Boot::runCodeIgniter(Object(CodeIgniter\CodeIgniter))
11 FCPATH\index.php(59): CodeIgniter\Boot::bootWeb(Object(Config\Paths))
12 SYSTEMPATH\rewrite.php(44): require_once('C:\\Users\\ASUS\\Downloads\\Projectmagang_dr\\Projectmagang_dr\\public\\index.php')
WARNING - 2026-08-21 14:19:15 --> [DEPRECATED] Passing lowercase HTTP method "post" is deprecated. Use uppercase HTTP method like "POST". in SYSTEMPATH\Router\RouteCollection.php on line 1026.
 1 SYSTEMPATH\Router\RouteCollection.php(1026): trigger_error('Passing lowercase HTTP method "post" is deprecated. Use uppercase HTTP method like "POST".', 16384)
 2 APPPATH\Config\Routes.php(167): CodeIgniter\Router\RouteCollection->match([...], 'logbook', '\\App\\Controllers\\Kabid\\C_LogbookKabid::index')
 3 SYSTEMPATH\Router\RouteCollection.php(799): CodeIgniter\Router\RouteCollection::{closure:C:\Users\ASUS\Downloads\Projectmagang_dr\Projectmagang_dr\app\Config\Routes.php:153}(Object(CodeIgniter\Router\RouteCollection))
 4 APPPATH\Config\Routes.php(153): CodeIgniter\Router\RouteCollection->group('kabid', [...], Object(Closure))
 5 SYSTEMPATH\Router\RouteCollection.php(339): require('C:\\Users\\ASUS\\Downloads\\Projectmagang_dr\\Projectmagang_dr\\app\\Config\\Routes.php')
 6 SYSTEMPATH\CodeIgniter.php(841): CodeIgniter\Router\RouteCollection->loadRoutes()
 7 SYSTEMPATH\CodeIgniter.php(464): CodeIgniter\CodeIgniter->tryToRouteIt(null)
 8 SYSTEMPATH\CodeIgniter.php(363): CodeIgniter\CodeIgniter->handleRequest(null, Object(Config\Cache), false)
 9 SYSTEMPATH\Boot.php(417): CodeIgniter\CodeIgniter->run()
10 SYSTEMPATH\Boot.php(68): CodeIgniter\Boot::runCodeIgniter(Object(CodeIgniter\CodeIgniter))
11 FCPATH\index.php(59): CodeIgniter\Boot::bootWeb(Object(Config\Paths))
12 SYSTEMPATH\rewrite.php(44): require_once('C:\\Users\\ASUS\\Downloads\\Projectmagang_dr\\Projectmagang_dr\\public\\index.php')
WARNING - 2026-08-21 14:19:15 --> [DEPRECATED] Passing lowercase HTTP method "get" is deprecated. Use uppercase HTTP method like "GET". in SYSTEMPATH\Router\RouteCollection.php on line 1026.
 1 SYSTEMPATH\Router\RouteCollection.php(1026): trigger_error('Passing lowercase HTTP method "get" is deprecated. Use uppercase HTTP method like "GET".', 16384)
 2 APPPATH\Config\Routes.php(179): CodeIgniter\Router\RouteCollection->match([...], 'upload-dokumen', '\\App\\Controllers\\Kabid\\C_UploadDokumen::index')
 3 SYSTEMPATH\Router\RouteCollection.php(799): CodeIgniter\Router\RouteCollection::{closure:C:\Users\ASUS\Downloads\Projectmagang_dr\Projectmagang_dr\app\Config\Routes.php:153}(Object(CodeIgniter\Router\RouteCollection))
 4 APPPATH\Config\Routes.php(153): CodeIgniter\Router\RouteCollection->group('kabid', [...], Object(Closure))
 5 SYSTEMPATH\Router\RouteCollection.php(339): require('C:\\Users\\ASUS\\Downloads\\Projectmagang_dr\\Projectmagang_dr\\app\\Config\\Routes.php')
 6 SYSTEMPATH\CodeIgniter.php(841): CodeIgniter\Router\RouteCollection->loadRoutes()
 7 SYSTEMPATH\CodeIgniter.php(464): CodeIgniter\CodeIgniter->tryToRouteIt(null)
 8 SYSTEMPATH\CodeIgniter.php(363): CodeIgniter\CodeIgniter->handleRequest(null, Object(Config\Cache), false)
 9 SYSTEMPATH\Boot.php(417): CodeIgniter\CodeIgniter->run()
10 SYSTEMPATH\Boot.php(68): CodeIgniter\Boot::runCodeIgniter(Object(CodeIgniter\CodeIgniter))
11 FCPATH\index.php(59): CodeIgniter\Boot::bootWeb(Object(Config\Paths))
12 SYSTEMPATH\rewrite.php(44): require_once('C:\\Users\\ASUS\\Downloads\\Projectmagang_dr\\Projectmagang_dr\\public\\index.php')
WARNING - 2026-08-21 14:19:15 --> [DEPRECATED] Passing lowercase HTTP method "post" is deprecated. Use uppercase HTTP method like "POST". in SYSTEMPATH\Router\RouteCollection.php on line 1026.
 1 SYSTEMPATH\Router\RouteCollection.php(1026): trigger_error('Passing lowercase HTTP method "post" is deprecated. Use uppercase HTTP method like "POST".', 16384)
 2 APPPATH\Config\Routes.php(179): CodeIgniter\Router\RouteCollection->match([...], 'upload-dokumen', '\\App\\Controllers\\Kabid\\C_UploadDokumen::index')
 3 SYSTEMPATH\Router\RouteCollection.php(799): CodeIgniter\Router\RouteCollection::{closure:C:\Users\ASUS\Downloads\Projectmagang_dr\Projectmagang_dr\app\Config\Routes.php:153}(Object(CodeIgniter\Router\RouteCollection))
 4 APPPATH\Config\Routes.php(153): CodeIgniter\Router\RouteCollection->group('kabid', [...], Object(Closure))
 5 SYSTEMPATH\Router\RouteCollection.php(339): require('C:\\Users\\ASUS\\Downloads\\Projectmagang_dr\\Projectmagang_dr\\app\\Config\\Routes.php')
 6 SYSTEMPATH\CodeIgniter.php(841): CodeIgniter\Router\RouteCollection->loadRoutes()
 7 SYSTEMPATH\CodeIgniter.php(464): CodeIgniter\CodeIgniter->tryToRouteIt(null)
 8 SYSTEMPATH\CodeIgniter.php(363): CodeIgniter\CodeIgniter->handleRequest(null, Object(Config\Cache), false)
 9 SYSTEMPATH\Boot.php(417): CodeIgniter\CodeIgniter->run()
10 SYSTEMPATH\Boot.php(68): CodeIgniter\Boot::runCodeIgniter(Object(CodeIgniter\CodeIgniter))
11 FCPATH\index.php(59): CodeIgniter\Boot::bootWeb(Object(Config\Paths))
12 SYSTEMPATH\rewrite.php(44): require_once('C:\\Users\\ASUS\\Downloads\\Projectmagang_dr\\Projectmagang_dr\\public\\index.php')
DEBUG - 2026-08-21 14:19:15 --> Session: Class initialized using 'CodeIgniter\Session\Handlers\FileHandler' driver.
WARNING - 2026-08-21 14:19:24 --> [DEPRECATED] Passing lowercase HTTP method "get" is deprecated. Use uppercase HTTP method like "GET". in SYSTEMPATH\Router\RouteCollection.php on line 1026.
 1 SYSTEMPATH\Router\RouteCollection.php(1026): trigger_error('Passing lowercase HTTP method "get" is deprecated. Use uppercase HTTP method like "GET".', 16384)
 2 APPPATH\Config\Routes.php(77): CodeIgniter\Router\RouteCollection->match([...], 'logbook', 'C_Logbook::logbook')
 3 SYSTEMPATH\Router\RouteCollection.php(799): CodeIgniter\Router\RouteCollection::{closure:C:\Users\ASUS\Downloads\Projectmagang_dr\Projectmagang_dr\app\Config\Routes.php:59}(Object(CodeIgniter\Router\RouteCollection))
 4 APPPATH\Config\Routes.php(59): CodeIgniter\Router\RouteCollection->group('mahasiswa', [...], Object(Closure))
 5 SYSTEMPATH\Router\RouteCollection.php(339): require('C:\\Users\\ASUS\\Downloads\\Projectmagang_dr\\Projectmagang_dr\\app\\Config\\Routes.php')
 6 SYSTEMPATH\CodeIgniter.php(841): CodeIgniter\Router\RouteCollection->loadRoutes()
 7 SYSTEMPATH\CodeIgniter.php(464): CodeIgniter\CodeIgniter->tryToRouteIt(null)
 8 SYSTEMPATH\CodeIgniter.php(363): CodeIgniter\CodeIgniter->handleRequest(null, Object(Config\Cache), false)
 9 SYSTEMPATH\Boot.php(417): CodeIgniter\CodeIgniter->run()
10 SYSTEMPATH\Boot.php(68): CodeIgniter\Boot::runCodeIgniter(Object(CodeIgniter\CodeIgniter))
11 FCPATH\index.php(59): CodeIgniter\Boot::bootWeb(Object(Config\Paths))
12 SYSTEMPATH\rewrite.php(44): require_once('C:\\Users\\ASUS\\Downloads\\Projectmagang_dr\\Projectmagang_dr\\public\\index.php')
WARNING - 2026-08-21 14:19:24 --> [DEPRECATED] Passing lowercase HTTP method "post" is deprecated. Use uppercase HTTP method like "POST". in SYSTEMPATH\Router\RouteCollection.php on line 1026.
 1 SYSTEMPATH\Router\RouteCollection.php(1026): trigger_error('Passing lowercase HTTP method "post" is deprecated. Use uppercase HTTP method like "POST".', 16384)
 2 APPPATH\Config\Routes.php(77): CodeIgniter\Router\RouteCollection->match([...], 'logbook', 'C_Logbook::logbook')
 3 SYSTEMPATH\Router\RouteCollection.php(799): CodeIgniter\Router\RouteCollection::{closure:C:\Users\ASUS\Downloads\Projectmagang_dr\Projectmagang_dr\app\Config\Routes.php:59}(Object(CodeIgniter\Router\RouteCollection))
 4 APPPATH\Config\Routes.php(59): CodeIgniter\Router\RouteCollection->group('mahasiswa', [...], Object(Closure))
 5 SYSTEMPATH\Router\RouteCollection.php(339): require('C:\\Users\\ASUS\\Downloads\\Projectmagang_dr\\Projectmagang_dr\\app\\Config\\Routes.php')
 6 SYSTEMPATH\CodeIgniter.php(841): CodeIgniter\Router\RouteCollection->loadRoutes()
 7 SYSTEMPATH\CodeIgniter.php(464): CodeIgniter\CodeIgniter->tryToRouteIt(null)
 8 SYSTEMPATH\CodeIgniter.php(363): CodeIgniter\CodeIgniter->handleRequest(null, Object(Config\Cache), false)
 9 SYSTEMPATH\Boot.php(417): CodeIgniter\CodeIgniter->run()
10 SYSTEMPATH\Boot.php(68): CodeIgniter\Boot::runCodeIgniter(Object(CodeIgniter\CodeIgniter))
11 FCPATH\index.php(59): CodeIgniter\Boot::bootWeb(Object(Config\Paths))
12 SYSTEMPATH\rewrite.php(44): require_once('C:\\Users\\ASUS\\Downloads\\Projectmagang_dr\\Projectmagang_dr\\public\\index.php')
WARNING - 2026-08-21 14:19:24 --> [DEPRECATED] Passing lowercase HTTP method "get" is deprecated. Use uppercase HTTP method like "GET". in SYSTEMPATH\Router\RouteCollection.php on line 1026.
 1 SYSTEMPATH\Router\RouteCollection.php(1026): trigger_error('Passing lowercase HTTP method "get" is deprecated. Use uppercase HTTP method like "GET".', 16384)
 2 APPPATH\Config\Routes.php(95): CodeIgniter\Router\RouteCollection->match([...], 'verifikasi', '\\App\\Controllers\\Sekretariat\\C_Verifikasi::index')
 3 SYSTEMPATH\Router\RouteCollection.php(799): CodeIgniter\Router\RouteCollection::{closure:C:\Users\ASUS\Downloads\Projectmagang_dr\Projectmagang_dr\app\Config\Routes.php:89}(Object(CodeIgniter\Router\RouteCollection))
 4 APPPATH\Config\Routes.php(89): CodeIgniter\Router\RouteCollection->group('sekretariat', [...], Object(Closure))
 5 SYSTEMPATH\Router\RouteCollection.php(339): require('C:\\Users\\ASUS\\Downloads\\Projectmagang_dr\\Projectmagang_dr\\app\\Config\\Routes.php')
 6 SYSTEMPATH\CodeIgniter.php(841): CodeIgniter\Router\RouteCollection->loadRoutes()
 7 SYSTEMPATH\CodeIgniter.php(464): CodeIgniter\CodeIgniter->tryToRouteIt(null)
 8 SYSTEMPATH\CodeIgniter.php(363): CodeIgniter\CodeIgniter->handleRequest(null, Object(Config\Cache), false)
 9 SYSTEMPATH\Boot.php(417): CodeIgniter\CodeIgniter->run()
10 SYSTEMPATH\Boot.php(68): CodeIgniter\Boot::runCodeIgniter(Object(CodeIgniter\CodeIgniter))
11 FCPATH\index.php(59): CodeIgniter\Boot::bootWeb(Object(Config\Paths))
12 SYSTEMPATH\rewrite.php(44): require_once('C:\\Users\\ASUS\\Downloads\\Projectmagang_dr\\Projectmagang_dr\\public\\index.php')
WARNING - 2026-08-21 14:19:24 --> [DEPRECATED] Passing lowercase HTTP method "post" is deprecated. Use uppercase HTTP method like "POST". in SYSTEMPATH\Router\RouteCollection.php on line 1026.
 1 SYSTEMPATH\Router\RouteCollection.php(1026): trigger_error('Passing lowercase HTTP method "post" is deprecated. Use uppercase HTTP method like "POST".', 16384)
 2 APPPATH\Config\Routes.php(95): CodeIgniter\Router\RouteCollection->match([...], 'verifikasi', '\\App\\Controllers\\Sekretariat\\C_Verifikasi::index')
 3 SYSTEMPATH\Router\RouteCollection.php(799): CodeIgniter\Router\RouteCollection::{closure:C:\Users\ASUS\Downloads\Projectmagang_dr\Projectmagang_dr\app\Config\Routes.php:89}(Object(CodeIgniter\Router\RouteCollection))
 4 APPPATH\Config\Routes.php(89): CodeIgniter\Router\RouteCollection->group('sekretariat', [...], Object(Closure))
 5 SYSTEMPATH\Router\RouteCollection.php(339): require('C:\\Users\\ASUS\\Downloads\\Projectmagang_dr\\Projectmagang_dr\\app\\Config\\Routes.php')
 6 SYSTEMPATH\CodeIgniter.php(841): CodeIgniter\Router\RouteCollection->loadRoutes()
 7 SYSTEMPATH\CodeIgniter.php(464): CodeIgniter\CodeIgniter->tryToRouteIt(null)
 8 SYSTEMPATH\CodeIgniter.php(363): CodeIgniter\CodeIgniter->handleRequest(null, Object(Config\Cache), false)
 9 SYSTEMPATH\Boot.php(417): CodeIgniter\CodeIgniter->run()
10 SYSTEMPATH\Boot.php(68): CodeIgniter\Boot::runCodeIgniter(Object(CodeIgniter\CodeIgniter))
11 FCPATH\index.php(59): CodeIgniter\Boot::bootWeb(Object(Config\Paths))
12 SYSTEMPATH\rewrite.php(44): require_once('C:\\Users\\ASUS\\Downloads\\Projectmagang_dr\\Projectmagang_dr\\public\\index.php')
WARNING - 2026-08-21 14:19:24 --> [DEPRECATED] Passing lowercase HTTP method "get" is deprecated. Use uppercase HTTP method like "GET". in SYSTEMPATH\Router\RouteCollection.php on line 1026.
 1 SYSTEMPATH\Router\RouteCollection.php(1026): trigger_error('Passing lowercase HTTP method "get" is deprecated. Use uppercase HTTP method like "GET".', 16384)
 2 APPPATH\Config\Routes.php(144): CodeIgniter\Router\RouteCollection->match([...], 'upload-surat-penerimaan', '\\App\\Controllers\\Sekretariat\\C_UploadSuratPenerimaan::index')
 3 SYSTEMPATH\Router\RouteCollection.php(799): CodeIgniter\Router\RouteCollection::{closure:C:\Users\ASUS\Downloads\Projectmagang_dr\Projectmagang_dr\app\Config\Routes.php:89}(Object(CodeIgniter\Router\RouteCollection))
 4 APPPATH\Config\Routes.php(89): CodeIgniter\Router\RouteCollection->group('sekretariat', [...], Object(Closure))
 5 SYSTEMPATH\Router\RouteCollection.php(339): require('C:\\Users\\ASUS\\Downloads\\Projectmagang_dr\\Projectmagang_dr\\app\\Config\\Routes.php')
 6 SYSTEMPATH\CodeIgniter.php(841): CodeIgniter\Router\RouteCollection->loadRoutes()
 7 SYSTEMPATH\CodeIgniter.php(464): CodeIgniter\CodeIgniter->tryToRouteIt(null)
 8 SYSTEMPATH\CodeIgniter.php(363): CodeIgniter\CodeIgniter->handleRequest(null, Object(Config\Cache), false)
 9 SYSTEMPATH\Boot.php(417): CodeIgniter\CodeIgniter->run()
10 SYSTEMPATH\Boot.php(68): CodeIgniter\Boot::runCodeIgniter(Object(CodeIgniter\CodeIgniter))
11 FCPATH\index.php(59): CodeIgniter\Boot::bootWeb(Object(Config\Paths))
12 SYSTEMPATH\rewrite.php(44): require_once('C:\\Users\\ASUS\\Downloads\\Projectmagang_dr\\Projectmagang_dr\\public\\index.php')
WARNING - 2026-08-21 14:19:24 --> [DEPRECATED] Passing lowercase HTTP method "post" is deprecated. Use uppercase HTTP method like "POST". in SYSTEMPATH\Router\RouteCollection.php on line 1026.
 1 SYSTEMPATH\Router\RouteCollection.php(1026): trigger_error('Passing lowercase HTTP method "post" is deprecated. Use uppercase HTTP method like "POST".', 16384)
 2 APPPATH\Config\Routes.php(144): CodeIgniter\Router\RouteCollection->match([...], 'upload-surat-penerimaan', '\\App\\Controllers\\Sekretariat\\C_UploadSuratPenerimaan::index')
 3 SYSTEMPATH\Router\RouteCollection.php(799): CodeIgniter\Router\RouteCollection::{closure:C:\Users\ASUS\Downloads\Projectmagang_dr\Projectmagang_dr\app\Config\Routes.php:89}(Object(CodeIgniter\Router\RouteCollection))
 4 APPPATH\Config\Routes.php(89): CodeIgniter\Router\RouteCollection->group('sekretariat', [...], Object(Closure))
 5 SYSTEMPATH\Router\RouteCollection.php(339): require('C:\\Users\\ASUS\\Downloads\\Projectmagang_dr\\Projectmagang_dr\\app\\Config\\Routes.php')
 6 SYSTEMPATH\CodeIgniter.php(841): CodeIgniter\Router\RouteCollection->loadRoutes()
 7 SYSTEMPATH\CodeIgniter.php(464): CodeIgniter\CodeIgniter->tryToRouteIt(null)
 8 SYSTEMPATH\CodeIgniter.php(363): CodeIgniter\CodeIgniter->handleRequest(null, Object(Config\Cache), false)
 9 SYSTEMPATH\Boot.php(417): CodeIgniter\CodeIgniter->run()
10 SYSTEMPATH\Boot.php(68): CodeIgniter\Boot::runCodeIgniter(Object(CodeIgniter\CodeIgniter))
11 FCPATH\index.php(59): CodeIgniter\Boot::bootWeb(Object(Config\Paths))
12 SYSTEMPATH\rewrite.php(44): require_once('C:\\Users\\ASUS\\Downloads\\Projectmagang_dr\\Projectmagang_dr\\public\\index.php')
WARNING - 2026-08-21 14:19:24 --> [DEPRECATED] Passing lowercase HTTP method "get" is deprecated. Use uppercase HTTP method like "GET". in SYSTEMPATH\Router\RouteCollection.php on line 1026.
 1 SYSTEMPATH\Router\RouteCollection.php(1026): trigger_error('Passing lowercase HTTP method "get" is deprecated. Use uppercase HTTP method like "GET".', 16384)
 2 APPPATH\Config\Routes.php(167): CodeIgniter\Router\RouteCollection->match([...], 'logbook', '\\App\\Controllers\\Kabid\\C_LogbookKabid::index')
 3 SYSTEMPATH\Router\RouteCollection.php(799): CodeIgniter\Router\RouteCollection::{closure:C:\Users\ASUS\Downloads\Projectmagang_dr\Projectmagang_dr\app\Config\Routes.php:153}(Object(CodeIgniter\Router\RouteCollection))
 4 APPPATH\Config\Routes.php(153): CodeIgniter\Router\RouteCollection->group('kabid', [...], Object(Closure))
 5 SYSTEMPATH\Router\RouteCollection.php(339): require('C:\\Users\\ASUS\\Downloads\\Projectmagang_dr\\Projectmagang_dr\\app\\Config\\Routes.php')
 6 SYSTEMPATH\CodeIgniter.php(841): CodeIgniter\Router\RouteCollection->loadRoutes()
 7 SYSTEMPATH\CodeIgniter.php(464): CodeIgniter\CodeIgniter->tryToRouteIt(null)
 8 SYSTEMPATH\CodeIgniter.php(363): CodeIgniter\CodeIgniter->handleRequest(null, Object(Config\Cache), false)
 9 SYSTEMPATH\Boot.php(417): CodeIgniter\CodeIgniter->run()
10 SYSTEMPATH\Boot.php(68): CodeIgniter\Boot::runCodeIgniter(Object(CodeIgniter\CodeIgniter))
11 FCPATH\index.php(59): CodeIgniter\Boot::bootWeb(Object(Config\Paths))
12 SYSTEMPATH\rewrite.php(44): require_once('C:\\Users\\ASUS\\Downloads\\Projectmagang_dr\\Projectmagang_dr\\public\\index.php')
WARNING - 2026-08-21 14:19:24 --> [DEPRECATED] Passing lowercase HTTP method "post" is deprecated. Use uppercase HTTP method like "POST". in SYSTEMPATH\Router\RouteCollection.php on line 1026.
 1 SYSTEMPATH\Router\RouteCollection.php(1026): trigger_error('Passing lowercase HTTP method "post" is deprecated. Use uppercase HTTP method like "POST".', 16384)
 2 APPPATH\Config\Routes.php(167): CodeIgniter\Router\RouteCollection->match([...], 'logbook', '\\App\\Controllers\\Kabid\\C_LogbookKabid::index')
 3 SYSTEMPATH\Router\RouteCollection.php(799): CodeIgniter\Router\RouteCollection::{closure:C:\Users\ASUS\Downloads\Projectmagang_dr\Projectmagang_dr\app\Config\Routes.php:153}(Object(CodeIgniter\Router\RouteCollection))
 4 APPPATH\Config\Routes.php(153): CodeIgniter\Router\RouteCollection->group('kabid', [...], Object(Closure))
 5 SYSTEMPATH\Router\RouteCollection.php(339): require('C:\\Users\\ASUS\\Downloads\\Projectmagang_dr\\Projectmagang_dr\\app\\Config\\Routes.php')
 6 SYSTEMPATH\CodeIgniter.php(841): CodeIgniter\Router\RouteCollection->loadRoutes()
 7 SYSTEMPATH\CodeIgniter.php(464): CodeIgniter\CodeIgniter->tryToRouteIt(null)
 8 SYSTEMPATH\CodeIgniter.php(363): CodeIgniter\CodeIgniter->handleRequest(null, Object(Config\Cache), false)
 9 SYSTEMPATH\Boot.php(417): CodeIgniter\CodeIgniter->run()
10 SYSTEMPATH\Boot.php(68): CodeIgniter\Boot::runCodeIgniter(Object(CodeIgniter\CodeIgniter))
11 FCPATH\index.php(59): CodeIgniter\Boot::bootWeb(Object(Config\Paths))
12 SYSTEMPATH\rewrite.php(44): require_once('C:\\Users\\ASUS\\Downloads\\Projectmagang_dr\\Projectmagang_dr\\public\\index.php')
WARNING - 2026-08-21 14:19:24 --> [DEPRECATED] Passing lowercase HTTP method "get" is deprecated. Use uppercase HTTP method like "GET". in SYSTEMPATH\Router\RouteCollection.php on line 1026.
 1 SYSTEMPATH\Router\RouteCollection.php(1026): trigger_error('Passing lowercase HTTP method "get" is deprecated. Use uppercase HTTP method like "GET".', 16384)
 2 APPPATH\Config\Routes.php(179): CodeIgniter\Router\RouteCollection->match([...], 'upload-dokumen', '\\App\\Controllers\\Kabid\\C_UploadDokumen::index')
 3 SYSTEMPATH\Router\RouteCollection.php(799): CodeIgniter\Router\RouteCollection::{closure:C:\Users\ASUS\Downloads\Projectmagang_dr\Projectmagang_dr\app\Config\Routes.php:153}(Object(CodeIgniter\Router\RouteCollection))
 4 APPPATH\Config\Routes.php(153): CodeIgniter\Router\RouteCollection->group('kabid', [...], Object(Closure))
 5 SYSTEMPATH\Router\RouteCollection.php(339): require('C:\\Users\\ASUS\\Downloads\\Projectmagang_dr\\Projectmagang_dr\\app\\Config\\Routes.php')
 6 SYSTEMPATH\CodeIgniter.php(841): CodeIgniter\Router\RouteCollection->loadRoutes()
 7 SYSTEMPATH\CodeIgniter.php(464): CodeIgniter\CodeIgniter->tryToRouteIt(null)
 8 SYSTEMPATH\CodeIgniter.php(363): CodeIgniter\CodeIgniter->handleRequest(null, Object(Config\Cache), false)
 9 SYSTEMPATH\Boot.php(417): CodeIgniter\CodeIgniter->run()
10 SYSTEMPATH\Boot.php(68): CodeIgniter\Boot::runCodeIgniter(Object(CodeIgniter\CodeIgniter))
11 FCPATH\index.php(59): CodeIgniter\Boot::bootWeb(Object(Config\Paths))
12 SYSTEMPATH\rewrite.php(44): require_once('C:\\Users\\ASUS\\Downloads\\Projectmagang_dr\\Projectmagang_dr\\public\\index.php')
WARNING - 2026-08-21 14:19:24 --> [DEPRECATED] Passing lowercase HTTP method "post" is deprecated. Use uppercase HTTP method like "POST". in SYSTEMPATH\Router\RouteCollection.php on line 1026.
 1 SYSTEMPATH\Router\RouteCollection.php(1026): trigger_error('Passing lowercase HTTP method "post" is deprecated. Use uppercase HTTP method like "POST".', 16384)
 2 APPPATH\Config\Routes.php(179): CodeIgniter\Router\RouteCollection->match([...], 'upload-dokumen', '\\App\\Controllers\\Kabid\\C_UploadDokumen::index')
 3 SYSTEMPATH\Router\RouteCollection.php(799): CodeIgniter\Router\RouteCollection::{closure:C:\Users\ASUS\Downloads\Projectmagang_dr\Projectmagang_dr\app\Config\Routes.php:153}(Object(CodeIgniter\Router\RouteCollection))
 4 APPPATH\Config\Routes.php(153): CodeIgniter\Router\RouteCollection->group('kabid', [...], Object(Closure))
 5 SYSTEMPATH\Router\RouteCollection.php(339): require('C:\\Users\\ASUS\\Downloads\\Projectmagang_dr\\Projectmagang_dr\\app\\Config\\Routes.php')
 6 SYSTEMPATH\CodeIgniter.php(841): CodeIgniter\Router\RouteCollection->loadRoutes()
 7 SYSTEMPATH\CodeIgniter.php(464): CodeIgniter\CodeIgniter->tryToRouteIt(null)
 8 SYSTEMPATH\CodeIgniter.php(363): CodeIgniter\CodeIgniter->handleRequest(null, Object(Config\Cache), false)
 9 SYSTEMPATH\Boot.php(417): CodeIgniter\CodeIgniter->run()
10 SYSTEMPATH\Boot.php(68): CodeIgniter\Boot::runCodeIgniter(Object(CodeIgniter\CodeIgniter))
11 FCPATH\index.php(59): CodeIgniter\Boot::bootWeb(Object(Config\Paths))
12 SYSTEMPATH\rewrite.php(44): require_once('C:\\Users\\ASUS\\Downloads\\Projectmagang_dr\\Projectmagang_dr\\public\\index.php')
DEBUG - 2026-08-21 14:19:24 --> Session: Class initialized using 'CodeIgniter\Session\Handlers\FileHandler' driver.
WARNING - 2026-08-21 14:19:25 --> [DEPRECATED] Passing lowercase HTTP method "get" is deprecated. Use uppercase HTTP method like "GET". in SYSTEMPATH\Router\RouteCollection.php on line 1026.
 1 SYSTEMPATH\Router\RouteCollection.php(1026): trigger_error('Passing lowercase HTTP method "get" is deprecated. Use uppercase HTTP method like "GET".', 16384)
 2 APPPATH\Config\Routes.php(77): CodeIgniter\Router\RouteCollection->match([...], 'logbook', 'C_Logbook::logbook')
 3 SYSTEMPATH\Router\RouteCollection.php(799): CodeIgniter\Router\RouteCollection::{closure:C:\Users\ASUS\Downloads\Projectmagang_dr\Projectmagang_dr\app\Config\Routes.php:59}(Object(CodeIgniter\Router\RouteCollection))
 4 APPPATH\Config\Routes.php(59): CodeIgniter\Router\RouteCollection->group('mahasiswa', [...], Object(Closure))
 5 SYSTEMPATH\Router\RouteCollection.php(339): require('C:\\Users\\ASUS\\Downloads\\Projectmagang_dr\\Projectmagang_dr\\app\\Config\\Routes.php')
 6 SYSTEMPATH\CodeIgniter.php(841): CodeIgniter\Router\RouteCollection->loadRoutes()
 7 SYSTEMPATH\CodeIgniter.php(464): CodeIgniter\CodeIgniter->tryToRouteIt(null)
 8 SYSTEMPATH\CodeIgniter.php(363): CodeIgniter\CodeIgniter->handleRequest(null, Object(Config\Cache), false)
 9 SYSTEMPATH\Boot.php(417): CodeIgniter\CodeIgniter->run()
10 SYSTEMPATH\Boot.php(68): CodeIgniter\Boot::runCodeIgniter(Object(CodeIgniter\CodeIgniter))
11 FCPATH\index.php(59): CodeIgniter\Boot::bootWeb(Object(Config\Paths))
12 SYSTEMPATH\rewrite.php(44): require_once('C:\\Users\\ASUS\\Downloads\\Projectmagang_dr\\Projectmagang_dr\\public\\index.php')
WARNING - 2026-08-21 14:19:25 --> [DEPRECATED] Passing lowercase HTTP method "post" is deprecated. Use uppercase HTTP method like "POST". in SYSTEMPATH\Router\RouteCollection.php on line 1026.
 1 SYSTEMPATH\Router\RouteCollection.php(1026): trigger_error('Passing lowercase HTTP method "post" is deprecated. Use uppercase HTTP method like "POST".', 16384)
 2 APPPATH\Config\Routes.php(77): CodeIgniter\Router\RouteCollection->match([...], 'logbook', 'C_Logbook::logbook')
 3 SYSTEMPATH\Router\RouteCollection.php(799): CodeIgniter\Router\RouteCollection::{closure:C:\Users\ASUS\Downloads\Projectmagang_dr\Projectmagang_dr\app\Config\Routes.php:59}(Object(CodeIgniter\Router\RouteCollection))
 4 APPPATH\Config\Routes.php(59): CodeIgniter\Router\RouteCollection->group('mahasiswa', [...], Object(Closure))
 5 SYSTEMPATH\Router\RouteCollection.php(339): require('C:\\Users\\ASUS\\Downloads\\Projectmagang_dr\\Projectmagang_dr\\app\\Config\\Routes.php')
 6 SYSTEMPATH\CodeIgniter.php(841): CodeIgniter\Router\RouteCollection->loadRoutes()
 7 SYSTEMPATH\CodeIgniter.php(464): CodeIgniter\CodeIgniter->tryToRouteIt(null)
 8 SYSTEMPATH\CodeIgniter.php(363): CodeIgniter\CodeIgniter->handleRequest(null, Object(Config\Cache), false)
 9 SYSTEMPATH\Boot.php(417): CodeIgniter\CodeIgniter->run()
10 SYSTEMPATH\Boot.php(68): CodeIgniter\Boot::runCodeIgniter(Object(CodeIgniter\CodeIgniter))
11 FCPATH\index.php(59): CodeIgniter\Boot::bootWeb(Object(Config\Paths))
12 SYSTEMPATH\rewrite.php(44): require_once('C:\\Users\\ASUS\\Downloads\\Projectmagang_dr\\Projectmagang_dr\\public\\index.php')
WARNING - 2026-08-21 14:19:25 --> [DEPRECATED] Passing lowercase HTTP method "get" is deprecated. Use uppercase HTTP method like "GET". in SYSTEMPATH\Router\RouteCollection.php on line 1026.
 1 SYSTEMPATH\Router\RouteCollection.php(1026): trigger_error('Passing lowercase HTTP method "get" is deprecated. Use uppercase HTTP method like "GET".', 16384)
 2 APPPATH\Config\Routes.php(95): CodeIgniter\Router\RouteCollection->match([...], 'verifikasi', '\\App\\Controllers\\Sekretariat\\C_Verifikasi::index')
 3 SYSTEMPATH\Router\RouteCollection.php(799): CodeIgniter\Router\RouteCollection::{closure:C:\Users\ASUS\Downloads\Projectmagang_dr\Projectmagang_dr\app\Config\Routes.php:89}(Object(CodeIgniter\Router\RouteCollection))
 4 APPPATH\Config\Routes.php(89): CodeIgniter\Router\RouteCollection->group('sekretariat', [...], Object(Closure))
 5 SYSTEMPATH\Router\RouteCollection.php(339): require('C:\\Users\\ASUS\\Downloads\\Projectmagang_dr\\Projectmagang_dr\\app\\Config\\Routes.php')
 6 SYSTEMPATH\CodeIgniter.php(841): CodeIgniter\Router\RouteCollection->loadRoutes()
 7 SYSTEMPATH\CodeIgniter.php(464): CodeIgniter\CodeIgniter->tryToRouteIt(null)
 8 SYSTEMPATH\CodeIgniter.php(363): CodeIgniter\CodeIgniter->handleRequest(null, Object(Config\Cache), false)
 9 SYSTEMPATH\Boot.php(417): CodeIgniter\CodeIgniter->run()
10 SYSTEMPATH\Boot.php(68): CodeIgniter\Boot::runCodeIgniter(Object(CodeIgniter\CodeIgniter))
11 FCPATH\index.php(59): CodeIgniter\Boot::bootWeb(Object(Config\Paths))
12 SYSTEMPATH\rewrite.php(44): require_once('C:\\Users\\ASUS\\Downloads\\Projectmagang_dr\\Projectmagang_dr\\public\\index.php')
WARNING - 2026-08-21 14:19:25 --> [DEPRECATED] Passing lowercase HTTP method "post" is deprecated. Use uppercase HTTP method like "POST". in SYSTEMPATH\Router\RouteCollection.php on line 1026.
 1 SYSTEMPATH\Router\RouteCollection.php(1026): trigger_error('Passing lowercase HTTP method "post" is deprecated. Use uppercase HTTP method like "POST".', 16384)
 2 APPPATH\Config\Routes.php(95): CodeIgniter\Router\RouteCollection->match([...], 'verifikasi', '\\App\\Controllers\\Sekretariat\\C_Verifikasi::index')
 3 SYSTEMPATH\Router\RouteCollection.php(799): CodeIgniter\Router\RouteCollection::{closure:C:\Users\ASUS\Downloads\Projectmagang_dr\Projectmagang_dr\app\Config\Routes.php:89}(Object(CodeIgniter\Router\RouteCollection))
 4 APPPATH\Config\Routes.php(89): CodeIgniter\Router\RouteCollection->group('sekretariat', [...], Object(Closure))
 5 SYSTEMPATH\Router\RouteCollection.php(339): require('C:\\Users\\ASUS\\Downloads\\Projectmagang_dr\\Projectmagang_dr\\app\\Config\\Routes.php')
 6 SYSTEMPATH\CodeIgniter.php(841): CodeIgniter\Router\RouteCollection->loadRoutes()
 7 SYSTEMPATH\CodeIgniter.php(464): CodeIgniter\CodeIgniter->tryToRouteIt(null)
 8 SYSTEMPATH\CodeIgniter.php(363): CodeIgniter\CodeIgniter->handleRequest(null, Object(Config\Cache), false)
 9 SYSTEMPATH\Boot.php(417): CodeIgniter\CodeIgniter->run()
10 SYSTEMPATH\Boot.php(68): CodeIgniter\Boot::runCodeIgniter(Object(CodeIgniter\CodeIgniter))
11 FCPATH\index.php(59): CodeIgniter\Boot::bootWeb(Object(Config\Paths))
12 SYSTEMPATH\rewrite.php(44): require_once('C:\\Users\\ASUS\\Downloads\\Projectmagang_dr\\Projectmagang_dr\\public\\index.php')
WARNING - 2026-08-21 14:19:25 --> [DEPRECATED] Passing lowercase HTTP method "get" is deprecated. Use uppercase HTTP method like "GET". in SYSTEMPATH\Router\RouteCollection.php on line 1026.
 1 SYSTEMPATH\Router\RouteCollection.php(1026): trigger_error('Passing lowercase HTTP method "get" is deprecated. Use uppercase HTTP method like "GET".', 16384)
 2 APPPATH\Config\Routes.php(144): CodeIgniter\Router\RouteCollection->match([...], 'upload-surat-penerimaan', '\\App\\Controllers\\Sekretariat\\C_UploadSuratPenerimaan::index')
 3 SYSTEMPATH\Router\RouteCollection.php(799): CodeIgniter\Router\RouteCollection::{closure:C:\Users\ASUS\Downloads\Projectmagang_dr\Projectmagang_dr\app\Config\Routes.php:89}(Object(CodeIgniter\Router\RouteCollection))
 4 APPPATH\Config\Routes.php(89): CodeIgniter\Router\RouteCollection->group('sekretariat', [...], Object(Closure))
 5 SYSTEMPATH\Router\RouteCollection.php(339): require('C:\\Users\\ASUS\\Downloads\\Projectmagang_dr\\Projectmagang_dr\\app\\Config\\Routes.php')
 6 SYSTEMPATH\CodeIgniter.php(841): CodeIgniter\Router\RouteCollection->loadRoutes()
 7 SYSTEMPATH\CodeIgniter.php(464): CodeIgniter\CodeIgniter->tryToRouteIt(null)
 8 SYSTEMPATH\CodeIgniter.php(363): CodeIgniter\CodeIgniter->handleRequest(null, Object(Config\Cache), false)
 9 SYSTEMPATH\Boot.php(417): CodeIgniter\CodeIgniter->run()
10 SYSTEMPATH\Boot.php(68): CodeIgniter\Boot::runCodeIgniter(Object(CodeIgniter\CodeIgniter))
11 FCPATH\index.php(59): CodeIgniter\Boot::bootWeb(Object(Config\Paths))
12 SYSTEMPATH\rewrite.php(44): require_once('C:\\Users\\ASUS\\Downloads\\Projectmagang_dr\\Projectmagang_dr\\public\\index.php')
WARNING - 2026-08-21 14:19:25 --> [DEPRECATED] Passing lowercase HTTP method "post" is deprecated. Use uppercase HTTP method like "POST". in SYSTEMPATH\Router\RouteCollection.php on line 1026.
 1 SYSTEMPATH\Router\RouteCollection.php(1026): trigger_error('Passing lowercase HTTP method "post" is deprecated. Use uppercase HTTP method like "POST".', 16384)
 2 APPPATH\Config\Routes.php(144): CodeIgniter\Router\RouteCollection->match([...], 'upload-surat-penerimaan', '\\App\\Controllers\\Sekretariat\\C_UploadSuratPenerimaan::index')
 3 SYSTEMPATH\Router\RouteCollection.php(799): CodeIgniter\Router\RouteCollection::{closure:C:\Users\ASUS\Downloads\Projectmagang_dr\Projectmagang_dr\app\Config\Routes.php:89}(Object(CodeIgniter\Router\RouteCollection))
 4 APPPATH\Config\Routes.php(89): CodeIgniter\Router\RouteCollection->group('sekretariat', [...], Object(Closure))
 5 SYSTEMPATH\Router\RouteCollection.php(339): require('C:\\Users\\ASUS\\Downloads\\Projectmagang_dr\\Projectmagang_dr\\app\\Config\\Routes.php')
 6 SYSTEMPATH\CodeIgniter.php(841): CodeIgniter\Router\RouteCollection->loadRoutes()
 7 SYSTEMPATH\CodeIgniter.php(464): CodeIgniter\CodeIgniter->tryToRouteIt(null)
 8 SYSTEMPATH\CodeIgniter.php(363): CodeIgniter\CodeIgniter->handleRequest(null, Object(Config\Cache), false)
 9 SYSTEMPATH\Boot.php(417): CodeIgniter\CodeIgniter->run()
10 SYSTEMPATH\Boot.php(68): CodeIgniter\Boot::runCodeIgniter(Object(CodeIgniter\CodeIgniter))
11 FCPATH\index.php(59): CodeIgniter\Boot::bootWeb(Object(Config\Paths))
12 SYSTEMPATH\rewrite.php(44): require_once('C:\\Users\\ASUS\\Downloads\\Projectmagang_dr\\Projectmagang_dr\\public\\index.php')
WARNING - 2026-08-21 14:19:25 --> [DEPRECATED] Passing lowercase HTTP method "get" is deprecated. Use uppercase HTTP method like "GET". in SYSTEMPATH\Router\RouteCollection.php on line 1026.
 1 SYSTEMPATH\Router\RouteCollection.php(1026): trigger_error('Passing lowercase HTTP method "get" is deprecated. Use uppercase HTTP method like "GET".', 16384)
 2 APPPATH\Config\Routes.php(167): CodeIgniter\Router\RouteCollection->match([...], 'logbook', '\\App\\Controllers\\Kabid\\C_LogbookKabid::index')
 3 SYSTEMPATH\Router\RouteCollection.php(799): CodeIgniter\Router\RouteCollection::{closure:C:\Users\ASUS\Downloads\Projectmagang_dr\Projectmagang_dr\app\Config\Routes.php:153}(Object(CodeIgniter\Router\RouteCollection))
 4 APPPATH\Config\Routes.php(153): CodeIgniter\Router\RouteCollection->group('kabid', [...], Object(Closure))
 5 SYSTEMPATH\Router\RouteCollection.php(339): require('C:\\Users\\ASUS\\Downloads\\Projectmagang_dr\\Projectmagang_dr\\app\\Config\\Routes.php')
 6 SYSTEMPATH\CodeIgniter.php(841): CodeIgniter\Router\RouteCollection->loadRoutes()
 7 SYSTEMPATH\CodeIgniter.php(464): CodeIgniter\CodeIgniter->tryToRouteIt(null)
 8 SYSTEMPATH\CodeIgniter.php(363): CodeIgniter\CodeIgniter->handleRequest(null, Object(Config\Cache), false)
 9 SYSTEMPATH\Boot.php(417): CodeIgniter\CodeIgniter->run()
10 SYSTEMPATH\Boot.php(68): CodeIgniter\Boot::runCodeIgniter(Object(CodeIgniter\CodeIgniter))
11 FCPATH\index.php(59): CodeIgniter\Boot::bootWeb(Object(Config\Paths))
12 SYSTEMPATH\rewrite.php(44): require_once('C:\\Users\\ASUS\\Downloads\\Projectmagang_dr\\Projectmagang_dr\\public\\index.php')
WARNING - 2026-08-21 14:19:25 --> [DEPRECATED] Passing lowercase HTTP method "post" is deprecated. Use uppercase HTTP method like "POST". in SYSTEMPATH\Router\RouteCollection.php on line 1026.
 1 SYSTEMPATH\Router\RouteCollection.php(1026): trigger_error('Passing lowercase HTTP method "post" is deprecated. Use uppercase HTTP method like "POST".', 16384)
 2 APPPATH\Config\Routes.php(167): CodeIgniter\Router\RouteCollection->match([...], 'logbook', '\\App\\Controllers\\Kabid\\C_LogbookKabid::index')
 3 SYSTEMPATH\Router\RouteCollection.php(799): CodeIgniter\Router\RouteCollection::{closure:C:\Users\ASUS\Downloads\Projectmagang_dr\Projectmagang_dr\app\Config\Routes.php:153}(Object(CodeIgniter\Router\RouteCollection))
 4 APPPATH\Config\Routes.php(153): CodeIgniter\Router\RouteCollection->group('kabid', [...], Object(Closure))
 5 SYSTEMPATH\Router\RouteCollection.php(339): require('C:\\Users\\ASUS\\Downloads\\Projectmagang_dr\\Projectmagang_dr\\app\\Config\\Routes.php')
 6 SYSTEMPATH\CodeIgniter.php(841): CodeIgniter\Router\RouteCollection->loadRoutes()
 7 SYSTEMPATH\CodeIgniter.php(464): CodeIgniter\CodeIgniter->tryToRouteIt(null)
 8 SYSTEMPATH\CodeIgniter.php(363): CodeIgniter\CodeIgniter->handleRequest(null, Object(Config\Cache), false)
 9 SYSTEMPATH\Boot.php(417): CodeIgniter\CodeIgniter->run()
10 SYSTEMPATH\Boot.php(68): CodeIgniter\Boot::runCodeIgniter(Object(CodeIgniter\CodeIgniter))
11 FCPATH\index.php(59): CodeIgniter\Boot::bootWeb(Object(Config\Paths))
12 SYSTEMPATH\rewrite.php(44): require_once('C:\\Users\\ASUS\\Downloads\\Projectmagang_dr\\Projectmagang_dr\\public\\index.php')
WARNING - 2026-08-21 14:19:25 --> [DEPRECATED] Passing lowercase HTTP method "get" is deprecated. Use uppercase HTTP method like "GET". in SYSTEMPATH\Router\RouteCollection.php on line 1026.
 1 SYSTEMPATH\Router\RouteCollection.php(1026): trigger_error('Passing lowercase HTTP method "get" is deprecated. Use uppercase HTTP method like "GET".', 16384)
 2 APPPATH\Config\Routes.php(179): CodeIgniter\Router\RouteCollection->match([...], 'upload-dokumen', '\\App\\Controllers\\Kabid\\C_UploadDokumen::index')
 3 SYSTEMPATH\Router\RouteCollection.php(799): CodeIgniter\Router\RouteCollection::{closure:C:\Users\ASUS\Downloads\Projectmagang_dr\Projectmagang_dr\app\Config\Routes.php:153}(Object(CodeIgniter\Router\RouteCollection))
 4 APPPATH\Config\Routes.php(153): CodeIgniter\Router\RouteCollection->group('kabid', [...], Object(Closure))
 5 SYSTEMPATH\Router\RouteCollection.php(339): require('C:\\Users\\ASUS\\Downloads\\Projectmagang_dr\\Projectmagang_dr\\app\\Config\\Routes.php')
 6 SYSTEMPATH\CodeIgniter.php(841): CodeIgniter\Router\RouteCollection->loadRoutes()
 7 SYSTEMPATH\CodeIgniter.php(464): CodeIgniter\CodeIgniter->tryToRouteIt(null)
 8 SYSTEMPATH\CodeIgniter.php(363): CodeIgniter\CodeIgniter->handleRequest(null, Object(Config\Cache), false)
 9 SYSTEMPATH\Boot.php(417): CodeIgniter\CodeIgniter->run()
10 SYSTEMPATH\Boot.php(68): CodeIgniter\Boot::runCodeIgniter(Object(CodeIgniter\CodeIgniter))
11 FCPATH\index.php(59): CodeIgniter\Boot::bootWeb(Object(Config\Paths))
12 SYSTEMPATH\rewrite.php(44): require_once('C:\\Users\\ASUS\\Downloads\\Projectmagang_dr\\Projectmagang_dr\\public\\index.php')
WARNING - 2026-08-21 14:19:25 --> [DEPRECATED] Passing lowercase HTTP method "post" is deprecated. Use uppercase HTTP method like "POST". in SYSTEMPATH\Router\RouteCollection.php on line 1026.
 1 SYSTEMPATH\Router\RouteCollection.php(1026): trigger_error('Passing lowercase HTTP method "post" is deprecated. Use uppercase HTTP method like "POST".', 16384)
 2 APPPATH\Config\Routes.php(179): CodeIgniter\Router\RouteCollection->match([...], 'upload-dokumen', '\\App\\Controllers\\Kabid\\C_UploadDokumen::index')
 3 SYSTEMPATH\Router\RouteCollection.php(799): CodeIgniter\Router\RouteCollection::{closure:C:\Users\ASUS\Downloads\Projectmagang_dr\Projectmagang_dr\app\Config\Routes.php:153}(Object(CodeIgniter\Router\RouteCollection))
 4 APPPATH\Config\Routes.php(153): CodeIgniter\Router\RouteCollection->group('kabid', [...], Object(Closure))
 5 SYSTEMPATH\Router\RouteCollection.php(339): require('C:\\Users\\ASUS\\Downloads\\Projectmagang_dr\\Projectmagang_dr\\app\\Config\\Routes.php')
 6 SYSTEMPATH\CodeIgniter.php(841): CodeIgniter\Router\RouteCollection->loadRoutes()
 7 SYSTEMPATH\CodeIgniter.php(464): CodeIgniter\CodeIgniter->tryToRouteIt(null)
 8 SYSTEMPATH\CodeIgniter.php(363): CodeIgniter\CodeIgniter->handleRequest(null, Object(Config\Cache), false)
 9 SYSTEMPATH\Boot.php(417): CodeIgniter\CodeIgniter->run()
10 SYSTEMPATH\Boot.php(68): CodeIgniter\Boot::runCodeIgniter(Object(CodeIgniter\CodeIgniter))
11 FCPATH\index.php(59): CodeIgniter\Boot::bootWeb(Object(Config\Paths))
12 SYSTEMPATH\rewrite.php(44): require_once('C:\\Users\\ASUS\\Downloads\\Projectmagang_dr\\Projectmagang_dr\\public\\index.php')
DEBUG - 2026-08-21 14:19:25 --> Session: Class initialized using 'CodeIgniter\Session\Handlers\FileHandler' driver.
WARNING - 2026-08-21 14:19:28 --> [DEPRECATED] Passing lowercase HTTP method "get" is deprecated. Use uppercase HTTP method like "GET". in SYSTEMPATH\Router\RouteCollection.php on line 1026.
 1 SYSTEMPATH\Router\RouteCollection.php(1026): trigger_error('Passing lowercase HTTP method "get" is deprecated. Use uppercase HTTP method like "GET".', 16384)
 2 APPPATH\Config\Routes.php(77): CodeIgniter\Router\RouteCollection->match([...], 'logbook', 'C_Logbook::logbook')
 3 SYSTEMPATH\Router\RouteCollection.php(799): CodeIgniter\Router\RouteCollection::{closure:C:\Users\ASUS\Downloads\Projectmagang_dr\Projectmagang_dr\app\Config\Routes.php:59}(Object(CodeIgniter\Router\RouteCollection))
 4 APPPATH\Config\Routes.php(59): CodeIgniter\Router\RouteCollection->group('mahasiswa', [...], Object(Closure))
 5 SYSTEMPATH\Router\RouteCollection.php(339): require('C:\\Users\\ASUS\\Downloads\\Projectmagang_dr\\Projectmagang_dr\\app\\Config\\Routes.php')
 6 SYSTEMPATH\CodeIgniter.php(841): CodeIgniter\Router\RouteCollection->loadRoutes()
 7 SYSTEMPATH\CodeIgniter.php(464): CodeIgniter\CodeIgniter->tryToRouteIt(null)
 8 SYSTEMPATH\CodeIgniter.php(363): CodeIgniter\CodeIgniter->handleRequest(null, Object(Config\Cache), false)
 9 SYSTEMPATH\Boot.php(417): CodeIgniter\CodeIgniter->run()
10 SYSTEMPATH\Boot.php(68): CodeIgniter\Boot::runCodeIgniter(Object(CodeIgniter\CodeIgniter))
11 FCPATH\index.php(59): CodeIgniter\Boot::bootWeb(Object(Config\Paths))
12 SYSTEMPATH\rewrite.php(44): require_once('C:\\Users\\ASUS\\Downloads\\Projectmagang_dr\\Projectmagang_dr\\public\\index.php')
WARNING - 2026-08-21 14:19:28 --> [DEPRECATED] Passing lowercase HTTP method "post" is deprecated. Use uppercase HTTP method like "POST". in SYSTEMPATH\Router\RouteCollection.php on line 1026.
 1 SYSTEMPATH\Router\RouteCollection.php(1026): trigger_error('Passing lowercase HTTP method "post" is deprecated. Use uppercase HTTP method like "POST".', 16384)
 2 APPPATH\Config\Routes.php(77): CodeIgniter\Router\RouteCollection->match([...], 'logbook', 'C_Logbook::logbook')
 3 SYSTEMPATH\Router\RouteCollection.php(799): CodeIgniter\Router\RouteCollection::{closure:C:\Users\ASUS\Downloads\Projectmagang_dr\Projectmagang_dr\app\Config\Routes.php:59}(Object(CodeIgniter\Router\RouteCollection))
 4 APPPATH\Config\Routes.php(59): CodeIgniter\Router\RouteCollection->group('mahasiswa', [...], Object(Closure))
 5 SYSTEMPATH\Router\RouteCollection.php(339): require('C:\\Users\\ASUS\\Downloads\\Projectmagang_dr\\Projectmagang_dr\\app\\Config\\Routes.php')
 6 SYSTEMPATH\CodeIgniter.php(841): CodeIgniter\Router\RouteCollection->loadRoutes()
 7 SYSTEMPATH\CodeIgniter.php(464): CodeIgniter\CodeIgniter->tryToRouteIt(null)
 8 SYSTEMPATH\CodeIgniter.php(363): CodeIgniter\CodeIgniter->handleRequest(null, Object(Config\Cache), false)
 9 SYSTEMPATH\Boot.php(417): CodeIgniter\CodeIgniter->run()
10 SYSTEMPATH\Boot.php(68): CodeIgniter\Boot::runCodeIgniter(Object(CodeIgniter\CodeIgniter))
11 FCPATH\index.php(59): CodeIgniter\Boot::bootWeb(Object(Config\Paths))
12 SYSTEMPATH\rewrite.php(44): require_once('C:\\Users\\ASUS\\Downloads\\Projectmagang_dr\\Projectmagang_dr\\public\\index.php')
WARNING - 2026-08-21 14:19:28 --> [DEPRECATED] Passing lowercase HTTP method "get" is deprecated. Use uppercase HTTP method like "GET". in SYSTEMPATH\Router\RouteCollection.php on line 1026.
 1 SYSTEMPATH\Router\RouteCollection.php(1026): trigger_error('Passing lowercase HTTP method "get" is deprecated. Use uppercase HTTP method like "GET".', 16384)
 2 APPPATH\Config\Routes.php(95): CodeIgniter\Router\RouteCollection->match([...], 'verifikasi', '\\App\\Controllers\\Sekretariat\\C_Verifikasi::index')
 3 SYSTEMPATH\Router\RouteCollection.php(799): CodeIgniter\Router\RouteCollection::{closure:C:\Users\ASUS\Downloads\Projectmagang_dr\Projectmagang_dr\app\Config\Routes.php:89}(Object(CodeIgniter\Router\RouteCollection))
 4 APPPATH\Config\Routes.php(89): CodeIgniter\Router\RouteCollection->group('sekretariat', [...], Object(Closure))
 5 SYSTEMPATH\Router\RouteCollection.php(339): require('C:\\Users\\ASUS\\Downloads\\Projectmagang_dr\\Projectmagang_dr\\app\\Config\\Routes.php')
 6 SYSTEMPATH\CodeIgniter.php(841): CodeIgniter\Router\RouteCollection->loadRoutes()
 7 SYSTEMPATH\CodeIgniter.php(464): CodeIgniter\CodeIgniter->tryToRouteIt(null)
 8 SYSTEMPATH\CodeIgniter.php(363): CodeIgniter\CodeIgniter->handleRequest(null, Object(Config\Cache), false)
 9 SYSTEMPATH\Boot.php(417): CodeIgniter\CodeIgniter->run()
10 SYSTEMPATH\Boot.php(68): CodeIgniter\Boot::runCodeIgniter(Object(CodeIgniter\CodeIgniter))
11 FCPATH\index.php(59): CodeIgniter\Boot::bootWeb(Object(Config\Paths))
12 SYSTEMPATH\rewrite.php(44): require_once('C:\\Users\\ASUS\\Downloads\\Projectmagang_dr\\Projectmagang_dr\\public\\index.php')
WARNING - 2026-08-21 14:19:28 --> [DEPRECATED] Passing lowercase HTTP method "post" is deprecated. Use uppercase HTTP method like "POST". in SYSTEMPATH\Router\RouteCollection.php on line 1026.
 1 SYSTEMPATH\Router\RouteCollection.php(1026): trigger_error('Passing lowercase HTTP method "post" is deprecated. Use uppercase HTTP method like "POST".', 16384)
 2 APPPATH\Config\Routes.php(95): CodeIgniter\Router\RouteCollection->match([...], 'verifikasi', '\\App\\Controllers\\Sekretariat\\C_Verifikasi::index')
 3 SYSTEMPATH\Router\RouteCollection.php(799): CodeIgniter\Router\RouteCollection::{closure:C:\Users\ASUS\Downloads\Projectmagang_dr\Projectmagang_dr\app\Config\Routes.php:89}(Object(CodeIgniter\Router\RouteCollection))
 4 APPPATH\Config\Routes.php(89): CodeIgniter\Router\RouteCollection->group('sekretariat', [...], Object(Closure))
 5 SYSTEMPATH\Router\RouteCollection.php(339): require('C:\\Users\\ASUS\\Downloads\\Projectmagang_dr\\Projectmagang_dr\\app\\Config\\Routes.php')
 6 SYSTEMPATH\CodeIgniter.php(841): CodeIgniter\Router\RouteCollection->loadRoutes()
 7 SYSTEMPATH\CodeIgniter.php(464): CodeIgniter\CodeIgniter->tryToRouteIt(null)
 8 SYSTEMPATH\CodeIgniter.php(363): CodeIgniter\CodeIgniter->handleRequest(null, Object(Config\Cache), false)
 9 SYSTEMPATH\Boot.php(417): CodeIgniter\CodeIgniter->run()
10 SYSTEMPATH\Boot.php(68): CodeIgniter\Boot::runCodeIgniter(Object(CodeIgniter\CodeIgniter))
11 FCPATH\index.php(59): CodeIgniter\Boot::bootWeb(Object(Config\Paths))
12 SYSTEMPATH\rewrite.php(44): require_once('C:\\Users\\ASUS\\Downloads\\Projectmagang_dr\\Projectmagang_dr\\public\\index.php')
WARNING - 2026-08-21 14:19:28 --> [DEPRECATED] Passing lowercase HTTP method "get" is deprecated. Use uppercase HTTP method like "GET". in SYSTEMPATH\Router\RouteCollection.php on line 1026.
 1 SYSTEMPATH\Router\RouteCollection.php(1026): trigger_error('Passing lowercase HTTP method "get" is deprecated. Use uppercase HTTP method like "GET".', 16384)
 2 APPPATH\Config\Routes.php(144): CodeIgniter\Router\RouteCollection->match([...], 'upload-surat-penerimaan', '\\App\\Controllers\\Sekretariat\\C_UploadSuratPenerimaan::index')
 3 SYSTEMPATH\Router\RouteCollection.php(799): CodeIgniter\Router\RouteCollection::{closure:C:\Users\ASUS\Downloads\Projectmagang_dr\Projectmagang_dr\app\Config\Routes.php:89}(Object(CodeIgniter\Router\RouteCollection))
 4 APPPATH\Config\Routes.php(89): CodeIgniter\Router\RouteCollection->group('sekretariat', [...], Object(Closure))
 5 SYSTEMPATH\Router\RouteCollection.php(339): require('C:\\Users\\ASUS\\Downloads\\Projectmagang_dr\\Projectmagang_dr\\app\\Config\\Routes.php')
 6 SYSTEMPATH\CodeIgniter.php(841): CodeIgniter\Router\RouteCollection->loadRoutes()
 7 SYSTEMPATH\CodeIgniter.php(464): CodeIgniter\CodeIgniter->tryToRouteIt(null)
 8 SYSTEMPATH\CodeIgniter.php(363): CodeIgniter\CodeIgniter->handleRequest(null, Object(Config\Cache), false)
 9 SYSTEMPATH\Boot.php(417): CodeIgniter\CodeIgniter->run()
10 SYSTEMPATH\Boot.php(68): CodeIgniter\Boot::runCodeIgniter(Object(CodeIgniter\CodeIgniter))
11 FCPATH\index.php(59): CodeIgniter\Boot::bootWeb(Object(Config\Paths))
12 SYSTEMPATH\rewrite.php(44): require_once('C:\\Users\\ASUS\\Downloads\\Projectmagang_dr\\Projectmagang_dr\\public\\index.php')
WARNING - 2026-08-21 14:19:28 --> [DEPRECATED] Passing lowercase HTTP method "post" is deprecated. Use uppercase HTTP method like "POST". in SYSTEMPATH\Router\RouteCollection.php on line 1026.
 1 SYSTEMPATH\Router\RouteCollection.php(1026): trigger_error('Passing lowercase HTTP method "post" is deprecated. Use uppercase HTTP method like "POST".', 16384)
 2 APPPATH\Config\Routes.php(144): CodeIgniter\Router\RouteCollection->match([...], 'upload-surat-penerimaan', '\\App\\Controllers\\Sekretariat\\C_UploadSuratPenerimaan::index')
 3 SYSTEMPATH\Router\RouteCollection.php(799): CodeIgniter\Router\RouteCollection::{closure:C:\Users\ASUS\Downloads\Projectmagang_dr\Projectmagang_dr\app\Config\Routes.php:89}(Object(CodeIgniter\Router\RouteCollection))
 4 APPPATH\Config\Routes.php(89): CodeIgniter\Router\RouteCollection->group('sekretariat', [...], Object(Closure))
 5 SYSTEMPATH\Router\RouteCollection.php(339): require('C:\\Users\\ASUS\\Downloads\\Projectmagang_dr\\Projectmagang_dr\\app\\Config\\Routes.php')
 6 SYSTEMPATH\CodeIgniter.php(841): CodeIgniter\Router\RouteCollection->loadRoutes()
 7 SYSTEMPATH\CodeIgniter.php(464): CodeIgniter\CodeIgniter->tryToRouteIt(null)
 8 SYSTEMPATH\CodeIgniter.php(363): CodeIgniter\CodeIgniter->handleRequest(null, Object(Config\Cache), false)
 9 SYSTEMPATH\Boot.php(417): CodeIgniter\CodeIgniter->run()
10 SYSTEMPATH\Boot.php(68): CodeIgniter\Boot::runCodeIgniter(Object(CodeIgniter\CodeIgniter))
11 FCPATH\index.php(59): CodeIgniter\Boot::bootWeb(Object(Config\Paths))
12 SYSTEMPATH\rewrite.php(44): require_once('C:\\Users\\ASUS\\Downloads\\Projectmagang_dr\\Projectmagang_dr\\public\\index.php')
WARNING - 2026-08-21 14:19:28 --> [DEPRECATED] Passing lowercase HTTP method "get" is deprecated. Use uppercase HTTP method like "GET". in SYSTEMPATH\Router\RouteCollection.php on line 1026.
 1 SYSTEMPATH\Router\RouteCollection.php(1026): trigger_error('Passing lowercase HTTP method "get" is deprecated. Use uppercase HTTP method like "GET".', 16384)
 2 APPPATH\Config\Routes.php(167): CodeIgniter\Router\RouteCollection->match([...], 'logbook', '\\App\\Controllers\\Kabid\\C_LogbookKabid::index')
 3 SYSTEMPATH\Router\RouteCollection.php(799): CodeIgniter\Router\RouteCollection::{closure:C:\Users\ASUS\Downloads\Projectmagang_dr\Projectmagang_dr\app\Config\Routes.php:153}(Object(CodeIgniter\Router\RouteCollection))
 4 APPPATH\Config\Routes.php(153): CodeIgniter\Router\RouteCollection->group('kabid', [...], Object(Closure))
 5 SYSTEMPATH\Router\RouteCollection.php(339): require('C:\\Users\\ASUS\\Downloads\\Projectmagang_dr\\Projectmagang_dr\\app\\Config\\Routes.php')
 6 SYSTEMPATH\CodeIgniter.php(841): CodeIgniter\Router\RouteCollection->loadRoutes()
 7 SYSTEMPATH\CodeIgniter.php(464): CodeIgniter\CodeIgniter->tryToRouteIt(null)
 8 SYSTEMPATH\CodeIgniter.php(363): CodeIgniter\CodeIgniter->handleRequest(null, Object(Config\Cache), false)
 9 SYSTEMPATH\Boot.php(417): CodeIgniter\CodeIgniter->run()
10 SYSTEMPATH\Boot.php(68): CodeIgniter\Boot::runCodeIgniter(Object(CodeIgniter\CodeIgniter))
11 FCPATH\index.php(59): CodeIgniter\Boot::bootWeb(Object(Config\Paths))
12 SYSTEMPATH\rewrite.php(44): require_once('C:\\Users\\ASUS\\Downloads\\Projectmagang_dr\\Projectmagang_dr\\public\\index.php')
WARNING - 2026-08-21 14:19:28 --> [DEPRECATED] Passing lowercase HTTP method "post" is deprecated. Use uppercase HTTP method like "POST". in SYSTEMPATH\Router\RouteCollection.php on line 1026.
 1 SYSTEMPATH\Router\RouteCollection.php(1026): trigger_error('Passing lowercase HTTP method "post" is deprecated. Use uppercase HTTP method like "POST".', 16384)
 2 APPPATH\Config\Routes.php(167): CodeIgniter\Router\RouteCollection->match([...], 'logbook', '\\App\\Controllers\\Kabid\\C_LogbookKabid::index')
 3 SYSTEMPATH\Router\RouteCollection.php(799): CodeIgniter\Router\RouteCollection::{closure:C:\Users\ASUS\Downloads\Projectmagang_dr\Projectmagang_dr\app\Config\Routes.php:153}(Object(CodeIgniter\Router\RouteCollection))
 4 APPPATH\Config\Routes.php(153): CodeIgniter\Router\RouteCollection->group('kabid', [...], Object(Closure))
 5 SYSTEMPATH\Router\RouteCollection.php(339): require('C:\\Users\\ASUS\\Downloads\\Projectmagang_dr\\Projectmagang_dr\\app\\Config\\Routes.php')
 6 SYSTEMPATH\CodeIgniter.php(841): CodeIgniter\Router\RouteCollection->loadRoutes()
 7 SYSTEMPATH\CodeIgniter.php(464): CodeIgniter\CodeIgniter->tryToRouteIt(null)
 8 SYSTEMPATH\CodeIgniter.php(363): CodeIgniter\CodeIgniter->handleRequest(null, Object(Config\Cache), false)
 9 SYSTEMPATH\Boot.php(417): CodeIgniter\CodeIgniter->run()
10 SYSTEMPATH\Boot.php(68): CodeIgniter\Boot::runCodeIgniter(Object(CodeIgniter\CodeIgniter))
11 FCPATH\index.php(59): CodeIgniter\Boot::bootWeb(Object(Config\Paths))
12 SYSTEMPATH\rewrite.php(44): require_once('C:\\Users\\ASUS\\Downloads\\Projectmagang_dr\\Projectmagang_dr\\public\\index.php')
WARNING - 2026-08-21 14:19:28 --> [DEPRECATED] Passing lowercase HTTP method "get" is deprecated. Use uppercase HTTP method like "GET". in SYSTEMPATH\Router\RouteCollection.php on line 1026.
 1 SYSTEMPATH\Router\RouteCollection.php(1026): trigger_error('Passing lowercase HTTP method "get" is deprecated. Use uppercase HTTP method like "GET".', 16384)
 2 APPPATH\Config\Routes.php(179): CodeIgniter\Router\RouteCollection->match([...], 'upload-dokumen', '\\App\\Controllers\\Kabid\\C_UploadDokumen::index')
 3 SYSTEMPATH\Router\RouteCollection.php(799): CodeIgniter\Router\RouteCollection::{closure:C:\Users\ASUS\Downloads\Projectmagang_dr\Projectmagang_dr\app\Config\Routes.php:153}(Object(CodeIgniter\Router\RouteCollection))
 4 APPPATH\Config\Routes.php(153): CodeIgniter\Router\RouteCollection->group('kabid', [...], Object(Closure))
 5 SYSTEMPATH\Router\RouteCollection.php(339): require('C:\\Users\\ASUS\\Downloads\\Projectmagang_dr\\Projectmagang_dr\\app\\Config\\Routes.php')
 6 SYSTEMPATH\CodeIgniter.php(841): CodeIgniter\Router\RouteCollection->loadRoutes()
 7 SYSTEMPATH\CodeIgniter.php(464): CodeIgniter\CodeIgniter->tryToRouteIt(null)
 8 SYSTEMPATH\CodeIgniter.php(363): CodeIgniter\CodeIgniter->handleRequest(null, Object(Config\Cache), false)
 9 SYSTEMPATH\Boot.php(417): CodeIgniter\CodeIgniter->run()
10 SYSTEMPATH\Boot.php(68): CodeIgniter\Boot::runCodeIgniter(Object(CodeIgniter\CodeIgniter))
11 FCPATH\index.php(59): CodeIgniter\Boot::bootWeb(Object(Config\Paths))
12 SYSTEMPATH\rewrite.php(44): require_once('C:\\Users\\ASUS\\Downloads\\Projectmagang_dr\\Projectmagang_dr\\public\\index.php')
WARNING - 2026-08-21 14:19:28 --> [DEPRECATED] Passing lowercase HTTP method "post" is deprecated. Use uppercase HTTP method like "POST". in SYSTEMPATH\Router\RouteCollection.php on line 1026.
 1 SYSTEMPATH\Router\RouteCollection.php(1026): trigger_error('Passing lowercase HTTP method "post" is deprecated. Use uppercase HTTP method like "POST".', 16384)
 2 APPPATH\Config\Routes.php(179): CodeIgniter\Router\RouteCollection->match([...], 'upload-dokumen', '\\App\\Controllers\\Kabid\\C_UploadDokumen::index')
 3 SYSTEMPATH\Router\RouteCollection.php(799): CodeIgniter\Router\RouteCollection::{closure:C:\Users\ASUS\Downloads\Projectmagang_dr\Projectmagang_dr\app\Config\Routes.php:153}(Object(CodeIgniter\Router\RouteCollection))
 4 APPPATH\Config\Routes.php(153): CodeIgniter\Router\RouteCollection->group('kabid', [...], Object(Closure))
 5 SYSTEMPATH\Router\RouteCollection.php(339): require('C:\\Users\\ASUS\\Downloads\\Projectmagang_dr\\Projectmagang_dr\\app\\Config\\Routes.php')
 6 SYSTEMPATH\CodeIgniter.php(841): CodeIgniter\Router\RouteCollection->loadRoutes()
 7 SYSTEMPATH\CodeIgniter.php(464): CodeIgniter\CodeIgniter->tryToRouteIt(null)
 8 SYSTEMPATH\CodeIgniter.php(363): CodeIgniter\CodeIgniter->handleRequest(null, Object(Config\Cache), false)
 9 SYSTEMPATH\Boot.php(417): CodeIgniter\CodeIgniter->run()
10 SYSTEMPATH\Boot.php(68): CodeIgniter\Boot::runCodeIgniter(Object(CodeIgniter\CodeIgniter))
11 FCPATH\index.php(59): CodeIgniter\Boot::bootWeb(Object(Config\Paths))
12 SYSTEMPATH\rewrite.php(44): require_once('C:\\Users\\ASUS\\Downloads\\Projectmagang_dr\\Projectmagang_dr\\public\\index.php')
DEBUG - 2026-08-21 14:19:28 --> Session: Class initialized using 'CodeIgniter\Session\Handlers\FileHandler' driver.
WARNING - 2026-08-21 14:19:32 --> [DEPRECATED] Passing lowercase HTTP method "get" is deprecated. Use uppercase HTTP method like "GET". in SYSTEMPATH\Router\RouteCollection.php on line 1026.
 1 SYSTEMPATH\Router\RouteCollection.php(1026): trigger_error('Passing lowercase HTTP method "get" is deprecated. Use uppercase HTTP method like "GET".', 16384)
 2 APPPATH\Config\Routes.php(77): CodeIgniter\Router\RouteCollection->match([...], 'logbook', 'C_Logbook::logbook')
 3 SYSTEMPATH\Router\RouteCollection.php(799): CodeIgniter\Router\RouteCollection::{closure:C:\Users\ASUS\Downloads\Projectmagang_dr\Projectmagang_dr\app\Config\Routes.php:59}(Object(CodeIgniter\Router\RouteCollection))
 4 APPPATH\Config\Routes.php(59): CodeIgniter\Router\RouteCollection->group('mahasiswa', [...], Object(Closure))
 5 SYSTEMPATH\Router\RouteCollection.php(339): require('C:\\Users\\ASUS\\Downloads\\Projectmagang_dr\\Projectmagang_dr\\app\\Config\\Routes.php')
 6 SYSTEMPATH\CodeIgniter.php(841): CodeIgniter\Router\RouteCollection->loadRoutes()
 7 SYSTEMPATH\CodeIgniter.php(464): CodeIgniter\CodeIgniter->tryToRouteIt(null)
 8 SYSTEMPATH\CodeIgniter.php(363): CodeIgniter\CodeIgniter->handleRequest(null, Object(Config\Cache), false)
 9 SYSTEMPATH\Boot.php(417): CodeIgniter\CodeIgniter->run()
10 SYSTEMPATH\Boot.php(68): CodeIgniter\Boot::runCodeIgniter(Object(CodeIgniter\CodeIgniter))
11 FCPATH\index.php(59): CodeIgniter\Boot::bootWeb(Object(Config\Paths))
12 SYSTEMPATH\rewrite.php(44): require_once('C:\\Users\\ASUS\\Downloads\\Projectmagang_dr\\Projectmagang_dr\\public\\index.php')
WARNING - 2026-08-21 14:19:32 --> [DEPRECATED] Passing lowercase HTTP method "post" is deprecated. Use uppercase HTTP method like "POST". in SYSTEMPATH\Router\RouteCollection.php on line 1026.
 1 SYSTEMPATH\Router\RouteCollection.php(1026): trigger_error('Passing lowercase HTTP method "post" is deprecated. Use uppercase HTTP method like "POST".', 16384)
 2 APPPATH\Config\Routes.php(77): CodeIgniter\Router\RouteCollection->match([...], 'logbook', 'C_Logbook::logbook')
 3 SYSTEMPATH\Router\RouteCollection.php(799): CodeIgniter\Router\RouteCollection::{closure:C:\Users\ASUS\Downloads\Projectmagang_dr\Projectmagang_dr\app\Config\Routes.php:59}(Object(CodeIgniter\Router\RouteCollection))
 4 APPPATH\Config\Routes.php(59): CodeIgniter\Router\RouteCollection->group('mahasiswa', [...], Object(Closure))
 5 SYSTEMPATH\Router\RouteCollection.php(339): require('C:\\Users\\ASUS\\Downloads\\Projectmagang_dr\\Projectmagang_dr\\app\\Config\\Routes.php')
 6 SYSTEMPATH\CodeIgniter.php(841): CodeIgniter\Router\RouteCollection->loadRoutes()
 7 SYSTEMPATH\CodeIgniter.php(464): CodeIgniter\CodeIgniter->tryToRouteIt(null)
 8 SYSTEMPATH\CodeIgniter.php(363): CodeIgniter\CodeIgniter->handleRequest(null, Object(Config\Cache), false)
 9 SYSTEMPATH\Boot.php(417): CodeIgniter\CodeIgniter->run()
10 SYSTEMPATH\Boot.php(68): CodeIgniter\Boot::runCodeIgniter(Object(CodeIgniter\CodeIgniter))
11 FCPATH\index.php(59): CodeIgniter\Boot::bootWeb(Object(Config\Paths))
12 SYSTEMPATH\rewrite.php(44): require_once('C:\\Users\\ASUS\\Downloads\\Projectmagang_dr\\Projectmagang_dr\\public\\index.php')
WARNING - 2026-08-21 14:19:32 --> [DEPRECATED] Passing lowercase HTTP method "get" is deprecated. Use uppercase HTTP method like "GET". in SYSTEMPATH\Router\RouteCollection.php on line 1026.
 1 SYSTEMPATH\Router\RouteCollection.php(1026): trigger_error('Passing lowercase HTTP method "get" is deprecated. Use uppercase HTTP method like "GET".', 16384)
 2 APPPATH\Config\Routes.php(95): CodeIgniter\Router\RouteCollection->match([...], 'verifikasi', '\\App\\Controllers\\Sekretariat\\C_Verifikasi::index')
 3 SYSTEMPATH\Router\RouteCollection.php(799): CodeIgniter\Router\RouteCollection::{closure:C:\Users\ASUS\Downloads\Projectmagang_dr\Projectmagang_dr\app\Config\Routes.php:89}(Object(CodeIgniter\Router\RouteCollection))
 4 APPPATH\Config\Routes.php(89): CodeIgniter\Router\RouteCollection->group('sekretariat', [...], Object(Closure))
 5 SYSTEMPATH\Router\RouteCollection.php(339): require('C:\\Users\\ASUS\\Downloads\\Projectmagang_dr\\Projectmagang_dr\\app\\Config\\Routes.php')
 6 SYSTEMPATH\CodeIgniter.php(841): CodeIgniter\Router\RouteCollection->loadRoutes()
 7 SYSTEMPATH\CodeIgniter.php(464): CodeIgniter\CodeIgniter->tryToRouteIt(null)
 8 SYSTEMPATH\CodeIgniter.php(363): CodeIgniter\CodeIgniter->handleRequest(null, Object(Config\Cache), false)
 9 SYSTEMPATH\Boot.php(417): CodeIgniter\CodeIgniter->run()
10 SYSTEMPATH\Boot.php(68): CodeIgniter\Boot::runCodeIgniter(Object(CodeIgniter\CodeIgniter))
11 FCPATH\index.php(59): CodeIgniter\Boot::bootWeb(Object(Config\Paths))
12 SYSTEMPATH\rewrite.php(44): require_once('C:\\Users\\ASUS\\Downloads\\Projectmagang_dr\\Projectmagang_dr\\public\\index.php')
WARNING - 2026-08-21 14:19:32 --> [DEPRECATED] Passing lowercase HTTP method "post" is deprecated. Use uppercase HTTP method like "POST". in SYSTEMPATH\Router\RouteCollection.php on line 1026.
 1 SYSTEMPATH\Router\RouteCollection.php(1026): trigger_error('Passing lowercase HTTP method "post" is deprecated. Use uppercase HTTP method like "POST".', 16384)
 2 APPPATH\Config\Routes.php(95): CodeIgniter\Router\RouteCollection->match([...], 'verifikasi', '\\App\\Controllers\\Sekretariat\\C_Verifikasi::index')
 3 SYSTEMPATH\Router\RouteCollection.php(799): CodeIgniter\Router\RouteCollection::{closure:C:\Users\ASUS\Downloads\Projectmagang_dr\Projectmagang_dr\app\Config\Routes.php:89}(Object(CodeIgniter\Router\RouteCollection))
 4 APPPATH\Config\Routes.php(89): CodeIgniter\Router\RouteCollection->group('sekretariat', [...], Object(Closure))
 5 SYSTEMPATH\Router\RouteCollection.php(339): require('C:\\Users\\ASUS\\Downloads\\Projectmagang_dr\\Projectmagang_dr\\app\\Config\\Routes.php')
 6 SYSTEMPATH\CodeIgniter.php(841): CodeIgniter\Router\RouteCollection->loadRoutes()
 7 SYSTEMPATH\CodeIgniter.php(464): CodeIgniter\CodeIgniter->tryToRouteIt(null)
 8 SYSTEMPATH\CodeIgniter.php(363): CodeIgniter\CodeIgniter->handleRequest(null, Object(Config\Cache), false)
 9 SYSTEMPATH\Boot.php(417): CodeIgniter\CodeIgniter->run()
10 SYSTEMPATH\Boot.php(68): CodeIgniter\Boot::runCodeIgniter(Object(CodeIgniter\CodeIgniter))
11 FCPATH\index.php(59): CodeIgniter\Boot::bootWeb(Object(Config\Paths))
12 SYSTEMPATH\rewrite.php(44): require_once('C:\\Users\\ASUS\\Downloads\\Projectmagang_dr\\Projectmagang_dr\\public\\index.php')
WARNING - 2026-08-21 14:19:32 --> [DEPRECATED] Passing lowercase HTTP method "get" is deprecated. Use uppercase HTTP method like "GET". in SYSTEMPATH\Router\RouteCollection.php on line 1026.
 1 SYSTEMPATH\Router\RouteCollection.php(1026): trigger_error('Passing lowercase HTTP method "get" is deprecated. Use uppercase HTTP method like "GET".', 16384)
 2 APPPATH\Config\Routes.php(144): CodeIgniter\Router\RouteCollection->match([...], 'upload-surat-penerimaan', '\\App\\Controllers\\Sekretariat\\C_UploadSuratPenerimaan::index')
 3 SYSTEMPATH\Router\RouteCollection.php(799): CodeIgniter\Router\RouteCollection::{closure:C:\Users\ASUS\Downloads\Projectmagang_dr\Projectmagang_dr\app\Config\Routes.php:89}(Object(CodeIgniter\Router\RouteCollection))
 4 APPPATH\Config\Routes.php(89): CodeIgniter\Router\RouteCollection->group('sekretariat', [...], Object(Closure))
 5 SYSTEMPATH\Router\RouteCollection.php(339): require('C:\\Users\\ASUS\\Downloads\\Projectmagang_dr\\Projectmagang_dr\\app\\Config\\Routes.php')
 6 SYSTEMPATH\CodeIgniter.php(841): CodeIgniter\Router\RouteCollection->loadRoutes()
 7 SYSTEMPATH\CodeIgniter.php(464): CodeIgniter\CodeIgniter->tryToRouteIt(null)
 8 SYSTEMPATH\CodeIgniter.php(363): CodeIgniter\CodeIgniter->handleRequest(null, Object(Config\Cache), false)
 9 SYSTEMPATH\Boot.php(417): CodeIgniter\CodeIgniter->run()
10 SYSTEMPATH\Boot.php(68): CodeIgniter\Boot::runCodeIgniter(Object(CodeIgniter\CodeIgniter))
11 FCPATH\index.php(59): CodeIgniter\Boot::bootWeb(Object(Config\Paths))
12 SYSTEMPATH\rewrite.php(44): require_once('C:\\Users\\ASUS\\Downloads\\Projectmagang_dr\\Projectmagang_dr\\public\\index.php')
WARNING - 2026-08-21 14:19:32 --> [DEPRECATED] Passing lowercase HTTP method "post" is deprecated. Use uppercase HTTP method like "POST". in SYSTEMPATH\Router\RouteCollection.php on line 1026.
 1 SYSTEMPATH\Router\RouteCollection.php(1026): trigger_error('Passing lowercase HTTP method "post" is deprecated. Use uppercase HTTP method like "POST".', 16384)
 2 APPPATH\Config\Routes.php(144): CodeIgniter\Router\RouteCollection->match([...], 'upload-surat-penerimaan', '\\App\\Controllers\\Sekretariat\\C_UploadSuratPenerimaan::index')
 3 SYSTEMPATH\Router\RouteCollection.php(799): CodeIgniter\Router\RouteCollection::{closure:C:\Users\ASUS\Downloads\Projectmagang_dr\Projectmagang_dr\app\Config\Routes.php:89}(Object(CodeIgniter\Router\RouteCollection))
 4 APPPATH\Config\Routes.php(89): CodeIgniter\Router\RouteCollection->group('sekretariat', [...], Object(Closure))
 5 SYSTEMPATH\Router\RouteCollection.php(339): require('C:\\Users\\ASUS\\Downloads\\Projectmagang_dr\\Projectmagang_dr\\app\\Config\\Routes.php')
 6 SYSTEMPATH\CodeIgniter.php(841): CodeIgniter\Router\RouteCollection->loadRoutes()
 7 SYSTEMPATH\CodeIgniter.php(464): CodeIgniter\CodeIgniter->tryToRouteIt(null)
 8 SYSTEMPATH\CodeIgniter.php(363): CodeIgniter\CodeIgniter->handleRequest(null, Object(Config\Cache), false)
 9 SYSTEMPATH\Boot.php(417): CodeIgniter\CodeIgniter->run()
10 SYSTEMPATH\Boot.php(68): CodeIgniter\Boot::runCodeIgniter(Object(CodeIgniter\CodeIgniter))
11 FCPATH\index.php(59): CodeIgniter\Boot::bootWeb(Object(Config\Paths))
12 SYSTEMPATH\rewrite.php(44): require_once('C:\\Users\\ASUS\\Downloads\\Projectmagang_dr\\Projectmagang_dr\\public\\index.php')
WARNING - 2026-08-21 14:19:32 --> [DEPRECATED] Passing lowercase HTTP method "get" is deprecated. Use uppercase HTTP method like "GET". in SYSTEMPATH\Router\RouteCollection.php on line 1026.
 1 SYSTEMPATH\Router\RouteCollection.php(1026): trigger_error('Passing lowercase HTTP method "get" is deprecated. Use uppercase HTTP method like "GET".', 16384)
 2 APPPATH\Config\Routes.php(167): CodeIgniter\Router\RouteCollection->match([...], 'logbook', '\\App\\Controllers\\Kabid\\C_LogbookKabid::index')
 3 SYSTEMPATH\Router\RouteCollection.php(799): CodeIgniter\Router\RouteCollection::{closure:C:\Users\ASUS\Downloads\Projectmagang_dr\Projectmagang_dr\app\Config\Routes.php:153}(Object(CodeIgniter\Router\RouteCollection))
 4 APPPATH\Config\Routes.php(153): CodeIgniter\Router\RouteCollection->group('kabid', [...], Object(Closure))
 5 SYSTEMPATH\Router\RouteCollection.php(339): require('C:\\Users\\ASUS\\Downloads\\Projectmagang_dr\\Projectmagang_dr\\app\\Config\\Routes.php')
 6 SYSTEMPATH\CodeIgniter.php(841): CodeIgniter\Router\RouteCollection->loadRoutes()
 7 SYSTEMPATH\CodeIgniter.php(464): CodeIgniter\CodeIgniter->tryToRouteIt(null)
 8 SYSTEMPATH\CodeIgniter.php(363): CodeIgniter\CodeIgniter->handleRequest(null, Object(Config\Cache), false)
 9 SYSTEMPATH\Boot.php(417): CodeIgniter\CodeIgniter->run()
10 SYSTEMPATH\Boot.php(68): CodeIgniter\Boot::runCodeIgniter(Object(CodeIgniter\CodeIgniter))
11 FCPATH\index.php(59): CodeIgniter\Boot::bootWeb(Object(Config\Paths))
12 SYSTEMPATH\rewrite.php(44): require_once('C:\\Users\\ASUS\\Downloads\\Projectmagang_dr\\Projectmagang_dr\\public\\index.php')
WARNING - 2026-08-21 14:19:32 --> [DEPRECATED] Passing lowercase HTTP method "post" is deprecated. Use uppercase HTTP method like "POST". in SYSTEMPATH\Router\RouteCollection.php on line 1026.
 1 SYSTEMPATH\Router\RouteCollection.php(1026): trigger_error('Passing lowercase HTTP method "post" is deprecated. Use uppercase HTTP method like "POST".', 16384)
 2 APPPATH\Config\Routes.php(167): CodeIgniter\Router\RouteCollection->match([...], 'logbook', '\\App\\Controllers\\Kabid\\C_LogbookKabid::index')
 3 SYSTEMPATH\Router\RouteCollection.php(799): CodeIgniter\Router\RouteCollection::{closure:C:\Users\ASUS\Downloads\Projectmagang_dr\Projectmagang_dr\app\Config\Routes.php:153}(Object(CodeIgniter\Router\RouteCollection))
 4 APPPATH\Config\Routes.php(153): CodeIgniter\Router\RouteCollection->group('kabid', [...], Object(Closure))
 5 SYSTEMPATH\Router\RouteCollection.php(339): require('C:\\Users\\ASUS\\Downloads\\Projectmagang_dr\\Projectmagang_dr\\app\\Config\\Routes.php')
 6 SYSTEMPATH\CodeIgniter.php(841): CodeIgniter\Router\RouteCollection->loadRoutes()
 7 SYSTEMPATH\CodeIgniter.php(464): CodeIgniter\CodeIgniter->tryToRouteIt(null)
 8 SYSTEMPATH\CodeIgniter.php(363): CodeIgniter\CodeIgniter->handleRequest(null, Object(Config\Cache), false)
 9 SYSTEMPATH\Boot.php(417): CodeIgniter\CodeIgniter->run()
10 SYSTEMPATH\Boot.php(68): CodeIgniter\Boot::runCodeIgniter(Object(CodeIgniter\CodeIgniter))
11 FCPATH\index.php(59): CodeIgniter\Boot::bootWeb(Object(Config\Paths))
12 SYSTEMPATH\rewrite.php(44): require_once('C:\\Users\\ASUS\\Downloads\\Projectmagang_dr\\Projectmagang_dr\\public\\index.php')
WARNING - 2026-08-21 14:19:32 --> [DEPRECATED] Passing lowercase HTTP method "get" is deprecated. Use uppercase HTTP method like "GET". in SYSTEMPATH\Router\RouteCollection.php on line 1026.
 1 SYSTEMPATH\Router\RouteCollection.php(1026): trigger_error('Passing lowercase HTTP method "get" is deprecated. Use uppercase HTTP method like "GET".', 16384)
 2 APPPATH\Config\Routes.php(179): CodeIgniter\Router\RouteCollection->match([...], 'upload-dokumen', '\\App\\Controllers\\Kabid\\C_UploadDokumen::index')
 3 SYSTEMPATH\Router\RouteCollection.php(799): CodeIgniter\Router\RouteCollection::{closure:C:\Users\ASUS\Downloads\Projectmagang_dr\Projectmagang_dr\app\Config\Routes.php:153}(Object(CodeIgniter\Router\RouteCollection))
 4 APPPATH\Config\Routes.php(153): CodeIgniter\Router\RouteCollection->group('kabid', [...], Object(Closure))
 5 SYSTEMPATH\Router\RouteCollection.php(339): require('C:\\Users\\ASUS\\Downloads\\Projectmagang_dr\\Projectmagang_dr\\app\\Config\\Routes.php')
 6 SYSTEMPATH\CodeIgniter.php(841): CodeIgniter\Router\RouteCollection->loadRoutes()
 7 SYSTEMPATH\CodeIgniter.php(464): CodeIgniter\CodeIgniter->tryToRouteIt(null)
 8 SYSTEMPATH\CodeIgniter.php(363): CodeIgniter\CodeIgniter->handleRequest(null, Object(Config\Cache), false)
 9 SYSTEMPATH\Boot.php(417): CodeIgniter\CodeIgniter->run()
10 SYSTEMPATH\Boot.php(68): CodeIgniter\Boot::runCodeIgniter(Object(CodeIgniter\CodeIgniter))
11 FCPATH\index.php(59): CodeIgniter\Boot::bootWeb(Object(Config\Paths))
12 SYSTEMPATH\rewrite.php(44): require_once('C:\\Users\\ASUS\\Downloads\\Projectmagang_dr\\Projectmagang_dr\\public\\index.php')
WARNING - 2026-08-21 14:19:32 --> [DEPRECATED] Passing lowercase HTTP method "post" is deprecated. Use uppercase HTTP method like "POST". in SYSTEMPATH\Router\RouteCollection.php on line 1026.
 1 SYSTEMPATH\Router\RouteCollection.php(1026): trigger_error('Passing lowercase HTTP method "post" is deprecated. Use uppercase HTTP method like "POST".', 16384)
 2 APPPATH\Config\Routes.php(179): CodeIgniter\Router\RouteCollection->match([...], 'upload-dokumen', '\\App\\Controllers\\Kabid\\C_UploadDokumen::index')
 3 SYSTEMPATH\Router\RouteCollection.php(799): CodeIgniter\Router\RouteCollection::{closure:C:\Users\ASUS\Downloads\Projectmagang_dr\Projectmagang_dr\app\Config\Routes.php:153}(Object(CodeIgniter\Router\RouteCollection))
 4 APPPATH\Config\Routes.php(153): CodeIgniter\Router\RouteCollection->group('kabid', [...], Object(Closure))
 5 SYSTEMPATH\Router\RouteCollection.php(339): require('C:\\Users\\ASUS\\Downloads\\Projectmagang_dr\\Projectmagang_dr\\app\\Config\\Routes.php')
 6 SYSTEMPATH\CodeIgniter.php(841): CodeIgniter\Router\RouteCollection->loadRoutes()
 7 SYSTEMPATH\CodeIgniter.php(464): CodeIgniter\CodeIgniter->tryToRouteIt(null)
 8 SYSTEMPATH\CodeIgniter.php(363): CodeIgniter\CodeIgniter->handleRequest(null, Object(Config\Cache), false)
 9 SYSTEMPATH\Boot.php(417): CodeIgniter\CodeIgniter->run()
10 SYSTEMPATH\Boot.php(68): CodeIgniter\Boot::runCodeIgniter(Object(CodeIgniter\CodeIgniter))
11 FCPATH\index.php(59): CodeIgniter\Boot::bootWeb(Object(Config\Paths))
12 SYSTEMPATH\rewrite.php(44): require_once('C:\\Users\\ASUS\\Downloads\\Projectmagang_dr\\Projectmagang_dr\\public\\index.php')
DEBUG - 2026-08-21 14:19:32 --> Session: Class initialized using 'CodeIgniter\Session\Handlers\FileHandler' driver.
WARNING - 2026-08-21 14:19:35 --> [DEPRECATED] Passing lowercase HTTP method "get" is deprecated. Use uppercase HTTP method like "GET". in SYSTEMPATH\Router\RouteCollection.php on line 1026.
 1 SYSTEMPATH\Router\RouteCollection.php(1026): trigger_error('Passing lowercase HTTP method "get" is deprecated. Use uppercase HTTP method like "GET".', 16384)
 2 APPPATH\Config\Routes.php(77): CodeIgniter\Router\RouteCollection->match([...], 'logbook', 'C_Logbook::logbook')
 3 SYSTEMPATH\Router\RouteCollection.php(799): CodeIgniter\Router\RouteCollection::{closure:C:\Users\ASUS\Downloads\Projectmagang_dr\Projectmagang_dr\app\Config\Routes.php:59}(Object(CodeIgniter\Router\RouteCollection))
 4 APPPATH\Config\Routes.php(59): CodeIgniter\Router\RouteCollection->group('mahasiswa', [...], Object(Closure))
 5 SYSTEMPATH\Router\RouteCollection.php(339): require('C:\\Users\\ASUS\\Downloads\\Projectmagang_dr\\Projectmagang_dr\\app\\Config\\Routes.php')
 6 SYSTEMPATH\CodeIgniter.php(841): CodeIgniter\Router\RouteCollection->loadRoutes()
 7 SYSTEMPATH\CodeIgniter.php(464): CodeIgniter\CodeIgniter->tryToRouteIt(null)
 8 SYSTEMPATH\CodeIgniter.php(363): CodeIgniter\CodeIgniter->handleRequest(null, Object(Config\Cache), false)
 9 SYSTEMPATH\Boot.php(417): CodeIgniter\CodeIgniter->run()
10 SYSTEMPATH\Boot.php(68): CodeIgniter\Boot::runCodeIgniter(Object(CodeIgniter\CodeIgniter))
11 FCPATH\index.php(59): CodeIgniter\Boot::bootWeb(Object(Config\Paths))
12 SYSTEMPATH\rewrite.php(44): require_once('C:\\Users\\ASUS\\Downloads\\Projectmagang_dr\\Projectmagang_dr\\public\\index.php')
WARNING - 2026-08-21 14:19:35 --> [DEPRECATED] Passing lowercase HTTP method "post" is deprecated. Use uppercase HTTP method like "POST". in SYSTEMPATH\Router\RouteCollection.php on line 1026.
 1 SYSTEMPATH\Router\RouteCollection.php(1026): trigger_error('Passing lowercase HTTP method "post" is deprecated. Use uppercase HTTP method like "POST".', 16384)
 2 APPPATH\Config\Routes.php(77): CodeIgniter\Router\RouteCollection->match([...], 'logbook', 'C_Logbook::logbook')
 3 SYSTEMPATH\Router\RouteCollection.php(799): CodeIgniter\Router\RouteCollection::{closure:C:\Users\ASUS\Downloads\Projectmagang_dr\Projectmagang_dr\app\Config\Routes.php:59}(Object(CodeIgniter\Router\RouteCollection))
 4 APPPATH\Config\Routes.php(59): CodeIgniter\Router\RouteCollection->group('mahasiswa', [...], Object(Closure))
 5 SYSTEMPATH\Router\RouteCollection.php(339): require('C:\\Users\\ASUS\\Downloads\\Projectmagang_dr\\Projectmagang_dr\\app\\Config\\Routes.php')
 6 SYSTEMPATH\CodeIgniter.php(841): CodeIgniter\Router\RouteCollection->loadRoutes()
 7 SYSTEMPATH\CodeIgniter.php(464): CodeIgniter\CodeIgniter->tryToRouteIt(null)
 8 SYSTEMPATH\CodeIgniter.php(363): CodeIgniter\CodeIgniter->handleRequest(null, Object(Config\Cache), false)
 9 SYSTEMPATH\Boot.php(417): CodeIgniter\CodeIgniter->run()
10 SYSTEMPATH\Boot.php(68): CodeIgniter\Boot::runCodeIgniter(Object(CodeIgniter\CodeIgniter))
11 FCPATH\index.php(59): CodeIgniter\Boot::bootWeb(Object(Config\Paths))
12 SYSTEMPATH\rewrite.php(44): require_once('C:\\Users\\ASUS\\Downloads\\Projectmagang_dr\\Projectmagang_dr\\public\\index.php')
WARNING - 2026-08-21 14:19:35 --> [DEPRECATED] Passing lowercase HTTP method "get" is deprecated. Use uppercase HTTP method like "GET". in SYSTEMPATH\Router\RouteCollection.php on line 1026.
 1 SYSTEMPATH\Router\RouteCollection.php(1026): trigger_error('Passing lowercase HTTP method "get" is deprecated. Use uppercase HTTP method like "GET".', 16384)
 2 APPPATH\Config\Routes.php(95): CodeIgniter\Router\RouteCollection->match([...], 'verifikasi', '\\App\\Controllers\\Sekretariat\\C_Verifikasi::index')
 3 SYSTEMPATH\Router\RouteCollection.php(799): CodeIgniter\Router\RouteCollection::{closure:C:\Users\ASUS\Downloads\Projectmagang_dr\Projectmagang_dr\app\Config\Routes.php:89}(Object(CodeIgniter\Router\RouteCollection))
 4 APPPATH\Config\Routes.php(89): CodeIgniter\Router\RouteCollection->group('sekretariat', [...], Object(Closure))
 5 SYSTEMPATH\Router\RouteCollection.php(339): require('C:\\Users\\ASUS\\Downloads\\Projectmagang_dr\\Projectmagang_dr\\app\\Config\\Routes.php')
 6 SYSTEMPATH\CodeIgniter.php(841): CodeIgniter\Router\RouteCollection->loadRoutes()
 7 SYSTEMPATH\CodeIgniter.php(464): CodeIgniter\CodeIgniter->tryToRouteIt(null)
 8 SYSTEMPATH\CodeIgniter.php(363): CodeIgniter\CodeIgniter->handleRequest(null, Object(Config\Cache), false)
 9 SYSTEMPATH\Boot.php(417): CodeIgniter\CodeIgniter->run()
10 SYSTEMPATH\Boot.php(68): CodeIgniter\Boot::runCodeIgniter(Object(CodeIgniter\CodeIgniter))
11 FCPATH\index.php(59): CodeIgniter\Boot::bootWeb(Object(Config\Paths))
12 SYSTEMPATH\rewrite.php(44): require_once('C:\\Users\\ASUS\\Downloads\\Projectmagang_dr\\Projectmagang_dr\\public\\index.php')
WARNING - 2026-08-21 14:19:35 --> [DEPRECATED] Passing lowercase HTTP method "post" is deprecated. Use uppercase HTTP method like "POST". in SYSTEMPATH\Router\RouteCollection.php on line 1026.
 1 SYSTEMPATH\Router\RouteCollection.php(1026): trigger_error('Passing lowercase HTTP method "post" is deprecated. Use uppercase HTTP method like "POST".', 16384)
 2 APPPATH\Config\Routes.php(95): CodeIgniter\Router\RouteCollection->match([...], 'verifikasi', '\\App\\Controllers\\Sekretariat\\C_Verifikasi::index')
 3 SYSTEMPATH\Router\RouteCollection.php(799): CodeIgniter\Router\RouteCollection::{closure:C:\Users\ASUS\Downloads\Projectmagang_dr\Projectmagang_dr\app\Config\Routes.php:89}(Object(CodeIgniter\Router\RouteCollection))
 4 APPPATH\Config\Routes.php(89): CodeIgniter\Router\RouteCollection->group('sekretariat', [...], Object(Closure))
 5 SYSTEMPATH\Router\RouteCollection.php(339): require('C:\\Users\\ASUS\\Downloads\\Projectmagang_dr\\Projectmagang_dr\\app\\Config\\Routes.php')
 6 SYSTEMPATH\CodeIgniter.php(841): CodeIgniter\Router\RouteCollection->loadRoutes()
 7 SYSTEMPATH\CodeIgniter.php(464): CodeIgniter\CodeIgniter->tryToRouteIt(null)
 8 SYSTEMPATH\CodeIgniter.php(363): CodeIgniter\CodeIgniter->handleRequest(null, Object(Config\Cache), false)
 9 SYSTEMPATH\Boot.php(417): CodeIgniter\CodeIgniter->run()
10 SYSTEMPATH\Boot.php(68): CodeIgniter\Boot::runCodeIgniter(Object(CodeIgniter\CodeIgniter))
11 FCPATH\index.php(59): CodeIgniter\Boot::bootWeb(Object(Config\Paths))
12 SYSTEMPATH\rewrite.php(44): require_once('C:\\Users\\ASUS\\Downloads\\Projectmagang_dr\\Projectmagang_dr\\public\\index.php')
WARNING - 2026-08-21 14:19:35 --> [DEPRECATED] Passing lowercase HTTP method "get" is deprecated. Use uppercase HTTP method like "GET". in SYSTEMPATH\Router\RouteCollection.php on line 1026.
 1 SYSTEMPATH\Router\RouteCollection.php(1026): trigger_error('Passing lowercase HTTP method "get" is deprecated. Use uppercase HTTP method like "GET".', 16384)
 2 APPPATH\Config\Routes.php(144): CodeIgniter\Router\RouteCollection->match([...], 'upload-surat-penerimaan', '\\App\\Controllers\\Sekretariat\\C_UploadSuratPenerimaan::index')
 3 SYSTEMPATH\Router\RouteCollection.php(799): CodeIgniter\Router\RouteCollection::{closure:C:\Users\ASUS\Downloads\Projectmagang_dr\Projectmagang_dr\app\Config\Routes.php:89}(Object(CodeIgniter\Router\RouteCollection))
 4 APPPATH\Config\Routes.php(89): CodeIgniter\Router\RouteCollection->group('sekretariat', [...], Object(Closure))
 5 SYSTEMPATH\Router\RouteCollection.php(339): require('C:\\Users\\ASUS\\Downloads\\Projectmagang_dr\\Projectmagang_dr\\app\\Config\\Routes.php')
 6 SYSTEMPATH\CodeIgniter.php(841): CodeIgniter\Router\RouteCollection->loadRoutes()
 7 SYSTEMPATH\CodeIgniter.php(464): CodeIgniter\CodeIgniter->tryToRouteIt(null)
 8 SYSTEMPATH\CodeIgniter.php(363): CodeIgniter\CodeIgniter->handleRequest(null, Object(Config\Cache), false)
 9 SYSTEMPATH\Boot.php(417): CodeIgniter\CodeIgniter->run()
10 SYSTEMPATH\Boot.php(68): CodeIgniter\Boot::runCodeIgniter(Object(CodeIgniter\CodeIgniter))
11 FCPATH\index.php(59): CodeIgniter\Boot::bootWeb(Object(Config\Paths))
12 SYSTEMPATH\rewrite.php(44): require_once('C:\\Users\\ASUS\\Downloads\\Projectmagang_dr\\Projectmagang_dr\\public\\index.php')
WARNING - 2026-08-21 14:19:35 --> [DEPRECATED] Passing lowercase HTTP method "post" is deprecated. Use uppercase HTTP method like "POST". in SYSTEMPATH\Router\RouteCollection.php on line 1026.
 1 SYSTEMPATH\Router\RouteCollection.php(1026): trigger_error('Passing lowercase HTTP method "post" is deprecated. Use uppercase HTTP method like "POST".', 16384)
 2 APPPATH\Config\Routes.php(144): CodeIgniter\Router\RouteCollection->match([...], 'upload-surat-penerimaan', '\\App\\Controllers\\Sekretariat\\C_UploadSuratPenerimaan::index')
 3 SYSTEMPATH\Router\RouteCollection.php(799): CodeIgniter\Router\RouteCollection::{closure:C:\Users\ASUS\Downloads\Projectmagang_dr\Projectmagang_dr\app\Config\Routes.php:89}(Object(CodeIgniter\Router\RouteCollection))
 4 APPPATH\Config\Routes.php(89): CodeIgniter\Router\RouteCollection->group('sekretariat', [...], Object(Closure))
 5 SYSTEMPATH\Router\RouteCollection.php(339): require('C:\\Users\\ASUS\\Downloads\\Projectmagang_dr\\Projectmagang_dr\\app\\Config\\Routes.php')
 6 SYSTEMPATH\CodeIgniter.php(841): CodeIgniter\Router\RouteCollection->loadRoutes()
 7 SYSTEMPATH\CodeIgniter.php(464): CodeIgniter\CodeIgniter->tryToRouteIt(null)
 8 SYSTEMPATH\CodeIgniter.php(363): CodeIgniter\CodeIgniter->handleRequest(null, Object(Config\Cache), false)
 9 SYSTEMPATH\Boot.php(417): CodeIgniter\CodeIgniter->run()
10 SYSTEMPATH\Boot.php(68): CodeIgniter\Boot::runCodeIgniter(Object(CodeIgniter\CodeIgniter))
11 FCPATH\index.php(59): CodeIgniter\Boot::bootWeb(Object(Config\Paths))
12 SYSTEMPATH\rewrite.php(44): require_once('C:\\Users\\ASUS\\Downloads\\Projectmagang_dr\\Projectmagang_dr\\public\\index.php')
WARNING - 2026-08-21 14:19:35 --> [DEPRECATED] Passing lowercase HTTP method "get" is deprecated. Use uppercase HTTP method like "GET". in SYSTEMPATH\Router\RouteCollection.php on line 1026.
 1 SYSTEMPATH\Router\RouteCollection.php(1026): trigger_error('Passing lowercase HTTP method "get" is deprecated. Use uppercase HTTP method like "GET".', 16384)
 2 APPPATH\Config\Routes.php(167): CodeIgniter\Router\RouteCollection->match([...], 'logbook', '\\App\\Controllers\\Kabid\\C_LogbookKabid::index')
 3 SYSTEMPATH\Router\RouteCollection.php(799): CodeIgniter\Router\RouteCollection::{closure:C:\Users\ASUS\Downloads\Projectmagang_dr\Projectmagang_dr\app\Config\Routes.php:153}(Object(CodeIgniter\Router\RouteCollection))
 4 APPPATH\Config\Routes.php(153): CodeIgniter\Router\RouteCollection->group('kabid', [...], Object(Closure))
 5 SYSTEMPATH\Router\RouteCollection.php(339): require('C:\\Users\\ASUS\\Downloads\\Projectmagang_dr\\Projectmagang_dr\\app\\Config\\Routes.php')
 6 SYSTEMPATH\CodeIgniter.php(841): CodeIgniter\Router\RouteCollection->loadRoutes()
 7 SYSTEMPATH\CodeIgniter.php(464): CodeIgniter\CodeIgniter->tryToRouteIt(null)
 8 SYSTEMPATH\CodeIgniter.php(363): CodeIgniter\CodeIgniter->handleRequest(null, Object(Config\Cache), false)
 9 SYSTEMPATH\Boot.php(417): CodeIgniter\CodeIgniter->run()
10 SYSTEMPATH\Boot.php(68): CodeIgniter\Boot::runCodeIgniter(Object(CodeIgniter\CodeIgniter))
11 FCPATH\index.php(59): CodeIgniter\Boot::bootWeb(Object(Config\Paths))
12 SYSTEMPATH\rewrite.php(44): require_once('C:\\Users\\ASUS\\Downloads\\Projectmagang_dr\\Projectmagang_dr\\public\\index.php')
WARNING - 2026-08-21 14:19:35 --> [DEPRECATED] Passing lowercase HTTP method "post" is deprecated. Use uppercase HTTP method like "POST". in SYSTEMPATH\Router\RouteCollection.php on line 1026.
 1 SYSTEMPATH\Router\RouteCollection.php(1026): trigger_error('Passing lowercase HTTP method "post" is deprecated. Use uppercase HTTP method like "POST".', 16384)
 2 APPPATH\Config\Routes.php(167): CodeIgniter\Router\RouteCollection->match([...], 'logbook', '\\App\\Controllers\\Kabid\\C_LogbookKabid::index')
 3 SYSTEMPATH\Router\RouteCollection.php(799): CodeIgniter\Router\RouteCollection::{closure:C:\Users\ASUS\Downloads\Projectmagang_dr\Projectmagang_dr\app\Config\Routes.php:153}(Object(CodeIgniter\Router\RouteCollection))
 4 APPPATH\Config\Routes.php(153): CodeIgniter\Router\RouteCollection->group('kabid', [...], Object(Closure))
 5 SYSTEMPATH\Router\RouteCollection.php(339): require('C:\\Users\\ASUS\\Downloads\\Projectmagang_dr\\Projectmagang_dr\\app\\Config\\Routes.php')
 6 SYSTEMPATH\CodeIgniter.php(841): CodeIgniter\Router\RouteCollection->loadRoutes()
 7 SYSTEMPATH\CodeIgniter.php(464): CodeIgniter\CodeIgniter->tryToRouteIt(null)
 8 SYSTEMPATH\CodeIgniter.php(363): CodeIgniter\CodeIgniter->handleRequest(null, Object(Config\Cache), false)
 9 SYSTEMPATH\Boot.php(417): CodeIgniter\CodeIgniter->run()
10 SYSTEMPATH\Boot.php(68): CodeIgniter\Boot::runCodeIgniter(Object(CodeIgniter\CodeIgniter))
11 FCPATH\index.php(59): CodeIgniter\Boot::bootWeb(Object(Config\Paths))
12 SYSTEMPATH\rewrite.php(44): require_once('C:\\Users\\ASUS\\Downloads\\Projectmagang_dr\\Projectmagang_dr\\public\\index.php')
WARNING - 2026-08-21 14:19:35 --> [DEPRECATED] Passing lowercase HTTP method "get" is deprecated. Use uppercase HTTP method like "GET". in SYSTEMPATH\Router\RouteCollection.php on line 1026.
 1 SYSTEMPATH\Router\RouteCollection.php(1026): trigger_error('Passing lowercase HTTP method "get" is deprecated. Use uppercase HTTP method like "GET".', 16384)
 2 APPPATH\Config\Routes.php(179): CodeIgniter\Router\RouteCollection->match([...], 'upload-dokumen', '\\App\\Controllers\\Kabid\\C_UploadDokumen::index')
 3 SYSTEMPATH\Router\RouteCollection.php(799): CodeIgniter\Router\RouteCollection::{closure:C:\Users\ASUS\Downloads\Projectmagang_dr\Projectmagang_dr\app\Config\Routes.php:153}(Object(CodeIgniter\Router\RouteCollection))
 4 APPPATH\Config\Routes.php(153): CodeIgniter\Router\RouteCollection->group('kabid', [...], Object(Closure))
 5 SYSTEMPATH\Router\RouteCollection.php(339): require('C:\\Users\\ASUS\\Downloads\\Projectmagang_dr\\Projectmagang_dr\\app\\Config\\Routes.php')
 6 SYSTEMPATH\CodeIgniter.php(841): CodeIgniter\Router\RouteCollection->loadRoutes()
 7 SYSTEMPATH\CodeIgniter.php(464): CodeIgniter\CodeIgniter->tryToRouteIt(null)
 8 SYSTEMPATH\CodeIgniter.php(363): CodeIgniter\CodeIgniter->handleRequest(null, Object(Config\Cache), false)
 9 SYSTEMPATH\Boot.php(417): CodeIgniter\CodeIgniter->run()
10 SYSTEMPATH\Boot.php(68): CodeIgniter\Boot::runCodeIgniter(Object(CodeIgniter\CodeIgniter))
11 FCPATH\index.php(59): CodeIgniter\Boot::bootWeb(Object(Config\Paths))
12 SYSTEMPATH\rewrite.php(44): require_once('C:\\Users\\ASUS\\Downloads\\Projectmagang_dr\\Projectmagang_dr\\public\\index.php')
WARNING - 2026-08-21 14:19:35 --> [DEPRECATED] Passing lowercase HTTP method "post" is deprecated. Use uppercase HTTP method like "POST". in SYSTEMPATH\Router\RouteCollection.php on line 1026.
 1 SYSTEMPATH\Router\RouteCollection.php(1026): trigger_error('Passing lowercase HTTP method "post" is deprecated. Use uppercase HTTP method like "POST".', 16384)
 2 APPPATH\Config\Routes.php(179): CodeIgniter\Router\RouteCollection->match([...], 'upload-dokumen', '\\App\\Controllers\\Kabid\\C_UploadDokumen::index')
 3 SYSTEMPATH\Router\RouteCollection.php(799): CodeIgniter\Router\RouteCollection::{closure:C:\Users\ASUS\Downloads\Projectmagang_dr\Projectmagang_dr\app\Config\Routes.php:153}(Object(CodeIgniter\Router\RouteCollection))
 4 APPPATH\Config\Routes.php(153): CodeIgniter\Router\RouteCollection->group('kabid', [...], Object(Closure))
 5 SYSTEMPATH\Router\RouteCollection.php(339): require('C:\\Users\\ASUS\\Downloads\\Projectmagang_dr\\Projectmagang_dr\\app\\Config\\Routes.php')
 6 SYSTEMPATH\CodeIgniter.php(841): CodeIgniter\Router\RouteCollection->loadRoutes()
 7 SYSTEMPATH\CodeIgniter.php(464): CodeIgniter\CodeIgniter->tryToRouteIt(null)
 8 SYSTEMPATH\CodeIgniter.php(363): CodeIgniter\CodeIgniter->handleRequest(null, Object(Config\Cache), false)
 9 SYSTEMPATH\Boot.php(417): CodeIgniter\CodeIgniter->run()
10 SYSTEMPATH\Boot.php(68): CodeIgniter\Boot::runCodeIgniter(Object(CodeIgniter\CodeIgniter))
11 FCPATH\index.php(59): CodeIgniter\Boot::bootWeb(Object(Config\Paths))
12 SYSTEMPATH\rewrite.php(44): require_once('C:\\Users\\ASUS\\Downloads\\Projectmagang_dr\\Projectmagang_dr\\public\\index.php')
DEBUG - 2026-08-21 14:19:35 --> Session: Class initialized using 'CodeIgniter\Session\Handlers\FileHandler' driver.
WARNING - 2026-08-21 14:19:36 --> [DEPRECATED] Passing lowercase HTTP method "get" is deprecated. Use uppercase HTTP method like "GET". in SYSTEMPATH\Router\RouteCollection.php on line 1026.
 1 SYSTEMPATH\Router\RouteCollection.php(1026): trigger_error('Passing lowercase HTTP method "get" is deprecated. Use uppercase HTTP method like "GET".', 16384)
 2 APPPATH\Config\Routes.php(77): CodeIgniter\Router\RouteCollection->match([...], 'logbook', 'C_Logbook::logbook')
 3 SYSTEMPATH\Router\RouteCollection.php(799): CodeIgniter\Router\RouteCollection::{closure:C:\Users\ASUS\Downloads\Projectmagang_dr\Projectmagang_dr\app\Config\Routes.php:59}(Object(CodeIgniter\Router\RouteCollection))
 4 APPPATH\Config\Routes.php(59): CodeIgniter\Router\RouteCollection->group('mahasiswa', [...], Object(Closure))
 5 SYSTEMPATH\Router\RouteCollection.php(339): require('C:\\Users\\ASUS\\Downloads\\Projectmagang_dr\\Projectmagang_dr\\app\\Config\\Routes.php')
 6 SYSTEMPATH\CodeIgniter.php(841): CodeIgniter\Router\RouteCollection->loadRoutes()
 7 SYSTEMPATH\CodeIgniter.php(464): CodeIgniter\CodeIgniter->tryToRouteIt(null)
 8 SYSTEMPATH\CodeIgniter.php(363): CodeIgniter\CodeIgniter->handleRequest(null, Object(Config\Cache), false)
 9 SYSTEMPATH\Boot.php(417): CodeIgniter\CodeIgniter->run()
10 SYSTEMPATH\Boot.php(68): CodeIgniter\Boot::runCodeIgniter(Object(CodeIgniter\CodeIgniter))
11 FCPATH\index.php(59): CodeIgniter\Boot::bootWeb(Object(Config\Paths))
12 SYSTEMPATH\rewrite.php(44): require_once('C:\\Users\\ASUS\\Downloads\\Projectmagang_dr\\Projectmagang_dr\\public\\index.php')
WARNING - 2026-08-21 14:19:36 --> [DEPRECATED] Passing lowercase HTTP method "post" is deprecated. Use uppercase HTTP method like "POST". in SYSTEMPATH\Router\RouteCollection.php on line 1026.
 1 SYSTEMPATH\Router\RouteCollection.php(1026): trigger_error('Passing lowercase HTTP method "post" is deprecated. Use uppercase HTTP method like "POST".', 16384)
 2 APPPATH\Config\Routes.php(77): CodeIgniter\Router\RouteCollection->match([...], 'logbook', 'C_Logbook::logbook')
 3 SYSTEMPATH\Router\RouteCollection.php(799): CodeIgniter\Router\RouteCollection::{closure:C:\Users\ASUS\Downloads\Projectmagang_dr\Projectmagang_dr\app\Config\Routes.php:59}(Object(CodeIgniter\Router\RouteCollection))
 4 APPPATH\Config\Routes.php(59): CodeIgniter\Router\RouteCollection->group('mahasiswa', [...], Object(Closure))
 5 SYSTEMPATH\Router\RouteCollection.php(339): require('C:\\Users\\ASUS\\Downloads\\Projectmagang_dr\\Projectmagang_dr\\app\\Config\\Routes.php')
 6 SYSTEMPATH\CodeIgniter.php(841): CodeIgniter\Router\RouteCollection->loadRoutes()
 7 SYSTEMPATH\CodeIgniter.php(464): CodeIgniter\CodeIgniter->tryToRouteIt(null)
 8 SYSTEMPATH\CodeIgniter.php(363): CodeIgniter\CodeIgniter->handleRequest(null, Object(Config\Cache), false)
 9 SYSTEMPATH\Boot.php(417): CodeIgniter\CodeIgniter->run()
10 SYSTEMPATH\Boot.php(68): CodeIgniter\Boot::runCodeIgniter(Object(CodeIgniter\CodeIgniter))
11 FCPATH\index.php(59): CodeIgniter\Boot::bootWeb(Object(Config\Paths))
12 SYSTEMPATH\rewrite.php(44): require_once('C:\\Users\\ASUS\\Downloads\\Projectmagang_dr\\Projectmagang_dr\\public\\index.php')
WARNING - 2026-08-21 14:19:36 --> [DEPRECATED] Passing lowercase HTTP method "get" is deprecated. Use uppercase HTTP method like "GET". in SYSTEMPATH\Router\RouteCollection.php on line 1026.
 1 SYSTEMPATH\Router\RouteCollection.php(1026): trigger_error('Passing lowercase HTTP method "get" is deprecated. Use uppercase HTTP method like "GET".', 16384)
 2 APPPATH\Config\Routes.php(95): CodeIgniter\Router\RouteCollection->match([...], 'verifikasi', '\\App\\Controllers\\Sekretariat\\C_Verifikasi::index')
 3 SYSTEMPATH\Router\RouteCollection.php(799): CodeIgniter\Router\RouteCollection::{closure:C:\Users\ASUS\Downloads\Projectmagang_dr\Projectmagang_dr\app\Config\Routes.php:89}(Object(CodeIgniter\Router\RouteCollection))
 4 APPPATH\Config\Routes.php(89): CodeIgniter\Router\RouteCollection->group('sekretariat', [...], Object(Closure))
 5 SYSTEMPATH\Router\RouteCollection.php(339): require('C:\\Users\\ASUS\\Downloads\\Projectmagang_dr\\Projectmagang_dr\\app\\Config\\Routes.php')
 6 SYSTEMPATH\CodeIgniter.php(841): CodeIgniter\Router\RouteCollection->loadRoutes()
 7 SYSTEMPATH\CodeIgniter.php(464): CodeIgniter\CodeIgniter->tryToRouteIt(null)
 8 SYSTEMPATH\CodeIgniter.php(363): CodeIgniter\CodeIgniter->handleRequest(null, Object(Config\Cache), false)
 9 SYSTEMPATH\Boot.php(417): CodeIgniter\CodeIgniter->run()
10 SYSTEMPATH\Boot.php(68): CodeIgniter\Boot::runCodeIgniter(Object(CodeIgniter\CodeIgniter))
11 FCPATH\index.php(59): CodeIgniter\Boot::bootWeb(Object(Config\Paths))
12 SYSTEMPATH\rewrite.php(44): require_once('C:\\Users\\ASUS\\Downloads\\Projectmagang_dr\\Projectmagang_dr\\public\\index.php')
WARNING - 2026-08-21 14:19:36 --> [DEPRECATED] Passing lowercase HTTP method "post" is deprecated. Use uppercase HTTP method like "POST". in SYSTEMPATH\Router\RouteCollection.php on line 1026.
 1 SYSTEMPATH\Router\RouteCollection.php(1026): trigger_error('Passing lowercase HTTP method "post" is deprecated. Use uppercase HTTP method like "POST".', 16384)
 2 APPPATH\Config\Routes.php(95): CodeIgniter\Router\RouteCollection->match([...], 'verifikasi', '\\App\\Controllers\\Sekretariat\\C_Verifikasi::index')
 3 SYSTEMPATH\Router\RouteCollection.php(799): CodeIgniter\Router\RouteCollection::{closure:C:\Users\ASUS\Downloads\Projectmagang_dr\Projectmagang_dr\app\Config\Routes.php:89}(Object(CodeIgniter\Router\RouteCollection))
 4 APPPATH\Config\Routes.php(89): CodeIgniter\Router\RouteCollection->group('sekretariat', [...], Object(Closure))
 5 SYSTEMPATH\Router\RouteCollection.php(339): require('C:\\Users\\ASUS\\Downloads\\Projectmagang_dr\\Projectmagang_dr\\app\\Config\\Routes.php')
 6 SYSTEMPATH\CodeIgniter.php(841): CodeIgniter\Router\RouteCollection->loadRoutes()
 7 SYSTEMPATH\CodeIgniter.php(464): CodeIgniter\CodeIgniter->tryToRouteIt(null)
 8 SYSTEMPATH\CodeIgniter.php(363): CodeIgniter\CodeIgniter->handleRequest(null, Object(Config\Cache), false)
 9 SYSTEMPATH\Boot.php(417): CodeIgniter\CodeIgniter->run()
10 SYSTEMPATH\Boot.php(68): CodeIgniter\Boot::runCodeIgniter(Object(CodeIgniter\CodeIgniter))
11 FCPATH\index.php(59): CodeIgniter\Boot::bootWeb(Object(Config\Paths))
12 SYSTEMPATH\rewrite.php(44): require_once('C:\\Users\\ASUS\\Downloads\\Projectmagang_dr\\Projectmagang_dr\\public\\index.php')
WARNING - 2026-08-21 14:19:36 --> [DEPRECATED] Passing lowercase HTTP method "get" is deprecated. Use uppercase HTTP method like "GET". in SYSTEMPATH\Router\RouteCollection.php on line 1026.
 1 SYSTEMPATH\Router\RouteCollection.php(1026): trigger_error('Passing lowercase HTTP method "get" is deprecated. Use uppercase HTTP method like "GET".', 16384)
 2 APPPATH\Config\Routes.php(144): CodeIgniter\Router\RouteCollection->match([...], 'upload-surat-penerimaan', '\\App\\Controllers\\Sekretariat\\C_UploadSuratPenerimaan::index')
 3 SYSTEMPATH\Router\RouteCollection.php(799): CodeIgniter\Router\RouteCollection::{closure:C:\Users\ASUS\Downloads\Projectmagang_dr\Projectmagang_dr\app\Config\Routes.php:89}(Object(CodeIgniter\Router\RouteCollection))
 4 APPPATH\Config\Routes.php(89): CodeIgniter\Router\RouteCollection->group('sekretariat', [...], Object(Closure))
 5 SYSTEMPATH\Router\RouteCollection.php(339): require('C:\\Users\\ASUS\\Downloads\\Projectmagang_dr\\Projectmagang_dr\\app\\Config\\Routes.php')
 6 SYSTEMPATH\CodeIgniter.php(841): CodeIgniter\Router\RouteCollection->loadRoutes()
 7 SYSTEMPATH\CodeIgniter.php(464): CodeIgniter\CodeIgniter->tryToRouteIt(null)
 8 SYSTEMPATH\CodeIgniter.php(363): CodeIgniter\CodeIgniter->handleRequest(null, Object(Config\Cache), false)
 9 SYSTEMPATH\Boot.php(417): CodeIgniter\CodeIgniter->run()
10 SYSTEMPATH\Boot.php(68): CodeIgniter\Boot::runCodeIgniter(Object(CodeIgniter\CodeIgniter))
11 FCPATH\index.php(59): CodeIgniter\Boot::bootWeb(Object(Config\Paths))
12 SYSTEMPATH\rewrite.php(44): require_once('C:\\Users\\ASUS\\Downloads\\Projectmagang_dr\\Projectmagang_dr\\public\\index.php')
WARNING - 2026-08-21 14:19:36 --> [DEPRECATED] Passing lowercase HTTP method "post" is deprecated. Use uppercase HTTP method like "POST". in SYSTEMPATH\Router\RouteCollection.php on line 1026.
 1 SYSTEMPATH\Router\RouteCollection.php(1026): trigger_error('Passing lowercase HTTP method "post" is deprecated. Use uppercase HTTP method like "POST".', 16384)
 2 APPPATH\Config\Routes.php(144): CodeIgniter\Router\RouteCollection->match([...], 'upload-surat-penerimaan', '\\App\\Controllers\\Sekretariat\\C_UploadSuratPenerimaan::index')
 3 SYSTEMPATH\Router\RouteCollection.php(799): CodeIgniter\Router\RouteCollection::{closure:C:\Users\ASUS\Downloads\Projectmagang_dr\Projectmagang_dr\app\Config\Routes.php:89}(Object(CodeIgniter\Router\RouteCollection))
 4 APPPATH\Config\Routes.php(89): CodeIgniter\Router\RouteCollection->group('sekretariat', [...], Object(Closure))
 5 SYSTEMPATH\Router\RouteCollection.php(339): require('C:\\Users\\ASUS\\Downloads\\Projectmagang_dr\\Projectmagang_dr\\app\\Config\\Routes.php')
 6 SYSTEMPATH\CodeIgniter.php(841): CodeIgniter\Router\RouteCollection->loadRoutes()
 7 SYSTEMPATH\CodeIgniter.php(464): CodeIgniter\CodeIgniter->tryToRouteIt(null)
 8 SYSTEMPATH\CodeIgniter.php(363): CodeIgniter\CodeIgniter->handleRequest(null, Object(Config\Cache), false)
 9 SYSTEMPATH\Boot.php(417): CodeIgniter\CodeIgniter->run()
10 SYSTEMPATH\Boot.php(68): CodeIgniter\Boot::runCodeIgniter(Object(CodeIgniter\CodeIgniter))
11 FCPATH\index.php(59): CodeIgniter\Boot::bootWeb(Object(Config\Paths))
12 SYSTEMPATH\rewrite.php(44): require_once('C:\\Users\\ASUS\\Downloads\\Projectmagang_dr\\Projectmagang_dr\\public\\index.php')
WARNING - 2026-08-21 14:19:36 --> [DEPRECATED] Passing lowercase HTTP method "get" is deprecated. Use uppercase HTTP method like "GET". in SYSTEMPATH\Router\RouteCollection.php on line 1026.
 1 SYSTEMPATH\Router\RouteCollection.php(1026): trigger_error('Passing lowercase HTTP method "get" is deprecated. Use uppercase HTTP method like "GET".', 16384)
 2 APPPATH\Config\Routes.php(167): CodeIgniter\Router\RouteCollection->match([...], 'logbook', '\\App\\Controllers\\Kabid\\C_LogbookKabid::index')
 3 SYSTEMPATH\Router\RouteCollection.php(799): CodeIgniter\Router\RouteCollection::{closure:C:\Users\ASUS\Downloads\Projectmagang_dr\Projectmagang_dr\app\Config\Routes.php:153}(Object(CodeIgniter\Router\RouteCollection))
 4 APPPATH\Config\Routes.php(153): CodeIgniter\Router\RouteCollection->group('kabid', [...], Object(Closure))
 5 SYSTEMPATH\Router\RouteCollection.php(339): require('C:\\Users\\ASUS\\Downloads\\Projectmagang_dr\\Projectmagang_dr\\app\\Config\\Routes.php')
 6 SYSTEMPATH\CodeIgniter.php(841): CodeIgniter\Router\RouteCollection->loadRoutes()
 7 SYSTEMPATH\CodeIgniter.php(464): CodeIgniter\CodeIgniter->tryToRouteIt(null)
 8 SYSTEMPATH\CodeIgniter.php(363): CodeIgniter\CodeIgniter->handleRequest(null, Object(Config\Cache), false)
 9 SYSTEMPATH\Boot.php(417): CodeIgniter\CodeIgniter->run()
10 SYSTEMPATH\Boot.php(68): CodeIgniter\Boot::runCodeIgniter(Object(CodeIgniter\CodeIgniter))
11 FCPATH\index.php(59): CodeIgniter\Boot::bootWeb(Object(Config\Paths))
12 SYSTEMPATH\rewrite.php(44): require_once('C:\\Users\\ASUS\\Downloads\\Projectmagang_dr\\Projectmagang_dr\\public\\index.php')
WARNING - 2026-08-21 14:19:36 --> [DEPRECATED] Passing lowercase HTTP method "post" is deprecated. Use uppercase HTTP method like "POST". in SYSTEMPATH\Router\RouteCollection.php on line 1026.
 1 SYSTEMPATH\Router\RouteCollection.php(1026): trigger_error('Passing lowercase HTTP method "post" is deprecated. Use uppercase HTTP method like "POST".', 16384)
 2 APPPATH\Config\Routes.php(167): CodeIgniter\Router\RouteCollection->match([...], 'logbook', '\\App\\Controllers\\Kabid\\C_LogbookKabid::index')
 3 SYSTEMPATH\Router\RouteCollection.php(799): CodeIgniter\Router\RouteCollection::{closure:C:\Users\ASUS\Downloads\Projectmagang_dr\Projectmagang_dr\app\Config\Routes.php:153}(Object(CodeIgniter\Router\RouteCollection))
 4 APPPATH\Config\Routes.php(153): CodeIgniter\Router\RouteCollection->group('kabid', [...], Object(Closure))
 5 SYSTEMPATH\Router\RouteCollection.php(339): require('C:\\Users\\ASUS\\Downloads\\Projectmagang_dr\\Projectmagang_dr\\app\\Config\\Routes.php')
 6 SYSTEMPATH\CodeIgniter.php(841): CodeIgniter\Router\RouteCollection->loadRoutes()
 7 SYSTEMPATH\CodeIgniter.php(464): CodeIgniter\CodeIgniter->tryToRouteIt(null)
 8 SYSTEMPATH\CodeIgniter.php(363): CodeIgniter\CodeIgniter->handleRequest(null, Object(Config\Cache), false)
 9 SYSTEMPATH\Boot.php(417): CodeIgniter\CodeIgniter->run()
10 SYSTEMPATH\Boot.php(68): CodeIgniter\Boot::runCodeIgniter(Object(CodeIgniter\CodeIgniter))
11 FCPATH\index.php(59): CodeIgniter\Boot::bootWeb(Object(Config\Paths))
12 SYSTEMPATH\rewrite.php(44): require_once('C:\\Users\\ASUS\\Downloads\\Projectmagang_dr\\Projectmagang_dr\\public\\index.php')
WARNING - 2026-08-21 14:19:36 --> [DEPRECATED] Passing lowercase HTTP method "get" is deprecated. Use uppercase HTTP method like "GET". in SYSTEMPATH\Router\RouteCollection.php on line 1026.
 1 SYSTEMPATH\Router\RouteCollection.php(1026): trigger_error('Passing lowercase HTTP method "get" is deprecated. Use uppercase HTTP method like "GET".', 16384)
 2 APPPATH\Config\Routes.php(179): CodeIgniter\Router\RouteCollection->match([...], 'upload-dokumen', '\\App\\Controllers\\Kabid\\C_UploadDokumen::index')
 3 SYSTEMPATH\Router\RouteCollection.php(799): CodeIgniter\Router\RouteCollection::{closure:C:\Users\ASUS\Downloads\Projectmagang_dr\Projectmagang_dr\app\Config\Routes.php:153}(Object(CodeIgniter\Router\RouteCollection))
 4 APPPATH\Config\Routes.php(153): CodeIgniter\Router\RouteCollection->group('kabid', [...], Object(Closure))
 5 SYSTEMPATH\Router\RouteCollection.php(339): require('C:\\Users\\ASUS\\Downloads\\Projectmagang_dr\\Projectmagang_dr\\app\\Config\\Routes.php')
 6 SYSTEMPATH\CodeIgniter.php(841): CodeIgniter\Router\RouteCollection->loadRoutes()
 7 SYSTEMPATH\CodeIgniter.php(464): CodeIgniter\CodeIgniter->tryToRouteIt(null)
 8 SYSTEMPATH\CodeIgniter.php(363): CodeIgniter\CodeIgniter->handleRequest(null, Object(Config\Cache), false)
 9 SYSTEMPATH\Boot.php(417): CodeIgniter\CodeIgniter->run()
10 SYSTEMPATH\Boot.php(68): CodeIgniter\Boot::runCodeIgniter(Object(CodeIgniter\CodeIgniter))
11 FCPATH\index.php(59): CodeIgniter\Boot::bootWeb(Object(Config\Paths))
12 SYSTEMPATH\rewrite.php(44): require_once('C:\\Users\\ASUS\\Downloads\\Projectmagang_dr\\Projectmagang_dr\\public\\index.php')
WARNING - 2026-08-21 14:19:36 --> [DEPRECATED] Passing lowercase HTTP method "post" is deprecated. Use uppercase HTTP method like "POST". in SYSTEMPATH\Router\RouteCollection.php on line 1026.
 1 SYSTEMPATH\Router\RouteCollection.php(1026): trigger_error('Passing lowercase HTTP method "post" is deprecated. Use uppercase HTTP method like "POST".', 16384)
 2 APPPATH\Config\Routes.php(179): CodeIgniter\Router\RouteCollection->match([...], 'upload-dokumen', '\\App\\Controllers\\Kabid\\C_UploadDokumen::index')
 3 SYSTEMPATH\Router\RouteCollection.php(799): CodeIgniter\Router\RouteCollection::{closure:C:\Users\ASUS\Downloads\Projectmagang_dr\Projectmagang_dr\app\Config\Routes.php:153}(Object(CodeIgniter\Router\RouteCollection))
 4 APPPATH\Config\Routes.php(153): CodeIgniter\Router\RouteCollection->group('kabid', [...], Object(Closure))
 5 SYSTEMPATH\Router\RouteCollection.php(339): require('C:\\Users\\ASUS\\Downloads\\Projectmagang_dr\\Projectmagang_dr\\app\\Config\\Routes.php')
 6 SYSTEMPATH\CodeIgniter.php(841): CodeIgniter\Router\RouteCollection->loadRoutes()
 7 SYSTEMPATH\CodeIgniter.php(464): CodeIgniter\CodeIgniter->tryToRouteIt(null)
 8 SYSTEMPATH\CodeIgniter.php(363): CodeIgniter\CodeIgniter->handleRequest(null, Object(Config\Cache), false)
 9 SYSTEMPATH\Boot.php(417): CodeIgniter\CodeIgniter->run()
10 SYSTEMPATH\Boot.php(68): CodeIgniter\Boot::runCodeIgniter(Object(CodeIgniter\CodeIgniter))
11 FCPATH\index.php(59): CodeIgniter\Boot::bootWeb(Object(Config\Paths))
12 SYSTEMPATH\rewrite.php(44): require_once('C:\\Users\\ASUS\\Downloads\\Projectmagang_dr\\Projectmagang_dr\\public\\index.php')
DEBUG - 2026-08-21 14:19:36 --> Session: Class initialized using 'CodeIgniter\Session\Handlers\FileHandler' driver.
WARNING - 2026-08-21 14:21:24 --> [DEPRECATED] Passing lowercase HTTP method "get" is deprecated. Use uppercase HTTP method like "GET". in SYSTEMPATH\Router\RouteCollection.php on line 1026.
 1 SYSTEMPATH\Router\RouteCollection.php(1026): trigger_error('Passing lowercase HTTP method "get" is deprecated. Use uppercase HTTP method like "GET".', 16384)
 2 APPPATH\Config\Routes.php(77): CodeIgniter\Router\RouteCollection->match([...], 'logbook', 'C_Logbook::logbook')
 3 SYSTEMPATH\Router\RouteCollection.php(799): CodeIgniter\Router\RouteCollection::{closure:C:\Users\ASUS\Downloads\Projectmagang_dr\Projectmagang_dr\app\Config\Routes.php:59}(Object(CodeIgniter\Router\RouteCollection))
 4 APPPATH\Config\Routes.php(59): CodeIgniter\Router\RouteCollection->group('mahasiswa', [...], Object(Closure))
 5 SYSTEMPATH\Router\RouteCollection.php(339): require('C:\\Users\\ASUS\\Downloads\\Projectmagang_dr\\Projectmagang_dr\\app\\Config\\Routes.php')
 6 SYSTEMPATH\CodeIgniter.php(841): CodeIgniter\Router\RouteCollection->loadRoutes()
 7 SYSTEMPATH\CodeIgniter.php(464): CodeIgniter\CodeIgniter->tryToRouteIt(null)
 8 SYSTEMPATH\CodeIgniter.php(363): CodeIgniter\CodeIgniter->handleRequest(null, Object(Config\Cache), false)
 9 SYSTEMPATH\Boot.php(417): CodeIgniter\CodeIgniter->run()
10 SYSTEMPATH\Boot.php(68): CodeIgniter\Boot::runCodeIgniter(Object(CodeIgniter\CodeIgniter))
11 FCPATH\index.php(59): CodeIgniter\Boot::bootWeb(Object(Config\Paths))
12 SYSTEMPATH\rewrite.php(44): require_once('C:\\Users\\ASUS\\Downloads\\Projectmagang_dr\\Projectmagang_dr\\public\\index.php')
WARNING - 2026-08-21 14:21:24 --> [DEPRECATED] Passing lowercase HTTP method "post" is deprecated. Use uppercase HTTP method like "POST". in SYSTEMPATH\Router\RouteCollection.php on line 1026.
 1 SYSTEMPATH\Router\RouteCollection.php(1026): trigger_error('Passing lowercase HTTP method "post" is deprecated. Use uppercase HTTP method like "POST".', 16384)
 2 APPPATH\Config\Routes.php(77): CodeIgniter\Router\RouteCollection->match([...], 'logbook', 'C_Logbook::logbook')
 3 SYSTEMPATH\Router\RouteCollection.php(799): CodeIgniter\Router\RouteCollection::{closure:C:\Users\ASUS\Downloads\Projectmagang_dr\Projectmagang_dr\app\Config\Routes.php:59}(Object(CodeIgniter\Router\RouteCollection))
 4 APPPATH\Config\Routes.php(59): CodeIgniter\Router\RouteCollection->group('mahasiswa', [...], Object(Closure))
 5 SYSTEMPATH\Router\RouteCollection.php(339): require('C:\\Users\\ASUS\\Downloads\\Projectmagang_dr\\Projectmagang_dr\\app\\Config\\Routes.php')
 6 SYSTEMPATH\CodeIgniter.php(841): CodeIgniter\Router\RouteCollection->loadRoutes()
 7 SYSTEMPATH\CodeIgniter.php(464): CodeIgniter\CodeIgniter->tryToRouteIt(null)
 8 SYSTEMPATH\CodeIgniter.php(363): CodeIgniter\CodeIgniter->handleRequest(null, Object(Config\Cache), false)
 9 SYSTEMPATH\Boot.php(417): CodeIgniter\CodeIgniter->run()
10 SYSTEMPATH\Boot.php(68): CodeIgniter\Boot::runCodeIgniter(Object(CodeIgniter\CodeIgniter))
11 FCPATH\index.php(59): CodeIgniter\Boot::bootWeb(Object(Config\Paths))
12 SYSTEMPATH\rewrite.php(44): require_once('C:\\Users\\ASUS\\Downloads\\Projectmagang_dr\\Projectmagang_dr\\public\\index.php')
WARNING - 2026-08-21 14:21:24 --> [DEPRECATED] Passing lowercase HTTP method "get" is deprecated. Use uppercase HTTP method like "GET". in SYSTEMPATH\Router\RouteCollection.php on line 1026.
 1 SYSTEMPATH\Router\RouteCollection.php(1026): trigger_error('Passing lowercase HTTP method "get" is deprecated. Use uppercase HTTP method like "GET".', 16384)
 2 APPPATH\Config\Routes.php(95): CodeIgniter\Router\RouteCollection->match([...], 'verifikasi', '\\App\\Controllers\\Sekretariat\\C_Verifikasi::index')
 3 SYSTEMPATH\Router\RouteCollection.php(799): CodeIgniter\Router\RouteCollection::{closure:C:\Users\ASUS\Downloads\Projectmagang_dr\Projectmagang_dr\app\Config\Routes.php:89}(Object(CodeIgniter\Router\RouteCollection))
 4 APPPATH\Config\Routes.php(89): CodeIgniter\Router\RouteCollection->group('sekretariat', [...], Object(Closure))
 5 SYSTEMPATH\Router\RouteCollection.php(339): require('C:\\Users\\ASUS\\Downloads\\Projectmagang_dr\\Projectmagang_dr\\app\\Config\\Routes.php')
 6 SYSTEMPATH\CodeIgniter.php(841): CodeIgniter\Router\RouteCollection->loadRoutes()
 7 SYSTEMPATH\CodeIgniter.php(464): CodeIgniter\CodeIgniter->tryToRouteIt(null)
 8 SYSTEMPATH\CodeIgniter.php(363): CodeIgniter\CodeIgniter->handleRequest(null, Object(Config\Cache), false)
 9 SYSTEMPATH\Boot.php(417): CodeIgniter\CodeIgniter->run()
10 SYSTEMPATH\Boot.php(68): CodeIgniter\Boot::runCodeIgniter(Object(CodeIgniter\CodeIgniter))
11 FCPATH\index.php(59): CodeIgniter\Boot::bootWeb(Object(Config\Paths))
12 SYSTEMPATH\rewrite.php(44): require_once('C:\\Users\\ASUS\\Downloads\\Projectmagang_dr\\Projectmagang_dr\\public\\index.php')
WARNING - 2026-08-21 14:21:24 --> [DEPRECATED] Passing lowercase HTTP method "post" is deprecated. Use uppercase HTTP method like "POST". in SYSTEMPATH\Router\RouteCollection.php on line 1026.
 1 SYSTEMPATH\Router\RouteCollection.php(1026): trigger_error('Passing lowercase HTTP method "post" is deprecated. Use uppercase HTTP method like "POST".', 16384)
 2 APPPATH\Config\Routes.php(95): CodeIgniter\Router\RouteCollection->match([...], 'verifikasi', '\\App\\Controllers\\Sekretariat\\C_Verifikasi::index')
 3 SYSTEMPATH\Router\RouteCollection.php(799): CodeIgniter\Router\RouteCollection::{closure:C:\Users\ASUS\Downloads\Projectmagang_dr\Projectmagang_dr\app\Config\Routes.php:89}(Object(CodeIgniter\Router\RouteCollection))
 4 APPPATH\Config\Routes.php(89): CodeIgniter\Router\RouteCollection->group('sekretariat', [...], Object(Closure))
 5 SYSTEMPATH\Router\RouteCollection.php(339): require('C:\\Users\\ASUS\\Downloads\\Projectmagang_dr\\Projectmagang_dr\\app\\Config\\Routes.php')
 6 SYSTEMPATH\CodeIgniter.php(841): CodeIgniter\Router\RouteCollection->loadRoutes()
 7 SYSTEMPATH\CodeIgniter.php(464): CodeIgniter\CodeIgniter->tryToRouteIt(null)
 8 SYSTEMPATH\CodeIgniter.php(363): CodeIgniter\CodeIgniter->handleRequest(null, Object(Config\Cache), false)
 9 SYSTEMPATH\Boot.php(417): CodeIgniter\CodeIgniter->run()
10 SYSTEMPATH\Boot.php(68): CodeIgniter\Boot::runCodeIgniter(Object(CodeIgniter\CodeIgniter))
11 FCPATH\index.php(59): CodeIgniter\Boot::bootWeb(Object(Config\Paths))
12 SYSTEMPATH\rewrite.php(44): require_once('C:\\Users\\ASUS\\Downloads\\Projectmagang_dr\\Projectmagang_dr\\public\\index.php')
WARNING - 2026-08-21 14:21:24 --> [DEPRECATED] Passing lowercase HTTP method "get" is deprecated. Use uppercase HTTP method like "GET". in SYSTEMPATH\Router\RouteCollection.php on line 1026.
 1 SYSTEMPATH\Router\RouteCollection.php(1026): trigger_error('Passing lowercase HTTP method "get" is deprecated. Use uppercase HTTP method like "GET".', 16384)
 2 APPPATH\Config\Routes.php(144): CodeIgniter\Router\RouteCollection->match([...], 'upload-surat-penerimaan', '\\App\\Controllers\\Sekretariat\\C_UploadSuratPenerimaan::index')
 3 SYSTEMPATH\Router\RouteCollection.php(799): CodeIgniter\Router\RouteCollection::{closure:C:\Users\ASUS\Downloads\Projectmagang_dr\Projectmagang_dr\app\Config\Routes.php:89}(Object(CodeIgniter\Router\RouteCollection))
 4 APPPATH\Config\Routes.php(89): CodeIgniter\Router\RouteCollection->group('sekretariat', [...], Object(Closure))
 5 SYSTEMPATH\Router\RouteCollection.php(339): require('C:\\Users\\ASUS\\Downloads\\Projectmagang_dr\\Projectmagang_dr\\app\\Config\\Routes.php')
 6 SYSTEMPATH\CodeIgniter.php(841): CodeIgniter\Router\RouteCollection->loadRoutes()
 7 SYSTEMPATH\CodeIgniter.php(464): CodeIgniter\CodeIgniter->tryToRouteIt(null)
 8 SYSTEMPATH\CodeIgniter.php(363): CodeIgniter\CodeIgniter->handleRequest(null, Object(Config\Cache), false)
 9 SYSTEMPATH\Boot.php(417): CodeIgniter\CodeIgniter->run()
10 SYSTEMPATH\Boot.php(68): CodeIgniter\Boot::runCodeIgniter(Object(CodeIgniter\CodeIgniter))
11 FCPATH\index.php(59): CodeIgniter\Boot::bootWeb(Object(Config\Paths))
12 SYSTEMPATH\rewrite.php(44): require_once('C:\\Users\\ASUS\\Downloads\\Projectmagang_dr\\Projectmagang_dr\\public\\index.php')
WARNING - 2026-08-21 14:21:24 --> [DEPRECATED] Passing lowercase HTTP method "post" is deprecated. Use uppercase HTTP method like "POST". in SYSTEMPATH\Router\RouteCollection.php on line 1026.
 1 SYSTEMPATH\Router\RouteCollection.php(1026): trigger_error('Passing lowercase HTTP method "post" is deprecated. Use uppercase HTTP method like "POST".', 16384)
 2 APPPATH\Config\Routes.php(144): CodeIgniter\Router\RouteCollection->match([...], 'upload-surat-penerimaan', '\\App\\Controllers\\Sekretariat\\C_UploadSuratPenerimaan::index')
 3 SYSTEMPATH\Router\RouteCollection.php(799): CodeIgniter\Router\RouteCollection::{closure:C:\Users\ASUS\Downloads\Projectmagang_dr\Projectmagang_dr\app\Config\Routes.php:89}(Object(CodeIgniter\Router\RouteCollection))
 4 APPPATH\Config\Routes.php(89): CodeIgniter\Router\RouteCollection->group('sekretariat', [...], Object(Closure))
 5 SYSTEMPATH\Router\RouteCollection.php(339): require('C:\\Users\\ASUS\\Downloads\\Projectmagang_dr\\Projectmagang_dr\\app\\Config\\Routes.php')
 6 SYSTEMPATH\CodeIgniter.php(841): CodeIgniter\Router\RouteCollection->loadRoutes()
 7 SYSTEMPATH\CodeIgniter.php(464): CodeIgniter\CodeIgniter->tryToRouteIt(null)
 8 SYSTEMPATH\CodeIgniter.php(363): CodeIgniter\CodeIgniter->handleRequest(null, Object(Config\Cache), false)
 9 SYSTEMPATH\Boot.php(417): CodeIgniter\CodeIgniter->run()
10 SYSTEMPATH\Boot.php(68): CodeIgniter\Boot::runCodeIgniter(Object(CodeIgniter\CodeIgniter))
11 FCPATH\index.php(59): CodeIgniter\Boot::bootWeb(Object(Config\Paths))
12 SYSTEMPATH\rewrite.php(44): require_once('C:\\Users\\ASUS\\Downloads\\Projectmagang_dr\\Projectmagang_dr\\public\\index.php')
WARNING - 2026-08-21 14:21:24 --> [DEPRECATED] Passing lowercase HTTP method "get" is deprecated. Use uppercase HTTP method like "GET". in SYSTEMPATH\Router\RouteCollection.php on line 1026.
 1 SYSTEMPATH\Router\RouteCollection.php(1026): trigger_error('Passing lowercase HTTP method "get" is deprecated. Use uppercase HTTP method like "GET".', 16384)
 2 APPPATH\Config\Routes.php(167): CodeIgniter\Router\RouteCollection->match([...], 'logbook', '\\App\\Controllers\\Kabid\\C_LogbookKabid::index')
 3 SYSTEMPATH\Router\RouteCollection.php(799): CodeIgniter\Router\RouteCollection::{closure:C:\Users\ASUS\Downloads\Projectmagang_dr\Projectmagang_dr\app\Config\Routes.php:153}(Object(CodeIgniter\Router\RouteCollection))
 4 APPPATH\Config\Routes.php(153): CodeIgniter\Router\RouteCollection->group('kabid', [...], Object(Closure))
 5 SYSTEMPATH\Router\RouteCollection.php(339): require('C:\\Users\\ASUS\\Downloads\\Projectmagang_dr\\Projectmagang_dr\\app\\Config\\Routes.php')
 6 SYSTEMPATH\CodeIgniter.php(841): CodeIgniter\Router\RouteCollection->loadRoutes()
 7 SYSTEMPATH\CodeIgniter.php(464): CodeIgniter\CodeIgniter->tryToRouteIt(null)
 8 SYSTEMPATH\CodeIgniter.php(363): CodeIgniter\CodeIgniter->handleRequest(null, Object(Config\Cache), false)
 9 SYSTEMPATH\Boot.php(417): CodeIgniter\CodeIgniter->run()
10 SYSTEMPATH\Boot.php(68): CodeIgniter\Boot::runCodeIgniter(Object(CodeIgniter\CodeIgniter))
11 FCPATH\index.php(59): CodeIgniter\Boot::bootWeb(Object(Config\Paths))
12 SYSTEMPATH\rewrite.php(44): require_once('C:\\Users\\ASUS\\Downloads\\Projectmagang_dr\\Projectmagang_dr\\public\\index.php')
WARNING - 2026-08-21 14:21:24 --> [DEPRECATED] Passing lowercase HTTP method "post" is deprecated. Use uppercase HTTP method like "POST". in SYSTEMPATH\Router\RouteCollection.php on line 1026.
 1 SYSTEMPATH\Router\RouteCollection.php(1026): trigger_error('Passing lowercase HTTP method "post" is deprecated. Use uppercase HTTP method like "POST".', 16384)
 2 APPPATH\Config\Routes.php(167): CodeIgniter\Router\RouteCollection->match([...], 'logbook', '\\App\\Controllers\\Kabid\\C_LogbookKabid::index')
 3 SYSTEMPATH\Router\RouteCollection.php(799): CodeIgniter\Router\RouteCollection::{closure:C:\Users\ASUS\Downloads\Projectmagang_dr\Projectmagang_dr\app\Config\Routes.php:153}(Object(CodeIgniter\Router\RouteCollection))
 4 APPPATH\Config\Routes.php(153): CodeIgniter\Router\RouteCollection->group('kabid', [...], Object(Closure))
 5 SYSTEMPATH\Router\RouteCollection.php(339): require('C:\\Users\\ASUS\\Downloads\\Projectmagang_dr\\Projectmagang_dr\\app\\Config\\Routes.php')
 6 SYSTEMPATH\CodeIgniter.php(841): CodeIgniter\Router\RouteCollection->loadRoutes()
 7 SYSTEMPATH\CodeIgniter.php(464): CodeIgniter\CodeIgniter->tryToRouteIt(null)
 8 SYSTEMPATH\CodeIgniter.php(363): CodeIgniter\CodeIgniter->handleRequest(null, Object(Config\Cache), false)
 9 SYSTEMPATH\Boot.php(417): CodeIgniter\CodeIgniter->run()
10 SYSTEMPATH\Boot.php(68): CodeIgniter\Boot::runCodeIgniter(Object(CodeIgniter\CodeIgniter))
11 FCPATH\index.php(59): CodeIgniter\Boot::bootWeb(Object(Config\Paths))
12 SYSTEMPATH\rewrite.php(44): require_once('C:\\Users\\ASUS\\Downloads\\Projectmagang_dr\\Projectmagang_dr\\public\\index.php')
WARNING - 2026-08-21 14:21:24 --> [DEPRECATED] Passing lowercase HTTP method "get" is deprecated. Use uppercase HTTP method like "GET". in SYSTEMPATH\Router\RouteCollection.php on line 1026.
 1 SYSTEMPATH\Router\RouteCollection.php(1026): trigger_error('Passing lowercase HTTP method "get" is deprecated. Use uppercase HTTP method like "GET".', 16384)
 2 APPPATH\Config\Routes.php(179): CodeIgniter\Router\RouteCollection->match([...], 'upload-dokumen', '\\App\\Controllers\\Kabid\\C_UploadDokumen::index')
 3 SYSTEMPATH\Router\RouteCollection.php(799): CodeIgniter\Router\RouteCollection::{closure:C:\Users\ASUS\Downloads\Projectmagang_dr\Projectmagang_dr\app\Config\Routes.php:153}(Object(CodeIgniter\Router\RouteCollection))
 4 APPPATH\Config\Routes.php(153): CodeIgniter\Router\RouteCollection->group('kabid', [...], Object(Closure))
 5 SYSTEMPATH\Router\RouteCollection.php(339): require('C:\\Users\\ASUS\\Downloads\\Projectmagang_dr\\Projectmagang_dr\\app\\Config\\Routes.php')
 6 SYSTEMPATH\CodeIgniter.php(841): CodeIgniter\Router\RouteCollection->loadRoutes()
 7 SYSTEMPATH\CodeIgniter.php(464): CodeIgniter\CodeIgniter->tryToRouteIt(null)
 8 SYSTEMPATH\CodeIgniter.php(363): CodeIgniter\CodeIgniter->handleRequest(null, Object(Config\Cache), false)
 9 SYSTEMPATH\Boot.php(417): CodeIgniter\CodeIgniter->run()
10 SYSTEMPATH\Boot.php(68): CodeIgniter\Boot::runCodeIgniter(Object(CodeIgniter\CodeIgniter))
11 FCPATH\index.php(59): CodeIgniter\Boot::bootWeb(Object(Config\Paths))
12 SYSTEMPATH\rewrite.php(44): require_once('C:\\Users\\ASUS\\Downloads\\Projectmagang_dr\\Projectmagang_dr\\public\\index.php')
WARNING - 2026-08-21 14:21:24 --> [DEPRECATED] Passing lowercase HTTP method "post" is deprecated. Use uppercase HTTP method like "POST". in SYSTEMPATH\Router\RouteCollection.php on line 1026.
 1 SYSTEMPATH\Router\RouteCollection.php(1026): trigger_error('Passing lowercase HTTP method "post" is deprecated. Use uppercase HTTP method like "POST".', 16384)
 2 APPPATH\Config\Routes.php(179): CodeIgniter\Router\RouteCollection->match([...], 'upload-dokumen', '\\App\\Controllers\\Kabid\\C_UploadDokumen::index')
 3 SYSTEMPATH\Router\RouteCollection.php(799): CodeIgniter\Router\RouteCollection::{closure:C:\Users\ASUS\Downloads\Projectmagang_dr\Projectmagang_dr\app\Config\Routes.php:153}(Object(CodeIgniter\Router\RouteCollection))
 4 APPPATH\Config\Routes.php(153): CodeIgniter\Router\RouteCollection->group('kabid', [...], Object(Closure))
 5 SYSTEMPATH\Router\RouteCollection.php(339): require('C:\\Users\\ASUS\\Downloads\\Projectmagang_dr\\Projectmagang_dr\\app\\Config\\Routes.php')
 6 SYSTEMPATH\CodeIgniter.php(841): CodeIgniter\Router\RouteCollection->loadRoutes()
 7 SYSTEMPATH\CodeIgniter.php(464): CodeIgniter\CodeIgniter->tryToRouteIt(null)
 8 SYSTEMPATH\CodeIgniter.php(363): CodeIgniter\CodeIgniter->handleRequest(null, Object(Config\Cache), false)
 9 SYSTEMPATH\Boot.php(417): CodeIgniter\CodeIgniter->run()
10 SYSTEMPATH\Boot.php(68): CodeIgniter\Boot::runCodeIgniter(Object(CodeIgniter\CodeIgniter))
11 FCPATH\index.php(59): CodeIgniter\Boot::bootWeb(Object(Config\Paths))
12 SYSTEMPATH\rewrite.php(44): require_once('C:\\Users\\ASUS\\Downloads\\Projectmagang_dr\\Projectmagang_dr\\public\\index.php')
DEBUG - 2026-08-21 14:21:24 --> Session: Class initialized using 'CodeIgniter\Session\Handlers\FileHandler' driver.
WARNING - 2026-08-21 14:21:24 --> [DEPRECATED] Passing lowercase HTTP method "get" is deprecated. Use uppercase HTTP method like "GET". in SYSTEMPATH\Router\RouteCollection.php on line 1026.
 1 SYSTEMPATH\Router\RouteCollection.php(1026): trigger_error('Passing lowercase HTTP method "get" is deprecated. Use uppercase HTTP method like "GET".', 16384)
 2 APPPATH\Config\Routes.php(77): CodeIgniter\Router\RouteCollection->match([...], 'logbook', 'C_Logbook::logbook')
 3 SYSTEMPATH\Router\RouteCollection.php(799): CodeIgniter\Router\RouteCollection::{closure:C:\Users\ASUS\Downloads\Projectmagang_dr\Projectmagang_dr\app\Config\Routes.php:59}(Object(CodeIgniter\Router\RouteCollection))
 4 APPPATH\Config\Routes.php(59): CodeIgniter\Router\RouteCollection->group('mahasiswa', [...], Object(Closure))
 5 SYSTEMPATH\Router\RouteCollection.php(339): require('C:\\Users\\ASUS\\Downloads\\Projectmagang_dr\\Projectmagang_dr\\app\\Config\\Routes.php')
 6 SYSTEMPATH\CodeIgniter.php(841): CodeIgniter\Router\RouteCollection->loadRoutes()
 7 SYSTEMPATH\CodeIgniter.php(464): CodeIgniter\CodeIgniter->tryToRouteIt(null)
 8 SYSTEMPATH\CodeIgniter.php(363): CodeIgniter\CodeIgniter->handleRequest(null, Object(Config\Cache), false)
 9 SYSTEMPATH\Boot.php(417): CodeIgniter\CodeIgniter->run()
10 SYSTEMPATH\Boot.php(68): CodeIgniter\Boot::runCodeIgniter(Object(CodeIgniter\CodeIgniter))
11 FCPATH\index.php(59): CodeIgniter\Boot::bootWeb(Object(Config\Paths))
12 SYSTEMPATH\rewrite.php(44): require_once('C:\\Users\\ASUS\\Downloads\\Projectmagang_dr\\Projectmagang_dr\\public\\index.php')
WARNING - 2026-08-21 14:21:24 --> [DEPRECATED] Passing lowercase HTTP method "post" is deprecated. Use uppercase HTTP method like "POST". in SYSTEMPATH\Router\RouteCollection.php on line 1026.
 1 SYSTEMPATH\Router\RouteCollection.php(1026): trigger_error('Passing lowercase HTTP method "post" is deprecated. Use uppercase HTTP method like "POST".', 16384)
 2 APPPATH\Config\Routes.php(77): CodeIgniter\Router\RouteCollection->match([...], 'logbook', 'C_Logbook::logbook')
 3 SYSTEMPATH\Router\RouteCollection.php(799): CodeIgniter\Router\RouteCollection::{closure:C:\Users\ASUS\Downloads\Projectmagang_dr\Projectmagang_dr\app\Config\Routes.php:59}(Object(CodeIgniter\Router\RouteCollection))
 4 APPPATH\Config\Routes.php(59): CodeIgniter\Router\RouteCollection->group('mahasiswa', [...], Object(Closure))
 5 SYSTEMPATH\Router\RouteCollection.php(339): require('C:\\Users\\ASUS\\Downloads\\Projectmagang_dr\\Projectmagang_dr\\app\\Config\\Routes.php')
 6 SYSTEMPATH\CodeIgniter.php(841): CodeIgniter\Router\RouteCollection->loadRoutes()
 7 SYSTEMPATH\CodeIgniter.php(464): CodeIgniter\CodeIgniter->tryToRouteIt(null)
 8 SYSTEMPATH\CodeIgniter.php(363): CodeIgniter\CodeIgniter->handleRequest(null, Object(Config\Cache), false)
 9 SYSTEMPATH\Boot.php(417): CodeIgniter\CodeIgniter->run()
10 SYSTEMPATH\Boot.php(68): CodeIgniter\Boot::runCodeIgniter(Object(CodeIgniter\CodeIgniter))
11 FCPATH\index.php(59): CodeIgniter\Boot::bootWeb(Object(Config\Paths))
12 SYSTEMPATH\rewrite.php(44): require_once('C:\\Users\\ASUS\\Downloads\\Projectmagang_dr\\Projectmagang_dr\\public\\index.php')
WARNING - 2026-08-21 14:21:24 --> [DEPRECATED] Passing lowercase HTTP method "get" is deprecated. Use uppercase HTTP method like "GET". in SYSTEMPATH\Router\RouteCollection.php on line 1026.
 1 SYSTEMPATH\Router\RouteCollection.php(1026): trigger_error('Passing lowercase HTTP method "get" is deprecated. Use uppercase HTTP method like "GET".', 16384)
 2 APPPATH\Config\Routes.php(95): CodeIgniter\Router\RouteCollection->match([...], 'verifikasi', '\\App\\Controllers\\Sekretariat\\C_Verifikasi::index')
 3 SYSTEMPATH\Router\RouteCollection.php(799): CodeIgniter\Router\RouteCollection::{closure:C:\Users\ASUS\Downloads\Projectmagang_dr\Projectmagang_dr\app\Config\Routes.php:89}(Object(CodeIgniter\Router\RouteCollection))
 4 APPPATH\Config\Routes.php(89): CodeIgniter\Router\RouteCollection->group('sekretariat', [...], Object(Closure))
 5 SYSTEMPATH\Router\RouteCollection.php(339): require('C:\\Users\\ASUS\\Downloads\\Projectmagang_dr\\Projectmagang_dr\\app\\Config\\Routes.php')
 6 SYSTEMPATH\CodeIgniter.php(841): CodeIgniter\Router\RouteCollection->loadRoutes()
 7 SYSTEMPATH\CodeIgniter.php(464): CodeIgniter\CodeIgniter->tryToRouteIt(null)
 8 SYSTEMPATH\CodeIgniter.php(363): CodeIgniter\CodeIgniter->handleRequest(null, Object(Config\Cache), false)
 9 SYSTEMPATH\Boot.php(417): CodeIgniter\CodeIgniter->run()
10 SYSTEMPATH\Boot.php(68): CodeIgniter\Boot::runCodeIgniter(Object(CodeIgniter\CodeIgniter))
11 FCPATH\index.php(59): CodeIgniter\Boot::bootWeb(Object(Config\Paths))
12 SYSTEMPATH\rewrite.php(44): require_once('C:\\Users\\ASUS\\Downloads\\Projectmagang_dr\\Projectmagang_dr\\public\\index.php')
WARNING - 2026-08-21 14:21:24 --> [DEPRECATED] Passing lowercase HTTP method "post" is deprecated. Use uppercase HTTP method like "POST". in SYSTEMPATH\Router\RouteCollection.php on line 1026.
 1 SYSTEMPATH\Router\RouteCollection.php(1026): trigger_error('Passing lowercase HTTP method "post" is deprecated. Use uppercase HTTP method like "POST".', 16384)
 2 APPPATH\Config\Routes.php(95): CodeIgniter\Router\RouteCollection->match([...], 'verifikasi', '\\App\\Controllers\\Sekretariat\\C_Verifikasi::index')
 3 SYSTEMPATH\Router\RouteCollection.php(799): CodeIgniter\Router\RouteCollection::{closure:C:\Users\ASUS\Downloads\Projectmagang_dr\Projectmagang_dr\app\Config\Routes.php:89}(Object(CodeIgniter\Router\RouteCollection))
 4 APPPATH\Config\Routes.php(89): CodeIgniter\Router\RouteCollection->group('sekretariat', [...], Object(Closure))
 5 SYSTEMPATH\Router\RouteCollection.php(339): require('C:\\Users\\ASUS\\Downloads\\Projectmagang_dr\\Projectmagang_dr\\app\\Config\\Routes.php')
 6 SYSTEMPATH\CodeIgniter.php(841): CodeIgniter\Router\RouteCollection->loadRoutes()
 7 SYSTEMPATH\CodeIgniter.php(464): CodeIgniter\CodeIgniter->tryToRouteIt(null)
 8 SYSTEMPATH\CodeIgniter.php(363): CodeIgniter\CodeIgniter->handleRequest(null, Object(Config\Cache), false)
 9 SYSTEMPATH\Boot.php(417): CodeIgniter\CodeIgniter->run()
10 SYSTEMPATH\Boot.php(68): CodeIgniter\Boot::runCodeIgniter(Object(CodeIgniter\CodeIgniter))
11 FCPATH\index.php(59): CodeIgniter\Boot::bootWeb(Object(Config\Paths))
12 SYSTEMPATH\rewrite.php(44): require_once('C:\\Users\\ASUS\\Downloads\\Projectmagang_dr\\Projectmagang_dr\\public\\index.php')
WARNING - 2026-08-21 14:21:24 --> [DEPRECATED] Passing lowercase HTTP method "get" is deprecated. Use uppercase HTTP method like "GET". in SYSTEMPATH\Router\RouteCollection.php on line 1026.
 1 SYSTEMPATH\Router\RouteCollection.php(1026): trigger_error('Passing lowercase HTTP method "get" is deprecated. Use uppercase HTTP method like "GET".', 16384)
 2 APPPATH\Config\Routes.php(144): CodeIgniter\Router\RouteCollection->match([...], 'upload-surat-penerimaan', '\\App\\Controllers\\Sekretariat\\C_UploadSuratPenerimaan::index')
 3 SYSTEMPATH\Router\RouteCollection.php(799): CodeIgniter\Router\RouteCollection::{closure:C:\Users\ASUS\Downloads\Projectmagang_dr\Projectmagang_dr\app\Config\Routes.php:89}(Object(CodeIgniter\Router\RouteCollection))
 4 APPPATH\Config\Routes.php(89): CodeIgniter\Router\RouteCollection->group('sekretariat', [...], Object(Closure))
 5 SYSTEMPATH\Router\RouteCollection.php(339): require('C:\\Users\\ASUS\\Downloads\\Projectmagang_dr\\Projectmagang_dr\\app\\Config\\Routes.php')
 6 SYSTEMPATH\CodeIgniter.php(841): CodeIgniter\Router\RouteCollection->loadRoutes()
 7 SYSTEMPATH\CodeIgniter.php(464): CodeIgniter\CodeIgniter->tryToRouteIt(null)
 8 SYSTEMPATH\CodeIgniter.php(363): CodeIgniter\CodeIgniter->handleRequest(null, Object(Config\Cache), false)
 9 SYSTEMPATH\Boot.php(417): CodeIgniter\CodeIgniter->run()
10 SYSTEMPATH\Boot.php(68): CodeIgniter\Boot::runCodeIgniter(Object(CodeIgniter\CodeIgniter))
11 FCPATH\index.php(59): CodeIgniter\Boot::bootWeb(Object(Config\Paths))
12 SYSTEMPATH\rewrite.php(44): require_once('C:\\Users\\ASUS\\Downloads\\Projectmagang_dr\\Projectmagang_dr\\public\\index.php')
WARNING - 2026-08-21 14:21:24 --> [DEPRECATED] Passing lowercase HTTP method "post" is deprecated. Use uppercase HTTP method like "POST". in SYSTEMPATH\Router\RouteCollection.php on line 1026.
 1 SYSTEMPATH\Router\RouteCollection.php(1026): trigger_error('Passing lowercase HTTP method "post" is deprecated. Use uppercase HTTP method like "POST".', 16384)
 2 APPPATH\Config\Routes.php(144): CodeIgniter\Router\RouteCollection->match([...], 'upload-surat-penerimaan', '\\App\\Controllers\\Sekretariat\\C_UploadSuratPenerimaan::index')
 3 SYSTEMPATH\Router\RouteCollection.php(799): CodeIgniter\Router\RouteCollection::{closure:C:\Users\ASUS\Downloads\Projectmagang_dr\Projectmagang_dr\app\Config\Routes.php:89}(Object(CodeIgniter\Router\RouteCollection))
 4 APPPATH\Config\Routes.php(89): CodeIgniter\Router\RouteCollection->group('sekretariat', [...], Object(Closure))
 5 SYSTEMPATH\Router\RouteCollection.php(339): require('C:\\Users\\ASUS\\Downloads\\Projectmagang_dr\\Projectmagang_dr\\app\\Config\\Routes.php')
 6 SYSTEMPATH\CodeIgniter.php(841): CodeIgniter\Router\RouteCollection->loadRoutes()
 7 SYSTEMPATH\CodeIgniter.php(464): CodeIgniter\CodeIgniter->tryToRouteIt(null)
 8 SYSTEMPATH\CodeIgniter.php(363): CodeIgniter\CodeIgniter->handleRequest(null, Object(Config\Cache), false)
 9 SYSTEMPATH\Boot.php(417): CodeIgniter\CodeIgniter->run()
10 SYSTEMPATH\Boot.php(68): CodeIgniter\Boot::runCodeIgniter(Object(CodeIgniter\CodeIgniter))
11 FCPATH\index.php(59): CodeIgniter\Boot::bootWeb(Object(Config\Paths))
12 SYSTEMPATH\rewrite.php(44): require_once('C:\\Users\\ASUS\\Downloads\\Projectmagang_dr\\Projectmagang_dr\\public\\index.php')
WARNING - 2026-08-21 14:21:24 --> [DEPRECATED] Passing lowercase HTTP method "get" is deprecated. Use uppercase HTTP method like "GET". in SYSTEMPATH\Router\RouteCollection.php on line 1026.
 1 SYSTEMPATH\Router\RouteCollection.php(1026): trigger_error('Passing lowercase HTTP method "get" is deprecated. Use uppercase HTTP method like "GET".', 16384)
 2 APPPATH\Config\Routes.php(167): CodeIgniter\Router\RouteCollection->match([...], 'logbook', '\\App\\Controllers\\Kabid\\C_LogbookKabid::index')
 3 SYSTEMPATH\Router\RouteCollection.php(799): CodeIgniter\Router\RouteCollection::{closure:C:\Users\ASUS\Downloads\Projectmagang_dr\Projectmagang_dr\app\Config\Routes.php:153}(Object(CodeIgniter\Router\RouteCollection))
 4 APPPATH\Config\Routes.php(153): CodeIgniter\Router\RouteCollection->group('kabid', [...], Object(Closure))
 5 SYSTEMPATH\Router\RouteCollection.php(339): require('C:\\Users\\ASUS\\Downloads\\Projectmagang_dr\\Projectmagang_dr\\app\\Config\\Routes.php')
 6 SYSTEMPATH\CodeIgniter.php(841): CodeIgniter\Router\RouteCollection->loadRoutes()
 7 SYSTEMPATH\CodeIgniter.php(464): CodeIgniter\CodeIgniter->tryToRouteIt(null)
 8 SYSTEMPATH\CodeIgniter.php(363): CodeIgniter\CodeIgniter->handleRequest(null, Object(Config\Cache), false)
 9 SYSTEMPATH\Boot.php(417): CodeIgniter\CodeIgniter->run()
10 SYSTEMPATH\Boot.php(68): CodeIgniter\Boot::runCodeIgniter(Object(CodeIgniter\CodeIgniter))
11 FCPATH\index.php(59): CodeIgniter\Boot::bootWeb(Object(Config\Paths))
12 SYSTEMPATH\rewrite.php(44): require_once('C:\\Users\\ASUS\\Downloads\\Projectmagang_dr\\Projectmagang_dr\\public\\index.php')
WARNING - 2026-08-21 14:21:24 --> [DEPRECATED] Passing lowercase HTTP method "post" is deprecated. Use uppercase HTTP method like "POST". in SYSTEMPATH\Router\RouteCollection.php on line 1026.
 1 SYSTEMPATH\Router\RouteCollection.php(1026): trigger_error('Passing lowercase HTTP method "post" is deprecated. Use uppercase HTTP method like "POST".', 16384)
 2 APPPATH\Config\Routes.php(167): CodeIgniter\Router\RouteCollection->match([...], 'logbook', '\\App\\Controllers\\Kabid\\C_LogbookKabid::index')
 3 SYSTEMPATH\Router\RouteCollection.php(799): CodeIgniter\Router\RouteCollection::{closure:C:\Users\ASUS\Downloads\Projectmagang_dr\Projectmagang_dr\app\Config\Routes.php:153}(Object(CodeIgniter\Router\RouteCollection))
 4 APPPATH\Config\Routes.php(153): CodeIgniter\Router\RouteCollection->group('kabid', [...], Object(Closure))
 5 SYSTEMPATH\Router\RouteCollection.php(339): require('C:\\Users\\ASUS\\Downloads\\Projectmagang_dr\\Projectmagang_dr\\app\\Config\\Routes.php')
 6 SYSTEMPATH\CodeIgniter.php(841): CodeIgniter\Router\RouteCollection->loadRoutes()
 7 SYSTEMPATH\CodeIgniter.php(464): CodeIgniter\CodeIgniter->tryToRouteIt(null)
 8 SYSTEMPATH\CodeIgniter.php(363): CodeIgniter\CodeIgniter->handleRequest(null, Object(Config\Cache), false)
 9 SYSTEMPATH\Boot.php(417): CodeIgniter\CodeIgniter->run()
10 SYSTEMPATH\Boot.php(68): CodeIgniter\Boot::runCodeIgniter(Object(CodeIgniter\CodeIgniter))
11 FCPATH\index.php(59): CodeIgniter\Boot::bootWeb(Object(Config\Paths))
12 SYSTEMPATH\rewrite.php(44): require_once('C:\\Users\\ASUS\\Downloads\\Projectmagang_dr\\Projectmagang_dr\\public\\index.php')
WARNING - 2026-08-21 14:21:24 --> [DEPRECATED] Passing lowercase HTTP method "get" is deprecated. Use uppercase HTTP method like "GET". in SYSTEMPATH\Router\RouteCollection.php on line 1026.
 1 SYSTEMPATH\Router\RouteCollection.php(1026): trigger_error('Passing lowercase HTTP method "get" is deprecated. Use uppercase HTTP method like "GET".', 16384)
 2 APPPATH\Config\Routes.php(179): CodeIgniter\Router\RouteCollection->match([...], 'upload-dokumen', '\\App\\Controllers\\Kabid\\C_UploadDokumen::index')
 3 SYSTEMPATH\Router\RouteCollection.php(799): CodeIgniter\Router\RouteCollection::{closure:C:\Users\ASUS\Downloads\Projectmagang_dr\Projectmagang_dr\app\Config\Routes.php:153}(Object(CodeIgniter\Router\RouteCollection))
 4 APPPATH\Config\Routes.php(153): CodeIgniter\Router\RouteCollection->group('kabid', [...], Object(Closure))
 5 SYSTEMPATH\Router\RouteCollection.php(339): require('C:\\Users\\ASUS\\Downloads\\Projectmagang_dr\\Projectmagang_dr\\app\\Config\\Routes.php')
 6 SYSTEMPATH\CodeIgniter.php(841): CodeIgniter\Router\RouteCollection->loadRoutes()
 7 SYSTEMPATH\CodeIgniter.php(464): CodeIgniter\CodeIgniter->tryToRouteIt(null)
 8 SYSTEMPATH\CodeIgniter.php(363): CodeIgniter\CodeIgniter->handleRequest(null, Object(Config\Cache), false)
 9 SYSTEMPATH\Boot.php(417): CodeIgniter\CodeIgniter->run()
10 SYSTEMPATH\Boot.php(68): CodeIgniter\Boot::runCodeIgniter(Object(CodeIgniter\CodeIgniter))
11 FCPATH\index.php(59): CodeIgniter\Boot::bootWeb(Object(Config\Paths))
12 SYSTEMPATH\rewrite.php(44): require_once('C:\\Users\\ASUS\\Downloads\\Projectmagang_dr\\Projectmagang_dr\\public\\index.php')
WARNING - 2026-08-21 14:21:24 --> [DEPRECATED] Passing lowercase HTTP method "post" is deprecated. Use uppercase HTTP method like "POST". in SYSTEMPATH\Router\RouteCollection.php on line 1026.
 1 SYSTEMPATH\Router\RouteCollection.php(1026): trigger_error('Passing lowercase HTTP method "post" is deprecated. Use uppercase HTTP method like "POST".', 16384)
 2 APPPATH\Config\Routes.php(179): CodeIgniter\Router\RouteCollection->match([...], 'upload-dokumen', '\\App\\Controllers\\Kabid\\C_UploadDokumen::index')
 3 SYSTEMPATH\Router\RouteCollection.php(799): CodeIgniter\Router\RouteCollection::{closure:C:\Users\ASUS\Downloads\Projectmagang_dr\Projectmagang_dr\app\Config\Routes.php:153}(Object(CodeIgniter\Router\RouteCollection))
 4 APPPATH\Config\Routes.php(153): CodeIgniter\Router\RouteCollection->group('kabid', [...], Object(Closure))
 5 SYSTEMPATH\Router\RouteCollection.php(339): require('C:\\Users\\ASUS\\Downloads\\Projectmagang_dr\\Projectmagang_dr\\app\\Config\\Routes.php')
 6 SYSTEMPATH\CodeIgniter.php(841): CodeIgniter\Router\RouteCollection->loadRoutes()
 7 SYSTEMPATH\CodeIgniter.php(464): CodeIgniter\CodeIgniter->tryToRouteIt(null)
 8 SYSTEMPATH\CodeIgniter.php(363): CodeIgniter\CodeIgniter->handleRequest(null, Object(Config\Cache), false)
 9 SYSTEMPATH\Boot.php(417): CodeIgniter\CodeIgniter->run()
10 SYSTEMPATH\Boot.php(68): CodeIgniter\Boot::runCodeIgniter(Object(CodeIgniter\CodeIgniter))
11 FCPATH\index.php(59): CodeIgniter\Boot::bootWeb(Object(Config\Paths))
12 SYSTEMPATH\rewrite.php(44): require_once('C:\\Users\\ASUS\\Downloads\\Projectmagang_dr\\Projectmagang_dr\\public\\index.php')
WARNING - 2026-08-21 14:21:27 --> [DEPRECATED] Passing lowercase HTTP method "get" is deprecated. Use uppercase HTTP method like "GET". in SYSTEMPATH\Router\RouteCollection.php on line 1026.
 1 SYSTEMPATH\Router\RouteCollection.php(1026): trigger_error('Passing lowercase HTTP method "get" is deprecated. Use uppercase HTTP method like "GET".', 16384)
 2 APPPATH\Config\Routes.php(77): CodeIgniter\Router\RouteCollection->match([...], 'logbook', 'C_Logbook::logbook')
 3 SYSTEMPATH\Router\RouteCollection.php(799): CodeIgniter\Router\RouteCollection::{closure:C:\Users\ASUS\Downloads\Projectmagang_dr\Projectmagang_dr\app\Config\Routes.php:59}(Object(CodeIgniter\Router\RouteCollection))
 4 APPPATH\Config\Routes.php(59): CodeIgniter\Router\RouteCollection->group('mahasiswa', [...], Object(Closure))
 5 SYSTEMPATH\Router\RouteCollection.php(339): require('C:\\Users\\ASUS\\Downloads\\Projectmagang_dr\\Projectmagang_dr\\app\\Config\\Routes.php')
 6 SYSTEMPATH\CodeIgniter.php(841): CodeIgniter\Router\RouteCollection->loadRoutes()
 7 SYSTEMPATH\CodeIgniter.php(464): CodeIgniter\CodeIgniter->tryToRouteIt(null)
 8 SYSTEMPATH\CodeIgniter.php(363): CodeIgniter\CodeIgniter->handleRequest(null, Object(Config\Cache), false)
 9 SYSTEMPATH\Boot.php(417): CodeIgniter\CodeIgniter->run()
10 SYSTEMPATH\Boot.php(68): CodeIgniter\Boot::runCodeIgniter(Object(CodeIgniter\CodeIgniter))
11 FCPATH\index.php(59): CodeIgniter\Boot::bootWeb(Object(Config\Paths))
12 SYSTEMPATH\rewrite.php(44): require_once('C:\\Users\\ASUS\\Downloads\\Projectmagang_dr\\Projectmagang_dr\\public\\index.php')
WARNING - 2026-08-21 14:21:27 --> [DEPRECATED] Passing lowercase HTTP method "post" is deprecated. Use uppercase HTTP method like "POST". in SYSTEMPATH\Router\RouteCollection.php on line 1026.
 1 SYSTEMPATH\Router\RouteCollection.php(1026): trigger_error('Passing lowercase HTTP method "post" is deprecated. Use uppercase HTTP method like "POST".', 16384)
 2 APPPATH\Config\Routes.php(77): CodeIgniter\Router\RouteCollection->match([...], 'logbook', 'C_Logbook::logbook')
 3 SYSTEMPATH\Router\RouteCollection.php(799): CodeIgniter\Router\RouteCollection::{closure:C:\Users\ASUS\Downloads\Projectmagang_dr\Projectmagang_dr\app\Config\Routes.php:59}(Object(CodeIgniter\Router\RouteCollection))
 4 APPPATH\Config\Routes.php(59): CodeIgniter\Router\RouteCollection->group('mahasiswa', [...], Object(Closure))
 5 SYSTEMPATH\Router\RouteCollection.php(339): require('C:\\Users\\ASUS\\Downloads\\Projectmagang_dr\\Projectmagang_dr\\app\\Config\\Routes.php')
 6 SYSTEMPATH\CodeIgniter.php(841): CodeIgniter\Router\RouteCollection->loadRoutes()
 7 SYSTEMPATH\CodeIgniter.php(464): CodeIgniter\CodeIgniter->tryToRouteIt(null)
 8 SYSTEMPATH\CodeIgniter.php(363): CodeIgniter\CodeIgniter->handleRequest(null, Object(Config\Cache), false)
 9 SYSTEMPATH\Boot.php(417): CodeIgniter\CodeIgniter->run()
10 SYSTEMPATH\Boot.php(68): CodeIgniter\Boot::runCodeIgniter(Object(CodeIgniter\CodeIgniter))
11 FCPATH\index.php(59): CodeIgniter\Boot::bootWeb(Object(Config\Paths))
12 SYSTEMPATH\rewrite.php(44): require_once('C:\\Users\\ASUS\\Downloads\\Projectmagang_dr\\Projectmagang_dr\\public\\index.php')
WARNING - 2026-08-21 14:21:27 --> [DEPRECATED] Passing lowercase HTTP method "get" is deprecated. Use uppercase HTTP method like "GET". in SYSTEMPATH\Router\RouteCollection.php on line 1026.
 1 SYSTEMPATH\Router\RouteCollection.php(1026): trigger_error('Passing lowercase HTTP method "get" is deprecated. Use uppercase HTTP method like "GET".', 16384)
 2 APPPATH\Config\Routes.php(95): CodeIgniter\Router\RouteCollection->match([...], 'verifikasi', '\\App\\Controllers\\Sekretariat\\C_Verifikasi::index')
 3 SYSTEMPATH\Router\RouteCollection.php(799): CodeIgniter\Router\RouteCollection::{closure:C:\Users\ASUS\Downloads\Projectmagang_dr\Projectmagang_dr\app\Config\Routes.php:89}(Object(CodeIgniter\Router\RouteCollection))
 4 APPPATH\Config\Routes.php(89): CodeIgniter\Router\RouteCollection->group('sekretariat', [...], Object(Closure))
 5 SYSTEMPATH\Router\RouteCollection.php(339): require('C:\\Users\\ASUS\\Downloads\\Projectmagang_dr\\Projectmagang_dr\\app\\Config\\Routes.php')
 6 SYSTEMPATH\CodeIgniter.php(841): CodeIgniter\Router\RouteCollection->loadRoutes()
 7 SYSTEMPATH\CodeIgniter.php(464): CodeIgniter\CodeIgniter->tryToRouteIt(null)
 8 SYSTEMPATH\CodeIgniter.php(363): CodeIgniter\CodeIgniter->handleRequest(null, Object(Config\Cache), false)
 9 SYSTEMPATH\Boot.php(417): CodeIgniter\CodeIgniter->run()
10 SYSTEMPATH\Boot.php(68): CodeIgniter\Boot::runCodeIgniter(Object(CodeIgniter\CodeIgniter))
11 FCPATH\index.php(59): CodeIgniter\Boot::bootWeb(Object(Config\Paths))
12 SYSTEMPATH\rewrite.php(44): require_once('C:\\Users\\ASUS\\Downloads\\Projectmagang_dr\\Projectmagang_dr\\public\\index.php')
WARNING - 2026-08-21 14:21:27 --> [DEPRECATED] Passing lowercase HTTP method "post" is deprecated. Use uppercase HTTP method like "POST". in SYSTEMPATH\Router\RouteCollection.php on line 1026.
 1 SYSTEMPATH\Router\RouteCollection.php(1026): trigger_error('Passing lowercase HTTP method "post" is deprecated. Use uppercase HTTP method like "POST".', 16384)
 2 APPPATH\Config\Routes.php(95): CodeIgniter\Router\RouteCollection->match([...], 'verifikasi', '\\App\\Controllers\\Sekretariat\\C_Verifikasi::index')
 3 SYSTEMPATH\Router\RouteCollection.php(799): CodeIgniter\Router\RouteCollection::{closure:C:\Users\ASUS\Downloads\Projectmagang_dr\Projectmagang_dr\app\Config\Routes.php:89}(Object(CodeIgniter\Router\RouteCollection))
 4 APPPATH\Config\Routes.php(89): CodeIgniter\Router\RouteCollection->group('sekretariat', [...], Object(Closure))
 5 SYSTEMPATH\Router\RouteCollection.php(339): require('C:\\Users\\ASUS\\Downloads\\Projectmagang_dr\\Projectmagang_dr\\app\\Config\\Routes.php')
 6 SYSTEMPATH\CodeIgniter.php(841): CodeIgniter\Router\RouteCollection->loadRoutes()
 7 SYSTEMPATH\CodeIgniter.php(464): CodeIgniter\CodeIgniter->tryToRouteIt(null)
 8 SYSTEMPATH\CodeIgniter.php(363): CodeIgniter\CodeIgniter->handleRequest(null, Object(Config\Cache), false)
 9 SYSTEMPATH\Boot.php(417): CodeIgniter\CodeIgniter->run()
10 SYSTEMPATH\Boot.php(68): CodeIgniter\Boot::runCodeIgniter(Object(CodeIgniter\CodeIgniter))
11 FCPATH\index.php(59): CodeIgniter\Boot::bootWeb(Object(Config\Paths))
12 SYSTEMPATH\rewrite.php(44): require_once('C:\\Users\\ASUS\\Downloads\\Projectmagang_dr\\Projectmagang_dr\\public\\index.php')
WARNING - 2026-08-21 14:21:27 --> [DEPRECATED] Passing lowercase HTTP method "get" is deprecated. Use uppercase HTTP method like "GET". in SYSTEMPATH\Router\RouteCollection.php on line 1026.
 1 SYSTEMPATH\Router\RouteCollection.php(1026): trigger_error('Passing lowercase HTTP method "get" is deprecated. Use uppercase HTTP method like "GET".', 16384)
 2 APPPATH\Config\Routes.php(144): CodeIgniter\Router\RouteCollection->match([...], 'upload-surat-penerimaan', '\\App\\Controllers\\Sekretariat\\C_UploadSuratPenerimaan::index')
 3 SYSTEMPATH\Router\RouteCollection.php(799): CodeIgniter\Router\RouteCollection::{closure:C:\Users\ASUS\Downloads\Projectmagang_dr\Projectmagang_dr\app\Config\Routes.php:89}(Object(CodeIgniter\Router\RouteCollection))
 4 APPPATH\Config\Routes.php(89): CodeIgniter\Router\RouteCollection->group('sekretariat', [...], Object(Closure))
 5 SYSTEMPATH\Router\RouteCollection.php(339): require('C:\\Users\\ASUS\\Downloads\\Projectmagang_dr\\Projectmagang_dr\\app\\Config\\Routes.php')
 6 SYSTEMPATH\CodeIgniter.php(841): CodeIgniter\Router\RouteCollection->loadRoutes()
 7 SYSTEMPATH\CodeIgniter.php(464): CodeIgniter\CodeIgniter->tryToRouteIt(null)
 8 SYSTEMPATH\CodeIgniter.php(363): CodeIgniter\CodeIgniter->handleRequest(null, Object(Config\Cache), false)
 9 SYSTEMPATH\Boot.php(417): CodeIgniter\CodeIgniter->run()
10 SYSTEMPATH\Boot.php(68): CodeIgniter\Boot::runCodeIgniter(Object(CodeIgniter\CodeIgniter))
11 FCPATH\index.php(59): CodeIgniter\Boot::bootWeb(Object(Config\Paths))
12 SYSTEMPATH\rewrite.php(44): require_once('C:\\Users\\ASUS\\Downloads\\Projectmagang_dr\\Projectmagang_dr\\public\\index.php')
WARNING - 2026-08-21 14:21:27 --> [DEPRECATED] Passing lowercase HTTP method "post" is deprecated. Use uppercase HTTP method like "POST". in SYSTEMPATH\Router\RouteCollection.php on line 1026.
 1 SYSTEMPATH\Router\RouteCollection.php(1026): trigger_error('Passing lowercase HTTP method "post" is deprecated. Use uppercase HTTP method like "POST".', 16384)
 2 APPPATH\Config\Routes.php(144): CodeIgniter\Router\RouteCollection->match([...], 'upload-surat-penerimaan', '\\App\\Controllers\\Sekretariat\\C_UploadSuratPenerimaan::index')
 3 SYSTEMPATH\Router\RouteCollection.php(799): CodeIgniter\Router\RouteCollection::{closure:C:\Users\ASUS\Downloads\Projectmagang_dr\Projectmagang_dr\app\Config\Routes.php:89}(Object(CodeIgniter\Router\RouteCollection))
 4 APPPATH\Config\Routes.php(89): CodeIgniter\Router\RouteCollection->group('sekretariat', [...], Object(Closure))
 5 SYSTEMPATH\Router\RouteCollection.php(339): require('C:\\Users\\ASUS\\Downloads\\Projectmagang_dr\\Projectmagang_dr\\app\\Config\\Routes.php')
 6 SYSTEMPATH\CodeIgniter.php(841): CodeIgniter\Router\RouteCollection->loadRoutes()
 7 SYSTEMPATH\CodeIgniter.php(464): CodeIgniter\CodeIgniter->tryToRouteIt(null)
 8 SYSTEMPATH\CodeIgniter.php(363): CodeIgniter\CodeIgniter->handleRequest(null, Object(Config\Cache), false)
 9 SYSTEMPATH\Boot.php(417): CodeIgniter\CodeIgniter->run()
10 SYSTEMPATH\Boot.php(68): CodeIgniter\Boot::runCodeIgniter(Object(CodeIgniter\CodeIgniter))
11 FCPATH\index.php(59): CodeIgniter\Boot::bootWeb(Object(Config\Paths))
12 SYSTEMPATH\rewrite.php(44): require_once('C:\\Users\\ASUS\\Downloads\\Projectmagang_dr\\Projectmagang_dr\\public\\index.php')
WARNING - 2026-08-21 14:21:27 --> [DEPRECATED] Passing lowercase HTTP method "get" is deprecated. Use uppercase HTTP method like "GET". in SYSTEMPATH\Router\RouteCollection.php on line 1026.
 1 SYSTEMPATH\Router\RouteCollection.php(1026): trigger_error('Passing lowercase HTTP method "get" is deprecated. Use uppercase HTTP method like "GET".', 16384)
 2 APPPATH\Config\Routes.php(167): CodeIgniter\Router\RouteCollection->match([...], 'logbook', '\\App\\Controllers\\Kabid\\C_LogbookKabid::index')
 3 SYSTEMPATH\Router\RouteCollection.php(799): CodeIgniter\Router\RouteCollection::{closure:C:\Users\ASUS\Downloads\Projectmagang_dr\Projectmagang_dr\app\Config\Routes.php:153}(Object(CodeIgniter\Router\RouteCollection))
 4 APPPATH\Config\Routes.php(153): CodeIgniter\Router\RouteCollection->group('kabid', [...], Object(Closure))
 5 SYSTEMPATH\Router\RouteCollection.php(339): require('C:\\Users\\ASUS\\Downloads\\Projectmagang_dr\\Projectmagang_dr\\app\\Config\\Routes.php')
 6 SYSTEMPATH\CodeIgniter.php(841): CodeIgniter\Router\RouteCollection->loadRoutes()
 7 SYSTEMPATH\CodeIgniter.php(464): CodeIgniter\CodeIgniter->tryToRouteIt(null)
 8 SYSTEMPATH\CodeIgniter.php(363): CodeIgniter\CodeIgniter->handleRequest(null, Object(Config\Cache), false)
 9 SYSTEMPATH\Boot.php(417): CodeIgniter\CodeIgniter->run()
10 SYSTEMPATH\Boot.php(68): CodeIgniter\Boot::runCodeIgniter(Object(CodeIgniter\CodeIgniter))
11 FCPATH\index.php(59): CodeIgniter\Boot::bootWeb(Object(Config\Paths))
12 SYSTEMPATH\rewrite.php(44): require_once('C:\\Users\\ASUS\\Downloads\\Projectmagang_dr\\Projectmagang_dr\\public\\index.php')
WARNING - 2026-08-21 14:21:27 --> [DEPRECATED] Passing lowercase HTTP method "post" is deprecated. Use uppercase HTTP method like "POST". in SYSTEMPATH\Router\RouteCollection.php on line 1026.
 1 SYSTEMPATH\Router\RouteCollection.php(1026): trigger_error('Passing lowercase HTTP method "post" is deprecated. Use uppercase HTTP method like "POST".', 16384)
 2 APPPATH\Config\Routes.php(167): CodeIgniter\Router\RouteCollection->match([...], 'logbook', '\\App\\Controllers\\Kabid\\C_LogbookKabid::index')
 3 SYSTEMPATH\Router\RouteCollection.php(799): CodeIgniter\Router\RouteCollection::{closure:C:\Users\ASUS\Downloads\Projectmagang_dr\Projectmagang_dr\app\Config\Routes.php:153}(Object(CodeIgniter\Router\RouteCollection))
 4 APPPATH\Config\Routes.php(153): CodeIgniter\Router\RouteCollection->group('kabid', [...], Object(Closure))
 5 SYSTEMPATH\Router\RouteCollection.php(339): require('C:\\Users\\ASUS\\Downloads\\Projectmagang_dr\\Projectmagang_dr\\app\\Config\\Routes.php')
 6 SYSTEMPATH\CodeIgniter.php(841): CodeIgniter\Router\RouteCollection->loadRoutes()
 7 SYSTEMPATH\CodeIgniter.php(464): CodeIgniter\CodeIgniter->tryToRouteIt(null)
 8 SYSTEMPATH\CodeIgniter.php(363): CodeIgniter\CodeIgniter->handleRequest(null, Object(Config\Cache), false)
 9 SYSTEMPATH\Boot.php(417): CodeIgniter\CodeIgniter->run()
10 SYSTEMPATH\Boot.php(68): CodeIgniter\Boot::runCodeIgniter(Object(CodeIgniter\CodeIgniter))
11 FCPATH\index.php(59): CodeIgniter\Boot::bootWeb(Object(Config\Paths))
12 SYSTEMPATH\rewrite.php(44): require_once('C:\\Users\\ASUS\\Downloads\\Projectmagang_dr\\Projectmagang_dr\\public\\index.php')
WARNING - 2026-08-21 14:21:27 --> [DEPRECATED] Passing lowercase HTTP method "get" is deprecated. Use uppercase HTTP method like "GET". in SYSTEMPATH\Router\RouteCollection.php on line 1026.
 1 SYSTEMPATH\Router\RouteCollection.php(1026): trigger_error('Passing lowercase HTTP method "get" is deprecated. Use uppercase HTTP method like "GET".', 16384)
 2 APPPATH\Config\Routes.php(179): CodeIgniter\Router\RouteCollection->match([...], 'upload-dokumen', '\\App\\Controllers\\Kabid\\C_UploadDokumen::index')
 3 SYSTEMPATH\Router\RouteCollection.php(799): CodeIgniter\Router\RouteCollection::{closure:C:\Users\ASUS\Downloads\Projectmagang_dr\Projectmagang_dr\app\Config\Routes.php:153}(Object(CodeIgniter\Router\RouteCollection))
 4 APPPATH\Config\Routes.php(153): CodeIgniter\Router\RouteCollection->group('kabid', [...], Object(Closure))
 5 SYSTEMPATH\Router\RouteCollection.php(339): require('C:\\Users\\ASUS\\Downloads\\Projectmagang_dr\\Projectmagang_dr\\app\\Config\\Routes.php')
 6 SYSTEMPATH\CodeIgniter.php(841): CodeIgniter\Router\RouteCollection->loadRoutes()
 7 SYSTEMPATH\CodeIgniter.php(464): CodeIgniter\CodeIgniter->tryToRouteIt(null)
 8 SYSTEMPATH\CodeIgniter.php(363): CodeIgniter\CodeIgniter->handleRequest(null, Object(Config\Cache), false)
 9 SYSTEMPATH\Boot.php(417): CodeIgniter\CodeIgniter->run()
10 SYSTEMPATH\Boot.php(68): CodeIgniter\Boot::runCodeIgniter(Object(CodeIgniter\CodeIgniter))
11 FCPATH\index.php(59): CodeIgniter\Boot::bootWeb(Object(Config\Paths))
12 SYSTEMPATH\rewrite.php(44): require_once('C:\\Users\\ASUS\\Downloads\\Projectmagang_dr\\Projectmagang_dr\\public\\index.php')
WARNING - 2026-08-21 14:21:27 --> [DEPRECATED] Passing lowercase HTTP method "post" is deprecated. Use uppercase HTTP method like "POST". in SYSTEMPATH\Router\RouteCollection.php on line 1026.
 1 SYSTEMPATH\Router\RouteCollection.php(1026): trigger_error('Passing lowercase HTTP method "post" is deprecated. Use uppercase HTTP method like "POST".', 16384)
 2 APPPATH\Config\Routes.php(179): CodeIgniter\Router\RouteCollection->match([...], 'upload-dokumen', '\\App\\Controllers\\Kabid\\C_UploadDokumen::index')
 3 SYSTEMPATH\Router\RouteCollection.php(799): CodeIgniter\Router\RouteCollection::{closure:C:\Users\ASUS\Downloads\Projectmagang_dr\Projectmagang_dr\app\Config\Routes.php:153}(Object(CodeIgniter\Router\RouteCollection))
 4 APPPATH\Config\Routes.php(153): CodeIgniter\Router\RouteCollection->group('kabid', [...], Object(Closure))
 5 SYSTEMPATH\Router\RouteCollection.php(339): require('C:\\Users\\ASUS\\Downloads\\Projectmagang_dr\\Projectmagang_dr\\app\\Config\\Routes.php')
 6 SYSTEMPATH\CodeIgniter.php(841): CodeIgniter\Router\RouteCollection->loadRoutes()
 7 SYSTEMPATH\CodeIgniter.php(464): CodeIgniter\CodeIgniter->tryToRouteIt(null)
 8 SYSTEMPATH\CodeIgniter.php(363): CodeIgniter\CodeIgniter->handleRequest(null, Object(Config\Cache), false)
 9 SYSTEMPATH\Boot.php(417): CodeIgniter\CodeIgniter->run()
10 SYSTEMPATH\Boot.php(68): CodeIgniter\Boot::runCodeIgniter(Object(CodeIgniter\CodeIgniter))
11 FCPATH\index.php(59): CodeIgniter\Boot::bootWeb(Object(Config\Paths))
12 SYSTEMPATH\rewrite.php(44): require_once('C:\\Users\\ASUS\\Downloads\\Projectmagang_dr\\Projectmagang_dr\\public\\index.php')
DEBUG - 2026-08-21 14:21:27 --> Session: Class initialized using 'CodeIgniter\Session\Handlers\FileHandler' driver.
WARNING - 2026-08-21 14:24:31 --> [DEPRECATED] Passing lowercase HTTP method "get" is deprecated. Use uppercase HTTP method like "GET". in SYSTEMPATH\Router\RouteCollection.php on line 1026.
 1 SYSTEMPATH\Router\RouteCollection.php(1026): trigger_error('Passing lowercase HTTP method "get" is deprecated. Use uppercase HTTP method like "GET".', 16384)
 2 APPPATH\Config\Routes.php(77): CodeIgniter\Router\RouteCollection->match([...], 'logbook', 'C_Logbook::logbook')
 3 SYSTEMPATH\Router\RouteCollection.php(799): CodeIgniter\Router\RouteCollection::{closure:C:\Users\ASUS\Downloads\Projectmagang_dr\Projectmagang_dr\app\Config\Routes.php:59}(Object(CodeIgniter\Router\RouteCollection))
 4 APPPATH\Config\Routes.php(59): CodeIgniter\Router\RouteCollection->group('mahasiswa', [...], Object(Closure))
 5 SYSTEMPATH\Router\RouteCollection.php(339): require('C:\\Users\\ASUS\\Downloads\\Projectmagang_dr\\Projectmagang_dr\\app\\Config\\Routes.php')
 6 SYSTEMPATH\CodeIgniter.php(841): CodeIgniter\Router\RouteCollection->loadRoutes()
 7 SYSTEMPATH\CodeIgniter.php(464): CodeIgniter\CodeIgniter->tryToRouteIt(null)
 8 SYSTEMPATH\CodeIgniter.php(363): CodeIgniter\CodeIgniter->handleRequest(null, Object(Config\Cache), false)
 9 SYSTEMPATH\Boot.php(417): CodeIgniter\CodeIgniter->run()
10 SYSTEMPATH\Boot.php(68): CodeIgniter\Boot::runCodeIgniter(Object(CodeIgniter\CodeIgniter))
11 FCPATH\index.php(59): CodeIgniter\Boot::bootWeb(Object(Config\Paths))
12 SYSTEMPATH\rewrite.php(44): require_once('C:\\Users\\ASUS\\Downloads\\Projectmagang_dr\\Projectmagang_dr\\public\\index.php')
WARNING - 2026-08-21 14:24:31 --> [DEPRECATED] Passing lowercase HTTP method "post" is deprecated. Use uppercase HTTP method like "POST". in SYSTEMPATH\Router\RouteCollection.php on line 1026.
 1 SYSTEMPATH\Router\RouteCollection.php(1026): trigger_error('Passing lowercase HTTP method "post" is deprecated. Use uppercase HTTP method like "POST".', 16384)
 2 APPPATH\Config\Routes.php(77): CodeIgniter\Router\RouteCollection->match([...], 'logbook', 'C_Logbook::logbook')
 3 SYSTEMPATH\Router\RouteCollection.php(799): CodeIgniter\Router\RouteCollection::{closure:C:\Users\ASUS\Downloads\Projectmagang_dr\Projectmagang_dr\app\Config\Routes.php:59}(Object(CodeIgniter\Router\RouteCollection))
 4 APPPATH\Config\Routes.php(59): CodeIgniter\Router\RouteCollection->group('mahasiswa', [...], Object(Closure))
 5 SYSTEMPATH\Router\RouteCollection.php(339): require('C:\\Users\\ASUS\\Downloads\\Projectmagang_dr\\Projectmagang_dr\\app\\Config\\Routes.php')
 6 SYSTEMPATH\CodeIgniter.php(841): CodeIgniter\Router\RouteCollection->loadRoutes()
 7 SYSTEMPATH\CodeIgniter.php(464): CodeIgniter\CodeIgniter->tryToRouteIt(null)
 8 SYSTEMPATH\CodeIgniter.php(363): CodeIgniter\CodeIgniter->handleRequest(null, Object(Config\Cache), false)
 9 SYSTEMPATH\Boot.php(417): CodeIgniter\CodeIgniter->run()
10 SYSTEMPATH\Boot.php(68): CodeIgniter\Boot::runCodeIgniter(Object(CodeIgniter\CodeIgniter))
11 FCPATH\index.php(59): CodeIgniter\Boot::bootWeb(Object(Config\Paths))
12 SYSTEMPATH\rewrite.php(44): require_once('C:\\Users\\ASUS\\Downloads\\Projectmagang_dr\\Projectmagang_dr\\public\\index.php')
WARNING - 2026-08-21 14:24:31 --> [DEPRECATED] Passing lowercase HTTP method "get" is deprecated. Use uppercase HTTP method like "GET". in SYSTEMPATH\Router\RouteCollection.php on line 1026.
 1 SYSTEMPATH\Router\RouteCollection.php(1026): trigger_error('Passing lowercase HTTP method "get" is deprecated. Use uppercase HTTP method like "GET".', 16384)
 2 APPPATH\Config\Routes.php(95): CodeIgniter\Router\RouteCollection->match([...], 'verifikasi', '\\App\\Controllers\\Sekretariat\\C_Verifikasi::index')
 3 SYSTEMPATH\Router\RouteCollection.php(799): CodeIgniter\Router\RouteCollection::{closure:C:\Users\ASUS\Downloads\Projectmagang_dr\Projectmagang_dr\app\Config\Routes.php:89}(Object(CodeIgniter\Router\RouteCollection))
 4 APPPATH\Config\Routes.php(89): CodeIgniter\Router\RouteCollection->group('sekretariat', [...], Object(Closure))
 5 SYSTEMPATH\Router\RouteCollection.php(339): require('C:\\Users\\ASUS\\Downloads\\Projectmagang_dr\\Projectmagang_dr\\app\\Config\\Routes.php')
 6 SYSTEMPATH\CodeIgniter.php(841): CodeIgniter\Router\RouteCollection->loadRoutes()
 7 SYSTEMPATH\CodeIgniter.php(464): CodeIgniter\CodeIgniter->tryToRouteIt(null)
 8 SYSTEMPATH\CodeIgniter.php(363): CodeIgniter\CodeIgniter->handleRequest(null, Object(Config\Cache), false)
 9 SYSTEMPATH\Boot.php(417): CodeIgniter\CodeIgniter->run()
10 SYSTEMPATH\Boot.php(68): CodeIgniter\Boot::runCodeIgniter(Object(CodeIgniter\CodeIgniter))
11 FCPATH\index.php(59): CodeIgniter\Boot::bootWeb(Object(Config\Paths))
12 SYSTEMPATH\rewrite.php(44): require_once('C:\\Users\\ASUS\\Downloads\\Projectmagang_dr\\Projectmagang_dr\\public\\index.php')
WARNING - 2026-08-21 14:24:31 --> [DEPRECATED] Passing lowercase HTTP method "post" is deprecated. Use uppercase HTTP method like "POST". in SYSTEMPATH\Router\RouteCollection.php on line 1026.
 1 SYSTEMPATH\Router\RouteCollection.php(1026): trigger_error('Passing lowercase HTTP method "post" is deprecated. Use uppercase HTTP method like "POST".', 16384)
 2 APPPATH\Config\Routes.php(95): CodeIgniter\Router\RouteCollection->match([...], 'verifikasi', '\\App\\Controllers\\Sekretariat\\C_Verifikasi::index')
 3 SYSTEMPATH\Router\RouteCollection.php(799): CodeIgniter\Router\RouteCollection::{closure:C:\Users\ASUS\Downloads\Projectmagang_dr\Projectmagang_dr\app\Config\Routes.php:89}(Object(CodeIgniter\Router\RouteCollection))
 4 APPPATH\Config\Routes.php(89): CodeIgniter\Router\RouteCollection->group('sekretariat', [...], Object(Closure))
 5 SYSTEMPATH\Router\RouteCollection.php(339): require('C:\\Users\\ASUS\\Downloads\\Projectmagang_dr\\Projectmagang_dr\\app\\Config\\Routes.php')
 6 SYSTEMPATH\CodeIgniter.php(841): CodeIgniter\Router\RouteCollection->loadRoutes()
 7 SYSTEMPATH\CodeIgniter.php(464): CodeIgniter\CodeIgniter->tryToRouteIt(null)
 8 SYSTEMPATH\CodeIgniter.php(363): CodeIgniter\CodeIgniter->handleRequest(null, Object(Config\Cache), false)
 9 SYSTEMPATH\Boot.php(417): CodeIgniter\CodeIgniter->run()
10 SYSTEMPATH\Boot.php(68): CodeIgniter\Boot::runCodeIgniter(Object(CodeIgniter\CodeIgniter))
11 FCPATH\index.php(59): CodeIgniter\Boot::bootWeb(Object(Config\Paths))
12 SYSTEMPATH\rewrite.php(44): require_once('C:\\Users\\ASUS\\Downloads\\Projectmagang_dr\\Projectmagang_dr\\public\\index.php')
WARNING - 2026-08-21 14:24:31 --> [DEPRECATED] Passing lowercase HTTP method "get" is deprecated. Use uppercase HTTP method like "GET". in SYSTEMPATH\Router\RouteCollection.php on line 1026.
 1 SYSTEMPATH\Router\RouteCollection.php(1026): trigger_error('Passing lowercase HTTP method "get" is deprecated. Use uppercase HTTP method like "GET".', 16384)
 2 APPPATH\Config\Routes.php(144): CodeIgniter\Router\RouteCollection->match([...], 'upload-surat-penerimaan', '\\App\\Controllers\\Sekretariat\\C_UploadSuratPenerimaan::index')
 3 SYSTEMPATH\Router\RouteCollection.php(799): CodeIgniter\Router\RouteCollection::{closure:C:\Users\ASUS\Downloads\Projectmagang_dr\Projectmagang_dr\app\Config\Routes.php:89}(Object(CodeIgniter\Router\RouteCollection))
 4 APPPATH\Config\Routes.php(89): CodeIgniter\Router\RouteCollection->group('sekretariat', [...], Object(Closure))
 5 SYSTEMPATH\Router\RouteCollection.php(339): require('C:\\Users\\ASUS\\Downloads\\Projectmagang_dr\\Projectmagang_dr\\app\\Config\\Routes.php')
 6 SYSTEMPATH\CodeIgniter.php(841): CodeIgniter\Router\RouteCollection->loadRoutes()
 7 SYSTEMPATH\CodeIgniter.php(464): CodeIgniter\CodeIgniter->tryToRouteIt(null)
 8 SYSTEMPATH\CodeIgniter.php(363): CodeIgniter\CodeIgniter->handleRequest(null, Object(Config\Cache), false)
 9 SYSTEMPATH\Boot.php(417): CodeIgniter\CodeIgniter->run()
10 SYSTEMPATH\Boot.php(68): CodeIgniter\Boot::runCodeIgniter(Object(CodeIgniter\CodeIgniter))
11 FCPATH\index.php(59): CodeIgniter\Boot::bootWeb(Object(Config\Paths))
12 SYSTEMPATH\rewrite.php(44): require_once('C:\\Users\\ASUS\\Downloads\\Projectmagang_dr\\Projectmagang_dr\\public\\index.php')
WARNING - 2026-08-21 14:24:31 --> [DEPRECATED] Passing lowercase HTTP method "post" is deprecated. Use uppercase HTTP method like "POST". in SYSTEMPATH\Router\RouteCollection.php on line 1026.
 1 SYSTEMPATH\Router\RouteCollection.php(1026): trigger_error('Passing lowercase HTTP method "post" is deprecated. Use uppercase HTTP method like "POST".', 16384)
 2 APPPATH\Config\Routes.php(144): CodeIgniter\Router\RouteCollection->match([...], 'upload-surat-penerimaan', '\\App\\Controllers\\Sekretariat\\C_UploadSuratPenerimaan::index')
 3 SYSTEMPATH\Router\RouteCollection.php(799): CodeIgniter\Router\RouteCollection::{closure:C:\Users\ASUS\Downloads\Projectmagang_dr\Projectmagang_dr\app\Config\Routes.php:89}(Object(CodeIgniter\Router\RouteCollection))
 4 APPPATH\Config\Routes.php(89): CodeIgniter\Router\RouteCollection->group('sekretariat', [...], Object(Closure))
 5 SYSTEMPATH\Router\RouteCollection.php(339): require('C:\\Users\\ASUS\\Downloads\\Projectmagang_dr\\Projectmagang_dr\\app\\Config\\Routes.php')
 6 SYSTEMPATH\CodeIgniter.php(841): CodeIgniter\Router\RouteCollection->loadRoutes()
 7 SYSTEMPATH\CodeIgniter.php(464): CodeIgniter\CodeIgniter->tryToRouteIt(null)
 8 SYSTEMPATH\CodeIgniter.php(363): CodeIgniter\CodeIgniter->handleRequest(null, Object(Config\Cache), false)
 9 SYSTEMPATH\Boot.php(417): CodeIgniter\CodeIgniter->run()
10 SYSTEMPATH\Boot.php(68): CodeIgniter\Boot::runCodeIgniter(Object(CodeIgniter\CodeIgniter))
11 FCPATH\index.php(59): CodeIgniter\Boot::bootWeb(Object(Config\Paths))
12 SYSTEMPATH\rewrite.php(44): require_once('C:\\Users\\ASUS\\Downloads\\Projectmagang_dr\\Projectmagang_dr\\public\\index.php')
WARNING - 2026-08-21 14:24:31 --> [DEPRECATED] Passing lowercase HTTP method "get" is deprecated. Use uppercase HTTP method like "GET". in SYSTEMPATH\Router\RouteCollection.php on line 1026.
 1 SYSTEMPATH\Router\RouteCollection.php(1026): trigger_error('Passing lowercase HTTP method "get" is deprecated. Use uppercase HTTP method like "GET".', 16384)
 2 APPPATH\Config\Routes.php(167): CodeIgniter\Router\RouteCollection->match([...], 'logbook', '\\App\\Controllers\\Kabid\\C_LogbookKabid::index')
 3 SYSTEMPATH\Router\RouteCollection.php(799): CodeIgniter\Router\RouteCollection::{closure:C:\Users\ASUS\Downloads\Projectmagang_dr\Projectmagang_dr\app\Config\Routes.php:153}(Object(CodeIgniter\Router\RouteCollection))
 4 APPPATH\Config\Routes.php(153): CodeIgniter\Router\RouteCollection->group('kabid', [...], Object(Closure))
 5 SYSTEMPATH\Router\RouteCollection.php(339): require('C:\\Users\\ASUS\\Downloads\\Projectmagang_dr\\Projectmagang_dr\\app\\Config\\Routes.php')
 6 SYSTEMPATH\CodeIgniter.php(841): CodeIgniter\Router\RouteCollection->loadRoutes()
 7 SYSTEMPATH\CodeIgniter.php(464): CodeIgniter\CodeIgniter->tryToRouteIt(null)
 8 SYSTEMPATH\CodeIgniter.php(363): CodeIgniter\CodeIgniter->handleRequest(null, Object(Config\Cache), false)
 9 SYSTEMPATH\Boot.php(417): CodeIgniter\CodeIgniter->run()
10 SYSTEMPATH\Boot.php(68): CodeIgniter\Boot::runCodeIgniter(Object(CodeIgniter\CodeIgniter))
11 FCPATH\index.php(59): CodeIgniter\Boot::bootWeb(Object(Config\Paths))
12 SYSTEMPATH\rewrite.php(44): require_once('C:\\Users\\ASUS\\Downloads\\Projectmagang_dr\\Projectmagang_dr\\public\\index.php')
WARNING - 2026-08-21 14:24:31 --> [DEPRECATED] Passing lowercase HTTP method "post" is deprecated. Use uppercase HTTP method like "POST". in SYSTEMPATH\Router\RouteCollection.php on line 1026.
 1 SYSTEMPATH\Router\RouteCollection.php(1026): trigger_error('Passing lowercase HTTP method "post" is deprecated. Use uppercase HTTP method like "POST".', 16384)
 2 APPPATH\Config\Routes.php(167): CodeIgniter\Router\RouteCollection->match([...], 'logbook', '\\App\\Controllers\\Kabid\\C_LogbookKabid::index')
 3 SYSTEMPATH\Router\RouteCollection.php(799): CodeIgniter\Router\RouteCollection::{closure:C:\Users\ASUS\Downloads\Projectmagang_dr\Projectmagang_dr\app\Config\Routes.php:153}(Object(CodeIgniter\Router\RouteCollection))
 4 APPPATH\Config\Routes.php(153): CodeIgniter\Router\RouteCollection->group('kabid', [...], Object(Closure))
 5 SYSTEMPATH\Router\RouteCollection.php(339): require('C:\\Users\\ASUS\\Downloads\\Projectmagang_dr\\Projectmagang_dr\\app\\Config\\Routes.php')
 6 SYSTEMPATH\CodeIgniter.php(841): CodeIgniter\Router\RouteCollection->loadRoutes()
 7 SYSTEMPATH\CodeIgniter.php(464): CodeIgniter\CodeIgniter->tryToRouteIt(null)
 8 SYSTEMPATH\CodeIgniter.php(363): CodeIgniter\CodeIgniter->handleRequest(null, Object(Config\Cache), false)
 9 SYSTEMPATH\Boot.php(417): CodeIgniter\CodeIgniter->run()
10 SYSTEMPATH\Boot.php(68): CodeIgniter\Boot::runCodeIgniter(Object(CodeIgniter\CodeIgniter))
11 FCPATH\index.php(59): CodeIgniter\Boot::bootWeb(Object(Config\Paths))
12 SYSTEMPATH\rewrite.php(44): require_once('C:\\Users\\ASUS\\Downloads\\Projectmagang_dr\\Projectmagang_dr\\public\\index.php')
WARNING - 2026-08-21 14:24:31 --> [DEPRECATED] Passing lowercase HTTP method "get" is deprecated. Use uppercase HTTP method like "GET". in SYSTEMPATH\Router\RouteCollection.php on line 1026.
 1 SYSTEMPATH\Router\RouteCollection.php(1026): trigger_error('Passing lowercase HTTP method "get" is deprecated. Use uppercase HTTP method like "GET".', 16384)
 2 APPPATH\Config\Routes.php(179): CodeIgniter\Router\RouteCollection->match([...], 'upload-dokumen', '\\App\\Controllers\\Kabid\\C_UploadDokumen::index')
 3 SYSTEMPATH\Router\RouteCollection.php(799): CodeIgniter\Router\RouteCollection::{closure:C:\Users\ASUS\Downloads\Projectmagang_dr\Projectmagang_dr\app\Config\Routes.php:153}(Object(CodeIgniter\Router\RouteCollection))
 4 APPPATH\Config\Routes.php(153): CodeIgniter\Router\RouteCollection->group('kabid', [...], Object(Closure))
 5 SYSTEMPATH\Router\RouteCollection.php(339): require('C:\\Users\\ASUS\\Downloads\\Projectmagang_dr\\Projectmagang_dr\\app\\Config\\Routes.php')
 6 SYSTEMPATH\CodeIgniter.php(841): CodeIgniter\Router\RouteCollection->loadRoutes()
 7 SYSTEMPATH\CodeIgniter.php(464): CodeIgniter\CodeIgniter->tryToRouteIt(null)
 8 SYSTEMPATH\CodeIgniter.php(363): CodeIgniter\CodeIgniter->handleRequest(null, Object(Config\Cache), false)
 9 SYSTEMPATH\Boot.php(417): CodeIgniter\CodeIgniter->run()
10 SYSTEMPATH\Boot.php(68): CodeIgniter\Boot::runCodeIgniter(Object(CodeIgniter\CodeIgniter))
11 FCPATH\index.php(59): CodeIgniter\Boot::bootWeb(Object(Config\Paths))
12 SYSTEMPATH\rewrite.php(44): require_once('C:\\Users\\ASUS\\Downloads\\Projectmagang_dr\\Projectmagang_dr\\public\\index.php')
WARNING - 2026-08-21 14:24:31 --> [DEPRECATED] Passing lowercase HTTP method "post" is deprecated. Use uppercase HTTP method like "POST". in SYSTEMPATH\Router\RouteCollection.php on line 1026.
 1 SYSTEMPATH\Router\RouteCollection.php(1026): trigger_error('Passing lowercase HTTP method "post" is deprecated. Use uppercase HTTP method like "POST".', 16384)
 2 APPPATH\Config\Routes.php(179): CodeIgniter\Router\RouteCollection->match([...], 'upload-dokumen', '\\App\\Controllers\\Kabid\\C_UploadDokumen::index')
 3 SYSTEMPATH\Router\RouteCollection.php(799): CodeIgniter\Router\RouteCollection::{closure:C:\Users\ASUS\Downloads\Projectmagang_dr\Projectmagang_dr\app\Config\Routes.php:153}(Object(CodeIgniter\Router\RouteCollection))
 4 APPPATH\Config\Routes.php(153): CodeIgniter\Router\RouteCollection->group('kabid', [...], Object(Closure))
 5 SYSTEMPATH\Router\RouteCollection.php(339): require('C:\\Users\\ASUS\\Downloads\\Projectmagang_dr\\Projectmagang_dr\\app\\Config\\Routes.php')
 6 SYSTEMPATH\CodeIgniter.php(841): CodeIgniter\Router\RouteCollection->loadRoutes()
 7 SYSTEMPATH\CodeIgniter.php(464): CodeIgniter\CodeIgniter->tryToRouteIt(null)
 8 SYSTEMPATH\CodeIgniter.php(363): CodeIgniter\CodeIgniter->handleRequest(null, Object(Config\Cache), false)
 9 SYSTEMPATH\Boot.php(417): CodeIgniter\CodeIgniter->run()
10 SYSTEMPATH\Boot.php(68): CodeIgniter\Boot::runCodeIgniter(Object(CodeIgniter\CodeIgniter))
11 FCPATH\index.php(59): CodeIgniter\Boot::bootWeb(Object(Config\Paths))
12 SYSTEMPATH\rewrite.php(44): require_once('C:\\Users\\ASUS\\Downloads\\Projectmagang_dr\\Projectmagang_dr\\public\\index.php')
WARNING - 2026-08-21 14:24:38 --> [DEPRECATED] Passing lowercase HTTP method "get" is deprecated. Use uppercase HTTP method like "GET". in SYSTEMPATH\Router\RouteCollection.php on line 1026.
 1 SYSTEMPATH\Router\RouteCollection.php(1026): trigger_error('Passing lowercase HTTP method "get" is deprecated. Use uppercase HTTP method like "GET".', 16384)
 2 APPPATH\Config\Routes.php(77): CodeIgniter\Router\RouteCollection->match([...], 'logbook', 'C_Logbook::logbook')
 3 SYSTEMPATH\Router\RouteCollection.php(799): CodeIgniter\Router\RouteCollection::{closure:C:\Users\ASUS\Downloads\Projectmagang_dr\Projectmagang_dr\app\Config\Routes.php:59}(Object(CodeIgniter\Router\RouteCollection))
 4 APPPATH\Config\Routes.php(59): CodeIgniter\Router\RouteCollection->group('mahasiswa', [...], Object(Closure))
 5 SYSTEMPATH\Router\RouteCollection.php(339): require('C:\\Users\\ASUS\\Downloads\\Projectmagang_dr\\Projectmagang_dr\\app\\Config\\Routes.php')
 6 SYSTEMPATH\CodeIgniter.php(841): CodeIgniter\Router\RouteCollection->loadRoutes()
 7 SYSTEMPATH\CodeIgniter.php(464): CodeIgniter\CodeIgniter->tryToRouteIt(null)
 8 SYSTEMPATH\CodeIgniter.php(363): CodeIgniter\CodeIgniter->handleRequest(null, Object(Config\Cache), false)
 9 SYSTEMPATH\Boot.php(417): CodeIgniter\CodeIgniter->run()
10 SYSTEMPATH\Boot.php(68): CodeIgniter\Boot::runCodeIgniter(Object(CodeIgniter\CodeIgniter))
11 FCPATH\index.php(59): CodeIgniter\Boot::bootWeb(Object(Config\Paths))
12 SYSTEMPATH\rewrite.php(44): require_once('C:\\Users\\ASUS\\Downloads\\Projectmagang_dr\\Projectmagang_dr\\public\\index.php')
WARNING - 2026-08-21 14:24:38 --> [DEPRECATED] Passing lowercase HTTP method "post" is deprecated. Use uppercase HTTP method like "POST". in SYSTEMPATH\Router\RouteCollection.php on line 1026.
 1 SYSTEMPATH\Router\RouteCollection.php(1026): trigger_error('Passing lowercase HTTP method "post" is deprecated. Use uppercase HTTP method like "POST".', 16384)
 2 APPPATH\Config\Routes.php(77): CodeIgniter\Router\RouteCollection->match([...], 'logbook', 'C_Logbook::logbook')
 3 SYSTEMPATH\Router\RouteCollection.php(799): CodeIgniter\Router\RouteCollection::{closure:C:\Users\ASUS\Downloads\Projectmagang_dr\Projectmagang_dr\app\Config\Routes.php:59}(Object(CodeIgniter\Router\RouteCollection))
 4 APPPATH\Config\Routes.php(59): CodeIgniter\Router\RouteCollection->group('mahasiswa', [...], Object(Closure))
 5 SYSTEMPATH\Router\RouteCollection.php(339): require('C:\\Users\\ASUS\\Downloads\\Projectmagang_dr\\Projectmagang_dr\\app\\Config\\Routes.php')
 6 SYSTEMPATH\CodeIgniter.php(841): CodeIgniter\Router\RouteCollection->loadRoutes()
 7 SYSTEMPATH\CodeIgniter.php(464): CodeIgniter\CodeIgniter->tryToRouteIt(null)
 8 SYSTEMPATH\CodeIgniter.php(363): CodeIgniter\CodeIgniter->handleRequest(null, Object(Config\Cache), false)
 9 SYSTEMPATH\Boot.php(417): CodeIgniter\CodeIgniter->run()
10 SYSTEMPATH\Boot.php(68): CodeIgniter\Boot::runCodeIgniter(Object(CodeIgniter\CodeIgniter))
11 FCPATH\index.php(59): CodeIgniter\Boot::bootWeb(Object(Config\Paths))
12 SYSTEMPATH\rewrite.php(44): require_once('C:\\Users\\ASUS\\Downloads\\Projectmagang_dr\\Projectmagang_dr\\public\\index.php')
WARNING - 2026-08-21 14:24:38 --> [DEPRECATED] Passing lowercase HTTP method "get" is deprecated. Use uppercase HTTP method like "GET". in SYSTEMPATH\Router\RouteCollection.php on line 1026.
 1 SYSTEMPATH\Router\RouteCollection.php(1026): trigger_error('Passing lowercase HTTP method "get" is deprecated. Use uppercase HTTP method like "GET".', 16384)
 2 APPPATH\Config\Routes.php(95): CodeIgniter\Router\RouteCollection->match([...], 'verifikasi', '\\App\\Controllers\\Sekretariat\\C_Verifikasi::index')
 3 SYSTEMPATH\Router\RouteCollection.php(799): CodeIgniter\Router\RouteCollection::{closure:C:\Users\ASUS\Downloads\Projectmagang_dr\Projectmagang_dr\app\Config\Routes.php:89}(Object(CodeIgniter\Router\RouteCollection))
 4 APPPATH\Config\Routes.php(89): CodeIgniter\Router\RouteCollection->group('sekretariat', [...], Object(Closure))
 5 SYSTEMPATH\Router\RouteCollection.php(339): require('C:\\Users\\ASUS\\Downloads\\Projectmagang_dr\\Projectmagang_dr\\app\\Config\\Routes.php')
 6 SYSTEMPATH\CodeIgniter.php(841): CodeIgniter\Router\RouteCollection->loadRoutes()
 7 SYSTEMPATH\CodeIgniter.php(464): CodeIgniter\CodeIgniter->tryToRouteIt(null)
 8 SYSTEMPATH\CodeIgniter.php(363): CodeIgniter\CodeIgniter->handleRequest(null, Object(Config\Cache), false)
 9 SYSTEMPATH\Boot.php(417): CodeIgniter\CodeIgniter->run()
10 SYSTEMPATH\Boot.php(68): CodeIgniter\Boot::runCodeIgniter(Object(CodeIgniter\CodeIgniter))
11 FCPATH\index.php(59): CodeIgniter\Boot::bootWeb(Object(Config\Paths))
12 SYSTEMPATH\rewrite.php(44): require_once('C:\\Users\\ASUS\\Downloads\\Projectmagang_dr\\Projectmagang_dr\\public\\index.php')
WARNING - 2026-08-21 14:24:38 --> [DEPRECATED] Passing lowercase HTTP method "post" is deprecated. Use uppercase HTTP method like "POST". in SYSTEMPATH\Router\RouteCollection.php on line 1026.
 1 SYSTEMPATH\Router\RouteCollection.php(1026): trigger_error('Passing lowercase HTTP method "post" is deprecated. Use uppercase HTTP method like "POST".', 16384)
 2 APPPATH\Config\Routes.php(95): CodeIgniter\Router\RouteCollection->match([...], 'verifikasi', '\\App\\Controllers\\Sekretariat\\C_Verifikasi::index')
 3 SYSTEMPATH\Router\RouteCollection.php(799): CodeIgniter\Router\RouteCollection::{closure:C:\Users\ASUS\Downloads\Projectmagang_dr\Projectmagang_dr\app\Config\Routes.php:89}(Object(CodeIgniter\Router\RouteCollection))
 4 APPPATH\Config\Routes.php(89): CodeIgniter\Router\RouteCollection->group('sekretariat', [...], Object(Closure))
 5 SYSTEMPATH\Router\RouteCollection.php(339): require('C:\\Users\\ASUS\\Downloads\\Projectmagang_dr\\Projectmagang_dr\\app\\Config\\Routes.php')
 6 SYSTEMPATH\CodeIgniter.php(841): CodeIgniter\Router\RouteCollection->loadRoutes()
 7 SYSTEMPATH\CodeIgniter.php(464): CodeIgniter\CodeIgniter->tryToRouteIt(null)
 8 SYSTEMPATH\CodeIgniter.php(363): CodeIgniter\CodeIgniter->handleRequest(null, Object(Config\Cache), false)
 9 SYSTEMPATH\Boot.php(417): CodeIgniter\CodeIgniter->run()
10 SYSTEMPATH\Boot.php(68): CodeIgniter\Boot::runCodeIgniter(Object(CodeIgniter\CodeIgniter))
11 FCPATH\index.php(59): CodeIgniter\Boot::bootWeb(Object(Config\Paths))
12 SYSTEMPATH\rewrite.php(44): require_once('C:\\Users\\ASUS\\Downloads\\Projectmagang_dr\\Projectmagang_dr\\public\\index.php')
WARNING - 2026-08-21 14:24:38 --> [DEPRECATED] Passing lowercase HTTP method "get" is deprecated. Use uppercase HTTP method like "GET". in SYSTEMPATH\Router\RouteCollection.php on line 1026.
 1 SYSTEMPATH\Router\RouteCollection.php(1026): trigger_error('Passing lowercase HTTP method "get" is deprecated. Use uppercase HTTP method like "GET".', 16384)
 2 APPPATH\Config\Routes.php(144): CodeIgniter\Router\RouteCollection->match([...], 'upload-surat-penerimaan', '\\App\\Controllers\\Sekretariat\\C_UploadSuratPenerimaan::index')
 3 SYSTEMPATH\Router\RouteCollection.php(799): CodeIgniter\Router\RouteCollection::{closure:C:\Users\ASUS\Downloads\Projectmagang_dr\Projectmagang_dr\app\Config\Routes.php:89}(Object(CodeIgniter\Router\RouteCollection))
 4 APPPATH\Config\Routes.php(89): CodeIgniter\Router\RouteCollection->group('sekretariat', [...], Object(Closure))
 5 SYSTEMPATH\Router\RouteCollection.php(339): require('C:\\Users\\ASUS\\Downloads\\Projectmagang_dr\\Projectmagang_dr\\app\\Config\\Routes.php')
 6 SYSTEMPATH\CodeIgniter.php(841): CodeIgniter\Router\RouteCollection->loadRoutes()
 7 SYSTEMPATH\CodeIgniter.php(464): CodeIgniter\CodeIgniter->tryToRouteIt(null)
 8 SYSTEMPATH\CodeIgniter.php(363): CodeIgniter\CodeIgniter->handleRequest(null, Object(Config\Cache), false)
 9 SYSTEMPATH\Boot.php(417): CodeIgniter\CodeIgniter->run()
10 SYSTEMPATH\Boot.php(68): CodeIgniter\Boot::runCodeIgniter(Object(CodeIgniter\CodeIgniter))
11 FCPATH\index.php(59): CodeIgniter\Boot::bootWeb(Object(Config\Paths))
12 SYSTEMPATH\rewrite.php(44): require_once('C:\\Users\\ASUS\\Downloads\\Projectmagang_dr\\Projectmagang_dr\\public\\index.php')
WARNING - 2026-08-21 14:24:38 --> [DEPRECATED] Passing lowercase HTTP method "post" is deprecated. Use uppercase HTTP method like "POST". in SYSTEMPATH\Router\RouteCollection.php on line 1026.
 1 SYSTEMPATH\Router\RouteCollection.php(1026): trigger_error('Passing lowercase HTTP method "post" is deprecated. Use uppercase HTTP method like "POST".', 16384)
 2 APPPATH\Config\Routes.php(144): CodeIgniter\Router\RouteCollection->match([...], 'upload-surat-penerimaan', '\\App\\Controllers\\Sekretariat\\C_UploadSuratPenerimaan::index')
 3 SYSTEMPATH\Router\RouteCollection.php(799): CodeIgniter\Router\RouteCollection::{closure:C:\Users\ASUS\Downloads\Projectmagang_dr\Projectmagang_dr\app\Config\Routes.php:89}(Object(CodeIgniter\Router\RouteCollection))
 4 APPPATH\Config\Routes.php(89): CodeIgniter\Router\RouteCollection->group('sekretariat', [...], Object(Closure))
 5 SYSTEMPATH\Router\RouteCollection.php(339): require('C:\\Users\\ASUS\\Downloads\\Projectmagang_dr\\Projectmagang_dr\\app\\Config\\Routes.php')
 6 SYSTEMPATH\CodeIgniter.php(841): CodeIgniter\Router\RouteCollection->loadRoutes()
 7 SYSTEMPATH\CodeIgniter.php(464): CodeIgniter\CodeIgniter->tryToRouteIt(null)
 8 SYSTEMPATH\CodeIgniter.php(363): CodeIgniter\CodeIgniter->handleRequest(null, Object(Config\Cache), false)
 9 SYSTEMPATH\Boot.php(417): CodeIgniter\CodeIgniter->run()
10 SYSTEMPATH\Boot.php(68): CodeIgniter\Boot::runCodeIgniter(Object(CodeIgniter\CodeIgniter))
11 FCPATH\index.php(59): CodeIgniter\Boot::bootWeb(Object(Config\Paths))
12 SYSTEMPATH\rewrite.php(44): require_once('C:\\Users\\ASUS\\Downloads\\Projectmagang_dr\\Projectmagang_dr\\public\\index.php')
WARNING - 2026-08-21 14:24:38 --> [DEPRECATED] Passing lowercase HTTP method "get" is deprecated. Use uppercase HTTP method like "GET". in SYSTEMPATH\Router\RouteCollection.php on line 1026.
 1 SYSTEMPATH\Router\RouteCollection.php(1026): trigger_error('Passing lowercase HTTP method "get" is deprecated. Use uppercase HTTP method like "GET".', 16384)
 2 APPPATH\Config\Routes.php(167): CodeIgniter\Router\RouteCollection->match([...], 'logbook', '\\App\\Controllers\\Kabid\\C_LogbookKabid::index')
 3 SYSTEMPATH\Router\RouteCollection.php(799): CodeIgniter\Router\RouteCollection::{closure:C:\Users\ASUS\Downloads\Projectmagang_dr\Projectmagang_dr\app\Config\Routes.php:153}(Object(CodeIgniter\Router\RouteCollection))
 4 APPPATH\Config\Routes.php(153): CodeIgniter\Router\RouteCollection->group('kabid', [...], Object(Closure))
 5 SYSTEMPATH\Router\RouteCollection.php(339): require('C:\\Users\\ASUS\\Downloads\\Projectmagang_dr\\Projectmagang_dr\\app\\Config\\Routes.php')
 6 SYSTEMPATH\CodeIgniter.php(841): CodeIgniter\Router\RouteCollection->loadRoutes()
 7 SYSTEMPATH\CodeIgniter.php(464): CodeIgniter\CodeIgniter->tryToRouteIt(null)
 8 SYSTEMPATH\CodeIgniter.php(363): CodeIgniter\CodeIgniter->handleRequest(null, Object(Config\Cache), false)
 9 SYSTEMPATH\Boot.php(417): CodeIgniter\CodeIgniter->run()
10 SYSTEMPATH\Boot.php(68): CodeIgniter\Boot::runCodeIgniter(Object(CodeIgniter\CodeIgniter))
11 FCPATH\index.php(59): CodeIgniter\Boot::bootWeb(Object(Config\Paths))
12 SYSTEMPATH\rewrite.php(44): require_once('C:\\Users\\ASUS\\Downloads\\Projectmagang_dr\\Projectmagang_dr\\public\\index.php')
WARNING - 2026-08-21 14:24:38 --> [DEPRECATED] Passing lowercase HTTP method "post" is deprecated. Use uppercase HTTP method like "POST". in SYSTEMPATH\Router\RouteCollection.php on line 1026.
 1 SYSTEMPATH\Router\RouteCollection.php(1026): trigger_error('Passing lowercase HTTP method "post" is deprecated. Use uppercase HTTP method like "POST".', 16384)
 2 APPPATH\Config\Routes.php(167): CodeIgniter\Router\RouteCollection->match([...], 'logbook', '\\App\\Controllers\\Kabid\\C_LogbookKabid::index')
 3 SYSTEMPATH\Router\RouteCollection.php(799): CodeIgniter\Router\RouteCollection::{closure:C:\Users\ASUS\Downloads\Projectmagang_dr\Projectmagang_dr\app\Config\Routes.php:153}(Object(CodeIgniter\Router\RouteCollection))
 4 APPPATH\Config\Routes.php(153): CodeIgniter\Router\RouteCollection->group('kabid', [...], Object(Closure))
 5 SYSTEMPATH\Router\RouteCollection.php(339): require('C:\\Users\\ASUS\\Downloads\\Projectmagang_dr\\Projectmagang_dr\\app\\Config\\Routes.php')
 6 SYSTEMPATH\CodeIgniter.php(841): CodeIgniter\Router\RouteCollection->loadRoutes()
 7 SYSTEMPATH\CodeIgniter.php(464): CodeIgniter\CodeIgniter->tryToRouteIt(null)
 8 SYSTEMPATH\CodeIgniter.php(363): CodeIgniter\CodeIgniter->handleRequest(null, Object(Config\Cache), false)
 9 SYSTEMPATH\Boot.php(417): CodeIgniter\CodeIgniter->run()
10 SYSTEMPATH\Boot.php(68): CodeIgniter\Boot::runCodeIgniter(Object(CodeIgniter\CodeIgniter))
11 FCPATH\index.php(59): CodeIgniter\Boot::bootWeb(Object(Config\Paths))
12 SYSTEMPATH\rewrite.php(44): require_once('C:\\Users\\ASUS\\Downloads\\Projectmagang_dr\\Projectmagang_dr\\public\\index.php')
WARNING - 2026-08-21 14:24:38 --> [DEPRECATED] Passing lowercase HTTP method "get" is deprecated. Use uppercase HTTP method like "GET". in SYSTEMPATH\Router\RouteCollection.php on line 1026.
 1 SYSTEMPATH\Router\RouteCollection.php(1026): trigger_error('Passing lowercase HTTP method "get" is deprecated. Use uppercase HTTP method like "GET".', 16384)
 2 APPPATH\Config\Routes.php(179): CodeIgniter\Router\RouteCollection->match([...], 'upload-dokumen', '\\App\\Controllers\\Kabid\\C_UploadDokumen::index')
 3 SYSTEMPATH\Router\RouteCollection.php(799): CodeIgniter\Router\RouteCollection::{closure:C:\Users\ASUS\Downloads\Projectmagang_dr\Projectmagang_dr\app\Config\Routes.php:153}(Object(CodeIgniter\Router\RouteCollection))
 4 APPPATH\Config\Routes.php(153): CodeIgniter\Router\RouteCollection->group('kabid', [...], Object(Closure))
 5 SYSTEMPATH\Router\RouteCollection.php(339): require('C:\\Users\\ASUS\\Downloads\\Projectmagang_dr\\Projectmagang_dr\\app\\Config\\Routes.php')
 6 SYSTEMPATH\CodeIgniter.php(841): CodeIgniter\Router\RouteCollection->loadRoutes()
 7 SYSTEMPATH\CodeIgniter.php(464): CodeIgniter\CodeIgniter->tryToRouteIt(null)
 8 SYSTEMPATH\CodeIgniter.php(363): CodeIgniter\CodeIgniter->handleRequest(null, Object(Config\Cache), false)
 9 SYSTEMPATH\Boot.php(417): CodeIgniter\CodeIgniter->run()
10 SYSTEMPATH\Boot.php(68): CodeIgniter\Boot::runCodeIgniter(Object(CodeIgniter\CodeIgniter))
11 FCPATH\index.php(59): CodeIgniter\Boot::bootWeb(Object(Config\Paths))
12 SYSTEMPATH\rewrite.php(44): require_once('C:\\Users\\ASUS\\Downloads\\Projectmagang_dr\\Projectmagang_dr\\public\\index.php')
WARNING - 2026-08-21 14:24:38 --> [DEPRECATED] Passing lowercase HTTP method "post" is deprecated. Use uppercase HTTP method like "POST". in SYSTEMPATH\Router\RouteCollection.php on line 1026.
 1 SYSTEMPATH\Router\RouteCollection.php(1026): trigger_error('Passing lowercase HTTP method "post" is deprecated. Use uppercase HTTP method like "POST".', 16384)
 2 APPPATH\Config\Routes.php(179): CodeIgniter\Router\RouteCollection->match([...], 'upload-dokumen', '\\App\\Controllers\\Kabid\\C_UploadDokumen::index')
 3 SYSTEMPATH\Router\RouteCollection.php(799): CodeIgniter\Router\RouteCollection::{closure:C:\Users\ASUS\Downloads\Projectmagang_dr\Projectmagang_dr\app\Config\Routes.php:153}(Object(CodeIgniter\Router\RouteCollection))
 4 APPPATH\Config\Routes.php(153): CodeIgniter\Router\RouteCollection->group('kabid', [...], Object(Closure))
 5 SYSTEMPATH\Router\RouteCollection.php(339): require('C:\\Users\\ASUS\\Downloads\\Projectmagang_dr\\Projectmagang_dr\\app\\Config\\Routes.php')
 6 SYSTEMPATH\CodeIgniter.php(841): CodeIgniter\Router\RouteCollection->loadRoutes()
 7 SYSTEMPATH\CodeIgniter.php(464): CodeIgniter\CodeIgniter->tryToRouteIt(null)
 8 SYSTEMPATH\CodeIgniter.php(363): CodeIgniter\CodeIgniter->handleRequest(null, Object(Config\Cache), false)
 9 SYSTEMPATH\Boot.php(417): CodeIgniter\CodeIgniter->run()
10 SYSTEMPATH\Boot.php(68): CodeIgniter\Boot::runCodeIgniter(Object(CodeIgniter\CodeIgniter))
11 FCPATH\index.php(59): CodeIgniter\Boot::bootWeb(Object(Config\Paths))
12 SYSTEMPATH\rewrite.php(44): require_once('C:\\Users\\ASUS\\Downloads\\Projectmagang_dr\\Projectmagang_dr\\public\\index.php')
DEBUG - 2026-08-21 14:24:38 --> Session: Class initialized using 'CodeIgniter\Session\Handlers\FileHandler' driver.
WARNING - 2026-08-21 14:24:40 --> [DEPRECATED] Passing lowercase HTTP method "get" is deprecated. Use uppercase HTTP method like "GET". in SYSTEMPATH\Router\RouteCollection.php on line 1026.
 1 SYSTEMPATH\Router\RouteCollection.php(1026): trigger_error('Passing lowercase HTTP method "get" is deprecated. Use uppercase HTTP method like "GET".', 16384)
 2 APPPATH\Config\Routes.php(77): CodeIgniter\Router\RouteCollection->match([...], 'logbook', 'C_Logbook::logbook')
 3 SYSTEMPATH\Router\RouteCollection.php(799): CodeIgniter\Router\RouteCollection::{closure:C:\Users\ASUS\Downloads\Projectmagang_dr\Projectmagang_dr\app\Config\Routes.php:59}(Object(CodeIgniter\Router\RouteCollection))
 4 APPPATH\Config\Routes.php(59): CodeIgniter\Router\RouteCollection->group('mahasiswa', [...], Object(Closure))
 5 SYSTEMPATH\Router\RouteCollection.php(339): require('C:\\Users\\ASUS\\Downloads\\Projectmagang_dr\\Projectmagang_dr\\app\\Config\\Routes.php')
 6 SYSTEMPATH\CodeIgniter.php(841): CodeIgniter\Router\RouteCollection->loadRoutes()
 7 SYSTEMPATH\CodeIgniter.php(464): CodeIgniter\CodeIgniter->tryToRouteIt(null)
 8 SYSTEMPATH\CodeIgniter.php(363): CodeIgniter\CodeIgniter->handleRequest(null, Object(Config\Cache), false)
 9 SYSTEMPATH\Boot.php(417): CodeIgniter\CodeIgniter->run()
10 SYSTEMPATH\Boot.php(68): CodeIgniter\Boot::runCodeIgniter(Object(CodeIgniter\CodeIgniter))
11 FCPATH\index.php(59): CodeIgniter\Boot::bootWeb(Object(Config\Paths))
12 SYSTEMPATH\rewrite.php(44): require_once('C:\\Users\\ASUS\\Downloads\\Projectmagang_dr\\Projectmagang_dr\\public\\index.php')
WARNING - 2026-08-21 14:24:40 --> [DEPRECATED] Passing lowercase HTTP method "post" is deprecated. Use uppercase HTTP method like "POST". in SYSTEMPATH\Router\RouteCollection.php on line 1026.
 1 SYSTEMPATH\Router\RouteCollection.php(1026): trigger_error('Passing lowercase HTTP method "post" is deprecated. Use uppercase HTTP method like "POST".', 16384)
 2 APPPATH\Config\Routes.php(77): CodeIgniter\Router\RouteCollection->match([...], 'logbook', 'C_Logbook::logbook')
 3 SYSTEMPATH\Router\RouteCollection.php(799): CodeIgniter\Router\RouteCollection::{closure:C:\Users\ASUS\Downloads\Projectmagang_dr\Projectmagang_dr\app\Config\Routes.php:59}(Object(CodeIgniter\Router\RouteCollection))
 4 APPPATH\Config\Routes.php(59): CodeIgniter\Router\RouteCollection->group('mahasiswa', [...], Object(Closure))
 5 SYSTEMPATH\Router\RouteCollection.php(339): require('C:\\Users\\ASUS\\Downloads\\Projectmagang_dr\\Projectmagang_dr\\app\\Config\\Routes.php')
 6 SYSTEMPATH\CodeIgniter.php(841): CodeIgniter\Router\RouteCollection->loadRoutes()
 7 SYSTEMPATH\CodeIgniter.php(464): CodeIgniter\CodeIgniter->tryToRouteIt(null)
 8 SYSTEMPATH\CodeIgniter.php(363): CodeIgniter\CodeIgniter->handleRequest(null, Object(Config\Cache), false)
 9 SYSTEMPATH\Boot.php(417): CodeIgniter\CodeIgniter->run()
10 SYSTEMPATH\Boot.php(68): CodeIgniter\Boot::runCodeIgniter(Object(CodeIgniter\CodeIgniter))
11 FCPATH\index.php(59): CodeIgniter\Boot::bootWeb(Object(Config\Paths))
12 SYSTEMPATH\rewrite.php(44): require_once('C:\\Users\\ASUS\\Downloads\\Projectmagang_dr\\Projectmagang_dr\\public\\index.php')
WARNING - 2026-08-21 14:24:40 --> [DEPRECATED] Passing lowercase HTTP method "get" is deprecated. Use uppercase HTTP method like "GET". in SYSTEMPATH\Router\RouteCollection.php on line 1026.
 1 SYSTEMPATH\Router\RouteCollection.php(1026): trigger_error('Passing lowercase HTTP method "get" is deprecated. Use uppercase HTTP method like "GET".', 16384)
 2 APPPATH\Config\Routes.php(95): CodeIgniter\Router\RouteCollection->match([...], 'verifikasi', '\\App\\Controllers\\Sekretariat\\C_Verifikasi::index')
 3 SYSTEMPATH\Router\RouteCollection.php(799): CodeIgniter\Router\RouteCollection::{closure:C:\Users\ASUS\Downloads\Projectmagang_dr\Projectmagang_dr\app\Config\Routes.php:89}(Object(CodeIgniter\Router\RouteCollection))
 4 APPPATH\Config\Routes.php(89): CodeIgniter\Router\RouteCollection->group('sekretariat', [...], Object(Closure))
 5 SYSTEMPATH\Router\RouteCollection.php(339): require('C:\\Users\\ASUS\\Downloads\\Projectmagang_dr\\Projectmagang_dr\\app\\Config\\Routes.php')
 6 SYSTEMPATH\CodeIgniter.php(841): CodeIgniter\Router\RouteCollection->loadRoutes()
 7 SYSTEMPATH\CodeIgniter.php(464): CodeIgniter\CodeIgniter->tryToRouteIt(null)
 8 SYSTEMPATH\CodeIgniter.php(363): CodeIgniter\CodeIgniter->handleRequest(null, Object(Config\Cache), false)
 9 SYSTEMPATH\Boot.php(417): CodeIgniter\CodeIgniter->run()
10 SYSTEMPATH\Boot.php(68): CodeIgniter\Boot::runCodeIgniter(Object(CodeIgniter\CodeIgniter))
11 FCPATH\index.php(59): CodeIgniter\Boot::bootWeb(Object(Config\Paths))
12 SYSTEMPATH\rewrite.php(44): require_once('C:\\Users\\ASUS\\Downloads\\Projectmagang_dr\\Projectmagang_dr\\public\\index.php')
WARNING - 2026-08-21 14:24:40 --> [DEPRECATED] Passing lowercase HTTP method "post" is deprecated. Use uppercase HTTP method like "POST". in SYSTEMPATH\Router\RouteCollection.php on line 1026.
 1 SYSTEMPATH\Router\RouteCollection.php(1026): trigger_error('Passing lowercase HTTP method "post" is deprecated. Use uppercase HTTP method like "POST".', 16384)
 2 APPPATH\Config\Routes.php(95): CodeIgniter\Router\RouteCollection->match([...], 'verifikasi', '\\App\\Controllers\\Sekretariat\\C_Verifikasi::index')
 3 SYSTEMPATH\Router\RouteCollection.php(799): CodeIgniter\Router\RouteCollection::{closure:C:\Users\ASUS\Downloads\Projectmagang_dr\Projectmagang_dr\app\Config\Routes.php:89}(Object(CodeIgniter\Router\RouteCollection))
 4 APPPATH\Config\Routes.php(89): CodeIgniter\Router\RouteCollection->group('sekretariat', [...], Object(Closure))
 5 SYSTEMPATH\Router\RouteCollection.php(339): require('C:\\Users\\ASUS\\Downloads\\Projectmagang_dr\\Projectmagang_dr\\app\\Config\\Routes.php')
 6 SYSTEMPATH\CodeIgniter.php(841): CodeIgniter\Router\RouteCollection->loadRoutes()
 7 SYSTEMPATH\CodeIgniter.php(464): CodeIgniter\CodeIgniter->tryToRouteIt(null)
 8 SYSTEMPATH\CodeIgniter.php(363): CodeIgniter\CodeIgniter->handleRequest(null, Object(Config\Cache), false)
 9 SYSTEMPATH\Boot.php(417): CodeIgniter\CodeIgniter->run()
10 SYSTEMPATH\Boot.php(68): CodeIgniter\Boot::runCodeIgniter(Object(CodeIgniter\CodeIgniter))
11 FCPATH\index.php(59): CodeIgniter\Boot::bootWeb(Object(Config\Paths))
12 SYSTEMPATH\rewrite.php(44): require_once('C:\\Users\\ASUS\\Downloads\\Projectmagang_dr\\Projectmagang_dr\\public\\index.php')
WARNING - 2026-08-21 14:24:40 --> [DEPRECATED] Passing lowercase HTTP method "get" is deprecated. Use uppercase HTTP method like "GET". in SYSTEMPATH\Router\RouteCollection.php on line 1026.
 1 SYSTEMPATH\Router\RouteCollection.php(1026): trigger_error('Passing lowercase HTTP method "get" is deprecated. Use uppercase HTTP method like "GET".', 16384)
 2 APPPATH\Config\Routes.php(144): CodeIgniter\Router\RouteCollection->match([...], 'upload-surat-penerimaan', '\\App\\Controllers\\Sekretariat\\C_UploadSuratPenerimaan::index')
 3 SYSTEMPATH\Router\RouteCollection.php(799): CodeIgniter\Router\RouteCollection::{closure:C:\Users\ASUS\Downloads\Projectmagang_dr\Projectmagang_dr\app\Config\Routes.php:89}(Object(CodeIgniter\Router\RouteCollection))
 4 APPPATH\Config\Routes.php(89): CodeIgniter\Router\RouteCollection->group('sekretariat', [...], Object(Closure))
 5 SYSTEMPATH\Router\RouteCollection.php(339): require('C:\\Users\\ASUS\\Downloads\\Projectmagang_dr\\Projectmagang_dr\\app\\Config\\Routes.php')
 6 SYSTEMPATH\CodeIgniter.php(841): CodeIgniter\Router\RouteCollection->loadRoutes()
 7 SYSTEMPATH\CodeIgniter.php(464): CodeIgniter\CodeIgniter->tryToRouteIt(null)
 8 SYSTEMPATH\CodeIgniter.php(363): CodeIgniter\CodeIgniter->handleRequest(null, Object(Config\Cache), false)
 9 SYSTEMPATH\Boot.php(417): CodeIgniter\CodeIgniter->run()
10 SYSTEMPATH\Boot.php(68): CodeIgniter\Boot::runCodeIgniter(Object(CodeIgniter\CodeIgniter))
11 FCPATH\index.php(59): CodeIgniter\Boot::bootWeb(Object(Config\Paths))
12 SYSTEMPATH\rewrite.php(44): require_once('C:\\Users\\ASUS\\Downloads\\Projectmagang_dr\\Projectmagang_dr\\public\\index.php')
WARNING - 2026-08-21 14:24:40 --> [DEPRECATED] Passing lowercase HTTP method "post" is deprecated. Use uppercase HTTP method like "POST". in SYSTEMPATH\Router\RouteCollection.php on line 1026.
 1 SYSTEMPATH\Router\RouteCollection.php(1026): trigger_error('Passing lowercase HTTP method "post" is deprecated. Use uppercase HTTP method like "POST".', 16384)
 2 APPPATH\Config\Routes.php(144): CodeIgniter\Router\RouteCollection->match([...], 'upload-surat-penerimaan', '\\App\\Controllers\\Sekretariat\\C_UploadSuratPenerimaan::index')
 3 SYSTEMPATH\Router\RouteCollection.php(799): CodeIgniter\Router\RouteCollection::{closure:C:\Users\ASUS\Downloads\Projectmagang_dr\Projectmagang_dr\app\Config\Routes.php:89}(Object(CodeIgniter\Router\RouteCollection))
 4 APPPATH\Config\Routes.php(89): CodeIgniter\Router\RouteCollection->group('sekretariat', [...], Object(Closure))
 5 SYSTEMPATH\Router\RouteCollection.php(339): require('C:\\Users\\ASUS\\Downloads\\Projectmagang_dr\\Projectmagang_dr\\app\\Config\\Routes.php')
 6 SYSTEMPATH\CodeIgniter.php(841): CodeIgniter\Router\RouteCollection->loadRoutes()
 7 SYSTEMPATH\CodeIgniter.php(464): CodeIgniter\CodeIgniter->tryToRouteIt(null)
 8 SYSTEMPATH\CodeIgniter.php(363): CodeIgniter\CodeIgniter->handleRequest(null, Object(Config\Cache), false)
 9 SYSTEMPATH\Boot.php(417): CodeIgniter\CodeIgniter->run()
10 SYSTEMPATH\Boot.php(68): CodeIgniter\Boot::runCodeIgniter(Object(CodeIgniter\CodeIgniter))
11 FCPATH\index.php(59): CodeIgniter\Boot::bootWeb(Object(Config\Paths))
12 SYSTEMPATH\rewrite.php(44): require_once('C:\\Users\\ASUS\\Downloads\\Projectmagang_dr\\Projectmagang_dr\\public\\index.php')
WARNING - 2026-08-21 14:24:40 --> [DEPRECATED] Passing lowercase HTTP method "get" is deprecated. Use uppercase HTTP method like "GET". in SYSTEMPATH\Router\RouteCollection.php on line 1026.
 1 SYSTEMPATH\Router\RouteCollection.php(1026): trigger_error('Passing lowercase HTTP method "get" is deprecated. Use uppercase HTTP method like "GET".', 16384)
 2 APPPATH\Config\Routes.php(167): CodeIgniter\Router\RouteCollection->match([...], 'logbook', '\\App\\Controllers\\Kabid\\C_LogbookKabid::index')
 3 SYSTEMPATH\Router\RouteCollection.php(799): CodeIgniter\Router\RouteCollection::{closure:C:\Users\ASUS\Downloads\Projectmagang_dr\Projectmagang_dr\app\Config\Routes.php:153}(Object(CodeIgniter\Router\RouteCollection))
 4 APPPATH\Config\Routes.php(153): CodeIgniter\Router\RouteCollection->group('kabid', [...], Object(Closure))
 5 SYSTEMPATH\Router\RouteCollection.php(339): require('C:\\Users\\ASUS\\Downloads\\Projectmagang_dr\\Projectmagang_dr\\app\\Config\\Routes.php')
 6 SYSTEMPATH\CodeIgniter.php(841): CodeIgniter\Router\RouteCollection->loadRoutes()
 7 SYSTEMPATH\CodeIgniter.php(464): CodeIgniter\CodeIgniter->tryToRouteIt(null)
 8 SYSTEMPATH\CodeIgniter.php(363): CodeIgniter\CodeIgniter->handleRequest(null, Object(Config\Cache), false)
 9 SYSTEMPATH\Boot.php(417): CodeIgniter\CodeIgniter->run()
10 SYSTEMPATH\Boot.php(68): CodeIgniter\Boot::runCodeIgniter(Object(CodeIgniter\CodeIgniter))
11 FCPATH\index.php(59): CodeIgniter\Boot::bootWeb(Object(Config\Paths))
12 SYSTEMPATH\rewrite.php(44): require_once('C:\\Users\\ASUS\\Downloads\\Projectmagang_dr\\Projectmagang_dr\\public\\index.php')
WARNING - 2026-08-21 14:24:40 --> [DEPRECATED] Passing lowercase HTTP method "post" is deprecated. Use uppercase HTTP method like "POST". in SYSTEMPATH\Router\RouteCollection.php on line 1026.
 1 SYSTEMPATH\Router\RouteCollection.php(1026): trigger_error('Passing lowercase HTTP method "post" is deprecated. Use uppercase HTTP method like "POST".', 16384)
 2 APPPATH\Config\Routes.php(167): CodeIgniter\Router\RouteCollection->match([...], 'logbook', '\\App\\Controllers\\Kabid\\C_LogbookKabid::index')
 3 SYSTEMPATH\Router\RouteCollection.php(799): CodeIgniter\Router\RouteCollection::{closure:C:\Users\ASUS\Downloads\Projectmagang_dr\Projectmagang_dr\app\Config\Routes.php:153}(Object(CodeIgniter\Router\RouteCollection))
 4 APPPATH\Config\Routes.php(153): CodeIgniter\Router\RouteCollection->group('kabid', [...], Object(Closure))
 5 SYSTEMPATH\Router\RouteCollection.php(339): require('C:\\Users\\ASUS\\Downloads\\Projectmagang_dr\\Projectmagang_dr\\app\\Config\\Routes.php')
 6 SYSTEMPATH\CodeIgniter.php(841): CodeIgniter\Router\RouteCollection->loadRoutes()
 7 SYSTEMPATH\CodeIgniter.php(464): CodeIgniter\CodeIgniter->tryToRouteIt(null)
 8 SYSTEMPATH\CodeIgniter.php(363): CodeIgniter\CodeIgniter->handleRequest(null, Object(Config\Cache), false)
 9 SYSTEMPATH\Boot.php(417): CodeIgniter\CodeIgniter->run()
10 SYSTEMPATH\Boot.php(68): CodeIgniter\Boot::runCodeIgniter(Object(CodeIgniter\CodeIgniter))
11 FCPATH\index.php(59): CodeIgniter\Boot::bootWeb(Object(Config\Paths))
12 SYSTEMPATH\rewrite.php(44): require_once('C:\\Users\\ASUS\\Downloads\\Projectmagang_dr\\Projectmagang_dr\\public\\index.php')
WARNING - 2026-08-21 14:24:40 --> [DEPRECATED] Passing lowercase HTTP method "get" is deprecated. Use uppercase HTTP method like "GET". in SYSTEMPATH\Router\RouteCollection.php on line 1026.
 1 SYSTEMPATH\Router\RouteCollection.php(1026): trigger_error('Passing lowercase HTTP method "get" is deprecated. Use uppercase HTTP method like "GET".', 16384)
 2 APPPATH\Config\Routes.php(179): CodeIgniter\Router\RouteCollection->match([...], 'upload-dokumen', '\\App\\Controllers\\Kabid\\C_UploadDokumen::index')
 3 SYSTEMPATH\Router\RouteCollection.php(799): CodeIgniter\Router\RouteCollection::{closure:C:\Users\ASUS\Downloads\Projectmagang_dr\Projectmagang_dr\app\Config\Routes.php:153}(Object(CodeIgniter\Router\RouteCollection))
 4 APPPATH\Config\Routes.php(153): CodeIgniter\Router\RouteCollection->group('kabid', [...], Object(Closure))
 5 SYSTEMPATH\Router\RouteCollection.php(339): require('C:\\Users\\ASUS\\Downloads\\Projectmagang_dr\\Projectmagang_dr\\app\\Config\\Routes.php')
 6 SYSTEMPATH\CodeIgniter.php(841): CodeIgniter\Router\RouteCollection->loadRoutes()
 7 SYSTEMPATH\CodeIgniter.php(464): CodeIgniter\CodeIgniter->tryToRouteIt(null)
 8 SYSTEMPATH\CodeIgniter.php(363): CodeIgniter\CodeIgniter->handleRequest(null, Object(Config\Cache), false)
 9 SYSTEMPATH\Boot.php(417): CodeIgniter\CodeIgniter->run()
10 SYSTEMPATH\Boot.php(68): CodeIgniter\Boot::runCodeIgniter(Object(CodeIgniter\CodeIgniter))
11 FCPATH\index.php(59): CodeIgniter\Boot::bootWeb(Object(Config\Paths))
12 SYSTEMPATH\rewrite.php(44): require_once('C:\\Users\\ASUS\\Downloads\\Projectmagang_dr\\Projectmagang_dr\\public\\index.php')
WARNING - 2026-08-21 14:24:40 --> [DEPRECATED] Passing lowercase HTTP method "post" is deprecated. Use uppercase HTTP method like "POST". in SYSTEMPATH\Router\RouteCollection.php on line 1026.
 1 SYSTEMPATH\Router\RouteCollection.php(1026): trigger_error('Passing lowercase HTTP method "post" is deprecated. Use uppercase HTTP method like "POST".', 16384)
 2 APPPATH\Config\Routes.php(179): CodeIgniter\Router\RouteCollection->match([...], 'upload-dokumen', '\\App\\Controllers\\Kabid\\C_UploadDokumen::index')
 3 SYSTEMPATH\Router\RouteCollection.php(799): CodeIgniter\Router\RouteCollection::{closure:C:\Users\ASUS\Downloads\Projectmagang_dr\Projectmagang_dr\app\Config\Routes.php:153}(Object(CodeIgniter\Router\RouteCollection))
 4 APPPATH\Config\Routes.php(153): CodeIgniter\Router\RouteCollection->group('kabid', [...], Object(Closure))
 5 SYSTEMPATH\Router\RouteCollection.php(339): require('C:\\Users\\ASUS\\Downloads\\Projectmagang_dr\\Projectmagang_dr\\app\\Config\\Routes.php')
 6 SYSTEMPATH\CodeIgniter.php(841): CodeIgniter\Router\RouteCollection->loadRoutes()
 7 SYSTEMPATH\CodeIgniter.php(464): CodeIgniter\CodeIgniter->tryToRouteIt(null)
 8 SYSTEMPATH\CodeIgniter.php(363): CodeIgniter\CodeIgniter->handleRequest(null, Object(Config\Cache), false)
 9 SYSTEMPATH\Boot.php(417): CodeIgniter\CodeIgniter->run()
10 SYSTEMPATH\Boot.php(68): CodeIgniter\Boot::runCodeIgniter(Object(CodeIgniter\CodeIgniter))
11 FCPATH\index.php(59): CodeIgniter\Boot::bootWeb(Object(Config\Paths))
12 SYSTEMPATH\rewrite.php(44): require_once('C:\\Users\\ASUS\\Downloads\\Projectmagang_dr\\Projectmagang_dr\\public\\index.php')
DEBUG - 2026-08-21 14:24:40 --> Session: Class initialized using 'CodeIgniter\Session\Handlers\FileHandler' driver.
WARNING - 2026-08-21 14:24:48 --> [DEPRECATED] Passing lowercase HTTP method "get" is deprecated. Use uppercase HTTP method like "GET". in SYSTEMPATH\Router\RouteCollection.php on line 1026.
 1 SYSTEMPATH\Router\RouteCollection.php(1026): trigger_error('Passing lowercase HTTP method "get" is deprecated. Use uppercase HTTP method like "GET".', 16384)
 2 APPPATH\Config\Routes.php(77): CodeIgniter\Router\RouteCollection->match([...], 'logbook', 'C_Logbook::logbook')
 3 SYSTEMPATH\Router\RouteCollection.php(799): CodeIgniter\Router\RouteCollection::{closure:C:\Users\ASUS\Downloads\Projectmagang_dr\Projectmagang_dr\app\Config\Routes.php:59}(Object(CodeIgniter\Router\RouteCollection))
 4 APPPATH\Config\Routes.php(59): CodeIgniter\Router\RouteCollection->group('mahasiswa', [...], Object(Closure))
 5 SYSTEMPATH\Router\RouteCollection.php(339): require('C:\\Users\\ASUS\\Downloads\\Projectmagang_dr\\Projectmagang_dr\\app\\Config\\Routes.php')
 6 SYSTEMPATH\CodeIgniter.php(841): CodeIgniter\Router\RouteCollection->loadRoutes()
 7 SYSTEMPATH\CodeIgniter.php(464): CodeIgniter\CodeIgniter->tryToRouteIt(null)
 8 SYSTEMPATH\CodeIgniter.php(363): CodeIgniter\CodeIgniter->handleRequest(null, Object(Config\Cache), false)
 9 SYSTEMPATH\Boot.php(417): CodeIgniter\CodeIgniter->run()
10 SYSTEMPATH\Boot.php(68): CodeIgniter\Boot::runCodeIgniter(Object(CodeIgniter\CodeIgniter))
11 FCPATH\index.php(59): CodeIgniter\Boot::bootWeb(Object(Config\Paths))
12 SYSTEMPATH\rewrite.php(44): require_once('C:\\Users\\ASUS\\Downloads\\Projectmagang_dr\\Projectmagang_dr\\public\\index.php')
WARNING - 2026-08-21 14:24:48 --> [DEPRECATED] Passing lowercase HTTP method "post" is deprecated. Use uppercase HTTP method like "POST". in SYSTEMPATH\Router\RouteCollection.php on line 1026.
 1 SYSTEMPATH\Router\RouteCollection.php(1026): trigger_error('Passing lowercase HTTP method "post" is deprecated. Use uppercase HTTP method like "POST".', 16384)
 2 APPPATH\Config\Routes.php(77): CodeIgniter\Router\RouteCollection->match([...], 'logbook', 'C_Logbook::logbook')
 3 SYSTEMPATH\Router\RouteCollection.php(799): CodeIgniter\Router\RouteCollection::{closure:C:\Users\ASUS\Downloads\Projectmagang_dr\Projectmagang_dr\app\Config\Routes.php:59}(Object(CodeIgniter\Router\RouteCollection))
 4 APPPATH\Config\Routes.php(59): CodeIgniter\Router\RouteCollection->group('mahasiswa', [...], Object(Closure))
 5 SYSTEMPATH\Router\RouteCollection.php(339): require('C:\\Users\\ASUS\\Downloads\\Projectmagang_dr\\Projectmagang_dr\\app\\Config\\Routes.php')
 6 SYSTEMPATH\CodeIgniter.php(841): CodeIgniter\Router\RouteCollection->loadRoutes()
 7 SYSTEMPATH\CodeIgniter.php(464): CodeIgniter\CodeIgniter->tryToRouteIt(null)
 8 SYSTEMPATH\CodeIgniter.php(363): CodeIgniter\CodeIgniter->handleRequest(null, Object(Config\Cache), false)
 9 SYSTEMPATH\Boot.php(417): CodeIgniter\CodeIgniter->run()
10 SYSTEMPATH\Boot.php(68): CodeIgniter\Boot::runCodeIgniter(Object(CodeIgniter\CodeIgniter))
11 FCPATH\index.php(59): CodeIgniter\Boot::bootWeb(Object(Config\Paths))
12 SYSTEMPATH\rewrite.php(44): require_once('C:\\Users\\ASUS\\Downloads\\Projectmagang_dr\\Projectmagang_dr\\public\\index.php')
WARNING - 2026-08-21 14:24:48 --> [DEPRECATED] Passing lowercase HTTP method "get" is deprecated. Use uppercase HTTP method like "GET". in SYSTEMPATH\Router\RouteCollection.php on line 1026.
 1 SYSTEMPATH\Router\RouteCollection.php(1026): trigger_error('Passing lowercase HTTP method "get" is deprecated. Use uppercase HTTP method like "GET".', 16384)
 2 APPPATH\Config\Routes.php(95): CodeIgniter\Router\RouteCollection->match([...], 'verifikasi', '\\App\\Controllers\\Sekretariat\\C_Verifikasi::index')
 3 SYSTEMPATH\Router\RouteCollection.php(799): CodeIgniter\Router\RouteCollection::{closure:C:\Users\ASUS\Downloads\Projectmagang_dr\Projectmagang_dr\app\Config\Routes.php:89}(Object(CodeIgniter\Router\RouteCollection))
 4 APPPATH\Config\Routes.php(89): CodeIgniter\Router\RouteCollection->group('sekretariat', [...], Object(Closure))
 5 SYSTEMPATH\Router\RouteCollection.php(339): require('C:\\Users\\ASUS\\Downloads\\Projectmagang_dr\\Projectmagang_dr\\app\\Config\\Routes.php')
 6 SYSTEMPATH\CodeIgniter.php(841): CodeIgniter\Router\RouteCollection->loadRoutes()
 7 SYSTEMPATH\CodeIgniter.php(464): CodeIgniter\CodeIgniter->tryToRouteIt(null)
 8 SYSTEMPATH\CodeIgniter.php(363): CodeIgniter\CodeIgniter->handleRequest(null, Object(Config\Cache), false)
 9 SYSTEMPATH\Boot.php(417): CodeIgniter\CodeIgniter->run()
10 SYSTEMPATH\Boot.php(68): CodeIgniter\Boot::runCodeIgniter(Object(CodeIgniter\CodeIgniter))
11 FCPATH\index.php(59): CodeIgniter\Boot::bootWeb(Object(Config\Paths))
12 SYSTEMPATH\rewrite.php(44): require_once('C:\\Users\\ASUS\\Downloads\\Projectmagang_dr\\Projectmagang_dr\\public\\index.php')
WARNING - 2026-08-21 14:24:48 --> [DEPRECATED] Passing lowercase HTTP method "post" is deprecated. Use uppercase HTTP method like "POST". in SYSTEMPATH\Router\RouteCollection.php on line 1026.
 1 SYSTEMPATH\Router\RouteCollection.php(1026): trigger_error('Passing lowercase HTTP method "post" is deprecated. Use uppercase HTTP method like "POST".', 16384)
 2 APPPATH\Config\Routes.php(95): CodeIgniter\Router\RouteCollection->match([...], 'verifikasi', '\\App\\Controllers\\Sekretariat\\C_Verifikasi::index')
 3 SYSTEMPATH\Router\RouteCollection.php(799): CodeIgniter\Router\RouteCollection::{closure:C:\Users\ASUS\Downloads\Projectmagang_dr\Projectmagang_dr\app\Config\Routes.php:89}(Object(CodeIgniter\Router\RouteCollection))
 4 APPPATH\Config\Routes.php(89): CodeIgniter\Router\RouteCollection->group('sekretariat', [...], Object(Closure))
 5 SYSTEMPATH\Router\RouteCollection.php(339): require('C:\\Users\\ASUS\\Downloads\\Projectmagang_dr\\Projectmagang_dr\\app\\Config\\Routes.php')
 6 SYSTEMPATH\CodeIgniter.php(841): CodeIgniter\Router\RouteCollection->loadRoutes()
 7 SYSTEMPATH\CodeIgniter.php(464): CodeIgniter\CodeIgniter->tryToRouteIt(null)
 8 SYSTEMPATH\CodeIgniter.php(363): CodeIgniter\CodeIgniter->handleRequest(null, Object(Config\Cache), false)
 9 SYSTEMPATH\Boot.php(417): CodeIgniter\CodeIgniter->run()
10 SYSTEMPATH\Boot.php(68): CodeIgniter\Boot::runCodeIgniter(Object(CodeIgniter\CodeIgniter))
11 FCPATH\index.php(59): CodeIgniter\Boot::bootWeb(Object(Config\Paths))
12 SYSTEMPATH\rewrite.php(44): require_once('C:\\Users\\ASUS\\Downloads\\Projectmagang_dr\\Projectmagang_dr\\public\\index.php')
WARNING - 2026-08-21 14:24:48 --> [DEPRECATED] Passing lowercase HTTP method "get" is deprecated. Use uppercase HTTP method like "GET". in SYSTEMPATH\Router\RouteCollection.php on line 1026.
 1 SYSTEMPATH\Router\RouteCollection.php(1026): trigger_error('Passing lowercase HTTP method "get" is deprecated. Use uppercase HTTP method like "GET".', 16384)
 2 APPPATH\Config\Routes.php(144): CodeIgniter\Router\RouteCollection->match([...], 'upload-surat-penerimaan', '\\App\\Controllers\\Sekretariat\\C_UploadSuratPenerimaan::index')
 3 SYSTEMPATH\Router\RouteCollection.php(799): CodeIgniter\Router\RouteCollection::{closure:C:\Users\ASUS\Downloads\Projectmagang_dr\Projectmagang_dr\app\Config\Routes.php:89}(Object(CodeIgniter\Router\RouteCollection))
 4 APPPATH\Config\Routes.php(89): CodeIgniter\Router\RouteCollection->group('sekretariat', [...], Object(Closure))
 5 SYSTEMPATH\Router\RouteCollection.php(339): require('C:\\Users\\ASUS\\Downloads\\Projectmagang_dr\\Projectmagang_dr\\app\\Config\\Routes.php')
 6 SYSTEMPATH\CodeIgniter.php(841): CodeIgniter\Router\RouteCollection->loadRoutes()
 7 SYSTEMPATH\CodeIgniter.php(464): CodeIgniter\CodeIgniter->tryToRouteIt(null)
 8 SYSTEMPATH\CodeIgniter.php(363): CodeIgniter\CodeIgniter->handleRequest(null, Object(Config\Cache), false)
 9 SYSTEMPATH\Boot.php(417): CodeIgniter\CodeIgniter->run()
10 SYSTEMPATH\Boot.php(68): CodeIgniter\Boot::runCodeIgniter(Object(CodeIgniter\CodeIgniter))
11 FCPATH\index.php(59): CodeIgniter\Boot::bootWeb(Object(Config\Paths))
12 SYSTEMPATH\rewrite.php(44): require_once('C:\\Users\\ASUS\\Downloads\\Projectmagang_dr\\Projectmagang_dr\\public\\index.php')
WARNING - 2026-08-21 14:24:48 --> [DEPRECATED] Passing lowercase HTTP method "post" is deprecated. Use uppercase HTTP method like "POST". in SYSTEMPATH\Router\RouteCollection.php on line 1026.
 1 SYSTEMPATH\Router\RouteCollection.php(1026): trigger_error('Passing lowercase HTTP method "post" is deprecated. Use uppercase HTTP method like "POST".', 16384)
 2 APPPATH\Config\Routes.php(144): CodeIgniter\Router\RouteCollection->match([...], 'upload-surat-penerimaan', '\\App\\Controllers\\Sekretariat\\C_UploadSuratPenerimaan::index')
 3 SYSTEMPATH\Router\RouteCollection.php(799): CodeIgniter\Router\RouteCollection::{closure:C:\Users\ASUS\Downloads\Projectmagang_dr\Projectmagang_dr\app\Config\Routes.php:89}(Object(CodeIgniter\Router\RouteCollection))
 4 APPPATH\Config\Routes.php(89): CodeIgniter\Router\RouteCollection->group('sekretariat', [...], Object(Closure))
 5 SYSTEMPATH\Router\RouteCollection.php(339): require('C:\\Users\\ASUS\\Downloads\\Projectmagang_dr\\Projectmagang_dr\\app\\Config\\Routes.php')
 6 SYSTEMPATH\CodeIgniter.php(841): CodeIgniter\Router\RouteCollection->loadRoutes()
 7 SYSTEMPATH\CodeIgniter.php(464): CodeIgniter\CodeIgniter->tryToRouteIt(null)
 8 SYSTEMPATH\CodeIgniter.php(363): CodeIgniter\CodeIgniter->handleRequest(null, Object(Config\Cache), false)
 9 SYSTEMPATH\Boot.php(417): CodeIgniter\CodeIgniter->run()
10 SYSTEMPATH\Boot.php(68): CodeIgniter\Boot::runCodeIgniter(Object(CodeIgniter\CodeIgniter))
11 FCPATH\index.php(59): CodeIgniter\Boot::bootWeb(Object(Config\Paths))
12 SYSTEMPATH\rewrite.php(44): require_once('C:\\Users\\ASUS\\Downloads\\Projectmagang_dr\\Projectmagang_dr\\public\\index.php')
WARNING - 2026-08-21 14:24:48 --> [DEPRECATED] Passing lowercase HTTP method "get" is deprecated. Use uppercase HTTP method like "GET". in SYSTEMPATH\Router\RouteCollection.php on line 1026.
 1 SYSTEMPATH\Router\RouteCollection.php(1026): trigger_error('Passing lowercase HTTP method "get" is deprecated. Use uppercase HTTP method like "GET".', 16384)
 2 APPPATH\Config\Routes.php(167): CodeIgniter\Router\RouteCollection->match([...], 'logbook', '\\App\\Controllers\\Kabid\\C_LogbookKabid::index')
 3 SYSTEMPATH\Router\RouteCollection.php(799): CodeIgniter\Router\RouteCollection::{closure:C:\Users\ASUS\Downloads\Projectmagang_dr\Projectmagang_dr\app\Config\Routes.php:153}(Object(CodeIgniter\Router\RouteCollection))
 4 APPPATH\Config\Routes.php(153): CodeIgniter\Router\RouteCollection->group('kabid', [...], Object(Closure))
 5 SYSTEMPATH\Router\RouteCollection.php(339): require('C:\\Users\\ASUS\\Downloads\\Projectmagang_dr\\Projectmagang_dr\\app\\Config\\Routes.php')
 6 SYSTEMPATH\CodeIgniter.php(841): CodeIgniter\Router\RouteCollection->loadRoutes()
 7 SYSTEMPATH\CodeIgniter.php(464): CodeIgniter\CodeIgniter->tryToRouteIt(null)
 8 SYSTEMPATH\CodeIgniter.php(363): CodeIgniter\CodeIgniter->handleRequest(null, Object(Config\Cache), false)
 9 SYSTEMPATH\Boot.php(417): CodeIgniter\CodeIgniter->run()
10 SYSTEMPATH\Boot.php(68): CodeIgniter\Boot::runCodeIgniter(Object(CodeIgniter\CodeIgniter))
11 FCPATH\index.php(59): CodeIgniter\Boot::bootWeb(Object(Config\Paths))
12 SYSTEMPATH\rewrite.php(44): require_once('C:\\Users\\ASUS\\Downloads\\Projectmagang_dr\\Projectmagang_dr\\public\\index.php')
WARNING - 2026-08-21 14:24:48 --> [DEPRECATED] Passing lowercase HTTP method "post" is deprecated. Use uppercase HTTP method like "POST". in SYSTEMPATH\Router\RouteCollection.php on line 1026.
 1 SYSTEMPATH\Router\RouteCollection.php(1026): trigger_error('Passing lowercase HTTP method "post" is deprecated. Use uppercase HTTP method like "POST".', 16384)
 2 APPPATH\Config\Routes.php(167): CodeIgniter\Router\RouteCollection->match([...], 'logbook', '\\App\\Controllers\\Kabid\\C_LogbookKabid::index')
 3 SYSTEMPATH\Router\RouteCollection.php(799): CodeIgniter\Router\RouteCollection::{closure:C:\Users\ASUS\Downloads\Projectmagang_dr\Projectmagang_dr\app\Config\Routes.php:153}(Object(CodeIgniter\Router\RouteCollection))
 4 APPPATH\Config\Routes.php(153): CodeIgniter\Router\RouteCollection->group('kabid', [...], Object(Closure))
 5 SYSTEMPATH\Router\RouteCollection.php(339): require('C:\\Users\\ASUS\\Downloads\\Projectmagang_dr\\Projectmagang_dr\\app\\Config\\Routes.php')
 6 SYSTEMPATH\CodeIgniter.php(841): CodeIgniter\Router\RouteCollection->loadRoutes()
 7 SYSTEMPATH\CodeIgniter.php(464): CodeIgniter\CodeIgniter->tryToRouteIt(null)
 8 SYSTEMPATH\CodeIgniter.php(363): CodeIgniter\CodeIgniter->handleRequest(null, Object(Config\Cache), false)
 9 SYSTEMPATH\Boot.php(417): CodeIgniter\CodeIgniter->run()
10 SYSTEMPATH\Boot.php(68): CodeIgniter\Boot::runCodeIgniter(Object(CodeIgniter\CodeIgniter))
11 FCPATH\index.php(59): CodeIgniter\Boot::bootWeb(Object(Config\Paths))
12 SYSTEMPATH\rewrite.php(44): require_once('C:\\Users\\ASUS\\Downloads\\Projectmagang_dr\\Projectmagang_dr\\public\\index.php')
WARNING - 2026-08-21 14:24:48 --> [DEPRECATED] Passing lowercase HTTP method "get" is deprecated. Use uppercase HTTP method like "GET". in SYSTEMPATH\Router\RouteCollection.php on line 1026.
 1 SYSTEMPATH\Router\RouteCollection.php(1026): trigger_error('Passing lowercase HTTP method "get" is deprecated. Use uppercase HTTP method like "GET".', 16384)
 2 APPPATH\Config\Routes.php(179): CodeIgniter\Router\RouteCollection->match([...], 'upload-dokumen', '\\App\\Controllers\\Kabid\\C_UploadDokumen::index')
 3 SYSTEMPATH\Router\RouteCollection.php(799): CodeIgniter\Router\RouteCollection::{closure:C:\Users\ASUS\Downloads\Projectmagang_dr\Projectmagang_dr\app\Config\Routes.php:153}(Object(CodeIgniter\Router\RouteCollection))
 4 APPPATH\Config\Routes.php(153): CodeIgniter\Router\RouteCollection->group('kabid', [...], Object(Closure))
 5 SYSTEMPATH\Router\RouteCollection.php(339): require('C:\\Users\\ASUS\\Downloads\\Projectmagang_dr\\Projectmagang_dr\\app\\Config\\Routes.php')
 6 SYSTEMPATH\CodeIgniter.php(841): CodeIgniter\Router\RouteCollection->loadRoutes()
 7 SYSTEMPATH\CodeIgniter.php(464): CodeIgniter\CodeIgniter->tryToRouteIt(null)
 8 SYSTEMPATH\CodeIgniter.php(363): CodeIgniter\CodeIgniter->handleRequest(null, Object(Config\Cache), false)
 9 SYSTEMPATH\Boot.php(417): CodeIgniter\CodeIgniter->run()
10 SYSTEMPATH\Boot.php(68): CodeIgniter\Boot::runCodeIgniter(Object(CodeIgniter\CodeIgniter))
11 FCPATH\index.php(59): CodeIgniter\Boot::bootWeb(Object(Config\Paths))
12 SYSTEMPATH\rewrite.php(44): require_once('C:\\Users\\ASUS\\Downloads\\Projectmagang_dr\\Projectmagang_dr\\public\\index.php')
WARNING - 2026-08-21 14:24:48 --> [DEPRECATED] Passing lowercase HTTP method "post" is deprecated. Use uppercase HTTP method like "POST". in SYSTEMPATH\Router\RouteCollection.php on line 1026.
 1 SYSTEMPATH\Router\RouteCollection.php(1026): trigger_error('Passing lowercase HTTP method "post" is deprecated. Use uppercase HTTP method like "POST".', 16384)
 2 APPPATH\Config\Routes.php(179): CodeIgniter\Router\RouteCollection->match([...], 'upload-dokumen', '\\App\\Controllers\\Kabid\\C_UploadDokumen::index')
 3 SYSTEMPATH\Router\RouteCollection.php(799): CodeIgniter\Router\RouteCollection::{closure:C:\Users\ASUS\Downloads\Projectmagang_dr\Projectmagang_dr\app\Config\Routes.php:153}(Object(CodeIgniter\Router\RouteCollection))
 4 APPPATH\Config\Routes.php(153): CodeIgniter\Router\RouteCollection->group('kabid', [...], Object(Closure))
 5 SYSTEMPATH\Router\RouteCollection.php(339): require('C:\\Users\\ASUS\\Downloads\\Projectmagang_dr\\Projectmagang_dr\\app\\Config\\Routes.php')
 6 SYSTEMPATH\CodeIgniter.php(841): CodeIgniter\Router\RouteCollection->loadRoutes()
 7 SYSTEMPATH\CodeIgniter.php(464): CodeIgniter\CodeIgniter->tryToRouteIt(null)
 8 SYSTEMPATH\CodeIgniter.php(363): CodeIgniter\CodeIgniter->handleRequest(null, Object(Config\Cache), false)
 9 SYSTEMPATH\Boot.php(417): CodeIgniter\CodeIgniter->run()
10 SYSTEMPATH\Boot.php(68): CodeIgniter\Boot::runCodeIgniter(Object(CodeIgniter\CodeIgniter))
11 FCPATH\index.php(59): CodeIgniter\Boot::bootWeb(Object(Config\Paths))
12 SYSTEMPATH\rewrite.php(44): require_once('C:\\Users\\ASUS\\Downloads\\Projectmagang_dr\\Projectmagang_dr\\public\\index.php')
DEBUG - 2026-08-21 14:24:48 --> Session: Class initialized using 'CodeIgniter\Session\Handlers\FileHandler' driver.
WARNING - 2026-08-21 14:24:48 --> [DEPRECATED] Passing lowercase HTTP method "get" is deprecated. Use uppercase HTTP method like "GET". in SYSTEMPATH\Router\RouteCollection.php on line 1026.
 1 SYSTEMPATH\Router\RouteCollection.php(1026): trigger_error('Passing lowercase HTTP method "get" is deprecated. Use uppercase HTTP method like "GET".', 16384)
 2 APPPATH\Config\Routes.php(77): CodeIgniter\Router\RouteCollection->match([...], 'logbook', 'C_Logbook::logbook')
 3 SYSTEMPATH\Router\RouteCollection.php(799): CodeIgniter\Router\RouteCollection::{closure:C:\Users\ASUS\Downloads\Projectmagang_dr\Projectmagang_dr\app\Config\Routes.php:59}(Object(CodeIgniter\Router\RouteCollection))
 4 APPPATH\Config\Routes.php(59): CodeIgniter\Router\RouteCollection->group('mahasiswa', [...], Object(Closure))
 5 SYSTEMPATH\Router\RouteCollection.php(339): require('C:\\Users\\ASUS\\Downloads\\Projectmagang_dr\\Projectmagang_dr\\app\\Config\\Routes.php')
 6 SYSTEMPATH\CodeIgniter.php(841): CodeIgniter\Router\RouteCollection->loadRoutes()
 7 SYSTEMPATH\CodeIgniter.php(464): CodeIgniter\CodeIgniter->tryToRouteIt(null)
 8 SYSTEMPATH\CodeIgniter.php(363): CodeIgniter\CodeIgniter->handleRequest(null, Object(Config\Cache), false)
 9 SYSTEMPATH\Boot.php(417): CodeIgniter\CodeIgniter->run()
10 SYSTEMPATH\Boot.php(68): CodeIgniter\Boot::runCodeIgniter(Object(CodeIgniter\CodeIgniter))
11 FCPATH\index.php(59): CodeIgniter\Boot::bootWeb(Object(Config\Paths))
12 SYSTEMPATH\rewrite.php(44): require_once('C:\\Users\\ASUS\\Downloads\\Projectmagang_dr\\Projectmagang_dr\\public\\index.php')
WARNING - 2026-08-21 14:24:48 --> [DEPRECATED] Passing lowercase HTTP method "post" is deprecated. Use uppercase HTTP method like "POST". in SYSTEMPATH\Router\RouteCollection.php on line 1026.
 1 SYSTEMPATH\Router\RouteCollection.php(1026): trigger_error('Passing lowercase HTTP method "post" is deprecated. Use uppercase HTTP method like "POST".', 16384)
 2 APPPATH\Config\Routes.php(77): CodeIgniter\Router\RouteCollection->match([...], 'logbook', 'C_Logbook::logbook')
 3 SYSTEMPATH\Router\RouteCollection.php(799): CodeIgniter\Router\RouteCollection::{closure:C:\Users\ASUS\Downloads\Projectmagang_dr\Projectmagang_dr\app\Config\Routes.php:59}(Object(CodeIgniter\Router\RouteCollection))
 4 APPPATH\Config\Routes.php(59): CodeIgniter\Router\RouteCollection->group('mahasiswa', [...], Object(Closure))
 5 SYSTEMPATH\Router\RouteCollection.php(339): require('C:\\Users\\ASUS\\Downloads\\Projectmagang_dr\\Projectmagang_dr\\app\\Config\\Routes.php')
 6 SYSTEMPATH\CodeIgniter.php(841): CodeIgniter\Router\RouteCollection->loadRoutes()
 7 SYSTEMPATH\CodeIgniter.php(464): CodeIgniter\CodeIgniter->tryToRouteIt(null)
 8 SYSTEMPATH\CodeIgniter.php(363): CodeIgniter\CodeIgniter->handleRequest(null, Object(Config\Cache), false)
 9 SYSTEMPATH\Boot.php(417): CodeIgniter\CodeIgniter->run()
10 SYSTEMPATH\Boot.php(68): CodeIgniter\Boot::runCodeIgniter(Object(CodeIgniter\CodeIgniter))
11 FCPATH\index.php(59): CodeIgniter\Boot::bootWeb(Object(Config\Paths))
12 SYSTEMPATH\rewrite.php(44): require_once('C:\\Users\\ASUS\\Downloads\\Projectmagang_dr\\Projectmagang_dr\\public\\index.php')
WARNING - 2026-08-21 14:24:48 --> [DEPRECATED] Passing lowercase HTTP method "get" is deprecated. Use uppercase HTTP method like "GET". in SYSTEMPATH\Router\RouteCollection.php on line 1026.
 1 SYSTEMPATH\Router\RouteCollection.php(1026): trigger_error('Passing lowercase HTTP method "get" is deprecated. Use uppercase HTTP method like "GET".', 16384)
 2 APPPATH\Config\Routes.php(95): CodeIgniter\Router\RouteCollection->match([...], 'verifikasi', '\\App\\Controllers\\Sekretariat\\C_Verifikasi::index')
 3 SYSTEMPATH\Router\RouteCollection.php(799): CodeIgniter\Router\RouteCollection::{closure:C:\Users\ASUS\Downloads\Projectmagang_dr\Projectmagang_dr\app\Config\Routes.php:89}(Object(CodeIgniter\Router\RouteCollection))
 4 APPPATH\Config\Routes.php(89): CodeIgniter\Router\RouteCollection->group('sekretariat', [...], Object(Closure))
 5 SYSTEMPATH\Router\RouteCollection.php(339): require('C:\\Users\\ASUS\\Downloads\\Projectmagang_dr\\Projectmagang_dr\\app\\Config\\Routes.php')
 6 SYSTEMPATH\CodeIgniter.php(841): CodeIgniter\Router\RouteCollection->loadRoutes()
 7 SYSTEMPATH\CodeIgniter.php(464): CodeIgniter\CodeIgniter->tryToRouteIt(null)
 8 SYSTEMPATH\CodeIgniter.php(363): CodeIgniter\CodeIgniter->handleRequest(null, Object(Config\Cache), false)
 9 SYSTEMPATH\Boot.php(417): CodeIgniter\CodeIgniter->run()
10 SYSTEMPATH\Boot.php(68): CodeIgniter\Boot::runCodeIgniter(Object(CodeIgniter\CodeIgniter))
11 FCPATH\index.php(59): CodeIgniter\Boot::bootWeb(Object(Config\Paths))
12 SYSTEMPATH\rewrite.php(44): require_once('C:\\Users\\ASUS\\Downloads\\Projectmagang_dr\\Projectmagang_dr\\public\\index.php')
WARNING - 2026-08-21 14:24:48 --> [DEPRECATED] Passing lowercase HTTP method "post" is deprecated. Use uppercase HTTP method like "POST". in SYSTEMPATH\Router\RouteCollection.php on line 1026.
 1 SYSTEMPATH\Router\RouteCollection.php(1026): trigger_error('Passing lowercase HTTP method "post" is deprecated. Use uppercase HTTP method like "POST".', 16384)
 2 APPPATH\Config\Routes.php(95): CodeIgniter\Router\RouteCollection->match([...], 'verifikasi', '\\App\\Controllers\\Sekretariat\\C_Verifikasi::index')
 3 SYSTEMPATH\Router\RouteCollection.php(799): CodeIgniter\Router\RouteCollection::{closure:C:\Users\ASUS\Downloads\Projectmagang_dr\Projectmagang_dr\app\Config\Routes.php:89}(Object(CodeIgniter\Router\RouteCollection))
 4 APPPATH\Config\Routes.php(89): CodeIgniter\Router\RouteCollection->group('sekretariat', [...], Object(Closure))
 5 SYSTEMPATH\Router\RouteCollection.php(339): require('C:\\Users\\ASUS\\Downloads\\Projectmagang_dr\\Projectmagang_dr\\app\\Config\\Routes.php')
 6 SYSTEMPATH\CodeIgniter.php(841): CodeIgniter\Router\RouteCollection->loadRoutes()
 7 SYSTEMPATH\CodeIgniter.php(464): CodeIgniter\CodeIgniter->tryToRouteIt(null)
 8 SYSTEMPATH\CodeIgniter.php(363): CodeIgniter\CodeIgniter->handleRequest(null, Object(Config\Cache), false)
 9 SYSTEMPATH\Boot.php(417): CodeIgniter\CodeIgniter->run()
10 SYSTEMPATH\Boot.php(68): CodeIgniter\Boot::runCodeIgniter(Object(CodeIgniter\CodeIgniter))
11 FCPATH\index.php(59): CodeIgniter\Boot::bootWeb(Object(Config\Paths))
12 SYSTEMPATH\rewrite.php(44): require_once('C:\\Users\\ASUS\\Downloads\\Projectmagang_dr\\Projectmagang_dr\\public\\index.php')
WARNING - 2026-08-21 14:24:48 --> [DEPRECATED] Passing lowercase HTTP method "get" is deprecated. Use uppercase HTTP method like "GET". in SYSTEMPATH\Router\RouteCollection.php on line 1026.
 1 SYSTEMPATH\Router\RouteCollection.php(1026): trigger_error('Passing lowercase HTTP method "get" is deprecated. Use uppercase HTTP method like "GET".', 16384)
 2 APPPATH\Config\Routes.php(144): CodeIgniter\Router\RouteCollection->match([...], 'upload-surat-penerimaan', '\\App\\Controllers\\Sekretariat\\C_UploadSuratPenerimaan::index')
 3 SYSTEMPATH\Router\RouteCollection.php(799): CodeIgniter\Router\RouteCollection::{closure:C:\Users\ASUS\Downloads\Projectmagang_dr\Projectmagang_dr\app\Config\Routes.php:89}(Object(CodeIgniter\Router\RouteCollection))
 4 APPPATH\Config\Routes.php(89): CodeIgniter\Router\RouteCollection->group('sekretariat', [...], Object(Closure))
 5 SYSTEMPATH\Router\RouteCollection.php(339): require('C:\\Users\\ASUS\\Downloads\\Projectmagang_dr\\Projectmagang_dr\\app\\Config\\Routes.php')
 6 SYSTEMPATH\CodeIgniter.php(841): CodeIgniter\Router\RouteCollection->loadRoutes()
 7 SYSTEMPATH\CodeIgniter.php(464): CodeIgniter\CodeIgniter->tryToRouteIt(null)
 8 SYSTEMPATH\CodeIgniter.php(363): CodeIgniter\CodeIgniter->handleRequest(null, Object(Config\Cache), false)
 9 SYSTEMPATH\Boot.php(417): CodeIgniter\CodeIgniter->run()
10 SYSTEMPATH\Boot.php(68): CodeIgniter\Boot::runCodeIgniter(Object(CodeIgniter\CodeIgniter))
11 FCPATH\index.php(59): CodeIgniter\Boot::bootWeb(Object(Config\Paths))
12 SYSTEMPATH\rewrite.php(44): require_once('C:\\Users\\ASUS\\Downloads\\Projectmagang_dr\\Projectmagang_dr\\public\\index.php')
WARNING - 2026-08-21 14:24:48 --> [DEPRECATED] Passing lowercase HTTP method "post" is deprecated. Use uppercase HTTP method like "POST". in SYSTEMPATH\Router\RouteCollection.php on line 1026.
 1 SYSTEMPATH\Router\RouteCollection.php(1026): trigger_error('Passing lowercase HTTP method "post" is deprecated. Use uppercase HTTP method like "POST".', 16384)
 2 APPPATH\Config\Routes.php(144): CodeIgniter\Router\RouteCollection->match([...], 'upload-surat-penerimaan', '\\App\\Controllers\\Sekretariat\\C_UploadSuratPenerimaan::index')
 3 SYSTEMPATH\Router\RouteCollection.php(799): CodeIgniter\Router\RouteCollection::{closure:C:\Users\ASUS\Downloads\Projectmagang_dr\Projectmagang_dr\app\Config\Routes.php:89}(Object(CodeIgniter\Router\RouteCollection))
 4 APPPATH\Config\Routes.php(89): CodeIgniter\Router\RouteCollection->group('sekretariat', [...], Object(Closure))
 5 SYSTEMPATH\Router\RouteCollection.php(339): require('C:\\Users\\ASUS\\Downloads\\Projectmagang_dr\\Projectmagang_dr\\app\\Config\\Routes.php')
 6 SYSTEMPATH\CodeIgniter.php(841): CodeIgniter\Router\RouteCollection->loadRoutes()
 7 SYSTEMPATH\CodeIgniter.php(464): CodeIgniter\CodeIgniter->tryToRouteIt(null)
 8 SYSTEMPATH\CodeIgniter.php(363): CodeIgniter\CodeIgniter->handleRequest(null, Object(Config\Cache), false)
 9 SYSTEMPATH\Boot.php(417): CodeIgniter\CodeIgniter->run()
10 SYSTEMPATH\Boot.php(68): CodeIgniter\Boot::runCodeIgniter(Object(CodeIgniter\CodeIgniter))
11 FCPATH\index.php(59): CodeIgniter\Boot::bootWeb(Object(Config\Paths))
12 SYSTEMPATH\rewrite.php(44): require_once('C:\\Users\\ASUS\\Downloads\\Projectmagang_dr\\Projectmagang_dr\\public\\index.php')
WARNING - 2026-08-21 14:24:48 --> [DEPRECATED] Passing lowercase HTTP method "get" is deprecated. Use uppercase HTTP method like "GET". in SYSTEMPATH\Router\RouteCollection.php on line 1026.
 1 SYSTEMPATH\Router\RouteCollection.php(1026): trigger_error('Passing lowercase HTTP method "get" is deprecated. Use uppercase HTTP method like "GET".', 16384)
 2 APPPATH\Config\Routes.php(167): CodeIgniter\Router\RouteCollection->match([...], 'logbook', '\\App\\Controllers\\Kabid\\C_LogbookKabid::index')
 3 SYSTEMPATH\Router\RouteCollection.php(799): CodeIgniter\Router\RouteCollection::{closure:C:\Users\ASUS\Downloads\Projectmagang_dr\Projectmagang_dr\app\Config\Routes.php:153}(Object(CodeIgniter\Router\RouteCollection))
 4 APPPATH\Config\Routes.php(153): CodeIgniter\Router\RouteCollection->group('kabid', [...], Object(Closure))
 5 SYSTEMPATH\Router\RouteCollection.php(339): require('C:\\Users\\ASUS\\Downloads\\Projectmagang_dr\\Projectmagang_dr\\app\\Config\\Routes.php')
 6 SYSTEMPATH\CodeIgniter.php(841): CodeIgniter\Router\RouteCollection->loadRoutes()
 7 SYSTEMPATH\CodeIgniter.php(464): CodeIgniter\CodeIgniter->tryToRouteIt(null)
 8 SYSTEMPATH\CodeIgniter.php(363): CodeIgniter\CodeIgniter->handleRequest(null, Object(Config\Cache), false)
 9 SYSTEMPATH\Boot.php(417): CodeIgniter\CodeIgniter->run()
10 SYSTEMPATH\Boot.php(68): CodeIgniter\Boot::runCodeIgniter(Object(CodeIgniter\CodeIgniter))
11 FCPATH\index.php(59): CodeIgniter\Boot::bootWeb(Object(Config\Paths))
12 SYSTEMPATH\rewrite.php(44): require_once('C:\\Users\\ASUS\\Downloads\\Projectmagang_dr\\Projectmagang_dr\\public\\index.php')
WARNING - 2026-08-21 14:24:48 --> [DEPRECATED] Passing lowercase HTTP method "post" is deprecated. Use uppercase HTTP method like "POST". in SYSTEMPATH\Router\RouteCollection.php on line 1026.
 1 SYSTEMPATH\Router\RouteCollection.php(1026): trigger_error('Passing lowercase HTTP method "post" is deprecated. Use uppercase HTTP method like "POST".', 16384)
 2 APPPATH\Config\Routes.php(167): CodeIgniter\Router\RouteCollection->match([...], 'logbook', '\\App\\Controllers\\Kabid\\C_LogbookKabid::index')
 3 SYSTEMPATH\Router\RouteCollection.php(799): CodeIgniter\Router\RouteCollection::{closure:C:\Users\ASUS\Downloads\Projectmagang_dr\Projectmagang_dr\app\Config\Routes.php:153}(Object(CodeIgniter\Router\RouteCollection))
 4 APPPATH\Config\Routes.php(153): CodeIgniter\Router\RouteCollection->group('kabid', [...], Object(Closure))
 5 SYSTEMPATH\Router\RouteCollection.php(339): require('C:\\Users\\ASUS\\Downloads\\Projectmagang_dr\\Projectmagang_dr\\app\\Config\\Routes.php')
 6 SYSTEMPATH\CodeIgniter.php(841): CodeIgniter\Router\RouteCollection->loadRoutes()
 7 SYSTEMPATH\CodeIgniter.php(464): CodeIgniter\CodeIgniter->tryToRouteIt(null)
 8 SYSTEMPATH\CodeIgniter.php(363): CodeIgniter\CodeIgniter->handleRequest(null, Object(Config\Cache), false)
 9 SYSTEMPATH\Boot.php(417): CodeIgniter\CodeIgniter->run()
10 SYSTEMPATH\Boot.php(68): CodeIgniter\Boot::runCodeIgniter(Object(CodeIgniter\CodeIgniter))
11 FCPATH\index.php(59): CodeIgniter\Boot::bootWeb(Object(Config\Paths))
12 SYSTEMPATH\rewrite.php(44): require_once('C:\\Users\\ASUS\\Downloads\\Projectmagang_dr\\Projectmagang_dr\\public\\index.php')
WARNING - 2026-08-21 14:24:48 --> [DEPRECATED] Passing lowercase HTTP method "get" is deprecated. Use uppercase HTTP method like "GET". in SYSTEMPATH\Router\RouteCollection.php on line 1026.
 1 SYSTEMPATH\Router\RouteCollection.php(1026): trigger_error('Passing lowercase HTTP method "get" is deprecated. Use uppercase HTTP method like "GET".', 16384)
 2 APPPATH\Config\Routes.php(179): CodeIgniter\Router\RouteCollection->match([...], 'upload-dokumen', '\\App\\Controllers\\Kabid\\C_UploadDokumen::index')
 3 SYSTEMPATH\Router\RouteCollection.php(799): CodeIgniter\Router\RouteCollection::{closure:C:\Users\ASUS\Downloads\Projectmagang_dr\Projectmagang_dr\app\Config\Routes.php:153}(Object(CodeIgniter\Router\RouteCollection))
 4 APPPATH\Config\Routes.php(153): CodeIgniter\Router\RouteCollection->group('kabid', [...], Object(Closure))
 5 SYSTEMPATH\Router\RouteCollection.php(339): require('C:\\Users\\ASUS\\Downloads\\Projectmagang_dr\\Projectmagang_dr\\app\\Config\\Routes.php')
 6 SYSTEMPATH\CodeIgniter.php(841): CodeIgniter\Router\RouteCollection->loadRoutes()
 7 SYSTEMPATH\CodeIgniter.php(464): CodeIgniter\CodeIgniter->tryToRouteIt(null)
 8 SYSTEMPATH\CodeIgniter.php(363): CodeIgniter\CodeIgniter->handleRequest(null, Object(Config\Cache), false)
 9 SYSTEMPATH\Boot.php(417): CodeIgniter\CodeIgniter->run()
10 SYSTEMPATH\Boot.php(68): CodeIgniter\Boot::runCodeIgniter(Object(CodeIgniter\CodeIgniter))
11 FCPATH\index.php(59): CodeIgniter\Boot::bootWeb(Object(Config\Paths))
12 SYSTEMPATH\rewrite.php(44): require_once('C:\\Users\\ASUS\\Downloads\\Projectmagang_dr\\Projectmagang_dr\\public\\index.php')
WARNING - 2026-08-21 14:24:48 --> [DEPRECATED] Passing lowercase HTTP method "post" is deprecated. Use uppercase HTTP method like "POST". in SYSTEMPATH\Router\RouteCollection.php on line 1026.
 1 SYSTEMPATH\Router\RouteCollection.php(1026): trigger_error('Passing lowercase HTTP method "post" is deprecated. Use uppercase HTTP method like "POST".', 16384)
 2 APPPATH\Config\Routes.php(179): CodeIgniter\Router\RouteCollection->match([...], 'upload-dokumen', '\\App\\Controllers\\Kabid\\C_UploadDokumen::index')
 3 SYSTEMPATH\Router\RouteCollection.php(799): CodeIgniter\Router\RouteCollection::{closure:C:\Users\ASUS\Downloads\Projectmagang_dr\Projectmagang_dr\app\Config\Routes.php:153}(Object(CodeIgniter\Router\RouteCollection))
 4 APPPATH\Config\Routes.php(153): CodeIgniter\Router\RouteCollection->group('kabid', [...], Object(Closure))
 5 SYSTEMPATH\Router\RouteCollection.php(339): require('C:\\Users\\ASUS\\Downloads\\Projectmagang_dr\\Projectmagang_dr\\app\\Config\\Routes.php')
 6 SYSTEMPATH\CodeIgniter.php(841): CodeIgniter\Router\RouteCollection->loadRoutes()
 7 SYSTEMPATH\CodeIgniter.php(464): CodeIgniter\CodeIgniter->tryToRouteIt(null)
 8 SYSTEMPATH\CodeIgniter.php(363): CodeIgniter\CodeIgniter->handleRequest(null, Object(Config\Cache), false)
 9 SYSTEMPATH\Boot.php(417): CodeIgniter\CodeIgniter->run()
10 SYSTEMPATH\Boot.php(68): CodeIgniter\Boot::runCodeIgniter(Object(CodeIgniter\CodeIgniter))
11 FCPATH\index.php(59): CodeIgniter\Boot::bootWeb(Object(Config\Paths))
12 SYSTEMPATH\rewrite.php(44): require_once('C:\\Users\\ASUS\\Downloads\\Projectmagang_dr\\Projectmagang_dr\\public\\index.php')
DEBUG - 2026-08-21 14:24:48 --> Session: Class initialized using 'CodeIgniter\Session\Handlers\FileHandler' driver.
WARNING - 2026-08-21 14:27:28 --> [DEPRECATED] Passing lowercase HTTP method "get" is deprecated. Use uppercase HTTP method like "GET". in SYSTEMPATH\Router\RouteCollection.php on line 1026.
 1 SYSTEMPATH\Router\RouteCollection.php(1026): trigger_error('Passing lowercase HTTP method "get" is deprecated. Use uppercase HTTP method like "GET".', 16384)
 2 APPPATH\Config\Routes.php(77): CodeIgniter\Router\RouteCollection->match([...], 'logbook', 'C_Logbook::logbook')
 3 SYSTEMPATH\Router\RouteCollection.php(799): CodeIgniter\Router\RouteCollection::{closure:C:\Users\ASUS\Downloads\Projectmagang_dr\Projectmagang_dr\app\Config\Routes.php:59}(Object(CodeIgniter\Router\RouteCollection))
 4 APPPATH\Config\Routes.php(59): CodeIgniter\Router\RouteCollection->group('mahasiswa', [...], Object(Closure))
 5 SYSTEMPATH\Router\RouteCollection.php(339): require('C:\\Users\\ASUS\\Downloads\\Projectmagang_dr\\Projectmagang_dr\\app\\Config\\Routes.php')
 6 SYSTEMPATH\CodeIgniter.php(841): CodeIgniter\Router\RouteCollection->loadRoutes()
 7 SYSTEMPATH\CodeIgniter.php(464): CodeIgniter\CodeIgniter->tryToRouteIt(null)
 8 SYSTEMPATH\CodeIgniter.php(363): CodeIgniter\CodeIgniter->handleRequest(null, Object(Config\Cache), false)
 9 SYSTEMPATH\Boot.php(417): CodeIgniter\CodeIgniter->run()
10 SYSTEMPATH\Boot.php(68): CodeIgniter\Boot::runCodeIgniter(Object(CodeIgniter\CodeIgniter))
11 FCPATH\index.php(59): CodeIgniter\Boot::bootWeb(Object(Config\Paths))
12 SYSTEMPATH\rewrite.php(44): require_once('C:\\Users\\ASUS\\Downloads\\Projectmagang_dr\\Projectmagang_dr\\public\\index.php')
WARNING - 2026-08-21 14:27:28 --> [DEPRECATED] Passing lowercase HTTP method "post" is deprecated. Use uppercase HTTP method like "POST". in SYSTEMPATH\Router\RouteCollection.php on line 1026.
 1 SYSTEMPATH\Router\RouteCollection.php(1026): trigger_error('Passing lowercase HTTP method "post" is deprecated. Use uppercase HTTP method like "POST".', 16384)
 2 APPPATH\Config\Routes.php(77): CodeIgniter\Router\RouteCollection->match([...], 'logbook', 'C_Logbook::logbook')
 3 SYSTEMPATH\Router\RouteCollection.php(799): CodeIgniter\Router\RouteCollection::{closure:C:\Users\ASUS\Downloads\Projectmagang_dr\Projectmagang_dr\app\Config\Routes.php:59}(Object(CodeIgniter\Router\RouteCollection))
 4 APPPATH\Config\Routes.php(59): CodeIgniter\Router\RouteCollection->group('mahasiswa', [...], Object(Closure))
 5 SYSTEMPATH\Router\RouteCollection.php(339): require('C:\\Users\\ASUS\\Downloads\\Projectmagang_dr\\Projectmagang_dr\\app\\Config\\Routes.php')
 6 SYSTEMPATH\CodeIgniter.php(841): CodeIgniter\Router\RouteCollection->loadRoutes()
 7 SYSTEMPATH\CodeIgniter.php(464): CodeIgniter\CodeIgniter->tryToRouteIt(null)
 8 SYSTEMPATH\CodeIgniter.php(363): CodeIgniter\CodeIgniter->handleRequest(null, Object(Config\Cache), false)
 9 SYSTEMPATH\Boot.php(417): CodeIgniter\CodeIgniter->run()
10 SYSTEMPATH\Boot.php(68): CodeIgniter\Boot::runCodeIgniter(Object(CodeIgniter\CodeIgniter))
11 FCPATH\index.php(59): CodeIgniter\Boot::bootWeb(Object(Config\Paths))
12 SYSTEMPATH\rewrite.php(44): require_once('C:\\Users\\ASUS\\Downloads\\Projectmagang_dr\\Projectmagang_dr\\public\\index.php')
WARNING - 2026-08-21 14:27:28 --> [DEPRECATED] Passing lowercase HTTP method "get" is deprecated. Use uppercase HTTP method like "GET". in SYSTEMPATH\Router\RouteCollection.php on line 1026.
 1 SYSTEMPATH\Router\RouteCollection.php(1026): trigger_error('Passing lowercase HTTP method "get" is deprecated. Use uppercase HTTP method like "GET".', 16384)
 2 APPPATH\Config\Routes.php(95): CodeIgniter\Router\RouteCollection->match([...], 'verifikasi', '\\App\\Controllers\\Sekretariat\\C_Verifikasi::index')
 3 SYSTEMPATH\Router\RouteCollection.php(799): CodeIgniter\Router\RouteCollection::{closure:C:\Users\ASUS\Downloads\Projectmagang_dr\Projectmagang_dr\app\Config\Routes.php:89}(Object(CodeIgniter\Router\RouteCollection))
 4 APPPATH\Config\Routes.php(89): CodeIgniter\Router\RouteCollection->group('sekretariat', [...], Object(Closure))
 5 SYSTEMPATH\Router\RouteCollection.php(339): require('C:\\Users\\ASUS\\Downloads\\Projectmagang_dr\\Projectmagang_dr\\app\\Config\\Routes.php')
 6 SYSTEMPATH\CodeIgniter.php(841): CodeIgniter\Router\RouteCollection->loadRoutes()
 7 SYSTEMPATH\CodeIgniter.php(464): CodeIgniter\CodeIgniter->tryToRouteIt(null)
 8 SYSTEMPATH\CodeIgniter.php(363): CodeIgniter\CodeIgniter->handleRequest(null, Object(Config\Cache), false)
 9 SYSTEMPATH\Boot.php(417): CodeIgniter\CodeIgniter->run()
10 SYSTEMPATH\Boot.php(68): CodeIgniter\Boot::runCodeIgniter(Object(CodeIgniter\CodeIgniter))
11 FCPATH\index.php(59): CodeIgniter\Boot::bootWeb(Object(Config\Paths))
12 SYSTEMPATH\rewrite.php(44): require_once('C:\\Users\\ASUS\\Downloads\\Projectmagang_dr\\Projectmagang_dr\\public\\index.php')
WARNING - 2026-08-21 14:27:28 --> [DEPRECATED] Passing lowercase HTTP method "post" is deprecated. Use uppercase HTTP method like "POST". in SYSTEMPATH\Router\RouteCollection.php on line 1026.
 1 SYSTEMPATH\Router\RouteCollection.php(1026): trigger_error('Passing lowercase HTTP method "post" is deprecated. Use uppercase HTTP method like "POST".', 16384)
 2 APPPATH\Config\Routes.php(95): CodeIgniter\Router\RouteCollection->match([...], 'verifikasi', '\\App\\Controllers\\Sekretariat\\C_Verifikasi::index')
 3 SYSTEMPATH\Router\RouteCollection.php(799): CodeIgniter\Router\RouteCollection::{closure:C:\Users\ASUS\Downloads\Projectmagang_dr\Projectmagang_dr\app\Config\Routes.php:89}(Object(CodeIgniter\Router\RouteCollection))
 4 APPPATH\Config\Routes.php(89): CodeIgniter\Router\RouteCollection->group('sekretariat', [...], Object(Closure))
 5 SYSTEMPATH\Router\RouteCollection.php(339): require('C:\\Users\\ASUS\\Downloads\\Projectmagang_dr\\Projectmagang_dr\\app\\Config\\Routes.php')
 6 SYSTEMPATH\CodeIgniter.php(841): CodeIgniter\Router\RouteCollection->loadRoutes()
 7 SYSTEMPATH\CodeIgniter.php(464): CodeIgniter\CodeIgniter->tryToRouteIt(null)
 8 SYSTEMPATH\CodeIgniter.php(363): CodeIgniter\CodeIgniter->handleRequest(null, Object(Config\Cache), false)
 9 SYSTEMPATH\Boot.php(417): CodeIgniter\CodeIgniter->run()
10 SYSTEMPATH\Boot.php(68): CodeIgniter\Boot::runCodeIgniter(Object(CodeIgniter\CodeIgniter))
11 FCPATH\index.php(59): CodeIgniter\Boot::bootWeb(Object(Config\Paths))
12 SYSTEMPATH\rewrite.php(44): require_once('C:\\Users\\ASUS\\Downloads\\Projectmagang_dr\\Projectmagang_dr\\public\\index.php')
WARNING - 2026-08-21 14:27:28 --> [DEPRECATED] Passing lowercase HTTP method "get" is deprecated. Use uppercase HTTP method like "GET". in SYSTEMPATH\Router\RouteCollection.php on line 1026.
 1 SYSTEMPATH\Router\RouteCollection.php(1026): trigger_error('Passing lowercase HTTP method "get" is deprecated. Use uppercase HTTP method like "GET".', 16384)
 2 APPPATH\Config\Routes.php(144): CodeIgniter\Router\RouteCollection->match([...], 'upload-surat-penerimaan', '\\App\\Controllers\\Sekretariat\\C_UploadSuratPenerimaan::index')
 3 SYSTEMPATH\Router\RouteCollection.php(799): CodeIgniter\Router\RouteCollection::{closure:C:\Users\ASUS\Downloads\Projectmagang_dr\Projectmagang_dr\app\Config\Routes.php:89}(Object(CodeIgniter\Router\RouteCollection))
 4 APPPATH\Config\Routes.php(89): CodeIgniter\Router\RouteCollection->group('sekretariat', [...], Object(Closure))
 5 SYSTEMPATH\Router\RouteCollection.php(339): require('C:\\Users\\ASUS\\Downloads\\Projectmagang_dr\\Projectmagang_dr\\app\\Config\\Routes.php')
 6 SYSTEMPATH\CodeIgniter.php(841): CodeIgniter\Router\RouteCollection->loadRoutes()
 7 SYSTEMPATH\CodeIgniter.php(464): CodeIgniter\CodeIgniter->tryToRouteIt(null)
 8 SYSTEMPATH\CodeIgniter.php(363): CodeIgniter\CodeIgniter->handleRequest(null, Object(Config\Cache), false)
 9 SYSTEMPATH\Boot.php(417): CodeIgniter\CodeIgniter->run()
10 SYSTEMPATH\Boot.php(68): CodeIgniter\Boot::runCodeIgniter(Object(CodeIgniter\CodeIgniter))
11 FCPATH\index.php(59): CodeIgniter\Boot::bootWeb(Object(Config\Paths))
12 SYSTEMPATH\rewrite.php(44): require_once('C:\\Users\\ASUS\\Downloads\\Projectmagang_dr\\Projectmagang_dr\\public\\index.php')
WARNING - 2026-08-21 14:27:28 --> [DEPRECATED] Passing lowercase HTTP method "post" is deprecated. Use uppercase HTTP method like "POST". in SYSTEMPATH\Router\RouteCollection.php on line 1026.
 1 SYSTEMPATH\Router\RouteCollection.php(1026): trigger_error('Passing lowercase HTTP method "post" is deprecated. Use uppercase HTTP method like "POST".', 16384)
 2 APPPATH\Config\Routes.php(144): CodeIgniter\Router\RouteCollection->match([...], 'upload-surat-penerimaan', '\\App\\Controllers\\Sekretariat\\C_UploadSuratPenerimaan::index')
 3 SYSTEMPATH\Router\RouteCollection.php(799): CodeIgniter\Router\RouteCollection::{closure:C:\Users\ASUS\Downloads\Projectmagang_dr\Projectmagang_dr\app\Config\Routes.php:89}(Object(CodeIgniter\Router\RouteCollection))
 4 APPPATH\Config\Routes.php(89): CodeIgniter\Router\RouteCollection->group('sekretariat', [...], Object(Closure))
 5 SYSTEMPATH\Router\RouteCollection.php(339): require('C:\\Users\\ASUS\\Downloads\\Projectmagang_dr\\Projectmagang_dr\\app\\Config\\Routes.php')
 6 SYSTEMPATH\CodeIgniter.php(841): CodeIgniter\Router\RouteCollection->loadRoutes()
 7 SYSTEMPATH\CodeIgniter.php(464): CodeIgniter\CodeIgniter->tryToRouteIt(null)
 8 SYSTEMPATH\CodeIgniter.php(363): CodeIgniter\CodeIgniter->handleRequest(null, Object(Config\Cache), false)
 9 SYSTEMPATH\Boot.php(417): CodeIgniter\CodeIgniter->run()
10 SYSTEMPATH\Boot.php(68): CodeIgniter\Boot::runCodeIgniter(Object(CodeIgniter\CodeIgniter))
11 FCPATH\index.php(59): CodeIgniter\Boot::bootWeb(Object(Config\Paths))
12 SYSTEMPATH\rewrite.php(44): require_once('C:\\Users\\ASUS\\Downloads\\Projectmagang_dr\\Projectmagang_dr\\public\\index.php')
WARNING - 2026-08-21 14:27:28 --> [DEPRECATED] Passing lowercase HTTP method "get" is deprecated. Use uppercase HTTP method like "GET". in SYSTEMPATH\Router\RouteCollection.php on line 1026.
 1 SYSTEMPATH\Router\RouteCollection.php(1026): trigger_error('Passing lowercase HTTP method "get" is deprecated. Use uppercase HTTP method like "GET".', 16384)
 2 APPPATH\Config\Routes.php(167): CodeIgniter\Router\RouteCollection->match([...], 'logbook', '\\App\\Controllers\\Kabid\\C_LogbookKabid::index')
 3 SYSTEMPATH\Router\RouteCollection.php(799): CodeIgniter\Router\RouteCollection::{closure:C:\Users\ASUS\Downloads\Projectmagang_dr\Projectmagang_dr\app\Config\Routes.php:153}(Object(CodeIgniter\Router\RouteCollection))
 4 APPPATH\Config\Routes.php(153): CodeIgniter\Router\RouteCollection->group('kabid', [...], Object(Closure))
 5 SYSTEMPATH\Router\RouteCollection.php(339): require('C:\\Users\\ASUS\\Downloads\\Projectmagang_dr\\Projectmagang_dr\\app\\Config\\Routes.php')
 6 SYSTEMPATH\CodeIgniter.php(841): CodeIgniter\Router\RouteCollection->loadRoutes()
 7 SYSTEMPATH\CodeIgniter.php(464): CodeIgniter\CodeIgniter->tryToRouteIt(null)
 8 SYSTEMPATH\CodeIgniter.php(363): CodeIgniter\CodeIgniter->handleRequest(null, Object(Config\Cache), false)
 9 SYSTEMPATH\Boot.php(417): CodeIgniter\CodeIgniter->run()
10 SYSTEMPATH\Boot.php(68): CodeIgniter\Boot::runCodeIgniter(Object(CodeIgniter\CodeIgniter))
11 FCPATH\index.php(59): CodeIgniter\Boot::bootWeb(Object(Config\Paths))
12 SYSTEMPATH\rewrite.php(44): require_once('C:\\Users\\ASUS\\Downloads\\Projectmagang_dr\\Projectmagang_dr\\public\\index.php')
WARNING - 2026-08-21 14:27:28 --> [DEPRECATED] Passing lowercase HTTP method "post" is deprecated. Use uppercase HTTP method like "POST". in SYSTEMPATH\Router\RouteCollection.php on line 1026.
 1 SYSTEMPATH\Router\RouteCollection.php(1026): trigger_error('Passing lowercase HTTP method "post" is deprecated. Use uppercase HTTP method like "POST".', 16384)
 2 APPPATH\Config\Routes.php(167): CodeIgniter\Router\RouteCollection->match([...], 'logbook', '\\App\\Controllers\\Kabid\\C_LogbookKabid::index')
 3 SYSTEMPATH\Router\RouteCollection.php(799): CodeIgniter\Router\RouteCollection::{closure:C:\Users\ASUS\Downloads\Projectmagang_dr\Projectmagang_dr\app\Config\Routes.php:153}(Object(CodeIgniter\Router\RouteCollection))
 4 APPPATH\Config\Routes.php(153): CodeIgniter\Router\RouteCollection->group('kabid', [...], Object(Closure))
 5 SYSTEMPATH\Router\RouteCollection.php(339): require('C:\\Users\\ASUS\\Downloads\\Projectmagang_dr\\Projectmagang_dr\\app\\Config\\Routes.php')
 6 SYSTEMPATH\CodeIgniter.php(841): CodeIgniter\Router\RouteCollection->loadRoutes()
 7 SYSTEMPATH\CodeIgniter.php(464): CodeIgniter\CodeIgniter->tryToRouteIt(null)
 8 SYSTEMPATH\CodeIgniter.php(363): CodeIgniter\CodeIgniter->handleRequest(null, Object(Config\Cache), false)
 9 SYSTEMPATH\Boot.php(417): CodeIgniter\CodeIgniter->run()
10 SYSTEMPATH\Boot.php(68): CodeIgniter\Boot::runCodeIgniter(Object(CodeIgniter\CodeIgniter))
11 FCPATH\index.php(59): CodeIgniter\Boot::bootWeb(Object(Config\Paths))
12 SYSTEMPATH\rewrite.php(44): require_once('C:\\Users\\ASUS\\Downloads\\Projectmagang_dr\\Projectmagang_dr\\public\\index.php')
WARNING - 2026-08-21 14:27:28 --> [DEPRECATED] Passing lowercase HTTP method "get" is deprecated. Use uppercase HTTP method like "GET". in SYSTEMPATH\Router\RouteCollection.php on line 1026.
 1 SYSTEMPATH\Router\RouteCollection.php(1026): trigger_error('Passing lowercase HTTP method "get" is deprecated. Use uppercase HTTP method like "GET".', 16384)
 2 APPPATH\Config\Routes.php(179): CodeIgniter\Router\RouteCollection->match([...], 'upload-dokumen', '\\App\\Controllers\\Kabid\\C_UploadDokumen::index')
 3 SYSTEMPATH\Router\RouteCollection.php(799): CodeIgniter\Router\RouteCollection::{closure:C:\Users\ASUS\Downloads\Projectmagang_dr\Projectmagang_dr\app\Config\Routes.php:153}(Object(CodeIgniter\Router\RouteCollection))
 4 APPPATH\Config\Routes.php(153): CodeIgniter\Router\RouteCollection->group('kabid', [...], Object(Closure))
 5 SYSTEMPATH\Router\RouteCollection.php(339): require('C:\\Users\\ASUS\\Downloads\\Projectmagang_dr\\Projectmagang_dr\\app\\Config\\Routes.php')
 6 SYSTEMPATH\CodeIgniter.php(841): CodeIgniter\Router\RouteCollection->loadRoutes()
 7 SYSTEMPATH\CodeIgniter.php(464): CodeIgniter\CodeIgniter->tryToRouteIt(null)
 8 SYSTEMPATH\CodeIgniter.php(363): CodeIgniter\CodeIgniter->handleRequest(null, Object(Config\Cache), false)
 9 SYSTEMPATH\Boot.php(417): CodeIgniter\CodeIgniter->run()
10 SYSTEMPATH\Boot.php(68): CodeIgniter\Boot::runCodeIgniter(Object(CodeIgniter\CodeIgniter))
11 FCPATH\index.php(59): CodeIgniter\Boot::bootWeb(Object(Config\Paths))
12 SYSTEMPATH\rewrite.php(44): require_once('C:\\Users\\ASUS\\Downloads\\Projectmagang_dr\\Projectmagang_dr\\public\\index.php')
WARNING - 2026-08-21 14:27:28 --> [DEPRECATED] Passing lowercase HTTP method "post" is deprecated. Use uppercase HTTP method like "POST". in SYSTEMPATH\Router\RouteCollection.php on line 1026.
 1 SYSTEMPATH\Router\RouteCollection.php(1026): trigger_error('Passing lowercase HTTP method "post" is deprecated. Use uppercase HTTP method like "POST".', 16384)
 2 APPPATH\Config\Routes.php(179): CodeIgniter\Router\RouteCollection->match([...], 'upload-dokumen', '\\App\\Controllers\\Kabid\\C_UploadDokumen::index')
 3 SYSTEMPATH\Router\RouteCollection.php(799): CodeIgniter\Router\RouteCollection::{closure:C:\Users\ASUS\Downloads\Projectmagang_dr\Projectmagang_dr\app\Config\Routes.php:153}(Object(CodeIgniter\Router\RouteCollection))
 4 APPPATH\Config\Routes.php(153): CodeIgniter\Router\RouteCollection->group('kabid', [...], Object(Closure))
 5 SYSTEMPATH\Router\RouteCollection.php(339): require('C:\\Users\\ASUS\\Downloads\\Projectmagang_dr\\Projectmagang_dr\\app\\Config\\Routes.php')
 6 SYSTEMPATH\CodeIgniter.php(841): CodeIgniter\Router\RouteCollection->loadRoutes()
 7 SYSTEMPATH\CodeIgniter.php(464): CodeIgniter\CodeIgniter->tryToRouteIt(null)
 8 SYSTEMPATH\CodeIgniter.php(363): CodeIgniter\CodeIgniter->handleRequest(null, Object(Config\Cache), false)
 9 SYSTEMPATH\Boot.php(417): CodeIgniter\CodeIgniter->run()
10 SYSTEMPATH\Boot.php(68): CodeIgniter\Boot::runCodeIgniter(Object(CodeIgniter\CodeIgniter))
11 FCPATH\index.php(59): CodeIgniter\Boot::bootWeb(Object(Config\Paths))
12 SYSTEMPATH\rewrite.php(44): require_once('C:\\Users\\ASUS\\Downloads\\Projectmagang_dr\\Projectmagang_dr\\public\\index.php')
DEBUG - 2026-08-21 14:27:28 --> Session: Class initialized using 'CodeIgniter\Session\Handlers\FileHandler' driver.
WARNING - 2026-08-21 14:27:29 --> [DEPRECATED] Passing lowercase HTTP method "get" is deprecated. Use uppercase HTTP method like "GET". in SYSTEMPATH\Router\RouteCollection.php on line 1026.
 1 SYSTEMPATH\Router\RouteCollection.php(1026): trigger_error('Passing lowercase HTTP method "get" is deprecated. Use uppercase HTTP method like "GET".', 16384)
 2 APPPATH\Config\Routes.php(77): CodeIgniter\Router\RouteCollection->match([...], 'logbook', 'C_Logbook::logbook')
 3 SYSTEMPATH\Router\RouteCollection.php(799): CodeIgniter\Router\RouteCollection::{closure:C:\Users\ASUS\Downloads\Projectmagang_dr\Projectmagang_dr\app\Config\Routes.php:59}(Object(CodeIgniter\Router\RouteCollection))
 4 APPPATH\Config\Routes.php(59): CodeIgniter\Router\RouteCollection->group('mahasiswa', [...], Object(Closure))
 5 SYSTEMPATH\Router\RouteCollection.php(339): require('C:\\Users\\ASUS\\Downloads\\Projectmagang_dr\\Projectmagang_dr\\app\\Config\\Routes.php')
 6 SYSTEMPATH\CodeIgniter.php(841): CodeIgniter\Router\RouteCollection->loadRoutes()
 7 SYSTEMPATH\CodeIgniter.php(464): CodeIgniter\CodeIgniter->tryToRouteIt(null)
 8 SYSTEMPATH\CodeIgniter.php(363): CodeIgniter\CodeIgniter->handleRequest(null, Object(Config\Cache), false)
 9 SYSTEMPATH\Boot.php(417): CodeIgniter\CodeIgniter->run()
10 SYSTEMPATH\Boot.php(68): CodeIgniter\Boot::runCodeIgniter(Object(CodeIgniter\CodeIgniter))
11 FCPATH\index.php(59): CodeIgniter\Boot::bootWeb(Object(Config\Paths))
12 SYSTEMPATH\rewrite.php(44): require_once('C:\\Users\\ASUS\\Downloads\\Projectmagang_dr\\Projectmagang_dr\\public\\index.php')
WARNING - 2026-08-21 14:27:29 --> [DEPRECATED] Passing lowercase HTTP method "post" is deprecated. Use uppercase HTTP method like "POST". in SYSTEMPATH\Router\RouteCollection.php on line 1026.
 1 SYSTEMPATH\Router\RouteCollection.php(1026): trigger_error('Passing lowercase HTTP method "post" is deprecated. Use uppercase HTTP method like "POST".', 16384)
 2 APPPATH\Config\Routes.php(77): CodeIgniter\Router\RouteCollection->match([...], 'logbook', 'C_Logbook::logbook')
 3 SYSTEMPATH\Router\RouteCollection.php(799): CodeIgniter\Router\RouteCollection::{closure:C:\Users\ASUS\Downloads\Projectmagang_dr\Projectmagang_dr\app\Config\Routes.php:59}(Object(CodeIgniter\Router\RouteCollection))
 4 APPPATH\Config\Routes.php(59): CodeIgniter\Router\RouteCollection->group('mahasiswa', [...], Object(Closure))
 5 SYSTEMPATH\Router\RouteCollection.php(339): require('C:\\Users\\ASUS\\Downloads\\Projectmagang_dr\\Projectmagang_dr\\app\\Config\\Routes.php')
 6 SYSTEMPATH\CodeIgniter.php(841): CodeIgniter\Router\RouteCollection->loadRoutes()
 7 SYSTEMPATH\CodeIgniter.php(464): CodeIgniter\CodeIgniter->tryToRouteIt(null)
 8 SYSTEMPATH\CodeIgniter.php(363): CodeIgniter\CodeIgniter->handleRequest(null, Object(Config\Cache), false)
 9 SYSTEMPATH\Boot.php(417): CodeIgniter\CodeIgniter->run()
10 SYSTEMPATH\Boot.php(68): CodeIgniter\Boot::runCodeIgniter(Object(CodeIgniter\CodeIgniter))
11 FCPATH\index.php(59): CodeIgniter\Boot::bootWeb(Object(Config\Paths))
12 SYSTEMPATH\rewrite.php(44): require_once('C:\\Users\\ASUS\\Downloads\\Projectmagang_dr\\Projectmagang_dr\\public\\index.php')
WARNING - 2026-08-21 14:27:29 --> [DEPRECATED] Passing lowercase HTTP method "get" is deprecated. Use uppercase HTTP method like "GET". in SYSTEMPATH\Router\RouteCollection.php on line 1026.
 1 SYSTEMPATH\Router\RouteCollection.php(1026): trigger_error('Passing lowercase HTTP method "get" is deprecated. Use uppercase HTTP method like "GET".', 16384)
 2 APPPATH\Config\Routes.php(95): CodeIgniter\Router\RouteCollection->match([...], 'verifikasi', '\\App\\Controllers\\Sekretariat\\C_Verifikasi::index')
 3 SYSTEMPATH\Router\RouteCollection.php(799): CodeIgniter\Router\RouteCollection::{closure:C:\Users\ASUS\Downloads\Projectmagang_dr\Projectmagang_dr\app\Config\Routes.php:89}(Object(CodeIgniter\Router\RouteCollection))
 4 APPPATH\Config\Routes.php(89): CodeIgniter\Router\RouteCollection->group('sekretariat', [...], Object(Closure))
 5 SYSTEMPATH\Router\RouteCollection.php(339): require('C:\\Users\\ASUS\\Downloads\\Projectmagang_dr\\Projectmagang_dr\\app\\Config\\Routes.php')
 6 SYSTEMPATH\CodeIgniter.php(841): CodeIgniter\Router\RouteCollection->loadRoutes()
 7 SYSTEMPATH\CodeIgniter.php(464): CodeIgniter\CodeIgniter->tryToRouteIt(null)
 8 SYSTEMPATH\CodeIgniter.php(363): CodeIgniter\CodeIgniter->handleRequest(null, Object(Config\Cache), false)
 9 SYSTEMPATH\Boot.php(417): CodeIgniter\CodeIgniter->run()
10 SYSTEMPATH\Boot.php(68): CodeIgniter\Boot::runCodeIgniter(Object(CodeIgniter\CodeIgniter))
11 FCPATH\index.php(59): CodeIgniter\Boot::bootWeb(Object(Config\Paths))
12 SYSTEMPATH\rewrite.php(44): require_once('C:\\Users\\ASUS\\Downloads\\Projectmagang_dr\\Projectmagang_dr\\public\\index.php')
WARNING - 2026-08-21 14:27:29 --> [DEPRECATED] Passing lowercase HTTP method "post" is deprecated. Use uppercase HTTP method like "POST". in SYSTEMPATH\Router\RouteCollection.php on line 1026.
 1 SYSTEMPATH\Router\RouteCollection.php(1026): trigger_error('Passing lowercase HTTP method "post" is deprecated. Use uppercase HTTP method like "POST".', 16384)
 2 APPPATH\Config\Routes.php(95): CodeIgniter\Router\RouteCollection->match([...], 'verifikasi', '\\App\\Controllers\\Sekretariat\\C_Verifikasi::index')
 3 SYSTEMPATH\Router\RouteCollection.php(799): CodeIgniter\Router\RouteCollection::{closure:C:\Users\ASUS\Downloads\Projectmagang_dr\Projectmagang_dr\app\Config\Routes.php:89}(Object(CodeIgniter\Router\RouteCollection))
 4 APPPATH\Config\Routes.php(89): CodeIgniter\Router\RouteCollection->group('sekretariat', [...], Object(Closure))
 5 SYSTEMPATH\Router\RouteCollection.php(339): require('C:\\Users\\ASUS\\Downloads\\Projectmagang_dr\\Projectmagang_dr\\app\\Config\\Routes.php')
 6 SYSTEMPATH\CodeIgniter.php(841): CodeIgniter\Router\RouteCollection->loadRoutes()
 7 SYSTEMPATH\CodeIgniter.php(464): CodeIgniter\CodeIgniter->tryToRouteIt(null)
 8 SYSTEMPATH\CodeIgniter.php(363): CodeIgniter\CodeIgniter->handleRequest(null, Object(Config\Cache), false)
 9 SYSTEMPATH\Boot.php(417): CodeIgniter\CodeIgniter->run()
10 SYSTEMPATH\Boot.php(68): CodeIgniter\Boot::runCodeIgniter(Object(CodeIgniter\CodeIgniter))
11 FCPATH\index.php(59): CodeIgniter\Boot::bootWeb(Object(Config\Paths))
12 SYSTEMPATH\rewrite.php(44): require_once('C:\\Users\\ASUS\\Downloads\\Projectmagang_dr\\Projectmagang_dr\\public\\index.php')
WARNING - 2026-08-21 14:27:29 --> [DEPRECATED] Passing lowercase HTTP method "get" is deprecated. Use uppercase HTTP method like "GET". in SYSTEMPATH\Router\RouteCollection.php on line 1026.
 1 SYSTEMPATH\Router\RouteCollection.php(1026): trigger_error('Passing lowercase HTTP method "get" is deprecated. Use uppercase HTTP method like "GET".', 16384)
 2 APPPATH\Config\Routes.php(144): CodeIgniter\Router\RouteCollection->match([...], 'upload-surat-penerimaan', '\\App\\Controllers\\Sekretariat\\C_UploadSuratPenerimaan::index')
 3 SYSTEMPATH\Router\RouteCollection.php(799): CodeIgniter\Router\RouteCollection::{closure:C:\Users\ASUS\Downloads\Projectmagang_dr\Projectmagang_dr\app\Config\Routes.php:89}(Object(CodeIgniter\Router\RouteCollection))
 4 APPPATH\Config\Routes.php(89): CodeIgniter\Router\RouteCollection->group('sekretariat', [...], Object(Closure))
 5 SYSTEMPATH\Router\RouteCollection.php(339): require('C:\\Users\\ASUS\\Downloads\\Projectmagang_dr\\Projectmagang_dr\\app\\Config\\Routes.php')
 6 SYSTEMPATH\CodeIgniter.php(841): CodeIgniter\Router\RouteCollection->loadRoutes()
 7 SYSTEMPATH\CodeIgniter.php(464): CodeIgniter\CodeIgniter->tryToRouteIt(null)
 8 SYSTEMPATH\CodeIgniter.php(363): CodeIgniter\CodeIgniter->handleRequest(null, Object(Config\Cache), false)
 9 SYSTEMPATH\Boot.php(417): CodeIgniter\CodeIgniter->run()
10 SYSTEMPATH\Boot.php(68): CodeIgniter\Boot::runCodeIgniter(Object(CodeIgniter\CodeIgniter))
11 FCPATH\index.php(59): CodeIgniter\Boot::bootWeb(Object(Config\Paths))
12 SYSTEMPATH\rewrite.php(44): require_once('C:\\Users\\ASUS\\Downloads\\Projectmagang_dr\\Projectmagang_dr\\public\\index.php')
WARNING - 2026-08-21 14:27:29 --> [DEPRECATED] Passing lowercase HTTP method "post" is deprecated. Use uppercase HTTP method like "POST". in SYSTEMPATH\Router\RouteCollection.php on line 1026.
 1 SYSTEMPATH\Router\RouteCollection.php(1026): trigger_error('Passing lowercase HTTP method "post" is deprecated. Use uppercase HTTP method like "POST".', 16384)
 2 APPPATH\Config\Routes.php(144): CodeIgniter\Router\RouteCollection->match([...], 'upload-surat-penerimaan', '\\App\\Controllers\\Sekretariat\\C_UploadSuratPenerimaan::index')
 3 SYSTEMPATH\Router\RouteCollection.php(799): CodeIgniter\Router\RouteCollection::{closure:C:\Users\ASUS\Downloads\Projectmagang_dr\Projectmagang_dr\app\Config\Routes.php:89}(Object(CodeIgniter\Router\RouteCollection))
 4 APPPATH\Config\Routes.php(89): CodeIgniter\Router\RouteCollection->group('sekretariat', [...], Object(Closure))
 5 SYSTEMPATH\Router\RouteCollection.php(339): require('C:\\Users\\ASUS\\Downloads\\Projectmagang_dr\\Projectmagang_dr\\app\\Config\\Routes.php')
 6 SYSTEMPATH\CodeIgniter.php(841): CodeIgniter\Router\RouteCollection->loadRoutes()
 7 SYSTEMPATH\CodeIgniter.php(464): CodeIgniter\CodeIgniter->tryToRouteIt(null)
 8 SYSTEMPATH\CodeIgniter.php(363): CodeIgniter\CodeIgniter->handleRequest(null, Object(Config\Cache), false)
 9 SYSTEMPATH\Boot.php(417): CodeIgniter\CodeIgniter->run()
10 SYSTEMPATH\Boot.php(68): CodeIgniter\Boot::runCodeIgniter(Object(CodeIgniter\CodeIgniter))
11 FCPATH\index.php(59): CodeIgniter\Boot::bootWeb(Object(Config\Paths))
12 SYSTEMPATH\rewrite.php(44): require_once('C:\\Users\\ASUS\\Downloads\\Projectmagang_dr\\Projectmagang_dr\\public\\index.php')
WARNING - 2026-08-21 14:27:29 --> [DEPRECATED] Passing lowercase HTTP method "get" is deprecated. Use uppercase HTTP method like "GET". in SYSTEMPATH\Router\RouteCollection.php on line 1026.
 1 SYSTEMPATH\Router\RouteCollection.php(1026): trigger_error('Passing lowercase HTTP method "get" is deprecated. Use uppercase HTTP method like "GET".', 16384)
 2 APPPATH\Config\Routes.php(167): CodeIgniter\Router\RouteCollection->match([...], 'logbook', '\\App\\Controllers\\Kabid\\C_LogbookKabid::index')
 3 SYSTEMPATH\Router\RouteCollection.php(799): CodeIgniter\Router\RouteCollection::{closure:C:\Users\ASUS\Downloads\Projectmagang_dr\Projectmagang_dr\app\Config\Routes.php:153}(Object(CodeIgniter\Router\RouteCollection))
 4 APPPATH\Config\Routes.php(153): CodeIgniter\Router\RouteCollection->group('kabid', [...], Object(Closure))
 5 SYSTEMPATH\Router\RouteCollection.php(339): require('C:\\Users\\ASUS\\Downloads\\Projectmagang_dr\\Projectmagang_dr\\app\\Config\\Routes.php')
 6 SYSTEMPATH\CodeIgniter.php(841): CodeIgniter\Router\RouteCollection->loadRoutes()
 7 SYSTEMPATH\CodeIgniter.php(464): CodeIgniter\CodeIgniter->tryToRouteIt(null)
 8 SYSTEMPATH\CodeIgniter.php(363): CodeIgniter\CodeIgniter->handleRequest(null, Object(Config\Cache), false)
 9 SYSTEMPATH\Boot.php(417): CodeIgniter\CodeIgniter->run()
10 SYSTEMPATH\Boot.php(68): CodeIgniter\Boot::runCodeIgniter(Object(CodeIgniter\CodeIgniter))
11 FCPATH\index.php(59): CodeIgniter\Boot::bootWeb(Object(Config\Paths))
12 SYSTEMPATH\rewrite.php(44): require_once('C:\\Users\\ASUS\\Downloads\\Projectmagang_dr\\Projectmagang_dr\\public\\index.php')
WARNING - 2026-08-21 14:27:29 --> [DEPRECATED] Passing lowercase HTTP method "post" is deprecated. Use uppercase HTTP method like "POST". in SYSTEMPATH\Router\RouteCollection.php on line 1026.
 1 SYSTEMPATH\Router\RouteCollection.php(1026): trigger_error('Passing lowercase HTTP method "post" is deprecated. Use uppercase HTTP method like "POST".', 16384)
 2 APPPATH\Config\Routes.php(167): CodeIgniter\Router\RouteCollection->match([...], 'logbook', '\\App\\Controllers\\Kabid\\C_LogbookKabid::index')
 3 SYSTEMPATH\Router\RouteCollection.php(799): CodeIgniter\Router\RouteCollection::{closure:C:\Users\ASUS\Downloads\Projectmagang_dr\Projectmagang_dr\app\Config\Routes.php:153}(Object(CodeIgniter\Router\RouteCollection))
 4 APPPATH\Config\Routes.php(153): CodeIgniter\Router\RouteCollection->group('kabid', [...], Object(Closure))
 5 SYSTEMPATH\Router\RouteCollection.php(339): require('C:\\Users\\ASUS\\Downloads\\Projectmagang_dr\\Projectmagang_dr\\app\\Config\\Routes.php')
 6 SYSTEMPATH\CodeIgniter.php(841): CodeIgniter\Router\RouteCollection->loadRoutes()
 7 SYSTEMPATH\CodeIgniter.php(464): CodeIgniter\CodeIgniter->tryToRouteIt(null)
 8 SYSTEMPATH\CodeIgniter.php(363): CodeIgniter\CodeIgniter->handleRequest(null, Object(Config\Cache), false)
 9 SYSTEMPATH\Boot.php(417): CodeIgniter\CodeIgniter->run()
10 SYSTEMPATH\Boot.php(68): CodeIgniter\Boot::runCodeIgniter(Object(CodeIgniter\CodeIgniter))
11 FCPATH\index.php(59): CodeIgniter\Boot::bootWeb(Object(Config\Paths))
12 SYSTEMPATH\rewrite.php(44): require_once('C:\\Users\\ASUS\\Downloads\\Projectmagang_dr\\Projectmagang_dr\\public\\index.php')
WARNING - 2026-08-21 14:27:29 --> [DEPRECATED] Passing lowercase HTTP method "get" is deprecated. Use uppercase HTTP method like "GET". in SYSTEMPATH\Router\RouteCollection.php on line 1026.
 1 SYSTEMPATH\Router\RouteCollection.php(1026): trigger_error('Passing lowercase HTTP method "get" is deprecated. Use uppercase HTTP method like "GET".', 16384)
 2 APPPATH\Config\Routes.php(179): CodeIgniter\Router\RouteCollection->match([...], 'upload-dokumen', '\\App\\Controllers\\Kabid\\C_UploadDokumen::index')
 3 SYSTEMPATH\Router\RouteCollection.php(799): CodeIgniter\Router\RouteCollection::{closure:C:\Users\ASUS\Downloads\Projectmagang_dr\Projectmagang_dr\app\Config\Routes.php:153}(Object(CodeIgniter\Router\RouteCollection))
 4 APPPATH\Config\Routes.php(153): CodeIgniter\Router\RouteCollection->group('kabid', [...], Object(Closure))
 5 SYSTEMPATH\Router\RouteCollection.php(339): require('C:\\Users\\ASUS\\Downloads\\Projectmagang_dr\\Projectmagang_dr\\app\\Config\\Routes.php')
 6 SYSTEMPATH\CodeIgniter.php(841): CodeIgniter\Router\RouteCollection->loadRoutes()
 7 SYSTEMPATH\CodeIgniter.php(464): CodeIgniter\CodeIgniter->tryToRouteIt(null)
 8 SYSTEMPATH\CodeIgniter.php(363): CodeIgniter\CodeIgniter->handleRequest(null, Object(Config\Cache), false)
 9 SYSTEMPATH\Boot.php(417): CodeIgniter\CodeIgniter->run()
10 SYSTEMPATH\Boot.php(68): CodeIgniter\Boot::runCodeIgniter(Object(CodeIgniter\CodeIgniter))
11 FCPATH\index.php(59): CodeIgniter\Boot::bootWeb(Object(Config\Paths))
12 SYSTEMPATH\rewrite.php(44): require_once('C:\\Users\\ASUS\\Downloads\\Projectmagang_dr\\Projectmagang_dr\\public\\index.php')
WARNING - 2026-08-21 14:27:29 --> [DEPRECATED] Passing lowercase HTTP method "post" is deprecated. Use uppercase HTTP method like "POST". in SYSTEMPATH\Router\RouteCollection.php on line 1026.
 1 SYSTEMPATH\Router\RouteCollection.php(1026): trigger_error('Passing lowercase HTTP method "post" is deprecated. Use uppercase HTTP method like "POST".', 16384)
 2 APPPATH\Config\Routes.php(179): CodeIgniter\Router\RouteCollection->match([...], 'upload-dokumen', '\\App\\Controllers\\Kabid\\C_UploadDokumen::index')
 3 SYSTEMPATH\Router\RouteCollection.php(799): CodeIgniter\Router\RouteCollection::{closure:C:\Users\ASUS\Downloads\Projectmagang_dr\Projectmagang_dr\app\Config\Routes.php:153}(Object(CodeIgniter\Router\RouteCollection))
 4 APPPATH\Config\Routes.php(153): CodeIgniter\Router\RouteCollection->group('kabid', [...], Object(Closure))
 5 SYSTEMPATH\Router\RouteCollection.php(339): require('C:\\Users\\ASUS\\Downloads\\Projectmagang_dr\\Projectmagang_dr\\app\\Config\\Routes.php')
 6 SYSTEMPATH\CodeIgniter.php(841): CodeIgniter\Router\RouteCollection->loadRoutes()
 7 SYSTEMPATH\CodeIgniter.php(464): CodeIgniter\CodeIgniter->tryToRouteIt(null)
 8 SYSTEMPATH\CodeIgniter.php(363): CodeIgniter\CodeIgniter->handleRequest(null, Object(Config\Cache), false)
 9 SYSTEMPATH\Boot.php(417): CodeIgniter\CodeIgniter->run()
10 SYSTEMPATH\Boot.php(68): CodeIgniter\Boot::runCodeIgniter(Object(CodeIgniter\CodeIgniter))
11 FCPATH\index.php(59): CodeIgniter\Boot::bootWeb(Object(Config\Paths))
12 SYSTEMPATH\rewrite.php(44): require_once('C:\\Users\\ASUS\\Downloads\\Projectmagang_dr\\Projectmagang_dr\\public\\index.php')
DEBUG - 2026-08-21 14:27:29 --> Session: Class initialized using 'CodeIgniter\Session\Handlers\FileHandler' driver.
WARNING - 2026-08-21 14:27:31 --> [DEPRECATED] Passing lowercase HTTP method "get" is deprecated. Use uppercase HTTP method like "GET". in SYSTEMPATH\Router\RouteCollection.php on line 1026.
 1 SYSTEMPATH\Router\RouteCollection.php(1026): trigger_error('Passing lowercase HTTP method "get" is deprecated. Use uppercase HTTP method like "GET".', 16384)
 2 APPPATH\Config\Routes.php(77): CodeIgniter\Router\RouteCollection->match([...], 'logbook', 'C_Logbook::logbook')
 3 SYSTEMPATH\Router\RouteCollection.php(799): CodeIgniter\Router\RouteCollection::{closure:C:\Users\ASUS\Downloads\Projectmagang_dr\Projectmagang_dr\app\Config\Routes.php:59}(Object(CodeIgniter\Router\RouteCollection))
 4 APPPATH\Config\Routes.php(59): CodeIgniter\Router\RouteCollection->group('mahasiswa', [...], Object(Closure))
 5 SYSTEMPATH\Router\RouteCollection.php(339): require('C:\\Users\\ASUS\\Downloads\\Projectmagang_dr\\Projectmagang_dr\\app\\Config\\Routes.php')
 6 SYSTEMPATH\CodeIgniter.php(841): CodeIgniter\Router\RouteCollection->loadRoutes()
 7 SYSTEMPATH\CodeIgniter.php(464): CodeIgniter\CodeIgniter->tryToRouteIt(null)
 8 SYSTEMPATH\CodeIgniter.php(363): CodeIgniter\CodeIgniter->handleRequest(null, Object(Config\Cache), false)
 9 SYSTEMPATH\Boot.php(417): CodeIgniter\CodeIgniter->run()
10 SYSTEMPATH\Boot.php(68): CodeIgniter\Boot::runCodeIgniter(Object(CodeIgniter\CodeIgniter))
11 FCPATH\index.php(59): CodeIgniter\Boot::bootWeb(Object(Config\Paths))
12 SYSTEMPATH\rewrite.php(44): require_once('C:\\Users\\ASUS\\Downloads\\Projectmagang_dr\\Projectmagang_dr\\public\\index.php')
WARNING - 2026-08-21 14:27:31 --> [DEPRECATED] Passing lowercase HTTP method "post" is deprecated. Use uppercase HTTP method like "POST". in SYSTEMPATH\Router\RouteCollection.php on line 1026.
 1 SYSTEMPATH\Router\RouteCollection.php(1026): trigger_error('Passing lowercase HTTP method "post" is deprecated. Use uppercase HTTP method like "POST".', 16384)
 2 APPPATH\Config\Routes.php(77): CodeIgniter\Router\RouteCollection->match([...], 'logbook', 'C_Logbook::logbook')
 3 SYSTEMPATH\Router\RouteCollection.php(799): CodeIgniter\Router\RouteCollection::{closure:C:\Users\ASUS\Downloads\Projectmagang_dr\Projectmagang_dr\app\Config\Routes.php:59}(Object(CodeIgniter\Router\RouteCollection))
 4 APPPATH\Config\Routes.php(59): CodeIgniter\Router\RouteCollection->group('mahasiswa', [...], Object(Closure))
 5 SYSTEMPATH\Router\RouteCollection.php(339): require('C:\\Users\\ASUS\\Downloads\\Projectmagang_dr\\Projectmagang_dr\\app\\Config\\Routes.php')
 6 SYSTEMPATH\CodeIgniter.php(841): CodeIgniter\Router\RouteCollection->loadRoutes()
 7 SYSTEMPATH\CodeIgniter.php(464): CodeIgniter\CodeIgniter->tryToRouteIt(null)
 8 SYSTEMPATH\CodeIgniter.php(363): CodeIgniter\CodeIgniter->handleRequest(null, Object(Config\Cache), false)
 9 SYSTEMPATH\Boot.php(417): CodeIgniter\CodeIgniter->run()
10 SYSTEMPATH\Boot.php(68): CodeIgniter\Boot::runCodeIgniter(Object(CodeIgniter\CodeIgniter))
11 FCPATH\index.php(59): CodeIgniter\Boot::bootWeb(Object(Config\Paths))
12 SYSTEMPATH\rewrite.php(44): require_once('C:\\Users\\ASUS\\Downloads\\Projectmagang_dr\\Projectmagang_dr\\public\\index.php')
WARNING - 2026-08-21 14:27:31 --> [DEPRECATED] Passing lowercase HTTP method "get" is deprecated. Use uppercase HTTP method like "GET". in SYSTEMPATH\Router\RouteCollection.php on line 1026.
 1 SYSTEMPATH\Router\RouteCollection.php(1026): trigger_error('Passing lowercase HTTP method "get" is deprecated. Use uppercase HTTP method like "GET".', 16384)
 2 APPPATH\Config\Routes.php(95): CodeIgniter\Router\RouteCollection->match([...], 'verifikasi', '\\App\\Controllers\\Sekretariat\\C_Verifikasi::index')
 3 SYSTEMPATH\Router\RouteCollection.php(799): CodeIgniter\Router\RouteCollection::{closure:C:\Users\ASUS\Downloads\Projectmagang_dr\Projectmagang_dr\app\Config\Routes.php:89}(Object(CodeIgniter\Router\RouteCollection))
 4 APPPATH\Config\Routes.php(89): CodeIgniter\Router\RouteCollection->group('sekretariat', [...], Object(Closure))
 5 SYSTEMPATH\Router\RouteCollection.php(339): require('C:\\Users\\ASUS\\Downloads\\Projectmagang_dr\\Projectmagang_dr\\app\\Config\\Routes.php')
 6 SYSTEMPATH\CodeIgniter.php(841): CodeIgniter\Router\RouteCollection->loadRoutes()
 7 SYSTEMPATH\CodeIgniter.php(464): CodeIgniter\CodeIgniter->tryToRouteIt(null)
 8 SYSTEMPATH\CodeIgniter.php(363): CodeIgniter\CodeIgniter->handleRequest(null, Object(Config\Cache), false)
 9 SYSTEMPATH\Boot.php(417): CodeIgniter\CodeIgniter->run()
10 SYSTEMPATH\Boot.php(68): CodeIgniter\Boot::runCodeIgniter(Object(CodeIgniter\CodeIgniter))
11 FCPATH\index.php(59): CodeIgniter\Boot::bootWeb(Object(Config\Paths))
12 SYSTEMPATH\rewrite.php(44): require_once('C:\\Users\\ASUS\\Downloads\\Projectmagang_dr\\Projectmagang_dr\\public\\index.php')
WARNING - 2026-08-21 14:27:31 --> [DEPRECATED] Passing lowercase HTTP method "post" is deprecated. Use uppercase HTTP method like "POST". in SYSTEMPATH\Router\RouteCollection.php on line 1026.
 1 SYSTEMPATH\Router\RouteCollection.php(1026): trigger_error('Passing lowercase HTTP method "post" is deprecated. Use uppercase HTTP method like "POST".', 16384)
 2 APPPATH\Config\Routes.php(95): CodeIgniter\Router\RouteCollection->match([...], 'verifikasi', '\\App\\Controllers\\Sekretariat\\C_Verifikasi::index')
 3 SYSTEMPATH\Router\RouteCollection.php(799): CodeIgniter\Router\RouteCollection::{closure:C:\Users\ASUS\Downloads\Projectmagang_dr\Projectmagang_dr\app\Config\Routes.php:89}(Object(CodeIgniter\Router\RouteCollection))
 4 APPPATH\Config\Routes.php(89): CodeIgniter\Router\RouteCollection->group('sekretariat', [...], Object(Closure))
 5 SYSTEMPATH\Router\RouteCollection.php(339): require('C:\\Users\\ASUS\\Downloads\\Projectmagang_dr\\Projectmagang_dr\\app\\Config\\Routes.php')
 6 SYSTEMPATH\CodeIgniter.php(841): CodeIgniter\Router\RouteCollection->loadRoutes()
 7 SYSTEMPATH\CodeIgniter.php(464): CodeIgniter\CodeIgniter->tryToRouteIt(null)
 8 SYSTEMPATH\CodeIgniter.php(363): CodeIgniter\CodeIgniter->handleRequest(null, Object(Config\Cache), false)
 9 SYSTEMPATH\Boot.php(417): CodeIgniter\CodeIgniter->run()
10 SYSTEMPATH\Boot.php(68): CodeIgniter\Boot::runCodeIgniter(Object(CodeIgniter\CodeIgniter))
11 FCPATH\index.php(59): CodeIgniter\Boot::bootWeb(Object(Config\Paths))
12 SYSTEMPATH\rewrite.php(44): require_once('C:\\Users\\ASUS\\Downloads\\Projectmagang_dr\\Projectmagang_dr\\public\\index.php')
WARNING - 2026-08-21 14:27:31 --> [DEPRECATED] Passing lowercase HTTP method "get" is deprecated. Use uppercase HTTP method like "GET". in SYSTEMPATH\Router\RouteCollection.php on line 1026.
 1 SYSTEMPATH\Router\RouteCollection.php(1026): trigger_error('Passing lowercase HTTP method "get" is deprecated. Use uppercase HTTP method like "GET".', 16384)
 2 APPPATH\Config\Routes.php(144): CodeIgniter\Router\RouteCollection->match([...], 'upload-surat-penerimaan', '\\App\\Controllers\\Sekretariat\\C_UploadSuratPenerimaan::index')
 3 SYSTEMPATH\Router\RouteCollection.php(799): CodeIgniter\Router\RouteCollection::{closure:C:\Users\ASUS\Downloads\Projectmagang_dr\Projectmagang_dr\app\Config\Routes.php:89}(Object(CodeIgniter\Router\RouteCollection))
 4 APPPATH\Config\Routes.php(89): CodeIgniter\Router\RouteCollection->group('sekretariat', [...], Object(Closure))
 5 SYSTEMPATH\Router\RouteCollection.php(339): require('C:\\Users\\ASUS\\Downloads\\Projectmagang_dr\\Projectmagang_dr\\app\\Config\\Routes.php')
 6 SYSTEMPATH\CodeIgniter.php(841): CodeIgniter\Router\RouteCollection->loadRoutes()
 7 SYSTEMPATH\CodeIgniter.php(464): CodeIgniter\CodeIgniter->tryToRouteIt(null)
 8 SYSTEMPATH\CodeIgniter.php(363): CodeIgniter\CodeIgniter->handleRequest(null, Object(Config\Cache), false)
 9 SYSTEMPATH\Boot.php(417): CodeIgniter\CodeIgniter->run()
10 SYSTEMPATH\Boot.php(68): CodeIgniter\Boot::runCodeIgniter(Object(CodeIgniter\CodeIgniter))
11 FCPATH\index.php(59): CodeIgniter\Boot::bootWeb(Object(Config\Paths))
12 SYSTEMPATH\rewrite.php(44): require_once('C:\\Users\\ASUS\\Downloads\\Projectmagang_dr\\Projectmagang_dr\\public\\index.php')
WARNING - 2026-08-21 14:27:31 --> [DEPRECATED] Passing lowercase HTTP method "post" is deprecated. Use uppercase HTTP method like "POST". in SYSTEMPATH\Router\RouteCollection.php on line 1026.
 1 SYSTEMPATH\Router\RouteCollection.php(1026): trigger_error('Passing lowercase HTTP method "post" is deprecated. Use uppercase HTTP method like "POST".', 16384)
 2 APPPATH\Config\Routes.php(144): CodeIgniter\Router\RouteCollection->match([...], 'upload-surat-penerimaan', '\\App\\Controllers\\Sekretariat\\C_UploadSuratPenerimaan::index')
 3 SYSTEMPATH\Router\RouteCollection.php(799): CodeIgniter\Router\RouteCollection::{closure:C:\Users\ASUS\Downloads\Projectmagang_dr\Projectmagang_dr\app\Config\Routes.php:89}(Object(CodeIgniter\Router\RouteCollection))
 4 APPPATH\Config\Routes.php(89): CodeIgniter\Router\RouteCollection->group('sekretariat', [...], Object(Closure))
 5 SYSTEMPATH\Router\RouteCollection.php(339): require('C:\\Users\\ASUS\\Downloads\\Projectmagang_dr\\Projectmagang_dr\\app\\Config\\Routes.php')
 6 SYSTEMPATH\CodeIgniter.php(841): CodeIgniter\Router\RouteCollection->loadRoutes()
 7 SYSTEMPATH\CodeIgniter.php(464): CodeIgniter\CodeIgniter->tryToRouteIt(null)
 8 SYSTEMPATH\CodeIgniter.php(363): CodeIgniter\CodeIgniter->handleRequest(null, Object(Config\Cache), false)
 9 SYSTEMPATH\Boot.php(417): CodeIgniter\CodeIgniter->run()
10 SYSTEMPATH\Boot.php(68): CodeIgniter\Boot::runCodeIgniter(Object(CodeIgniter\CodeIgniter))
11 FCPATH\index.php(59): CodeIgniter\Boot::bootWeb(Object(Config\Paths))
12 SYSTEMPATH\rewrite.php(44): require_once('C:\\Users\\ASUS\\Downloads\\Projectmagang_dr\\Projectmagang_dr\\public\\index.php')
WARNING - 2026-08-21 14:27:31 --> [DEPRECATED] Passing lowercase HTTP method "get" is deprecated. Use uppercase HTTP method like "GET". in SYSTEMPATH\Router\RouteCollection.php on line 1026.
 1 SYSTEMPATH\Router\RouteCollection.php(1026): trigger_error('Passing lowercase HTTP method "get" is deprecated. Use uppercase HTTP method like "GET".', 16384)
 2 APPPATH\Config\Routes.php(167): CodeIgniter\Router\RouteCollection->match([...], 'logbook', '\\App\\Controllers\\Kabid\\C_LogbookKabid::index')
 3 SYSTEMPATH\Router\RouteCollection.php(799): CodeIgniter\Router\RouteCollection::{closure:C:\Users\ASUS\Downloads\Projectmagang_dr\Projectmagang_dr\app\Config\Routes.php:153}(Object(CodeIgniter\Router\RouteCollection))
 4 APPPATH\Config\Routes.php(153): CodeIgniter\Router\RouteCollection->group('kabid', [...], Object(Closure))
 5 SYSTEMPATH\Router\RouteCollection.php(339): require('C:\\Users\\ASUS\\Downloads\\Projectmagang_dr\\Projectmagang_dr\\app\\Config\\Routes.php')
 6 SYSTEMPATH\CodeIgniter.php(841): CodeIgniter\Router\RouteCollection->loadRoutes()
 7 SYSTEMPATH\CodeIgniter.php(464): CodeIgniter\CodeIgniter->tryToRouteIt(null)
 8 SYSTEMPATH\CodeIgniter.php(363): CodeIgniter\CodeIgniter->handleRequest(null, Object(Config\Cache), false)
 9 SYSTEMPATH\Boot.php(417): CodeIgniter\CodeIgniter->run()
10 SYSTEMPATH\Boot.php(68): CodeIgniter\Boot::runCodeIgniter(Object(CodeIgniter\CodeIgniter))
11 FCPATH\index.php(59): CodeIgniter\Boot::bootWeb(Object(Config\Paths))
12 SYSTEMPATH\rewrite.php(44): require_once('C:\\Users\\ASUS\\Downloads\\Projectmagang_dr\\Projectmagang_dr\\public\\index.php')
WARNING - 2026-08-21 14:27:31 --> [DEPRECATED] Passing lowercase HTTP method "post" is deprecated. Use uppercase HTTP method like "POST". in SYSTEMPATH\Router\RouteCollection.php on line 1026.
 1 SYSTEMPATH\Router\RouteCollection.php(1026): trigger_error('Passing lowercase HTTP method "post" is deprecated. Use uppercase HTTP method like "POST".', 16384)
 2 APPPATH\Config\Routes.php(167): CodeIgniter\Router\RouteCollection->match([...], 'logbook', '\\App\\Controllers\\Kabid\\C_LogbookKabid::index')
 3 SYSTEMPATH\Router\RouteCollection.php(799): CodeIgniter\Router\RouteCollection::{closure:C:\Users\ASUS\Downloads\Projectmagang_dr\Projectmagang_dr\app\Config\Routes.php:153}(Object(CodeIgniter\Router\RouteCollection))
 4 APPPATH\Config\Routes.php(153): CodeIgniter\Router\RouteCollection->group('kabid', [...], Object(Closure))
 5 SYSTEMPATH\Router\RouteCollection.php(339): require('C:\\Users\\ASUS\\Downloads\\Projectmagang_dr\\Projectmagang_dr\\app\\Config\\Routes.php')
 6 SYSTEMPATH\CodeIgniter.php(841): CodeIgniter\Router\RouteCollection->loadRoutes()
 7 SYSTEMPATH\CodeIgniter.php(464): CodeIgniter\CodeIgniter->tryToRouteIt(null)
 8 SYSTEMPATH\CodeIgniter.php(363): CodeIgniter\CodeIgniter->handleRequest(null, Object(Config\Cache), false)
 9 SYSTEMPATH\Boot.php(417): CodeIgniter\CodeIgniter->run()
10 SYSTEMPATH\Boot.php(68): CodeIgniter\Boot::runCodeIgniter(Object(CodeIgniter\CodeIgniter))
11 FCPATH\index.php(59): CodeIgniter\Boot::bootWeb(Object(Config\Paths))
12 SYSTEMPATH\rewrite.php(44): require_once('C:\\Users\\ASUS\\Downloads\\Projectmagang_dr\\Projectmagang_dr\\public\\index.php')
WARNING - 2026-08-21 14:27:31 --> [DEPRECATED] Passing lowercase HTTP method "get" is deprecated. Use uppercase HTTP method like "GET". in SYSTEMPATH\Router\RouteCollection.php on line 1026.
 1 SYSTEMPATH\Router\RouteCollection.php(1026): trigger_error('Passing lowercase HTTP method "get" is deprecated. Use uppercase HTTP method like "GET".', 16384)
 2 APPPATH\Config\Routes.php(179): CodeIgniter\Router\RouteCollection->match([...], 'upload-dokumen', '\\App\\Controllers\\Kabid\\C_UploadDokumen::index')
 3 SYSTEMPATH\Router\RouteCollection.php(799): CodeIgniter\Router\RouteCollection::{closure:C:\Users\ASUS\Downloads\Projectmagang_dr\Projectmagang_dr\app\Config\Routes.php:153}(Object(CodeIgniter\Router\RouteCollection))
 4 APPPATH\Config\Routes.php(153): CodeIgniter\Router\RouteCollection->group('kabid', [...], Object(Closure))
 5 SYSTEMPATH\Router\RouteCollection.php(339): require('C:\\Users\\ASUS\\Downloads\\Projectmagang_dr\\Projectmagang_dr\\app\\Config\\Routes.php')
 6 SYSTEMPATH\CodeIgniter.php(841): CodeIgniter\Router\RouteCollection->loadRoutes()
 7 SYSTEMPATH\CodeIgniter.php(464): CodeIgniter\CodeIgniter->tryToRouteIt(null)
 8 SYSTEMPATH\CodeIgniter.php(363): CodeIgniter\CodeIgniter->handleRequest(null, Object(Config\Cache), false)
 9 SYSTEMPATH\Boot.php(417): CodeIgniter\CodeIgniter->run()
10 SYSTEMPATH\Boot.php(68): CodeIgniter\Boot::runCodeIgniter(Object(CodeIgniter\CodeIgniter))
11 FCPATH\index.php(59): CodeIgniter\Boot::bootWeb(Object(Config\Paths))
12 SYSTEMPATH\rewrite.php(44): require_once('C:\\Users\\ASUS\\Downloads\\Projectmagang_dr\\Projectmagang_dr\\public\\index.php')
WARNING - 2026-08-21 14:27:31 --> [DEPRECATED] Passing lowercase HTTP method "post" is deprecated. Use uppercase HTTP method like "POST". in SYSTEMPATH\Router\RouteCollection.php on line 1026.
 1 SYSTEMPATH\Router\RouteCollection.php(1026): trigger_error('Passing lowercase HTTP method "post" is deprecated. Use uppercase HTTP method like "POST".', 16384)
 2 APPPATH\Config\Routes.php(179): CodeIgniter\Router\RouteCollection->match([...], 'upload-dokumen', '\\App\\Controllers\\Kabid\\C_UploadDokumen::index')
 3 SYSTEMPATH\Router\RouteCollection.php(799): CodeIgniter\Router\RouteCollection::{closure:C:\Users\ASUS\Downloads\Projectmagang_dr\Projectmagang_dr\app\Config\Routes.php:153}(Object(CodeIgniter\Router\RouteCollection))
 4 APPPATH\Config\Routes.php(153): CodeIgniter\Router\RouteCollection->group('kabid', [...], Object(Closure))
 5 SYSTEMPATH\Router\RouteCollection.php(339): require('C:\\Users\\ASUS\\Downloads\\Projectmagang_dr\\Projectmagang_dr\\app\\Config\\Routes.php')
 6 SYSTEMPATH\CodeIgniter.php(841): CodeIgniter\Router\RouteCollection->loadRoutes()
 7 SYSTEMPATH\CodeIgniter.php(464): CodeIgniter\CodeIgniter->tryToRouteIt(null)
 8 SYSTEMPATH\CodeIgniter.php(363): CodeIgniter\CodeIgniter->handleRequest(null, Object(Config\Cache), false)
 9 SYSTEMPATH\Boot.php(417): CodeIgniter\CodeIgniter->run()
10 SYSTEMPATH\Boot.php(68): CodeIgniter\Boot::runCodeIgniter(Object(CodeIgniter\CodeIgniter))
11 FCPATH\index.php(59): CodeIgniter\Boot::bootWeb(Object(Config\Paths))
12 SYSTEMPATH\rewrite.php(44): require_once('C:\\Users\\ASUS\\Downloads\\Projectmagang_dr\\Projectmagang_dr\\public\\index.php')
DEBUG - 2026-08-21 14:27:31 --> Session: Class initialized using 'CodeIgniter\Session\Handlers\FileHandler' driver.
WARNING - 2026-08-21 14:27:46 --> [DEPRECATED] Passing lowercase HTTP method "get" is deprecated. Use uppercase HTTP method like "GET". in SYSTEMPATH\Router\RouteCollection.php on line 1026.
 1 SYSTEMPATH\Router\RouteCollection.php(1026): trigger_error('Passing lowercase HTTP method "get" is deprecated. Use uppercase HTTP method like "GET".', 16384)
 2 APPPATH\Config\Routes.php(77): CodeIgniter\Router\RouteCollection->match([...], 'logbook', 'C_Logbook::logbook')
 3 SYSTEMPATH\Router\RouteCollection.php(799): CodeIgniter\Router\RouteCollection::{closure:C:\Users\ASUS\Downloads\Projectmagang_dr\Projectmagang_dr\app\Config\Routes.php:59}(Object(CodeIgniter\Router\RouteCollection))
 4 APPPATH\Config\Routes.php(59): CodeIgniter\Router\RouteCollection->group('mahasiswa', [...], Object(Closure))
 5 SYSTEMPATH\Router\RouteCollection.php(339): require('C:\\Users\\ASUS\\Downloads\\Projectmagang_dr\\Projectmagang_dr\\app\\Config\\Routes.php')
 6 SYSTEMPATH\CodeIgniter.php(841): CodeIgniter\Router\RouteCollection->loadRoutes()
 7 SYSTEMPATH\CodeIgniter.php(464): CodeIgniter\CodeIgniter->tryToRouteIt(null)
 8 SYSTEMPATH\CodeIgniter.php(363): CodeIgniter\CodeIgniter->handleRequest(null, Object(Config\Cache), false)
 9 SYSTEMPATH\Boot.php(417): CodeIgniter\CodeIgniter->run()
10 SYSTEMPATH\Boot.php(68): CodeIgniter\Boot::runCodeIgniter(Object(CodeIgniter\CodeIgniter))
11 FCPATH\index.php(59): CodeIgniter\Boot::bootWeb(Object(Config\Paths))
12 SYSTEMPATH\rewrite.php(44): require_once('C:\\Users\\ASUS\\Downloads\\Projectmagang_dr\\Projectmagang_dr\\public\\index.php')
WARNING - 2026-08-21 14:27:46 --> [DEPRECATED] Passing lowercase HTTP method "post" is deprecated. Use uppercase HTTP method like "POST". in SYSTEMPATH\Router\RouteCollection.php on line 1026.
 1 SYSTEMPATH\Router\RouteCollection.php(1026): trigger_error('Passing lowercase HTTP method "post" is deprecated. Use uppercase HTTP method like "POST".', 16384)
 2 APPPATH\Config\Routes.php(77): CodeIgniter\Router\RouteCollection->match([...], 'logbook', 'C_Logbook::logbook')
 3 SYSTEMPATH\Router\RouteCollection.php(799): CodeIgniter\Router\RouteCollection::{closure:C:\Users\ASUS\Downloads\Projectmagang_dr\Projectmagang_dr\app\Config\Routes.php:59}(Object(CodeIgniter\Router\RouteCollection))
 4 APPPATH\Config\Routes.php(59): CodeIgniter\Router\RouteCollection->group('mahasiswa', [...], Object(Closure))
 5 SYSTEMPATH\Router\RouteCollection.php(339): require('C:\\Users\\ASUS\\Downloads\\Projectmagang_dr\\Projectmagang_dr\\app\\Config\\Routes.php')
 6 SYSTEMPATH\CodeIgniter.php(841): CodeIgniter\Router\RouteCollection->loadRoutes()
 7 SYSTEMPATH\CodeIgniter.php(464): CodeIgniter\CodeIgniter->tryToRouteIt(null)
 8 SYSTEMPATH\CodeIgniter.php(363): CodeIgniter\CodeIgniter->handleRequest(null, Object(Config\Cache), false)
 9 SYSTEMPATH\Boot.php(417): CodeIgniter\CodeIgniter->run()
10 SYSTEMPATH\Boot.php(68): CodeIgniter\Boot::runCodeIgniter(Object(CodeIgniter\CodeIgniter))
11 FCPATH\index.php(59): CodeIgniter\Boot::bootWeb(Object(Config\Paths))
12 SYSTEMPATH\rewrite.php(44): require_once('C:\\Users\\ASUS\\Downloads\\Projectmagang_dr\\Projectmagang_dr\\public\\index.php')
WARNING - 2026-08-21 14:27:46 --> [DEPRECATED] Passing lowercase HTTP method "get" is deprecated. Use uppercase HTTP method like "GET". in SYSTEMPATH\Router\RouteCollection.php on line 1026.
 1 SYSTEMPATH\Router\RouteCollection.php(1026): trigger_error('Passing lowercase HTTP method "get" is deprecated. Use uppercase HTTP method like "GET".', 16384)
 2 APPPATH\Config\Routes.php(95): CodeIgniter\Router\RouteCollection->match([...], 'verifikasi', '\\App\\Controllers\\Sekretariat\\C_Verifikasi::index')
 3 SYSTEMPATH\Router\RouteCollection.php(799): CodeIgniter\Router\RouteCollection::{closure:C:\Users\ASUS\Downloads\Projectmagang_dr\Projectmagang_dr\app\Config\Routes.php:89}(Object(CodeIgniter\Router\RouteCollection))
 4 APPPATH\Config\Routes.php(89): CodeIgniter\Router\RouteCollection->group('sekretariat', [...], Object(Closure))
 5 SYSTEMPATH\Router\RouteCollection.php(339): require('C:\\Users\\ASUS\\Downloads\\Projectmagang_dr\\Projectmagang_dr\\app\\Config\\Routes.php')
 6 SYSTEMPATH\CodeIgniter.php(841): CodeIgniter\Router\RouteCollection->loadRoutes()
 7 SYSTEMPATH\CodeIgniter.php(464): CodeIgniter\CodeIgniter->tryToRouteIt(null)
 8 SYSTEMPATH\CodeIgniter.php(363): CodeIgniter\CodeIgniter->handleRequest(null, Object(Config\Cache), false)
 9 SYSTEMPATH\Boot.php(417): CodeIgniter\CodeIgniter->run()
10 SYSTEMPATH\Boot.php(68): CodeIgniter\Boot::runCodeIgniter(Object(CodeIgniter\CodeIgniter))
11 FCPATH\index.php(59): CodeIgniter\Boot::bootWeb(Object(Config\Paths))
12 SYSTEMPATH\rewrite.php(44): require_once('C:\\Users\\ASUS\\Downloads\\Projectmagang_dr\\Projectmagang_dr\\public\\index.php')
WARNING - 2026-08-21 14:27:46 --> [DEPRECATED] Passing lowercase HTTP method "post" is deprecated. Use uppercase HTTP method like "POST". in SYSTEMPATH\Router\RouteCollection.php on line 1026.
 1 SYSTEMPATH\Router\RouteCollection.php(1026): trigger_error('Passing lowercase HTTP method "post" is deprecated. Use uppercase HTTP method like "POST".', 16384)
 2 APPPATH\Config\Routes.php(95): CodeIgniter\Router\RouteCollection->match([...], 'verifikasi', '\\App\\Controllers\\Sekretariat\\C_Verifikasi::index')
 3 SYSTEMPATH\Router\RouteCollection.php(799): CodeIgniter\Router\RouteCollection::{closure:C:\Users\ASUS\Downloads\Projectmagang_dr\Projectmagang_dr\app\Config\Routes.php:89}(Object(CodeIgniter\Router\RouteCollection))
 4 APPPATH\Config\Routes.php(89): CodeIgniter\Router\RouteCollection->group('sekretariat', [...], Object(Closure))
 5 SYSTEMPATH\Router\RouteCollection.php(339): require('C:\\Users\\ASUS\\Downloads\\Projectmagang_dr\\Projectmagang_dr\\app\\Config\\Routes.php')
 6 SYSTEMPATH\CodeIgniter.php(841): CodeIgniter\Router\RouteCollection->loadRoutes()
 7 SYSTEMPATH\CodeIgniter.php(464): CodeIgniter\CodeIgniter->tryToRouteIt(null)
 8 SYSTEMPATH\CodeIgniter.php(363): CodeIgniter\CodeIgniter->handleRequest(null, Object(Config\Cache), false)
 9 SYSTEMPATH\Boot.php(417): CodeIgniter\CodeIgniter->run()
10 SYSTEMPATH\Boot.php(68): CodeIgniter\Boot::runCodeIgniter(Object(CodeIgniter\CodeIgniter))
11 FCPATH\index.php(59): CodeIgniter\Boot::bootWeb(Object(Config\Paths))
12 SYSTEMPATH\rewrite.php(44): require_once('C:\\Users\\ASUS\\Downloads\\Projectmagang_dr\\Projectmagang_dr\\public\\index.php')
WARNING - 2026-08-21 14:27:46 --> [DEPRECATED] Passing lowercase HTTP method "get" is deprecated. Use uppercase HTTP method like "GET". in SYSTEMPATH\Router\RouteCollection.php on line 1026.
 1 SYSTEMPATH\Router\RouteCollection.php(1026): trigger_error('Passing lowercase HTTP method "get" is deprecated. Use uppercase HTTP method like "GET".', 16384)
 2 APPPATH\Config\Routes.php(144): CodeIgniter\Router\RouteCollection->match([...], 'upload-surat-penerimaan', '\\App\\Controllers\\Sekretariat\\C_UploadSuratPenerimaan::index')
 3 SYSTEMPATH\Router\RouteCollection.php(799): CodeIgniter\Router\RouteCollection::{closure:C:\Users\ASUS\Downloads\Projectmagang_dr\Projectmagang_dr\app\Config\Routes.php:89}(Object(CodeIgniter\Router\RouteCollection))
 4 APPPATH\Config\Routes.php(89): CodeIgniter\Router\RouteCollection->group('sekretariat', [...], Object(Closure))
 5 SYSTEMPATH\Router\RouteCollection.php(339): require('C:\\Users\\ASUS\\Downloads\\Projectmagang_dr\\Projectmagang_dr\\app\\Config\\Routes.php')
 6 SYSTEMPATH\CodeIgniter.php(841): CodeIgniter\Router\RouteCollection->loadRoutes()
 7 SYSTEMPATH\CodeIgniter.php(464): CodeIgniter\CodeIgniter->tryToRouteIt(null)
 8 SYSTEMPATH\CodeIgniter.php(363): CodeIgniter\CodeIgniter->handleRequest(null, Object(Config\Cache), false)
 9 SYSTEMPATH\Boot.php(417): CodeIgniter\CodeIgniter->run()
10 SYSTEMPATH\Boot.php(68): CodeIgniter\Boot::runCodeIgniter(Object(CodeIgniter\CodeIgniter))
11 FCPATH\index.php(59): CodeIgniter\Boot::bootWeb(Object(Config\Paths))
12 SYSTEMPATH\rewrite.php(44): require_once('C:\\Users\\ASUS\\Downloads\\Projectmagang_dr\\Projectmagang_dr\\public\\index.php')
WARNING - 2026-08-21 14:27:46 --> [DEPRECATED] Passing lowercase HTTP method "post" is deprecated. Use uppercase HTTP method like "POST". in SYSTEMPATH\Router\RouteCollection.php on line 1026.
 1 SYSTEMPATH\Router\RouteCollection.php(1026): trigger_error('Passing lowercase HTTP method "post" is deprecated. Use uppercase HTTP method like "POST".', 16384)
 2 APPPATH\Config\Routes.php(144): CodeIgniter\Router\RouteCollection->match([...], 'upload-surat-penerimaan', '\\App\\Controllers\\Sekretariat\\C_UploadSuratPenerimaan::index')
 3 SYSTEMPATH\Router\RouteCollection.php(799): CodeIgniter\Router\RouteCollection::{closure:C:\Users\ASUS\Downloads\Projectmagang_dr\Projectmagang_dr\app\Config\Routes.php:89}(Object(CodeIgniter\Router\RouteCollection))
 4 APPPATH\Config\Routes.php(89): CodeIgniter\Router\RouteCollection->group('sekretariat', [...], Object(Closure))
 5 SYSTEMPATH\Router\RouteCollection.php(339): require('C:\\Users\\ASUS\\Downloads\\Projectmagang_dr\\Projectmagang_dr\\app\\Config\\Routes.php')
 6 SYSTEMPATH\CodeIgniter.php(841): CodeIgniter\Router\RouteCollection->loadRoutes()
 7 SYSTEMPATH\CodeIgniter.php(464): CodeIgniter\CodeIgniter->tryToRouteIt(null)
 8 SYSTEMPATH\CodeIgniter.php(363): CodeIgniter\CodeIgniter->handleRequest(null, Object(Config\Cache), false)
 9 SYSTEMPATH\Boot.php(417): CodeIgniter\CodeIgniter->run()
10 SYSTEMPATH\Boot.php(68): CodeIgniter\Boot::runCodeIgniter(Object(CodeIgniter\CodeIgniter))
11 FCPATH\index.php(59): CodeIgniter\Boot::bootWeb(Object(Config\Paths))
12 SYSTEMPATH\rewrite.php(44): require_once('C:\\Users\\ASUS\\Downloads\\Projectmagang_dr\\Projectmagang_dr\\public\\index.php')
WARNING - 2026-08-21 14:27:46 --> [DEPRECATED] Passing lowercase HTTP method "get" is deprecated. Use uppercase HTTP method like "GET". in SYSTEMPATH\Router\RouteCollection.php on line 1026.
 1 SYSTEMPATH\Router\RouteCollection.php(1026): trigger_error('Passing lowercase HTTP method "get" is deprecated. Use uppercase HTTP method like "GET".', 16384)
 2 APPPATH\Config\Routes.php(167): CodeIgniter\Router\RouteCollection->match([...], 'logbook', '\\App\\Controllers\\Kabid\\C_LogbookKabid::index')
 3 SYSTEMPATH\Router\RouteCollection.php(799): CodeIgniter\Router\RouteCollection::{closure:C:\Users\ASUS\Downloads\Projectmagang_dr\Projectmagang_dr\app\Config\Routes.php:153}(Object(CodeIgniter\Router\RouteCollection))
 4 APPPATH\Config\Routes.php(153): CodeIgniter\Router\RouteCollection->group('kabid', [...], Object(Closure))
 5 SYSTEMPATH\Router\RouteCollection.php(339): require('C:\\Users\\ASUS\\Downloads\\Projectmagang_dr\\Projectmagang_dr\\app\\Config\\Routes.php')
 6 SYSTEMPATH\CodeIgniter.php(841): CodeIgniter\Router\RouteCollection->loadRoutes()
 7 SYSTEMPATH\CodeIgniter.php(464): CodeIgniter\CodeIgniter->tryToRouteIt(null)
 8 SYSTEMPATH\CodeIgniter.php(363): CodeIgniter\CodeIgniter->handleRequest(null, Object(Config\Cache), false)
 9 SYSTEMPATH\Boot.php(417): CodeIgniter\CodeIgniter->run()
10 SYSTEMPATH\Boot.php(68): CodeIgniter\Boot::runCodeIgniter(Object(CodeIgniter\CodeIgniter))
11 FCPATH\index.php(59): CodeIgniter\Boot::bootWeb(Object(Config\Paths))
12 SYSTEMPATH\rewrite.php(44): require_once('C:\\Users\\ASUS\\Downloads\\Projectmagang_dr\\Projectmagang_dr\\public\\index.php')
WARNING - 2026-08-21 14:27:46 --> [DEPRECATED] Passing lowercase HTTP method "post" is deprecated. Use uppercase HTTP method like "POST". in SYSTEMPATH\Router\RouteCollection.php on line 1026.
 1 SYSTEMPATH\Router\RouteCollection.php(1026): trigger_error('Passing lowercase HTTP method "post" is deprecated. Use uppercase HTTP method like "POST".', 16384)
 2 APPPATH\Config\Routes.php(167): CodeIgniter\Router\RouteCollection->match([...], 'logbook', '\\App\\Controllers\\Kabid\\C_LogbookKabid::index')
 3 SYSTEMPATH\Router\RouteCollection.php(799): CodeIgniter\Router\RouteCollection::{closure:C:\Users\ASUS\Downloads\Projectmagang_dr\Projectmagang_dr\app\Config\Routes.php:153}(Object(CodeIgniter\Router\RouteCollection))
 4 APPPATH\Config\Routes.php(153): CodeIgniter\Router\RouteCollection->group('kabid', [...], Object(Closure))
 5 SYSTEMPATH\Router\RouteCollection.php(339): require('C:\\Users\\ASUS\\Downloads\\Projectmagang_dr\\Projectmagang_dr\\app\\Config\\Routes.php')
 6 SYSTEMPATH\CodeIgniter.php(841): CodeIgniter\Router\RouteCollection->loadRoutes()
 7 SYSTEMPATH\CodeIgniter.php(464): CodeIgniter\CodeIgniter->tryToRouteIt(null)
 8 SYSTEMPATH\CodeIgniter.php(363): CodeIgniter\CodeIgniter->handleRequest(null, Object(Config\Cache), false)
 9 SYSTEMPATH\Boot.php(417): CodeIgniter\CodeIgniter->run()
10 SYSTEMPATH\Boot.php(68): CodeIgniter\Boot::runCodeIgniter(Object(CodeIgniter\CodeIgniter))
11 FCPATH\index.php(59): CodeIgniter\Boot::bootWeb(Object(Config\Paths))
12 SYSTEMPATH\rewrite.php(44): require_once('C:\\Users\\ASUS\\Downloads\\Projectmagang_dr\\Projectmagang_dr\\public\\index.php')
WARNING - 2026-08-21 14:27:46 --> [DEPRECATED] Passing lowercase HTTP method "get" is deprecated. Use uppercase HTTP method like "GET". in SYSTEMPATH\Router\RouteCollection.php on line 1026.
 1 SYSTEMPATH\Router\RouteCollection.php(1026): trigger_error('Passing lowercase HTTP method "get" is deprecated. Use uppercase HTTP method like "GET".', 16384)
 2 APPPATH\Config\Routes.php(179): CodeIgniter\Router\RouteCollection->match([...], 'upload-dokumen', '\\App\\Controllers\\Kabid\\C_UploadDokumen::index')
 3 SYSTEMPATH\Router\RouteCollection.php(799): CodeIgniter\Router\RouteCollection::{closure:C:\Users\ASUS\Downloads\Projectmagang_dr\Projectmagang_dr\app\Config\Routes.php:153}(Object(CodeIgniter\Router\RouteCollection))
 4 APPPATH\Config\Routes.php(153): CodeIgniter\Router\RouteCollection->group('kabid', [...], Object(Closure))
 5 SYSTEMPATH\Router\RouteCollection.php(339): require('C:\\Users\\ASUS\\Downloads\\Projectmagang_dr\\Projectmagang_dr\\app\\Config\\Routes.php')
 6 SYSTEMPATH\CodeIgniter.php(841): CodeIgniter\Router\RouteCollection->loadRoutes()
 7 SYSTEMPATH\CodeIgniter.php(464): CodeIgniter\CodeIgniter->tryToRouteIt(null)
 8 SYSTEMPATH\CodeIgniter.php(363): CodeIgniter\CodeIgniter->handleRequest(null, Object(Config\Cache), false)
 9 SYSTEMPATH\Boot.php(417): CodeIgniter\CodeIgniter->run()
10 SYSTEMPATH\Boot.php(68): CodeIgniter\Boot::runCodeIgniter(Object(CodeIgniter\CodeIgniter))
11 FCPATH\index.php(59): CodeIgniter\Boot::bootWeb(Object(Config\Paths))
12 SYSTEMPATH\rewrite.php(44): require_once('C:\\Users\\ASUS\\Downloads\\Projectmagang_dr\\Projectmagang_dr\\public\\index.php')
WARNING - 2026-08-21 14:27:46 --> [DEPRECATED] Passing lowercase HTTP method "post" is deprecated. Use uppercase HTTP method like "POST". in SYSTEMPATH\Router\RouteCollection.php on line 1026.
 1 SYSTEMPATH\Router\RouteCollection.php(1026): trigger_error('Passing lowercase HTTP method "post" is deprecated. Use uppercase HTTP method like "POST".', 16384)
 2 APPPATH\Config\Routes.php(179): CodeIgniter\Router\RouteCollection->match([...], 'upload-dokumen', '\\App\\Controllers\\Kabid\\C_UploadDokumen::index')
 3 SYSTEMPATH\Router\RouteCollection.php(799): CodeIgniter\Router\RouteCollection::{closure:C:\Users\ASUS\Downloads\Projectmagang_dr\Projectmagang_dr\app\Config\Routes.php:153}(Object(CodeIgniter\Router\RouteCollection))
 4 APPPATH\Config\Routes.php(153): CodeIgniter\Router\RouteCollection->group('kabid', [...], Object(Closure))
 5 SYSTEMPATH\Router\RouteCollection.php(339): require('C:\\Users\\ASUS\\Downloads\\Projectmagang_dr\\Projectmagang_dr\\app\\Config\\Routes.php')
 6 SYSTEMPATH\CodeIgniter.php(841): CodeIgniter\Router\RouteCollection->loadRoutes()
 7 SYSTEMPATH\CodeIgniter.php(464): CodeIgniter\CodeIgniter->tryToRouteIt(null)
 8 SYSTEMPATH\CodeIgniter.php(363): CodeIgniter\CodeIgniter->handleRequest(null, Object(Config\Cache), false)
 9 SYSTEMPATH\Boot.php(417): CodeIgniter\CodeIgniter->run()
10 SYSTEMPATH\Boot.php(68): CodeIgniter\Boot::runCodeIgniter(Object(CodeIgniter\CodeIgniter))
11 FCPATH\index.php(59): CodeIgniter\Boot::bootWeb(Object(Config\Paths))
12 SYSTEMPATH\rewrite.php(44): require_once('C:\\Users\\ASUS\\Downloads\\Projectmagang_dr\\Projectmagang_dr\\public\\index.php')
DEBUG - 2026-08-21 14:27:47 --> Session: Class initialized using 'CodeIgniter\Session\Handlers\FileHandler' driver.
WARNING - 2026-08-21 14:27:47 --> [DEPRECATED] Passing lowercase HTTP method "get" is deprecated. Use uppercase HTTP method like "GET". in SYSTEMPATH\Router\RouteCollection.php on line 1026.
 1 SYSTEMPATH\Router\RouteCollection.php(1026): trigger_error('Passing lowercase HTTP method "get" is deprecated. Use uppercase HTTP method like "GET".', 16384)
 2 APPPATH\Config\Routes.php(77): CodeIgniter\Router\RouteCollection->match([...], 'logbook', 'C_Logbook::logbook')
 3 SYSTEMPATH\Router\RouteCollection.php(799): CodeIgniter\Router\RouteCollection::{closure:C:\Users\ASUS\Downloads\Projectmagang_dr\Projectmagang_dr\app\Config\Routes.php:59}(Object(CodeIgniter\Router\RouteCollection))
 4 APPPATH\Config\Routes.php(59): CodeIgniter\Router\RouteCollection->group('mahasiswa', [...], Object(Closure))
 5 SYSTEMPATH\Router\RouteCollection.php(339): require('C:\\Users\\ASUS\\Downloads\\Projectmagang_dr\\Projectmagang_dr\\app\\Config\\Routes.php')
 6 SYSTEMPATH\CodeIgniter.php(841): CodeIgniter\Router\RouteCollection->loadRoutes()
 7 SYSTEMPATH\CodeIgniter.php(464): CodeIgniter\CodeIgniter->tryToRouteIt(null)
 8 SYSTEMPATH\CodeIgniter.php(363): CodeIgniter\CodeIgniter->handleRequest(null, Object(Config\Cache), false)
 9 SYSTEMPATH\Boot.php(417): CodeIgniter\CodeIgniter->run()
10 SYSTEMPATH\Boot.php(68): CodeIgniter\Boot::runCodeIgniter(Object(CodeIgniter\CodeIgniter))
11 FCPATH\index.php(59): CodeIgniter\Boot::bootWeb(Object(Config\Paths))
12 SYSTEMPATH\rewrite.php(44): require_once('C:\\Users\\ASUS\\Downloads\\Projectmagang_dr\\Projectmagang_dr\\public\\index.php')
WARNING - 2026-08-21 14:27:47 --> [DEPRECATED] Passing lowercase HTTP method "post" is deprecated. Use uppercase HTTP method like "POST". in SYSTEMPATH\Router\RouteCollection.php on line 1026.
 1 SYSTEMPATH\Router\RouteCollection.php(1026): trigger_error('Passing lowercase HTTP method "post" is deprecated. Use uppercase HTTP method like "POST".', 16384)
 2 APPPATH\Config\Routes.php(77): CodeIgniter\Router\RouteCollection->match([...], 'logbook', 'C_Logbook::logbook')
 3 SYSTEMPATH\Router\RouteCollection.php(799): CodeIgniter\Router\RouteCollection::{closure:C:\Users\ASUS\Downloads\Projectmagang_dr\Projectmagang_dr\app\Config\Routes.php:59}(Object(CodeIgniter\Router\RouteCollection))
 4 APPPATH\Config\Routes.php(59): CodeIgniter\Router\RouteCollection->group('mahasiswa', [...], Object(Closure))
 5 SYSTEMPATH\Router\RouteCollection.php(339): require('C:\\Users\\ASUS\\Downloads\\Projectmagang_dr\\Projectmagang_dr\\app\\Config\\Routes.php')
 6 SYSTEMPATH\CodeIgniter.php(841): CodeIgniter\Router\RouteCollection->loadRoutes()
 7 SYSTEMPATH\CodeIgniter.php(464): CodeIgniter\CodeIgniter->tryToRouteIt(null)
 8 SYSTEMPATH\CodeIgniter.php(363): CodeIgniter\CodeIgniter->handleRequest(null, Object(Config\Cache), false)
 9 SYSTEMPATH\Boot.php(417): CodeIgniter\CodeIgniter->run()
10 SYSTEMPATH\Boot.php(68): CodeIgniter\Boot::runCodeIgniter(Object(CodeIgniter\CodeIgniter))
11 FCPATH\index.php(59): CodeIgniter\Boot::bootWeb(Object(Config\Paths))
12 SYSTEMPATH\rewrite.php(44): require_once('C:\\Users\\ASUS\\Downloads\\Projectmagang_dr\\Projectmagang_dr\\public\\index.php')
WARNING - 2026-08-21 14:27:47 --> [DEPRECATED] Passing lowercase HTTP method "get" is deprecated. Use uppercase HTTP method like "GET". in SYSTEMPATH\Router\RouteCollection.php on line 1026.
 1 SYSTEMPATH\Router\RouteCollection.php(1026): trigger_error('Passing lowercase HTTP method "get" is deprecated. Use uppercase HTTP method like "GET".', 16384)
 2 APPPATH\Config\Routes.php(95): CodeIgniter\Router\RouteCollection->match([...], 'verifikasi', '\\App\\Controllers\\Sekretariat\\C_Verifikasi::index')
 3 SYSTEMPATH\Router\RouteCollection.php(799): CodeIgniter\Router\RouteCollection::{closure:C:\Users\ASUS\Downloads\Projectmagang_dr\Projectmagang_dr\app\Config\Routes.php:89}(Object(CodeIgniter\Router\RouteCollection))
 4 APPPATH\Config\Routes.php(89): CodeIgniter\Router\RouteCollection->group('sekretariat', [...], Object(Closure))
 5 SYSTEMPATH\Router\RouteCollection.php(339): require('C:\\Users\\ASUS\\Downloads\\Projectmagang_dr\\Projectmagang_dr\\app\\Config\\Routes.php')
 6 SYSTEMPATH\CodeIgniter.php(841): CodeIgniter\Router\RouteCollection->loadRoutes()
 7 SYSTEMPATH\CodeIgniter.php(464): CodeIgniter\CodeIgniter->tryToRouteIt(null)
 8 SYSTEMPATH\CodeIgniter.php(363): CodeIgniter\CodeIgniter->handleRequest(null, Object(Config\Cache), false)
 9 SYSTEMPATH\Boot.php(417): CodeIgniter\CodeIgniter->run()
10 SYSTEMPATH\Boot.php(68): CodeIgniter\Boot::runCodeIgniter(Object(CodeIgniter\CodeIgniter))
11 FCPATH\index.php(59): CodeIgniter\Boot::bootWeb(Object(Config\Paths))
12 SYSTEMPATH\rewrite.php(44): require_once('C:\\Users\\ASUS\\Downloads\\Projectmagang_dr\\Projectmagang_dr\\public\\index.php')
WARNING - 2026-08-21 14:27:47 --> [DEPRECATED] Passing lowercase HTTP method "post" is deprecated. Use uppercase HTTP method like "POST". in SYSTEMPATH\Router\RouteCollection.php on line 1026.
 1 SYSTEMPATH\Router\RouteCollection.php(1026): trigger_error('Passing lowercase HTTP method "post" is deprecated. Use uppercase HTTP method like "POST".', 16384)
 2 APPPATH\Config\Routes.php(95): CodeIgniter\Router\RouteCollection->match([...], 'verifikasi', '\\App\\Controllers\\Sekretariat\\C_Verifikasi::index')
 3 SYSTEMPATH\Router\RouteCollection.php(799): CodeIgniter\Router\RouteCollection::{closure:C:\Users\ASUS\Downloads\Projectmagang_dr\Projectmagang_dr\app\Config\Routes.php:89}(Object(CodeIgniter\Router\RouteCollection))
 4 APPPATH\Config\Routes.php(89): CodeIgniter\Router\RouteCollection->group('sekretariat', [...], Object(Closure))
 5 SYSTEMPATH\Router\RouteCollection.php(339): require('C:\\Users\\ASUS\\Downloads\\Projectmagang_dr\\Projectmagang_dr\\app\\Config\\Routes.php')
 6 SYSTEMPATH\CodeIgniter.php(841): CodeIgniter\Router\RouteCollection->loadRoutes()
 7 SYSTEMPATH\CodeIgniter.php(464): CodeIgniter\CodeIgniter->tryToRouteIt(null)
 8 SYSTEMPATH\CodeIgniter.php(363): CodeIgniter\CodeIgniter->handleRequest(null, Object(Config\Cache), false)
 9 SYSTEMPATH\Boot.php(417): CodeIgniter\CodeIgniter->run()
10 SYSTEMPATH\Boot.php(68): CodeIgniter\Boot::runCodeIgniter(Object(CodeIgniter\CodeIgniter))
11 FCPATH\index.php(59): CodeIgniter\Boot::bootWeb(Object(Config\Paths))
12 SYSTEMPATH\rewrite.php(44): require_once('C:\\Users\\ASUS\\Downloads\\Projectmagang_dr\\Projectmagang_dr\\public\\index.php')
WARNING - 2026-08-21 14:27:47 --> [DEPRECATED] Passing lowercase HTTP method "get" is deprecated. Use uppercase HTTP method like "GET". in SYSTEMPATH\Router\RouteCollection.php on line 1026.
 1 SYSTEMPATH\Router\RouteCollection.php(1026): trigger_error('Passing lowercase HTTP method "get" is deprecated. Use uppercase HTTP method like "GET".', 16384)
 2 APPPATH\Config\Routes.php(144): CodeIgniter\Router\RouteCollection->match([...], 'upload-surat-penerimaan', '\\App\\Controllers\\Sekretariat\\C_UploadSuratPenerimaan::index')
 3 SYSTEMPATH\Router\RouteCollection.php(799): CodeIgniter\Router\RouteCollection::{closure:C:\Users\ASUS\Downloads\Projectmagang_dr\Projectmagang_dr\app\Config\Routes.php:89}(Object(CodeIgniter\Router\RouteCollection))
 4 APPPATH\Config\Routes.php(89): CodeIgniter\Router\RouteCollection->group('sekretariat', [...], Object(Closure))
 5 SYSTEMPATH\Router\RouteCollection.php(339): require('C:\\Users\\ASUS\\Downloads\\Projectmagang_dr\\Projectmagang_dr\\app\\Config\\Routes.php')
 6 SYSTEMPATH\CodeIgniter.php(841): CodeIgniter\Router\RouteCollection->loadRoutes()
 7 SYSTEMPATH\CodeIgniter.php(464): CodeIgniter\CodeIgniter->tryToRouteIt(null)
 8 SYSTEMPATH\CodeIgniter.php(363): CodeIgniter\CodeIgniter->handleRequest(null, Object(Config\Cache), false)
 9 SYSTEMPATH\Boot.php(417): CodeIgniter\CodeIgniter->run()
10 SYSTEMPATH\Boot.php(68): CodeIgniter\Boot::runCodeIgniter(Object(CodeIgniter\CodeIgniter))
11 FCPATH\index.php(59): CodeIgniter\Boot::bootWeb(Object(Config\Paths))
12 SYSTEMPATH\rewrite.php(44): require_once('C:\\Users\\ASUS\\Downloads\\Projectmagang_dr\\Projectmagang_dr\\public\\index.php')
WARNING - 2026-08-21 14:27:47 --> [DEPRECATED] Passing lowercase HTTP method "post" is deprecated. Use uppercase HTTP method like "POST". in SYSTEMPATH\Router\RouteCollection.php on line 1026.
 1 SYSTEMPATH\Router\RouteCollection.php(1026): trigger_error('Passing lowercase HTTP method "post" is deprecated. Use uppercase HTTP method like "POST".', 16384)
 2 APPPATH\Config\Routes.php(144): CodeIgniter\Router\RouteCollection->match([...], 'upload-surat-penerimaan', '\\App\\Controllers\\Sekretariat\\C_UploadSuratPenerimaan::index')
 3 SYSTEMPATH\Router\RouteCollection.php(799): CodeIgniter\Router\RouteCollection::{closure:C:\Users\ASUS\Downloads\Projectmagang_dr\Projectmagang_dr\app\Config\Routes.php:89}(Object(CodeIgniter\Router\RouteCollection))
 4 APPPATH\Config\Routes.php(89): CodeIgniter\Router\RouteCollection->group('sekretariat', [...], Object(Closure))
 5 SYSTEMPATH\Router\RouteCollection.php(339): require('C:\\Users\\ASUS\\Downloads\\Projectmagang_dr\\Projectmagang_dr\\app\\Config\\Routes.php')
 6 SYSTEMPATH\CodeIgniter.php(841): CodeIgniter\Router\RouteCollection->loadRoutes()
 7 SYSTEMPATH\CodeIgniter.php(464): CodeIgniter\CodeIgniter->tryToRouteIt(null)
 8 SYSTEMPATH\CodeIgniter.php(363): CodeIgniter\CodeIgniter->handleRequest(null, Object(Config\Cache), false)
 9 SYSTEMPATH\Boot.php(417): CodeIgniter\CodeIgniter->run()
10 SYSTEMPATH\Boot.php(68): CodeIgniter\Boot::runCodeIgniter(Object(CodeIgniter\CodeIgniter))
11 FCPATH\index.php(59): CodeIgniter\Boot::bootWeb(Object(Config\Paths))
12 SYSTEMPATH\rewrite.php(44): require_once('C:\\Users\\ASUS\\Downloads\\Projectmagang_dr\\Projectmagang_dr\\public\\index.php')
WARNING - 2026-08-21 14:27:47 --> [DEPRECATED] Passing lowercase HTTP method "get" is deprecated. Use uppercase HTTP method like "GET". in SYSTEMPATH\Router\RouteCollection.php on line 1026.
 1 SYSTEMPATH\Router\RouteCollection.php(1026): trigger_error('Passing lowercase HTTP method "get" is deprecated. Use uppercase HTTP method like "GET".', 16384)
 2 APPPATH\Config\Routes.php(167): CodeIgniter\Router\RouteCollection->match([...], 'logbook', '\\App\\Controllers\\Kabid\\C_LogbookKabid::index')
 3 SYSTEMPATH\Router\RouteCollection.php(799): CodeIgniter\Router\RouteCollection::{closure:C:\Users\ASUS\Downloads\Projectmagang_dr\Projectmagang_dr\app\Config\Routes.php:153}(Object(CodeIgniter\Router\RouteCollection))
 4 APPPATH\Config\Routes.php(153): CodeIgniter\Router\RouteCollection->group('kabid', [...], Object(Closure))
 5 SYSTEMPATH\Router\RouteCollection.php(339): require('C:\\Users\\ASUS\\Downloads\\Projectmagang_dr\\Projectmagang_dr\\app\\Config\\Routes.php')
 6 SYSTEMPATH\CodeIgniter.php(841): CodeIgniter\Router\RouteCollection->loadRoutes()
 7 SYSTEMPATH\CodeIgniter.php(464): CodeIgniter\CodeIgniter->tryToRouteIt(null)
 8 SYSTEMPATH\CodeIgniter.php(363): CodeIgniter\CodeIgniter->handleRequest(null, Object(Config\Cache), false)
 9 SYSTEMPATH\Boot.php(417): CodeIgniter\CodeIgniter->run()
10 SYSTEMPATH\Boot.php(68): CodeIgniter\Boot::runCodeIgniter(Object(CodeIgniter\CodeIgniter))
11 FCPATH\index.php(59): CodeIgniter\Boot::bootWeb(Object(Config\Paths))
12 SYSTEMPATH\rewrite.php(44): require_once('C:\\Users\\ASUS\\Downloads\\Projectmagang_dr\\Projectmagang_dr\\public\\index.php')
WARNING - 2026-08-21 14:27:47 --> [DEPRECATED] Passing lowercase HTTP method "post" is deprecated. Use uppercase HTTP method like "POST". in SYSTEMPATH\Router\RouteCollection.php on line 1026.
 1 SYSTEMPATH\Router\RouteCollection.php(1026): trigger_error('Passing lowercase HTTP method "post" is deprecated. Use uppercase HTTP method like "POST".', 16384)
 2 APPPATH\Config\Routes.php(167): CodeIgniter\Router\RouteCollection->match([...], 'logbook', '\\App\\Controllers\\Kabid\\C_LogbookKabid::index')
 3 SYSTEMPATH\Router\RouteCollection.php(799): CodeIgniter\Router\RouteCollection::{closure:C:\Users\ASUS\Downloads\Projectmagang_dr\Projectmagang_dr\app\Config\Routes.php:153}(Object(CodeIgniter\Router\RouteCollection))
 4 APPPATH\Config\Routes.php(153): CodeIgniter\Router\RouteCollection->group('kabid', [...], Object(Closure))
 5 SYSTEMPATH\Router\RouteCollection.php(339): require('C:\\Users\\ASUS\\Downloads\\Projectmagang_dr\\Projectmagang_dr\\app\\Config\\Routes.php')
 6 SYSTEMPATH\CodeIgniter.php(841): CodeIgniter\Router\RouteCollection->loadRoutes()
 7 SYSTEMPATH\CodeIgniter.php(464): CodeIgniter\CodeIgniter->tryToRouteIt(null)
 8 SYSTEMPATH\CodeIgniter.php(363): CodeIgniter\CodeIgniter->handleRequest(null, Object(Config\Cache), false)
 9 SYSTEMPATH\Boot.php(417): CodeIgniter\CodeIgniter->run()
10 SYSTEMPATH\Boot.php(68): CodeIgniter\Boot::runCodeIgniter(Object(CodeIgniter\CodeIgniter))
11 FCPATH\index.php(59): CodeIgniter\Boot::bootWeb(Object(Config\Paths))
12 SYSTEMPATH\rewrite.php(44): require_once('C:\\Users\\ASUS\\Downloads\\Projectmagang_dr\\Projectmagang_dr\\public\\index.php')
WARNING - 2026-08-21 14:27:47 --> [DEPRECATED] Passing lowercase HTTP method "get" is deprecated. Use uppercase HTTP method like "GET". in SYSTEMPATH\Router\RouteCollection.php on line 1026.
 1 SYSTEMPATH\Router\RouteCollection.php(1026): trigger_error('Passing lowercase HTTP method "get" is deprecated. Use uppercase HTTP method like "GET".', 16384)
 2 APPPATH\Config\Routes.php(179): CodeIgniter\Router\RouteCollection->match([...], 'upload-dokumen', '\\App\\Controllers\\Kabid\\C_UploadDokumen::index')
 3 SYSTEMPATH\Router\RouteCollection.php(799): CodeIgniter\Router\RouteCollection::{closure:C:\Users\ASUS\Downloads\Projectmagang_dr\Projectmagang_dr\app\Config\Routes.php:153}(Object(CodeIgniter\Router\RouteCollection))
 4 APPPATH\Config\Routes.php(153): CodeIgniter\Router\RouteCollection->group('kabid', [...], Object(Closure))
 5 SYSTEMPATH\Router\RouteCollection.php(339): require('C:\\Users\\ASUS\\Downloads\\Projectmagang_dr\\Projectmagang_dr\\app\\Config\\Routes.php')
 6 SYSTEMPATH\CodeIgniter.php(841): CodeIgniter\Router\RouteCollection->loadRoutes()
 7 SYSTEMPATH\CodeIgniter.php(464): CodeIgniter\CodeIgniter->tryToRouteIt(null)
 8 SYSTEMPATH\CodeIgniter.php(363): CodeIgniter\CodeIgniter->handleRequest(null, Object(Config\Cache), false)
 9 SYSTEMPATH\Boot.php(417): CodeIgniter\CodeIgniter->run()
10 SYSTEMPATH\Boot.php(68): CodeIgniter\Boot::runCodeIgniter(Object(CodeIgniter\CodeIgniter))
11 FCPATH\index.php(59): CodeIgniter\Boot::bootWeb(Object(Config\Paths))
12 SYSTEMPATH\rewrite.php(44): require_once('C:\\Users\\ASUS\\Downloads\\Projectmagang_dr\\Projectmagang_dr\\public\\index.php')
WARNING - 2026-08-21 14:27:47 --> [DEPRECATED] Passing lowercase HTTP method "post" is deprecated. Use uppercase HTTP method like "POST". in SYSTEMPATH\Router\RouteCollection.php on line 1026.
 1 SYSTEMPATH\Router\RouteCollection.php(1026): trigger_error('Passing lowercase HTTP method "post" is deprecated. Use uppercase HTTP method like "POST".', 16384)
 2 APPPATH\Config\Routes.php(179): CodeIgniter\Router\RouteCollection->match([...], 'upload-dokumen', '\\App\\Controllers\\Kabid\\C_UploadDokumen::index')
 3 SYSTEMPATH\Router\RouteCollection.php(799): CodeIgniter\Router\RouteCollection::{closure:C:\Users\ASUS\Downloads\Projectmagang_dr\Projectmagang_dr\app\Config\Routes.php:153}(Object(CodeIgniter\Router\RouteCollection))
 4 APPPATH\Config\Routes.php(153): CodeIgniter\Router\RouteCollection->group('kabid', [...], Object(Closure))
 5 SYSTEMPATH\Router\RouteCollection.php(339): require('C:\\Users\\ASUS\\Downloads\\Projectmagang_dr\\Projectmagang_dr\\app\\Config\\Routes.php')
 6 SYSTEMPATH\CodeIgniter.php(841): CodeIgniter\Router\RouteCollection->loadRoutes()
 7 SYSTEMPATH\CodeIgniter.php(464): CodeIgniter\CodeIgniter->tryToRouteIt(null)
 8 SYSTEMPATH\CodeIgniter.php(363): CodeIgniter\CodeIgniter->handleRequest(null, Object(Config\Cache), false)
 9 SYSTEMPATH\Boot.php(417): CodeIgniter\CodeIgniter->run()
10 SYSTEMPATH\Boot.php(68): CodeIgniter\Boot::runCodeIgniter(Object(CodeIgniter\CodeIgniter))
11 FCPATH\index.php(59): CodeIgniter\Boot::bootWeb(Object(Config\Paths))
12 SYSTEMPATH\rewrite.php(44): require_once('C:\\Users\\ASUS\\Downloads\\Projectmagang_dr\\Projectmagang_dr\\public\\index.php')
DEBUG - 2026-08-21 14:27:47 --> Session: Class initialized using 'CodeIgniter\Session\Handlers\FileHandler' driver.
WARNING - 2026-08-21 14:27:50 --> [DEPRECATED] Passing lowercase HTTP method "get" is deprecated. Use uppercase HTTP method like "GET". in SYSTEMPATH\Router\RouteCollection.php on line 1026.
 1 SYSTEMPATH\Router\RouteCollection.php(1026): trigger_error('Passing lowercase HTTP method "get" is deprecated. Use uppercase HTTP method like "GET".', 16384)
 2 APPPATH\Config\Routes.php(77): CodeIgniter\Router\RouteCollection->match([...], 'logbook', 'C_Logbook::logbook')
 3 SYSTEMPATH\Router\RouteCollection.php(799): CodeIgniter\Router\RouteCollection::{closure:C:\Users\ASUS\Downloads\Projectmagang_dr\Projectmagang_dr\app\Config\Routes.php:59}(Object(CodeIgniter\Router\RouteCollection))
 4 APPPATH\Config\Routes.php(59): CodeIgniter\Router\RouteCollection->group('mahasiswa', [...], Object(Closure))
 5 SYSTEMPATH\Router\RouteCollection.php(339): require('C:\\Users\\ASUS\\Downloads\\Projectmagang_dr\\Projectmagang_dr\\app\\Config\\Routes.php')
 6 SYSTEMPATH\CodeIgniter.php(841): CodeIgniter\Router\RouteCollection->loadRoutes()
 7 SYSTEMPATH\CodeIgniter.php(464): CodeIgniter\CodeIgniter->tryToRouteIt(null)
 8 SYSTEMPATH\CodeIgniter.php(363): CodeIgniter\CodeIgniter->handleRequest(null, Object(Config\Cache), false)
 9 SYSTEMPATH\Boot.php(417): CodeIgniter\CodeIgniter->run()
10 SYSTEMPATH\Boot.php(68): CodeIgniter\Boot::runCodeIgniter(Object(CodeIgniter\CodeIgniter))
11 FCPATH\index.php(59): CodeIgniter\Boot::bootWeb(Object(Config\Paths))
12 SYSTEMPATH\rewrite.php(44): require_once('C:\\Users\\ASUS\\Downloads\\Projectmagang_dr\\Projectmagang_dr\\public\\index.php')
WARNING - 2026-08-21 14:27:50 --> [DEPRECATED] Passing lowercase HTTP method "post" is deprecated. Use uppercase HTTP method like "POST". in SYSTEMPATH\Router\RouteCollection.php on line 1026.
 1 SYSTEMPATH\Router\RouteCollection.php(1026): trigger_error('Passing lowercase HTTP method "post" is deprecated. Use uppercase HTTP method like "POST".', 16384)
 2 APPPATH\Config\Routes.php(77): CodeIgniter\Router\RouteCollection->match([...], 'logbook', 'C_Logbook::logbook')
 3 SYSTEMPATH\Router\RouteCollection.php(799): CodeIgniter\Router\RouteCollection::{closure:C:\Users\ASUS\Downloads\Projectmagang_dr\Projectmagang_dr\app\Config\Routes.php:59}(Object(CodeIgniter\Router\RouteCollection))
 4 APPPATH\Config\Routes.php(59): CodeIgniter\Router\RouteCollection->group('mahasiswa', [...], Object(Closure))
 5 SYSTEMPATH\Router\RouteCollection.php(339): require('C:\\Users\\ASUS\\Downloads\\Projectmagang_dr\\Projectmagang_dr\\app\\Config\\Routes.php')
 6 SYSTEMPATH\CodeIgniter.php(841): CodeIgniter\Router\RouteCollection->loadRoutes()
 7 SYSTEMPATH\CodeIgniter.php(464): CodeIgniter\CodeIgniter->tryToRouteIt(null)
 8 SYSTEMPATH\CodeIgniter.php(363): CodeIgniter\CodeIgniter->handleRequest(null, Object(Config\Cache), false)
 9 SYSTEMPATH\Boot.php(417): CodeIgniter\CodeIgniter->run()
10 SYSTEMPATH\Boot.php(68): CodeIgniter\Boot::runCodeIgniter(Object(CodeIgniter\CodeIgniter))
11 FCPATH\index.php(59): CodeIgniter\Boot::bootWeb(Object(Config\Paths))
12 SYSTEMPATH\rewrite.php(44): require_once('C:\\Users\\ASUS\\Downloads\\Projectmagang_dr\\Projectmagang_dr\\public\\index.php')
WARNING - 2026-08-21 14:27:50 --> [DEPRECATED] Passing lowercase HTTP method "get" is deprecated. Use uppercase HTTP method like "GET". in SYSTEMPATH\Router\RouteCollection.php on line 1026.
 1 SYSTEMPATH\Router\RouteCollection.php(1026): trigger_error('Passing lowercase HTTP method "get" is deprecated. Use uppercase HTTP method like "GET".', 16384)
 2 APPPATH\Config\Routes.php(95): CodeIgniter\Router\RouteCollection->match([...], 'verifikasi', '\\App\\Controllers\\Sekretariat\\C_Verifikasi::index')
 3 SYSTEMPATH\Router\RouteCollection.php(799): CodeIgniter\Router\RouteCollection::{closure:C:\Users\ASUS\Downloads\Projectmagang_dr\Projectmagang_dr\app\Config\Routes.php:89}(Object(CodeIgniter\Router\RouteCollection))
 4 APPPATH\Config\Routes.php(89): CodeIgniter\Router\RouteCollection->group('sekretariat', [...], Object(Closure))
 5 SYSTEMPATH\Router\RouteCollection.php(339): require('C:\\Users\\ASUS\\Downloads\\Projectmagang_dr\\Projectmagang_dr\\app\\Config\\Routes.php')
 6 SYSTEMPATH\CodeIgniter.php(841): CodeIgniter\Router\RouteCollection->loadRoutes()
 7 SYSTEMPATH\CodeIgniter.php(464): CodeIgniter\CodeIgniter->tryToRouteIt(null)
 8 SYSTEMPATH\CodeIgniter.php(363): CodeIgniter\CodeIgniter->handleRequest(null, Object(Config\Cache), false)
 9 SYSTEMPATH\Boot.php(417): CodeIgniter\CodeIgniter->run()
10 SYSTEMPATH\Boot.php(68): CodeIgniter\Boot::runCodeIgniter(Object(CodeIgniter\CodeIgniter))
11 FCPATH\index.php(59): CodeIgniter\Boot::bootWeb(Object(Config\Paths))
12 SYSTEMPATH\rewrite.php(44): require_once('C:\\Users\\ASUS\\Downloads\\Projectmagang_dr\\Projectmagang_dr\\public\\index.php')
WARNING - 2026-08-21 14:27:50 --> [DEPRECATED] Passing lowercase HTTP method "post" is deprecated. Use uppercase HTTP method like "POST". in SYSTEMPATH\Router\RouteCollection.php on line 1026.
 1 SYSTEMPATH\Router\RouteCollection.php(1026): trigger_error('Passing lowercase HTTP method "post" is deprecated. Use uppercase HTTP method like "POST".', 16384)
 2 APPPATH\Config\Routes.php(95): CodeIgniter\Router\RouteCollection->match([...], 'verifikasi', '\\App\\Controllers\\Sekretariat\\C_Verifikasi::index')
 3 SYSTEMPATH\Router\RouteCollection.php(799): CodeIgniter\Router\RouteCollection::{closure:C:\Users\ASUS\Downloads\Projectmagang_dr\Projectmagang_dr\app\Config\Routes.php:89}(Object(CodeIgniter\Router\RouteCollection))
 4 APPPATH\Config\Routes.php(89): CodeIgniter\Router\RouteCollection->group('sekretariat', [...], Object(Closure))
 5 SYSTEMPATH\Router\RouteCollection.php(339): require('C:\\Users\\ASUS\\Downloads\\Projectmagang_dr\\Projectmagang_dr\\app\\Config\\Routes.php')
 6 SYSTEMPATH\CodeIgniter.php(841): CodeIgniter\Router\RouteCollection->loadRoutes()
 7 SYSTEMPATH\CodeIgniter.php(464): CodeIgniter\CodeIgniter->tryToRouteIt(null)
 8 SYSTEMPATH\CodeIgniter.php(363): CodeIgniter\CodeIgniter->handleRequest(null, Object(Config\Cache), false)
 9 SYSTEMPATH\Boot.php(417): CodeIgniter\CodeIgniter->run()
10 SYSTEMPATH\Boot.php(68): CodeIgniter\Boot::runCodeIgniter(Object(CodeIgniter\CodeIgniter))
11 FCPATH\index.php(59): CodeIgniter\Boot::bootWeb(Object(Config\Paths))
12 SYSTEMPATH\rewrite.php(44): require_once('C:\\Users\\ASUS\\Downloads\\Projectmagang_dr\\Projectmagang_dr\\public\\index.php')
WARNING - 2026-08-21 14:27:50 --> [DEPRECATED] Passing lowercase HTTP method "get" is deprecated. Use uppercase HTTP method like "GET". in SYSTEMPATH\Router\RouteCollection.php on line 1026.
 1 SYSTEMPATH\Router\RouteCollection.php(1026): trigger_error('Passing lowercase HTTP method "get" is deprecated. Use uppercase HTTP method like "GET".', 16384)
 2 APPPATH\Config\Routes.php(144): CodeIgniter\Router\RouteCollection->match([...], 'upload-surat-penerimaan', '\\App\\Controllers\\Sekretariat\\C_UploadSuratPenerimaan::index')
 3 SYSTEMPATH\Router\RouteCollection.php(799): CodeIgniter\Router\RouteCollection::{closure:C:\Users\ASUS\Downloads\Projectmagang_dr\Projectmagang_dr\app\Config\Routes.php:89}(Object(CodeIgniter\Router\RouteCollection))
 4 APPPATH\Config\Routes.php(89): CodeIgniter\Router\RouteCollection->group('sekretariat', [...], Object(Closure))
 5 SYSTEMPATH\Router\RouteCollection.php(339): require('C:\\Users\\ASUS\\Downloads\\Projectmagang_dr\\Projectmagang_dr\\app\\Config\\Routes.php')
 6 SYSTEMPATH\CodeIgniter.php(841): CodeIgniter\Router\RouteCollection->loadRoutes()
 7 SYSTEMPATH\CodeIgniter.php(464): CodeIgniter\CodeIgniter->tryToRouteIt(null)
 8 SYSTEMPATH\CodeIgniter.php(363): CodeIgniter\CodeIgniter->handleRequest(null, Object(Config\Cache), false)
 9 SYSTEMPATH\Boot.php(417): CodeIgniter\CodeIgniter->run()
10 SYSTEMPATH\Boot.php(68): CodeIgniter\Boot::runCodeIgniter(Object(CodeIgniter\CodeIgniter))
11 FCPATH\index.php(59): CodeIgniter\Boot::bootWeb(Object(Config\Paths))
12 SYSTEMPATH\rewrite.php(44): require_once('C:\\Users\\ASUS\\Downloads\\Projectmagang_dr\\Projectmagang_dr\\public\\index.php')
WARNING - 2026-08-21 14:27:50 --> [DEPRECATED] Passing lowercase HTTP method "post" is deprecated. Use uppercase HTTP method like "POST". in SYSTEMPATH\Router\RouteCollection.php on line 1026.
 1 SYSTEMPATH\Router\RouteCollection.php(1026): trigger_error('Passing lowercase HTTP method "post" is deprecated. Use uppercase HTTP method like "POST".', 16384)
 2 APPPATH\Config\Routes.php(144): CodeIgniter\Router\RouteCollection->match([...], 'upload-surat-penerimaan', '\\App\\Controllers\\Sekretariat\\C_UploadSuratPenerimaan::index')
 3 SYSTEMPATH\Router\RouteCollection.php(799): CodeIgniter\Router\RouteCollection::{closure:C:\Users\ASUS\Downloads\Projectmagang_dr\Projectmagang_dr\app\Config\Routes.php:89}(Object(CodeIgniter\Router\RouteCollection))
 4 APPPATH\Config\Routes.php(89): CodeIgniter\Router\RouteCollection->group('sekretariat', [...], Object(Closure))
 5 SYSTEMPATH\Router\RouteCollection.php(339): require('C:\\Users\\ASUS\\Downloads\\Projectmagang_dr\\Projectmagang_dr\\app\\Config\\Routes.php')
 6 SYSTEMPATH\CodeIgniter.php(841): CodeIgniter\Router\RouteCollection->loadRoutes()
 7 SYSTEMPATH\CodeIgniter.php(464): CodeIgniter\CodeIgniter->tryToRouteIt(null)
 8 SYSTEMPATH\CodeIgniter.php(363): CodeIgniter\CodeIgniter->handleRequest(null, Object(Config\Cache), false)
 9 SYSTEMPATH\Boot.php(417): CodeIgniter\CodeIgniter->run()
10 SYSTEMPATH\Boot.php(68): CodeIgniter\Boot::runCodeIgniter(Object(CodeIgniter\CodeIgniter))
11 FCPATH\index.php(59): CodeIgniter\Boot::bootWeb(Object(Config\Paths))
12 SYSTEMPATH\rewrite.php(44): require_once('C:\\Users\\ASUS\\Downloads\\Projectmagang_dr\\Projectmagang_dr\\public\\index.php')
WARNING - 2026-08-21 14:27:50 --> [DEPRECATED] Passing lowercase HTTP method "get" is deprecated. Use uppercase HTTP method like "GET". in SYSTEMPATH\Router\RouteCollection.php on line 1026.
 1 SYSTEMPATH\Router\RouteCollection.php(1026): trigger_error('Passing lowercase HTTP method "get" is deprecated. Use uppercase HTTP method like "GET".', 16384)
 2 APPPATH\Config\Routes.php(167): CodeIgniter\Router\RouteCollection->match([...], 'logbook', '\\App\\Controllers\\Kabid\\C_LogbookKabid::index')
 3 SYSTEMPATH\Router\RouteCollection.php(799): CodeIgniter\Router\RouteCollection::{closure:C:\Users\ASUS\Downloads\Projectmagang_dr\Projectmagang_dr\app\Config\Routes.php:153}(Object(CodeIgniter\Router\RouteCollection))
 4 APPPATH\Config\Routes.php(153): CodeIgniter\Router\RouteCollection->group('kabid', [...], Object(Closure))
 5 SYSTEMPATH\Router\RouteCollection.php(339): require('C:\\Users\\ASUS\\Downloads\\Projectmagang_dr\\Projectmagang_dr\\app\\Config\\Routes.php')
 6 SYSTEMPATH\CodeIgniter.php(841): CodeIgniter\Router\RouteCollection->loadRoutes()
 7 SYSTEMPATH\CodeIgniter.php(464): CodeIgniter\CodeIgniter->tryToRouteIt(null)
 8 SYSTEMPATH\CodeIgniter.php(363): CodeIgniter\CodeIgniter->handleRequest(null, Object(Config\Cache), false)
 9 SYSTEMPATH\Boot.php(417): CodeIgniter\CodeIgniter->run()
10 SYSTEMPATH\Boot.php(68): CodeIgniter\Boot::runCodeIgniter(Object(CodeIgniter\CodeIgniter))
11 FCPATH\index.php(59): CodeIgniter\Boot::bootWeb(Object(Config\Paths))
12 SYSTEMPATH\rewrite.php(44): require_once('C:\\Users\\ASUS\\Downloads\\Projectmagang_dr\\Projectmagang_dr\\public\\index.php')
WARNING - 2026-08-21 14:27:50 --> [DEPRECATED] Passing lowercase HTTP method "post" is deprecated. Use uppercase HTTP method like "POST". in SYSTEMPATH\Router\RouteCollection.php on line 1026.
 1 SYSTEMPATH\Router\RouteCollection.php(1026): trigger_error('Passing lowercase HTTP method "post" is deprecated. Use uppercase HTTP method like "POST".', 16384)
 2 APPPATH\Config\Routes.php(167): CodeIgniter\Router\RouteCollection->match([...], 'logbook', '\\App\\Controllers\\Kabid\\C_LogbookKabid::index')
 3 SYSTEMPATH\Router\RouteCollection.php(799): CodeIgniter\Router\RouteCollection::{closure:C:\Users\ASUS\Downloads\Projectmagang_dr\Projectmagang_dr\app\Config\Routes.php:153}(Object(CodeIgniter\Router\RouteCollection))
 4 APPPATH\Config\Routes.php(153): CodeIgniter\Router\RouteCollection->group('kabid', [...], Object(Closure))
 5 SYSTEMPATH\Router\RouteCollection.php(339): require('C:\\Users\\ASUS\\Downloads\\Projectmagang_dr\\Projectmagang_dr\\app\\Config\\Routes.php')
 6 SYSTEMPATH\CodeIgniter.php(841): CodeIgniter\Router\RouteCollection->loadRoutes()
 7 SYSTEMPATH\CodeIgniter.php(464): CodeIgniter\CodeIgniter->tryToRouteIt(null)
 8 SYSTEMPATH\CodeIgniter.php(363): CodeIgniter\CodeIgniter->handleRequest(null, Object(Config\Cache), false)
 9 SYSTEMPATH\Boot.php(417): CodeIgniter\CodeIgniter->run()
10 SYSTEMPATH\Boot.php(68): CodeIgniter\Boot::runCodeIgniter(Object(CodeIgniter\CodeIgniter))
11 FCPATH\index.php(59): CodeIgniter\Boot::bootWeb(Object(Config\Paths))
12 SYSTEMPATH\rewrite.php(44): require_once('C:\\Users\\ASUS\\Downloads\\Projectmagang_dr\\Projectmagang_dr\\public\\index.php')
WARNING - 2026-08-21 14:27:50 --> [DEPRECATED] Passing lowercase HTTP method "get" is deprecated. Use uppercase HTTP method like "GET". in SYSTEMPATH\Router\RouteCollection.php on line 1026.
 1 SYSTEMPATH\Router\RouteCollection.php(1026): trigger_error('Passing lowercase HTTP method "get" is deprecated. Use uppercase HTTP method like "GET".', 16384)
 2 APPPATH\Config\Routes.php(179): CodeIgniter\Router\RouteCollection->match([...], 'upload-dokumen', '\\App\\Controllers\\Kabid\\C_UploadDokumen::index')
 3 SYSTEMPATH\Router\RouteCollection.php(799): CodeIgniter\Router\RouteCollection::{closure:C:\Users\ASUS\Downloads\Projectmagang_dr\Projectmagang_dr\app\Config\Routes.php:153}(Object(CodeIgniter\Router\RouteCollection))
 4 APPPATH\Config\Routes.php(153): CodeIgniter\Router\RouteCollection->group('kabid', [...], Object(Closure))
 5 SYSTEMPATH\Router\RouteCollection.php(339): require('C:\\Users\\ASUS\\Downloads\\Projectmagang_dr\\Projectmagang_dr\\app\\Config\\Routes.php')
 6 SYSTEMPATH\CodeIgniter.php(841): CodeIgniter\Router\RouteCollection->loadRoutes()
 7 SYSTEMPATH\CodeIgniter.php(464): CodeIgniter\CodeIgniter->tryToRouteIt(null)
 8 SYSTEMPATH\CodeIgniter.php(363): CodeIgniter\CodeIgniter->handleRequest(null, Object(Config\Cache), false)
 9 SYSTEMPATH\Boot.php(417): CodeIgniter\CodeIgniter->run()
10 SYSTEMPATH\Boot.php(68): CodeIgniter\Boot::runCodeIgniter(Object(CodeIgniter\CodeIgniter))
11 FCPATH\index.php(59): CodeIgniter\Boot::bootWeb(Object(Config\Paths))
12 SYSTEMPATH\rewrite.php(44): require_once('C:\\Users\\ASUS\\Downloads\\Projectmagang_dr\\Projectmagang_dr\\public\\index.php')
WARNING - 2026-08-21 14:27:50 --> [DEPRECATED] Passing lowercase HTTP method "post" is deprecated. Use uppercase HTTP method like "POST". in SYSTEMPATH\Router\RouteCollection.php on line 1026.
 1 SYSTEMPATH\Router\RouteCollection.php(1026): trigger_error('Passing lowercase HTTP method "post" is deprecated. Use uppercase HTTP method like "POST".', 16384)
 2 APPPATH\Config\Routes.php(179): CodeIgniter\Router\RouteCollection->match([...], 'upload-dokumen', '\\App\\Controllers\\Kabid\\C_UploadDokumen::index')
 3 SYSTEMPATH\Router\RouteCollection.php(799): CodeIgniter\Router\RouteCollection::{closure:C:\Users\ASUS\Downloads\Projectmagang_dr\Projectmagang_dr\app\Config\Routes.php:153}(Object(CodeIgniter\Router\RouteCollection))
 4 APPPATH\Config\Routes.php(153): CodeIgniter\Router\RouteCollection->group('kabid', [...], Object(Closure))
 5 SYSTEMPATH\Router\RouteCollection.php(339): require('C:\\Users\\ASUS\\Downloads\\Projectmagang_dr\\Projectmagang_dr\\app\\Config\\Routes.php')
 6 SYSTEMPATH\CodeIgniter.php(841): CodeIgniter\Router\RouteCollection->loadRoutes()
 7 SYSTEMPATH\CodeIgniter.php(464): CodeIgniter\CodeIgniter->tryToRouteIt(null)
 8 SYSTEMPATH\CodeIgniter.php(363): CodeIgniter\CodeIgniter->handleRequest(null, Object(Config\Cache), false)
 9 SYSTEMPATH\Boot.php(417): CodeIgniter\CodeIgniter->run()
10 SYSTEMPATH\Boot.php(68): CodeIgniter\Boot::runCodeIgniter(Object(CodeIgniter\CodeIgniter))
11 FCPATH\index.php(59): CodeIgniter\Boot::bootWeb(Object(Config\Paths))
12 SYSTEMPATH\rewrite.php(44): require_once('C:\\Users\\ASUS\\Downloads\\Projectmagang_dr\\Projectmagang_dr\\public\\index.php')
DEBUG - 2026-08-21 14:27:50 --> Session: Class initialized using 'CodeIgniter\Session\Handlers\FileHandler' driver.
WARNING - 2026-08-21 14:27:56 --> [DEPRECATED] Passing lowercase HTTP method "get" is deprecated. Use uppercase HTTP method like "GET". in SYSTEMPATH\Router\RouteCollection.php on line 1026.
 1 SYSTEMPATH\Router\RouteCollection.php(1026): trigger_error('Passing lowercase HTTP method "get" is deprecated. Use uppercase HTTP method like "GET".', 16384)
 2 APPPATH\Config\Routes.php(77): CodeIgniter\Router\RouteCollection->match([...], 'logbook', 'C_Logbook::logbook')
 3 SYSTEMPATH\Router\RouteCollection.php(799): CodeIgniter\Router\RouteCollection::{closure:C:\Users\ASUS\Downloads\Projectmagang_dr\Projectmagang_dr\app\Config\Routes.php:59}(Object(CodeIgniter\Router\RouteCollection))
 4 APPPATH\Config\Routes.php(59): CodeIgniter\Router\RouteCollection->group('mahasiswa', [...], Object(Closure))
 5 SYSTEMPATH\Router\RouteCollection.php(339): require('C:\\Users\\ASUS\\Downloads\\Projectmagang_dr\\Projectmagang_dr\\app\\Config\\Routes.php')
 6 SYSTEMPATH\CodeIgniter.php(841): CodeIgniter\Router\RouteCollection->loadRoutes()
 7 SYSTEMPATH\CodeIgniter.php(464): CodeIgniter\CodeIgniter->tryToRouteIt(null)
 8 SYSTEMPATH\CodeIgniter.php(363): CodeIgniter\CodeIgniter->handleRequest(null, Object(Config\Cache), false)
 9 SYSTEMPATH\Boot.php(417): CodeIgniter\CodeIgniter->run()
10 SYSTEMPATH\Boot.php(68): CodeIgniter\Boot::runCodeIgniter(Object(CodeIgniter\CodeIgniter))
11 FCPATH\index.php(59): CodeIgniter\Boot::bootWeb(Object(Config\Paths))
12 SYSTEMPATH\rewrite.php(44): require_once('C:\\Users\\ASUS\\Downloads\\Projectmagang_dr\\Projectmagang_dr\\public\\index.php')
WARNING - 2026-08-21 14:27:56 --> [DEPRECATED] Passing lowercase HTTP method "post" is deprecated. Use uppercase HTTP method like "POST". in SYSTEMPATH\Router\RouteCollection.php on line 1026.
 1 SYSTEMPATH\Router\RouteCollection.php(1026): trigger_error('Passing lowercase HTTP method "post" is deprecated. Use uppercase HTTP method like "POST".', 16384)
 2 APPPATH\Config\Routes.php(77): CodeIgniter\Router\RouteCollection->match([...], 'logbook', 'C_Logbook::logbook')
 3 SYSTEMPATH\Router\RouteCollection.php(799): CodeIgniter\Router\RouteCollection::{closure:C:\Users\ASUS\Downloads\Projectmagang_dr\Projectmagang_dr\app\Config\Routes.php:59}(Object(CodeIgniter\Router\RouteCollection))
 4 APPPATH\Config\Routes.php(59): CodeIgniter\Router\RouteCollection->group('mahasiswa', [...], Object(Closure))
 5 SYSTEMPATH\Router\RouteCollection.php(339): require('C:\\Users\\ASUS\\Downloads\\Projectmagang_dr\\Projectmagang_dr\\app\\Config\\Routes.php')
 6 SYSTEMPATH\CodeIgniter.php(841): CodeIgniter\Router\RouteCollection->loadRoutes()
 7 SYSTEMPATH\CodeIgniter.php(464): CodeIgniter\CodeIgniter->tryToRouteIt(null)
 8 SYSTEMPATH\CodeIgniter.php(363): CodeIgniter\CodeIgniter->handleRequest(null, Object(Config\Cache), false)
 9 SYSTEMPATH\Boot.php(417): CodeIgniter\CodeIgniter->run()
10 SYSTEMPATH\Boot.php(68): CodeIgniter\Boot::runCodeIgniter(Object(CodeIgniter\CodeIgniter))
11 FCPATH\index.php(59): CodeIgniter\Boot::bootWeb(Object(Config\Paths))
12 SYSTEMPATH\rewrite.php(44): require_once('C:\\Users\\ASUS\\Downloads\\Projectmagang_dr\\Projectmagang_dr\\public\\index.php')
WARNING - 2026-08-21 14:27:56 --> [DEPRECATED] Passing lowercase HTTP method "get" is deprecated. Use uppercase HTTP method like "GET". in SYSTEMPATH\Router\RouteCollection.php on line 1026.
 1 SYSTEMPATH\Router\RouteCollection.php(1026): trigger_error('Passing lowercase HTTP method "get" is deprecated. Use uppercase HTTP method like "GET".', 16384)
 2 APPPATH\Config\Routes.php(95): CodeIgniter\Router\RouteCollection->match([...], 'verifikasi', '\\App\\Controllers\\Sekretariat\\C_Verifikasi::index')
 3 SYSTEMPATH\Router\RouteCollection.php(799): CodeIgniter\Router\RouteCollection::{closure:C:\Users\ASUS\Downloads\Projectmagang_dr\Projectmagang_dr\app\Config\Routes.php:89}(Object(CodeIgniter\Router\RouteCollection))
 4 APPPATH\Config\Routes.php(89): CodeIgniter\Router\RouteCollection->group('sekretariat', [...], Object(Closure))
 5 SYSTEMPATH\Router\RouteCollection.php(339): require('C:\\Users\\ASUS\\Downloads\\Projectmagang_dr\\Projectmagang_dr\\app\\Config\\Routes.php')
 6 SYSTEMPATH\CodeIgniter.php(841): CodeIgniter\Router\RouteCollection->loadRoutes()
 7 SYSTEMPATH\CodeIgniter.php(464): CodeIgniter\CodeIgniter->tryToRouteIt(null)
 8 SYSTEMPATH\CodeIgniter.php(363): CodeIgniter\CodeIgniter->handleRequest(null, Object(Config\Cache), false)
 9 SYSTEMPATH\Boot.php(417): CodeIgniter\CodeIgniter->run()
10 SYSTEMPATH\Boot.php(68): CodeIgniter\Boot::runCodeIgniter(Object(CodeIgniter\CodeIgniter))
11 FCPATH\index.php(59): CodeIgniter\Boot::bootWeb(Object(Config\Paths))
12 SYSTEMPATH\rewrite.php(44): require_once('C:\\Users\\ASUS\\Downloads\\Projectmagang_dr\\Projectmagang_dr\\public\\index.php')
WARNING - 2026-08-21 14:27:56 --> [DEPRECATED] Passing lowercase HTTP method "post" is deprecated. Use uppercase HTTP method like "POST". in SYSTEMPATH\Router\RouteCollection.php on line 1026.
 1 SYSTEMPATH\Router\RouteCollection.php(1026): trigger_error('Passing lowercase HTTP method "post" is deprecated. Use uppercase HTTP method like "POST".', 16384)
 2 APPPATH\Config\Routes.php(95): CodeIgniter\Router\RouteCollection->match([...], 'verifikasi', '\\App\\Controllers\\Sekretariat\\C_Verifikasi::index')
 3 SYSTEMPATH\Router\RouteCollection.php(799): CodeIgniter\Router\RouteCollection::{closure:C:\Users\ASUS\Downloads\Projectmagang_dr\Projectmagang_dr\app\Config\Routes.php:89}(Object(CodeIgniter\Router\RouteCollection))
 4 APPPATH\Config\Routes.php(89): CodeIgniter\Router\RouteCollection->group('sekretariat', [...], Object(Closure))
 5 SYSTEMPATH\Router\RouteCollection.php(339): require('C:\\Users\\ASUS\\Downloads\\Projectmagang_dr\\Projectmagang_dr\\app\\Config\\Routes.php')
 6 SYSTEMPATH\CodeIgniter.php(841): CodeIgniter\Router\RouteCollection->loadRoutes()
 7 SYSTEMPATH\CodeIgniter.php(464): CodeIgniter\CodeIgniter->tryToRouteIt(null)
 8 SYSTEMPATH\CodeIgniter.php(363): CodeIgniter\CodeIgniter->handleRequest(null, Object(Config\Cache), false)
 9 SYSTEMPATH\Boot.php(417): CodeIgniter\CodeIgniter->run()
10 SYSTEMPATH\Boot.php(68): CodeIgniter\Boot::runCodeIgniter(Object(CodeIgniter\CodeIgniter))
11 FCPATH\index.php(59): CodeIgniter\Boot::bootWeb(Object(Config\Paths))
12 SYSTEMPATH\rewrite.php(44): require_once('C:\\Users\\ASUS\\Downloads\\Projectmagang_dr\\Projectmagang_dr\\public\\index.php')
WARNING - 2026-08-21 14:27:56 --> [DEPRECATED] Passing lowercase HTTP method "get" is deprecated. Use uppercase HTTP method like "GET". in SYSTEMPATH\Router\RouteCollection.php on line 1026.
 1 SYSTEMPATH\Router\RouteCollection.php(1026): trigger_error('Passing lowercase HTTP method "get" is deprecated. Use uppercase HTTP method like "GET".', 16384)
 2 APPPATH\Config\Routes.php(144): CodeIgniter\Router\RouteCollection->match([...], 'upload-surat-penerimaan', '\\App\\Controllers\\Sekretariat\\C_UploadSuratPenerimaan::index')
 3 SYSTEMPATH\Router\RouteCollection.php(799): CodeIgniter\Router\RouteCollection::{closure:C:\Users\ASUS\Downloads\Projectmagang_dr\Projectmagang_dr\app\Config\Routes.php:89}(Object(CodeIgniter\Router\RouteCollection))
 4 APPPATH\Config\Routes.php(89): CodeIgniter\Router\RouteCollection->group('sekretariat', [...], Object(Closure))
 5 SYSTEMPATH\Router\RouteCollection.php(339): require('C:\\Users\\ASUS\\Downloads\\Projectmagang_dr\\Projectmagang_dr\\app\\Config\\Routes.php')
 6 SYSTEMPATH\CodeIgniter.php(841): CodeIgniter\Router\RouteCollection->loadRoutes()
 7 SYSTEMPATH\CodeIgniter.php(464): CodeIgniter\CodeIgniter->tryToRouteIt(null)
 8 SYSTEMPATH\CodeIgniter.php(363): CodeIgniter\CodeIgniter->handleRequest(null, Object(Config\Cache), false)
 9 SYSTEMPATH\Boot.php(417): CodeIgniter\CodeIgniter->run()
10 SYSTEMPATH\Boot.php(68): CodeIgniter\Boot::runCodeIgniter(Object(CodeIgniter\CodeIgniter))
11 FCPATH\index.php(59): CodeIgniter\Boot::bootWeb(Object(Config\Paths))
12 SYSTEMPATH\rewrite.php(44): require_once('C:\\Users\\ASUS\\Downloads\\Projectmagang_dr\\Projectmagang_dr\\public\\index.php')
WARNING - 2026-08-21 14:27:56 --> [DEPRECATED] Passing lowercase HTTP method "post" is deprecated. Use uppercase HTTP method like "POST". in SYSTEMPATH\Router\RouteCollection.php on line 1026.
 1 SYSTEMPATH\Router\RouteCollection.php(1026): trigger_error('Passing lowercase HTTP method "post" is deprecated. Use uppercase HTTP method like "POST".', 16384)
 2 APPPATH\Config\Routes.php(144): CodeIgniter\Router\RouteCollection->match([...], 'upload-surat-penerimaan', '\\App\\Controllers\\Sekretariat\\C_UploadSuratPenerimaan::index')
 3 SYSTEMPATH\Router\RouteCollection.php(799): CodeIgniter\Router\RouteCollection::{closure:C:\Users\ASUS\Downloads\Projectmagang_dr\Projectmagang_dr\app\Config\Routes.php:89}(Object(CodeIgniter\Router\RouteCollection))
 4 APPPATH\Config\Routes.php(89): CodeIgniter\Router\RouteCollection->group('sekretariat', [...], Object(Closure))
 5 SYSTEMPATH\Router\RouteCollection.php(339): require('C:\\Users\\ASUS\\Downloads\\Projectmagang_dr\\Projectmagang_dr\\app\\Config\\Routes.php')
 6 SYSTEMPATH\CodeIgniter.php(841): CodeIgniter\Router\RouteCollection->loadRoutes()
 7 SYSTEMPATH\CodeIgniter.php(464): CodeIgniter\CodeIgniter->tryToRouteIt(null)
 8 SYSTEMPATH\CodeIgniter.php(363): CodeIgniter\CodeIgniter->handleRequest(null, Object(Config\Cache), false)
 9 SYSTEMPATH\Boot.php(417): CodeIgniter\CodeIgniter->run()
10 SYSTEMPATH\Boot.php(68): CodeIgniter\Boot::runCodeIgniter(Object(CodeIgniter\CodeIgniter))
11 FCPATH\index.php(59): CodeIgniter\Boot::bootWeb(Object(Config\Paths))
12 SYSTEMPATH\rewrite.php(44): require_once('C:\\Users\\ASUS\\Downloads\\Projectmagang_dr\\Projectmagang_dr\\public\\index.php')
WARNING - 2026-08-21 14:27:56 --> [DEPRECATED] Passing lowercase HTTP method "get" is deprecated. Use uppercase HTTP method like "GET". in SYSTEMPATH\Router\RouteCollection.php on line 1026.
 1 SYSTEMPATH\Router\RouteCollection.php(1026): trigger_error('Passing lowercase HTTP method "get" is deprecated. Use uppercase HTTP method like "GET".', 16384)
 2 APPPATH\Config\Routes.php(167): CodeIgniter\Router\RouteCollection->match([...], 'logbook', '\\App\\Controllers\\Kabid\\C_LogbookKabid::index')
 3 SYSTEMPATH\Router\RouteCollection.php(799): CodeIgniter\Router\RouteCollection::{closure:C:\Users\ASUS\Downloads\Projectmagang_dr\Projectmagang_dr\app\Config\Routes.php:153}(Object(CodeIgniter\Router\RouteCollection))
 4 APPPATH\Config\Routes.php(153): CodeIgniter\Router\RouteCollection->group('kabid', [...], Object(Closure))
 5 SYSTEMPATH\Router\RouteCollection.php(339): require('C:\\Users\\ASUS\\Downloads\\Projectmagang_dr\\Projectmagang_dr\\app\\Config\\Routes.php')
 6 SYSTEMPATH\CodeIgniter.php(841): CodeIgniter\Router\RouteCollection->loadRoutes()
 7 SYSTEMPATH\CodeIgniter.php(464): CodeIgniter\CodeIgniter->tryToRouteIt(null)
 8 SYSTEMPATH\CodeIgniter.php(363): CodeIgniter\CodeIgniter->handleRequest(null, Object(Config\Cache), false)
 9 SYSTEMPATH\Boot.php(417): CodeIgniter\CodeIgniter->run()
10 SYSTEMPATH\Boot.php(68): CodeIgniter\Boot::runCodeIgniter(Object(CodeIgniter\CodeIgniter))
11 FCPATH\index.php(59): CodeIgniter\Boot::bootWeb(Object(Config\Paths))
12 SYSTEMPATH\rewrite.php(44): require_once('C:\\Users\\ASUS\\Downloads\\Projectmagang_dr\\Projectmagang_dr\\public\\index.php')
WARNING - 2026-08-21 14:27:56 --> [DEPRECATED] Passing lowercase HTTP method "post" is deprecated. Use uppercase HTTP method like "POST". in SYSTEMPATH\Router\RouteCollection.php on line 1026.
 1 SYSTEMPATH\Router\RouteCollection.php(1026): trigger_error('Passing lowercase HTTP method "post" is deprecated. Use uppercase HTTP method like "POST".', 16384)
 2 APPPATH\Config\Routes.php(167): CodeIgniter\Router\RouteCollection->match([...], 'logbook', '\\App\\Controllers\\Kabid\\C_LogbookKabid::index')
 3 SYSTEMPATH\Router\RouteCollection.php(799): CodeIgniter\Router\RouteCollection::{closure:C:\Users\ASUS\Downloads\Projectmagang_dr\Projectmagang_dr\app\Config\Routes.php:153}(Object(CodeIgniter\Router\RouteCollection))
 4 APPPATH\Config\Routes.php(153): CodeIgniter\Router\RouteCollection->group('kabid', [...], Object(Closure))
 5 SYSTEMPATH\Router\RouteCollection.php(339): require('C:\\Users\\ASUS\\Downloads\\Projectmagang_dr\\Projectmagang_dr\\app\\Config\\Routes.php')
 6 SYSTEMPATH\CodeIgniter.php(841): CodeIgniter\Router\RouteCollection->loadRoutes()
 7 SYSTEMPATH\CodeIgniter.php(464): CodeIgniter\CodeIgniter->tryToRouteIt(null)
 8 SYSTEMPATH\CodeIgniter.php(363): CodeIgniter\CodeIgniter->handleRequest(null, Object(Config\Cache), false)
 9 SYSTEMPATH\Boot.php(417): CodeIgniter\CodeIgniter->run()
10 SYSTEMPATH\Boot.php(68): CodeIgniter\Boot::runCodeIgniter(Object(CodeIgniter\CodeIgniter))
11 FCPATH\index.php(59): CodeIgniter\Boot::bootWeb(Object(Config\Paths))
12 SYSTEMPATH\rewrite.php(44): require_once('C:\\Users\\ASUS\\Downloads\\Projectmagang_dr\\Projectmagang_dr\\public\\index.php')
WARNING - 2026-08-21 14:27:56 --> [DEPRECATED] Passing lowercase HTTP method "get" is deprecated. Use uppercase HTTP method like "GET". in SYSTEMPATH\Router\RouteCollection.php on line 1026.
 1 SYSTEMPATH\Router\RouteCollection.php(1026): trigger_error('Passing lowercase HTTP method "get" is deprecated. Use uppercase HTTP method like "GET".', 16384)
 2 APPPATH\Config\Routes.php(179): CodeIgniter\Router\RouteCollection->match([...], 'upload-dokumen', '\\App\\Controllers\\Kabid\\C_UploadDokumen::index')
 3 SYSTEMPATH\Router\RouteCollection.php(799): CodeIgniter\Router\RouteCollection::{closure:C:\Users\ASUS\Downloads\Projectmagang_dr\Projectmagang_dr\app\Config\Routes.php:153}(Object(CodeIgniter\Router\RouteCollection))
 4 APPPATH\Config\Routes.php(153): CodeIgniter\Router\RouteCollection->group('kabid', [...], Object(Closure))
 5 SYSTEMPATH\Router\RouteCollection.php(339): require('C:\\Users\\ASUS\\Downloads\\Projectmagang_dr\\Projectmagang_dr\\app\\Config\\Routes.php')
 6 SYSTEMPATH\CodeIgniter.php(841): CodeIgniter\Router\RouteCollection->loadRoutes()
 7 SYSTEMPATH\CodeIgniter.php(464): CodeIgniter\CodeIgniter->tryToRouteIt(null)
 8 SYSTEMPATH\CodeIgniter.php(363): CodeIgniter\CodeIgniter->handleRequest(null, Object(Config\Cache), false)
 9 SYSTEMPATH\Boot.php(417): CodeIgniter\CodeIgniter->run()
10 SYSTEMPATH\Boot.php(68): CodeIgniter\Boot::runCodeIgniter(Object(CodeIgniter\CodeIgniter))
11 FCPATH\index.php(59): CodeIgniter\Boot::bootWeb(Object(Config\Paths))
12 SYSTEMPATH\rewrite.php(44): require_once('C:\\Users\\ASUS\\Downloads\\Projectmagang_dr\\Projectmagang_dr\\public\\index.php')
WARNING - 2026-08-21 14:27:56 --> [DEPRECATED] Passing lowercase HTTP method "post" is deprecated. Use uppercase HTTP method like "POST". in SYSTEMPATH\Router\RouteCollection.php on line 1026.
 1 SYSTEMPATH\Router\RouteCollection.php(1026): trigger_error('Passing lowercase HTTP method "post" is deprecated. Use uppercase HTTP method like "POST".', 16384)
 2 APPPATH\Config\Routes.php(179): CodeIgniter\Router\RouteCollection->match([...], 'upload-dokumen', '\\App\\Controllers\\Kabid\\C_UploadDokumen::index')
 3 SYSTEMPATH\Router\RouteCollection.php(799): CodeIgniter\Router\RouteCollection::{closure:C:\Users\ASUS\Downloads\Projectmagang_dr\Projectmagang_dr\app\Config\Routes.php:153}(Object(CodeIgniter\Router\RouteCollection))
 4 APPPATH\Config\Routes.php(153): CodeIgniter\Router\RouteCollection->group('kabid', [...], Object(Closure))
 5 SYSTEMPATH\Router\RouteCollection.php(339): require('C:\\Users\\ASUS\\Downloads\\Projectmagang_dr\\Projectmagang_dr\\app\\Config\\Routes.php')
 6 SYSTEMPATH\CodeIgniter.php(841): CodeIgniter\Router\RouteCollection->loadRoutes()
 7 SYSTEMPATH\CodeIgniter.php(464): CodeIgniter\CodeIgniter->tryToRouteIt(null)
 8 SYSTEMPATH\CodeIgniter.php(363): CodeIgniter\CodeIgniter->handleRequest(null, Object(Config\Cache), false)
 9 SYSTEMPATH\Boot.php(417): CodeIgniter\CodeIgniter->run()
10 SYSTEMPATH\Boot.php(68): CodeIgniter\Boot::runCodeIgniter(Object(CodeIgniter\CodeIgniter))
11 FCPATH\index.php(59): CodeIgniter\Boot::bootWeb(Object(Config\Paths))
12 SYSTEMPATH\rewrite.php(44): require_once('C:\\Users\\ASUS\\Downloads\\Projectmagang_dr\\Projectmagang_dr\\public\\index.php')
DEBUG - 2026-08-21 14:27:56 --> Session: Class initialized using 'CodeIgniter\Session\Handlers\FileHandler' driver.
WARNING - 2026-08-21 14:28:00 --> [DEPRECATED] Passing lowercase HTTP method "get" is deprecated. Use uppercase HTTP method like "GET". in SYSTEMPATH\Router\RouteCollection.php on line 1026.
 1 SYSTEMPATH\Router\RouteCollection.php(1026): trigger_error('Passing lowercase HTTP method "get" is deprecated. Use uppercase HTTP method like "GET".', 16384)
 2 APPPATH\Config\Routes.php(77): CodeIgniter\Router\RouteCollection->match([...], 'logbook', 'C_Logbook::logbook')
 3 SYSTEMPATH\Router\RouteCollection.php(799): CodeIgniter\Router\RouteCollection::{closure:C:\Users\ASUS\Downloads\Projectmagang_dr\Projectmagang_dr\app\Config\Routes.php:59}(Object(CodeIgniter\Router\RouteCollection))
 4 APPPATH\Config\Routes.php(59): CodeIgniter\Router\RouteCollection->group('mahasiswa', [...], Object(Closure))
 5 SYSTEMPATH\Router\RouteCollection.php(339): require('C:\\Users\\ASUS\\Downloads\\Projectmagang_dr\\Projectmagang_dr\\app\\Config\\Routes.php')
 6 SYSTEMPATH\CodeIgniter.php(841): CodeIgniter\Router\RouteCollection->loadRoutes()
 7 SYSTEMPATH\CodeIgniter.php(464): CodeIgniter\CodeIgniter->tryToRouteIt(null)
 8 SYSTEMPATH\CodeIgniter.php(363): CodeIgniter\CodeIgniter->handleRequest(null, Object(Config\Cache), false)
 9 SYSTEMPATH\Boot.php(417): CodeIgniter\CodeIgniter->run()
10 SYSTEMPATH\Boot.php(68): CodeIgniter\Boot::runCodeIgniter(Object(CodeIgniter\CodeIgniter))
11 FCPATH\index.php(59): CodeIgniter\Boot::bootWeb(Object(Config\Paths))
12 SYSTEMPATH\rewrite.php(44): require_once('C:\\Users\\ASUS\\Downloads\\Projectmagang_dr\\Projectmagang_dr\\public\\index.php')
WARNING - 2026-08-21 14:28:00 --> [DEPRECATED] Passing lowercase HTTP method "post" is deprecated. Use uppercase HTTP method like "POST". in SYSTEMPATH\Router\RouteCollection.php on line 1026.
 1 SYSTEMPATH\Router\RouteCollection.php(1026): trigger_error('Passing lowercase HTTP method "post" is deprecated. Use uppercase HTTP method like "POST".', 16384)
 2 APPPATH\Config\Routes.php(77): CodeIgniter\Router\RouteCollection->match([...], 'logbook', 'C_Logbook::logbook')
 3 SYSTEMPATH\Router\RouteCollection.php(799): CodeIgniter\Router\RouteCollection::{closure:C:\Users\ASUS\Downloads\Projectmagang_dr\Projectmagang_dr\app\Config\Routes.php:59}(Object(CodeIgniter\Router\RouteCollection))
 4 APPPATH\Config\Routes.php(59): CodeIgniter\Router\RouteCollection->group('mahasiswa', [...], Object(Closure))
 5 SYSTEMPATH\Router\RouteCollection.php(339): require('C:\\Users\\ASUS\\Downloads\\Projectmagang_dr\\Projectmagang_dr\\app\\Config\\Routes.php')
 6 SYSTEMPATH\CodeIgniter.php(841): CodeIgniter\Router\RouteCollection->loadRoutes()
 7 SYSTEMPATH\CodeIgniter.php(464): CodeIgniter\CodeIgniter->tryToRouteIt(null)
 8 SYSTEMPATH\CodeIgniter.php(363): CodeIgniter\CodeIgniter->handleRequest(null, Object(Config\Cache), false)
 9 SYSTEMPATH\Boot.php(417): CodeIgniter\CodeIgniter->run()
10 SYSTEMPATH\Boot.php(68): CodeIgniter\Boot::runCodeIgniter(Object(CodeIgniter\CodeIgniter))
11 FCPATH\index.php(59): CodeIgniter\Boot::bootWeb(Object(Config\Paths))
12 SYSTEMPATH\rewrite.php(44): require_once('C:\\Users\\ASUS\\Downloads\\Projectmagang_dr\\Projectmagang_dr\\public\\index.php')
WARNING - 2026-08-21 14:28:00 --> [DEPRECATED] Passing lowercase HTTP method "get" is deprecated. Use uppercase HTTP method like "GET". in SYSTEMPATH\Router\RouteCollection.php on line 1026.
 1 SYSTEMPATH\Router\RouteCollection.php(1026): trigger_error('Passing lowercase HTTP method "get" is deprecated. Use uppercase HTTP method like "GET".', 16384)
 2 APPPATH\Config\Routes.php(95): CodeIgniter\Router\RouteCollection->match([...], 'verifikasi', '\\App\\Controllers\\Sekretariat\\C_Verifikasi::index')
 3 SYSTEMPATH\Router\RouteCollection.php(799): CodeIgniter\Router\RouteCollection::{closure:C:\Users\ASUS\Downloads\Projectmagang_dr\Projectmagang_dr\app\Config\Routes.php:89}(Object(CodeIgniter\Router\RouteCollection))
 4 APPPATH\Config\Routes.php(89): CodeIgniter\Router\RouteCollection->group('sekretariat', [...], Object(Closure))
 5 SYSTEMPATH\Router\RouteCollection.php(339): require('C:\\Users\\ASUS\\Downloads\\Projectmagang_dr\\Projectmagang_dr\\app\\Config\\Routes.php')
 6 SYSTEMPATH\CodeIgniter.php(841): CodeIgniter\Router\RouteCollection->loadRoutes()
 7 SYSTEMPATH\CodeIgniter.php(464): CodeIgniter\CodeIgniter->tryToRouteIt(null)
 8 SYSTEMPATH\CodeIgniter.php(363): CodeIgniter\CodeIgniter->handleRequest(null, Object(Config\Cache), false)
 9 SYSTEMPATH\Boot.php(417): CodeIgniter\CodeIgniter->run()
10 SYSTEMPATH\Boot.php(68): CodeIgniter\Boot::runCodeIgniter(Object(CodeIgniter\CodeIgniter))
11 FCPATH\index.php(59): CodeIgniter\Boot::bootWeb(Object(Config\Paths))
12 SYSTEMPATH\rewrite.php(44): require_once('C:\\Users\\ASUS\\Downloads\\Projectmagang_dr\\Projectmagang_dr\\public\\index.php')
WARNING - 2026-08-21 14:28:00 --> [DEPRECATED] Passing lowercase HTTP method "post" is deprecated. Use uppercase HTTP method like "POST". in SYSTEMPATH\Router\RouteCollection.php on line 1026.
 1 SYSTEMPATH\Router\RouteCollection.php(1026): trigger_error('Passing lowercase HTTP method "post" is deprecated. Use uppercase HTTP method like "POST".', 16384)
 2 APPPATH\Config\Routes.php(95): CodeIgniter\Router\RouteCollection->match([...], 'verifikasi', '\\App\\Controllers\\Sekretariat\\C_Verifikasi::index')
 3 SYSTEMPATH\Router\RouteCollection.php(799): CodeIgniter\Router\RouteCollection::{closure:C:\Users\ASUS\Downloads\Projectmagang_dr\Projectmagang_dr\app\Config\Routes.php:89}(Object(CodeIgniter\Router\RouteCollection))
 4 APPPATH\Config\Routes.php(89): CodeIgniter\Router\RouteCollection->group('sekretariat', [...], Object(Closure))
 5 SYSTEMPATH\Router\RouteCollection.php(339): require('C:\\Users\\ASUS\\Downloads\\Projectmagang_dr\\Projectmagang_dr\\app\\Config\\Routes.php')
 6 SYSTEMPATH\CodeIgniter.php(841): CodeIgniter\Router\RouteCollection->loadRoutes()
 7 SYSTEMPATH\CodeIgniter.php(464): CodeIgniter\CodeIgniter->tryToRouteIt(null)
 8 SYSTEMPATH\CodeIgniter.php(363): CodeIgniter\CodeIgniter->handleRequest(null, Object(Config\Cache), false)
 9 SYSTEMPATH\Boot.php(417): CodeIgniter\CodeIgniter->run()
10 SYSTEMPATH\Boot.php(68): CodeIgniter\Boot::runCodeIgniter(Object(CodeIgniter\CodeIgniter))
11 FCPATH\index.php(59): CodeIgniter\Boot::bootWeb(Object(Config\Paths))
12 SYSTEMPATH\rewrite.php(44): require_once('C:\\Users\\ASUS\\Downloads\\Projectmagang_dr\\Projectmagang_dr\\public\\index.php')
WARNING - 2026-08-21 14:28:00 --> [DEPRECATED] Passing lowercase HTTP method "get" is deprecated. Use uppercase HTTP method like "GET". in SYSTEMPATH\Router\RouteCollection.php on line 1026.
 1 SYSTEMPATH\Router\RouteCollection.php(1026): trigger_error('Passing lowercase HTTP method "get" is deprecated. Use uppercase HTTP method like "GET".', 16384)
 2 APPPATH\Config\Routes.php(144): CodeIgniter\Router\RouteCollection->match([...], 'upload-surat-penerimaan', '\\App\\Controllers\\Sekretariat\\C_UploadSuratPenerimaan::index')
 3 SYSTEMPATH\Router\RouteCollection.php(799): CodeIgniter\Router\RouteCollection::{closure:C:\Users\ASUS\Downloads\Projectmagang_dr\Projectmagang_dr\app\Config\Routes.php:89}(Object(CodeIgniter\Router\RouteCollection))
 4 APPPATH\Config\Routes.php(89): CodeIgniter\Router\RouteCollection->group('sekretariat', [...], Object(Closure))
 5 SYSTEMPATH\Router\RouteCollection.php(339): require('C:\\Users\\ASUS\\Downloads\\Projectmagang_dr\\Projectmagang_dr\\app\\Config\\Routes.php')
 6 SYSTEMPATH\CodeIgniter.php(841): CodeIgniter\Router\RouteCollection->loadRoutes()
 7 SYSTEMPATH\CodeIgniter.php(464): CodeIgniter\CodeIgniter->tryToRouteIt(null)
 8 SYSTEMPATH\CodeIgniter.php(363): CodeIgniter\CodeIgniter->handleRequest(null, Object(Config\Cache), false)
 9 SYSTEMPATH\Boot.php(417): CodeIgniter\CodeIgniter->run()
10 SYSTEMPATH\Boot.php(68): CodeIgniter\Boot::runCodeIgniter(Object(CodeIgniter\CodeIgniter))
11 FCPATH\index.php(59): CodeIgniter\Boot::bootWeb(Object(Config\Paths))
12 SYSTEMPATH\rewrite.php(44): require_once('C:\\Users\\ASUS\\Downloads\\Projectmagang_dr\\Projectmagang_dr\\public\\index.php')
WARNING - 2026-08-21 14:28:00 --> [DEPRECATED] Passing lowercase HTTP method "post" is deprecated. Use uppercase HTTP method like "POST". in SYSTEMPATH\Router\RouteCollection.php on line 1026.
 1 SYSTEMPATH\Router\RouteCollection.php(1026): trigger_error('Passing lowercase HTTP method "post" is deprecated. Use uppercase HTTP method like "POST".', 16384)
 2 APPPATH\Config\Routes.php(144): CodeIgniter\Router\RouteCollection->match([...], 'upload-surat-penerimaan', '\\App\\Controllers\\Sekretariat\\C_UploadSuratPenerimaan::index')
 3 SYSTEMPATH\Router\RouteCollection.php(799): CodeIgniter\Router\RouteCollection::{closure:C:\Users\ASUS\Downloads\Projectmagang_dr\Projectmagang_dr\app\Config\Routes.php:89}(Object(CodeIgniter\Router\RouteCollection))
 4 APPPATH\Config\Routes.php(89): CodeIgniter\Router\RouteCollection->group('sekretariat', [...], Object(Closure))
 5 SYSTEMPATH\Router\RouteCollection.php(339): require('C:\\Users\\ASUS\\Downloads\\Projectmagang_dr\\Projectmagang_dr\\app\\Config\\Routes.php')
 6 SYSTEMPATH\CodeIgniter.php(841): CodeIgniter\Router\RouteCollection->loadRoutes()
 7 SYSTEMPATH\CodeIgniter.php(464): CodeIgniter\CodeIgniter->tryToRouteIt(null)
 8 SYSTEMPATH\CodeIgniter.php(363): CodeIgniter\CodeIgniter->handleRequest(null, Object(Config\Cache), false)
 9 SYSTEMPATH\Boot.php(417): CodeIgniter\CodeIgniter->run()
10 SYSTEMPATH\Boot.php(68): CodeIgniter\Boot::runCodeIgniter(Object(CodeIgniter\CodeIgniter))
11 FCPATH\index.php(59): CodeIgniter\Boot::bootWeb(Object(Config\Paths))
12 SYSTEMPATH\rewrite.php(44): require_once('C:\\Users\\ASUS\\Downloads\\Projectmagang_dr\\Projectmagang_dr\\public\\index.php')
WARNING - 2026-08-21 14:28:00 --> [DEPRECATED] Passing lowercase HTTP method "get" is deprecated. Use uppercase HTTP method like "GET". in SYSTEMPATH\Router\RouteCollection.php on line 1026.
 1 SYSTEMPATH\Router\RouteCollection.php(1026): trigger_error('Passing lowercase HTTP method "get" is deprecated. Use uppercase HTTP method like "GET".', 16384)
 2 APPPATH\Config\Routes.php(167): CodeIgniter\Router\RouteCollection->match([...], 'logbook', '\\App\\Controllers\\Kabid\\C_LogbookKabid::index')
 3 SYSTEMPATH\Router\RouteCollection.php(799): CodeIgniter\Router\RouteCollection::{closure:C:\Users\ASUS\Downloads\Projectmagang_dr\Projectmagang_dr\app\Config\Routes.php:153}(Object(CodeIgniter\Router\RouteCollection))
 4 APPPATH\Config\Routes.php(153): CodeIgniter\Router\RouteCollection->group('kabid', [...], Object(Closure))
 5 SYSTEMPATH\Router\RouteCollection.php(339): require('C:\\Users\\ASUS\\Downloads\\Projectmagang_dr\\Projectmagang_dr\\app\\Config\\Routes.php')
 6 SYSTEMPATH\CodeIgniter.php(841): CodeIgniter\Router\RouteCollection->loadRoutes()
 7 SYSTEMPATH\CodeIgniter.php(464): CodeIgniter\CodeIgniter->tryToRouteIt(null)
 8 SYSTEMPATH\CodeIgniter.php(363): CodeIgniter\CodeIgniter->handleRequest(null, Object(Config\Cache), false)
 9 SYSTEMPATH\Boot.php(417): CodeIgniter\CodeIgniter->run()
10 SYSTEMPATH\Boot.php(68): CodeIgniter\Boot::runCodeIgniter(Object(CodeIgniter\CodeIgniter))
11 FCPATH\index.php(59): CodeIgniter\Boot::bootWeb(Object(Config\Paths))
12 SYSTEMPATH\rewrite.php(44): require_once('C:\\Users\\ASUS\\Downloads\\Projectmagang_dr\\Projectmagang_dr\\public\\index.php')
WARNING - 2026-08-21 14:28:00 --> [DEPRECATED] Passing lowercase HTTP method "post" is deprecated. Use uppercase HTTP method like "POST". in SYSTEMPATH\Router\RouteCollection.php on line 1026.
 1 SYSTEMPATH\Router\RouteCollection.php(1026): trigger_error('Passing lowercase HTTP method "post" is deprecated. Use uppercase HTTP method like "POST".', 16384)
 2 APPPATH\Config\Routes.php(167): CodeIgniter\Router\RouteCollection->match([...], 'logbook', '\\App\\Controllers\\Kabid\\C_LogbookKabid::index')
 3 SYSTEMPATH\Router\RouteCollection.php(799): CodeIgniter\Router\RouteCollection::{closure:C:\Users\ASUS\Downloads\Projectmagang_dr\Projectmagang_dr\app\Config\Routes.php:153}(Object(CodeIgniter\Router\RouteCollection))
 4 APPPATH\Config\Routes.php(153): CodeIgniter\Router\RouteCollection->group('kabid', [...], Object(Closure))
 5 SYSTEMPATH\Router\RouteCollection.php(339): require('C:\\Users\\ASUS\\Downloads\\Projectmagang_dr\\Projectmagang_dr\\app\\Config\\Routes.php')
 6 SYSTEMPATH\CodeIgniter.php(841): CodeIgniter\Router\RouteCollection->loadRoutes()
 7 SYSTEMPATH\CodeIgniter.php(464): CodeIgniter\CodeIgniter->tryToRouteIt(null)
 8 SYSTEMPATH\CodeIgniter.php(363): CodeIgniter\CodeIgniter->handleRequest(null, Object(Config\Cache), false)
 9 SYSTEMPATH\Boot.php(417): CodeIgniter\CodeIgniter->run()
10 SYSTEMPATH\Boot.php(68): CodeIgniter\Boot::runCodeIgniter(Object(CodeIgniter\CodeIgniter))
11 FCPATH\index.php(59): CodeIgniter\Boot::bootWeb(Object(Config\Paths))
12 SYSTEMPATH\rewrite.php(44): require_once('C:\\Users\\ASUS\\Downloads\\Projectmagang_dr\\Projectmagang_dr\\public\\index.php')
WARNING - 2026-08-21 14:28:00 --> [DEPRECATED] Passing lowercase HTTP method "get" is deprecated. Use uppercase HTTP method like "GET". in SYSTEMPATH\Router\RouteCollection.php on line 1026.
 1 SYSTEMPATH\Router\RouteCollection.php(1026): trigger_error('Passing lowercase HTTP method "get" is deprecated. Use uppercase HTTP method like "GET".', 16384)
 2 APPPATH\Config\Routes.php(179): CodeIgniter\Router\RouteCollection->match([...], 'upload-dokumen', '\\App\\Controllers\\Kabid\\C_UploadDokumen::index')
 3 SYSTEMPATH\Router\RouteCollection.php(799): CodeIgniter\Router\RouteCollection::{closure:C:\Users\ASUS\Downloads\Projectmagang_dr\Projectmagang_dr\app\Config\Routes.php:153}(Object(CodeIgniter\Router\RouteCollection))
 4 APPPATH\Config\Routes.php(153): CodeIgniter\Router\RouteCollection->group('kabid', [...], Object(Closure))
 5 SYSTEMPATH\Router\RouteCollection.php(339): require('C:\\Users\\ASUS\\Downloads\\Projectmagang_dr\\Projectmagang_dr\\app\\Config\\Routes.php')
 6 SYSTEMPATH\CodeIgniter.php(841): CodeIgniter\Router\RouteCollection->loadRoutes()
 7 SYSTEMPATH\CodeIgniter.php(464): CodeIgniter\CodeIgniter->tryToRouteIt(null)
 8 SYSTEMPATH\CodeIgniter.php(363): CodeIgniter\CodeIgniter->handleRequest(null, Object(Config\Cache), false)
 9 SYSTEMPATH\Boot.php(417): CodeIgniter\CodeIgniter->run()
10 SYSTEMPATH\Boot.php(68): CodeIgniter\Boot::runCodeIgniter(Object(CodeIgniter\CodeIgniter))
11 FCPATH\index.php(59): CodeIgniter\Boot::bootWeb(Object(Config\Paths))
12 SYSTEMPATH\rewrite.php(44): require_once('C:\\Users\\ASUS\\Downloads\\Projectmagang_dr\\Projectmagang_dr\\public\\index.php')
WARNING - 2026-08-21 14:28:00 --> [DEPRECATED] Passing lowercase HTTP method "post" is deprecated. Use uppercase HTTP method like "POST". in SYSTEMPATH\Router\RouteCollection.php on line 1026.
 1 SYSTEMPATH\Router\RouteCollection.php(1026): trigger_error('Passing lowercase HTTP method "post" is deprecated. Use uppercase HTTP method like "POST".', 16384)
 2 APPPATH\Config\Routes.php(179): CodeIgniter\Router\RouteCollection->match([...], 'upload-dokumen', '\\App\\Controllers\\Kabid\\C_UploadDokumen::index')
 3 SYSTEMPATH\Router\RouteCollection.php(799): CodeIgniter\Router\RouteCollection::{closure:C:\Users\ASUS\Downloads\Projectmagang_dr\Projectmagang_dr\app\Config\Routes.php:153}(Object(CodeIgniter\Router\RouteCollection))
 4 APPPATH\Config\Routes.php(153): CodeIgniter\Router\RouteCollection->group('kabid', [...], Object(Closure))
 5 SYSTEMPATH\Router\RouteCollection.php(339): require('C:\\Users\\ASUS\\Downloads\\Projectmagang_dr\\Projectmagang_dr\\app\\Config\\Routes.php')
 6 SYSTEMPATH\CodeIgniter.php(841): CodeIgniter\Router\RouteCollection->loadRoutes()
 7 SYSTEMPATH\CodeIgniter.php(464): CodeIgniter\CodeIgniter->tryToRouteIt(null)
 8 SYSTEMPATH\CodeIgniter.php(363): CodeIgniter\CodeIgniter->handleRequest(null, Object(Config\Cache), false)
 9 SYSTEMPATH\Boot.php(417): CodeIgniter\CodeIgniter->run()
10 SYSTEMPATH\Boot.php(68): CodeIgniter\Boot::runCodeIgniter(Object(CodeIgniter\CodeIgniter))
11 FCPATH\index.php(59): CodeIgniter\Boot::bootWeb(Object(Config\Paths))
12 SYSTEMPATH\rewrite.php(44): require_once('C:\\Users\\ASUS\\Downloads\\Projectmagang_dr\\Projectmagang_dr\\public\\index.php')
DEBUG - 2026-08-21 14:28:00 --> Session: Class initialized using 'CodeIgniter\Session\Handlers\FileHandler' driver.
WARNING - 2026-08-21 14:28:03 --> [DEPRECATED] Passing lowercase HTTP method "get" is deprecated. Use uppercase HTTP method like "GET". in SYSTEMPATH\Router\RouteCollection.php on line 1026.
 1 SYSTEMPATH\Router\RouteCollection.php(1026): trigger_error('Passing lowercase HTTP method "get" is deprecated. Use uppercase HTTP method like "GET".', 16384)
 2 APPPATH\Config\Routes.php(77): CodeIgniter\Router\RouteCollection->match([...], 'logbook', 'C_Logbook::logbook')
 3 SYSTEMPATH\Router\RouteCollection.php(799): CodeIgniter\Router\RouteCollection::{closure:C:\Users\ASUS\Downloads\Projectmagang_dr\Projectmagang_dr\app\Config\Routes.php:59}(Object(CodeIgniter\Router\RouteCollection))
 4 APPPATH\Config\Routes.php(59): CodeIgniter\Router\RouteCollection->group('mahasiswa', [...], Object(Closure))
 5 SYSTEMPATH\Router\RouteCollection.php(339): require('C:\\Users\\ASUS\\Downloads\\Projectmagang_dr\\Projectmagang_dr\\app\\Config\\Routes.php')
 6 SYSTEMPATH\CodeIgniter.php(841): CodeIgniter\Router\RouteCollection->loadRoutes()
 7 SYSTEMPATH\CodeIgniter.php(464): CodeIgniter\CodeIgniter->tryToRouteIt(null)
 8 SYSTEMPATH\CodeIgniter.php(363): CodeIgniter\CodeIgniter->handleRequest(null, Object(Config\Cache), false)
 9 SYSTEMPATH\Boot.php(417): CodeIgniter\CodeIgniter->run()
10 SYSTEMPATH\Boot.php(68): CodeIgniter\Boot::runCodeIgniter(Object(CodeIgniter\CodeIgniter))
11 FCPATH\index.php(59): CodeIgniter\Boot::bootWeb(Object(Config\Paths))
12 SYSTEMPATH\rewrite.php(44): require_once('C:\\Users\\ASUS\\Downloads\\Projectmagang_dr\\Projectmagang_dr\\public\\index.php')
WARNING - 2026-08-21 14:28:03 --> [DEPRECATED] Passing lowercase HTTP method "post" is deprecated. Use uppercase HTTP method like "POST". in SYSTEMPATH\Router\RouteCollection.php on line 1026.
 1 SYSTEMPATH\Router\RouteCollection.php(1026): trigger_error('Passing lowercase HTTP method "post" is deprecated. Use uppercase HTTP method like "POST".', 16384)
 2 APPPATH\Config\Routes.php(77): CodeIgniter\Router\RouteCollection->match([...], 'logbook', 'C_Logbook::logbook')
 3 SYSTEMPATH\Router\RouteCollection.php(799): CodeIgniter\Router\RouteCollection::{closure:C:\Users\ASUS\Downloads\Projectmagang_dr\Projectmagang_dr\app\Config\Routes.php:59}(Object(CodeIgniter\Router\RouteCollection))
 4 APPPATH\Config\Routes.php(59): CodeIgniter\Router\RouteCollection->group('mahasiswa', [...], Object(Closure))
 5 SYSTEMPATH\Router\RouteCollection.php(339): require('C:\\Users\\ASUS\\Downloads\\Projectmagang_dr\\Projectmagang_dr\\app\\Config\\Routes.php')
 6 SYSTEMPATH\CodeIgniter.php(841): CodeIgniter\Router\RouteCollection->loadRoutes()
 7 SYSTEMPATH\CodeIgniter.php(464): CodeIgniter\CodeIgniter->tryToRouteIt(null)
 8 SYSTEMPATH\CodeIgniter.php(363): CodeIgniter\CodeIgniter->handleRequest(null, Object(Config\Cache), false)
 9 SYSTEMPATH\Boot.php(417): CodeIgniter\CodeIgniter->run()
10 SYSTEMPATH\Boot.php(68): CodeIgniter\Boot::runCodeIgniter(Object(CodeIgniter\CodeIgniter))
11 FCPATH\index.php(59): CodeIgniter\Boot::bootWeb(Object(Config\Paths))
12 SYSTEMPATH\rewrite.php(44): require_once('C:\\Users\\ASUS\\Downloads\\Projectmagang_dr\\Projectmagang_dr\\public\\index.php')
WARNING - 2026-08-21 14:28:03 --> [DEPRECATED] Passing lowercase HTTP method "get" is deprecated. Use uppercase HTTP method like "GET". in SYSTEMPATH\Router\RouteCollection.php on line 1026.
 1 SYSTEMPATH\Router\RouteCollection.php(1026): trigger_error('Passing lowercase HTTP method "get" is deprecated. Use uppercase HTTP method like "GET".', 16384)
 2 APPPATH\Config\Routes.php(95): CodeIgniter\Router\RouteCollection->match([...], 'verifikasi', '\\App\\Controllers\\Sekretariat\\C_Verifikasi::index')
 3 SYSTEMPATH\Router\RouteCollection.php(799): CodeIgniter\Router\RouteCollection::{closure:C:\Users\ASUS\Downloads\Projectmagang_dr\Projectmagang_dr\app\Config\Routes.php:89}(Object(CodeIgniter\Router\RouteCollection))
 4 APPPATH\Config\Routes.php(89): CodeIgniter\Router\RouteCollection->group('sekretariat', [...], Object(Closure))
 5 SYSTEMPATH\Router\RouteCollection.php(339): require('C:\\Users\\ASUS\\Downloads\\Projectmagang_dr\\Projectmagang_dr\\app\\Config\\Routes.php')
 6 SYSTEMPATH\CodeIgniter.php(841): CodeIgniter\Router\RouteCollection->loadRoutes()
 7 SYSTEMPATH\CodeIgniter.php(464): CodeIgniter\CodeIgniter->tryToRouteIt(null)
 8 SYSTEMPATH\CodeIgniter.php(363): CodeIgniter\CodeIgniter->handleRequest(null, Object(Config\Cache), false)
 9 SYSTEMPATH\Boot.php(417): CodeIgniter\CodeIgniter->run()
10 SYSTEMPATH\Boot.php(68): CodeIgniter\Boot::runCodeIgniter(Object(CodeIgniter\CodeIgniter))
11 FCPATH\index.php(59): CodeIgniter\Boot::bootWeb(Object(Config\Paths))
12 SYSTEMPATH\rewrite.php(44): require_once('C:\\Users\\ASUS\\Downloads\\Projectmagang_dr\\Projectmagang_dr\\public\\index.php')
WARNING - 2026-08-21 14:28:03 --> [DEPRECATED] Passing lowercase HTTP method "post" is deprecated. Use uppercase HTTP method like "POST". in SYSTEMPATH\Router\RouteCollection.php on line 1026.
 1 SYSTEMPATH\Router\RouteCollection.php(1026): trigger_error('Passing lowercase HTTP method "post" is deprecated. Use uppercase HTTP method like "POST".', 16384)
 2 APPPATH\Config\Routes.php(95): CodeIgniter\Router\RouteCollection->match([...], 'verifikasi', '\\App\\Controllers\\Sekretariat\\C_Verifikasi::index')
 3 SYSTEMPATH\Router\RouteCollection.php(799): CodeIgniter\Router\RouteCollection::{closure:C:\Users\ASUS\Downloads\Projectmagang_dr\Projectmagang_dr\app\Config\Routes.php:89}(Object(CodeIgniter\Router\RouteCollection))
 4 APPPATH\Config\Routes.php(89): CodeIgniter\Router\RouteCollection->group('sekretariat', [...], Object(Closure))
 5 SYSTEMPATH\Router\RouteCollection.php(339): require('C:\\Users\\ASUS\\Downloads\\Projectmagang_dr\\Projectmagang_dr\\app\\Config\\Routes.php')
 6 SYSTEMPATH\CodeIgniter.php(841): CodeIgniter\Router\RouteCollection->loadRoutes()
 7 SYSTEMPATH\CodeIgniter.php(464): CodeIgniter\CodeIgniter->tryToRouteIt(null)
 8 SYSTEMPATH\CodeIgniter.php(363): CodeIgniter\CodeIgniter->handleRequest(null, Object(Config\Cache), false)
 9 SYSTEMPATH\Boot.php(417): CodeIgniter\CodeIgniter->run()
10 SYSTEMPATH\Boot.php(68): CodeIgniter\Boot::runCodeIgniter(Object(CodeIgniter\CodeIgniter))
11 FCPATH\index.php(59): CodeIgniter\Boot::bootWeb(Object(Config\Paths))
12 SYSTEMPATH\rewrite.php(44): require_once('C:\\Users\\ASUS\\Downloads\\Projectmagang_dr\\Projectmagang_dr\\public\\index.php')
WARNING - 2026-08-21 14:28:03 --> [DEPRECATED] Passing lowercase HTTP method "get" is deprecated. Use uppercase HTTP method like "GET". in SYSTEMPATH\Router\RouteCollection.php on line 1026.
 1 SYSTEMPATH\Router\RouteCollection.php(1026): trigger_error('Passing lowercase HTTP method "get" is deprecated. Use uppercase HTTP method like "GET".', 16384)
 2 APPPATH\Config\Routes.php(144): CodeIgniter\Router\RouteCollection->match([...], 'upload-surat-penerimaan', '\\App\\Controllers\\Sekretariat\\C_UploadSuratPenerimaan::index')
 3 SYSTEMPATH\Router\RouteCollection.php(799): CodeIgniter\Router\RouteCollection::{closure:C:\Users\ASUS\Downloads\Projectmagang_dr\Projectmagang_dr\app\Config\Routes.php:89}(Object(CodeIgniter\Router\RouteCollection))
 4 APPPATH\Config\Routes.php(89): CodeIgniter\Router\RouteCollection->group('sekretariat', [...], Object(Closure))
 5 SYSTEMPATH\Router\RouteCollection.php(339): require('C:\\Users\\ASUS\\Downloads\\Projectmagang_dr\\Projectmagang_dr\\app\\Config\\Routes.php')
 6 SYSTEMPATH\CodeIgniter.php(841): CodeIgniter\Router\RouteCollection->loadRoutes()
 7 SYSTEMPATH\CodeIgniter.php(464): CodeIgniter\CodeIgniter->tryToRouteIt(null)
 8 SYSTEMPATH\CodeIgniter.php(363): CodeIgniter\CodeIgniter->handleRequest(null, Object(Config\Cache), false)
 9 SYSTEMPATH\Boot.php(417): CodeIgniter\CodeIgniter->run()
10 SYSTEMPATH\Boot.php(68): CodeIgniter\Boot::runCodeIgniter(Object(CodeIgniter\CodeIgniter))
11 FCPATH\index.php(59): CodeIgniter\Boot::bootWeb(Object(Config\Paths))
12 SYSTEMPATH\rewrite.php(44): require_once('C:\\Users\\ASUS\\Downloads\\Projectmagang_dr\\Projectmagang_dr\\public\\index.php')
WARNING - 2026-08-21 14:28:03 --> [DEPRECATED] Passing lowercase HTTP method "post" is deprecated. Use uppercase HTTP method like "POST". in SYSTEMPATH\Router\RouteCollection.php on line 1026.
 1 SYSTEMPATH\Router\RouteCollection.php(1026): trigger_error('Passing lowercase HTTP method "post" is deprecated. Use uppercase HTTP method like "POST".', 16384)
 2 APPPATH\Config\Routes.php(144): CodeIgniter\Router\RouteCollection->match([...], 'upload-surat-penerimaan', '\\App\\Controllers\\Sekretariat\\C_UploadSuratPenerimaan::index')
 3 SYSTEMPATH\Router\RouteCollection.php(799): CodeIgniter\Router\RouteCollection::{closure:C:\Users\ASUS\Downloads\Projectmagang_dr\Projectmagang_dr\app\Config\Routes.php:89}(Object(CodeIgniter\Router\RouteCollection))
 4 APPPATH\Config\Routes.php(89): CodeIgniter\Router\RouteCollection->group('sekretariat', [...], Object(Closure))
 5 SYSTEMPATH\Router\RouteCollection.php(339): require('C:\\Users\\ASUS\\Downloads\\Projectmagang_dr\\Projectmagang_dr\\app\\Config\\Routes.php')
 6 SYSTEMPATH\CodeIgniter.php(841): CodeIgniter\Router\RouteCollection->loadRoutes()
 7 SYSTEMPATH\CodeIgniter.php(464): CodeIgniter\CodeIgniter->tryToRouteIt(null)
 8 SYSTEMPATH\CodeIgniter.php(363): CodeIgniter\CodeIgniter->handleRequest(null, Object(Config\Cache), false)
 9 SYSTEMPATH\Boot.php(417): CodeIgniter\CodeIgniter->run()
10 SYSTEMPATH\Boot.php(68): CodeIgniter\Boot::runCodeIgniter(Object(CodeIgniter\CodeIgniter))
11 FCPATH\index.php(59): CodeIgniter\Boot::bootWeb(Object(Config\Paths))
12 SYSTEMPATH\rewrite.php(44): require_once('C:\\Users\\ASUS\\Downloads\\Projectmagang_dr\\Projectmagang_dr\\public\\index.php')
WARNING - 2026-08-21 14:28:03 --> [DEPRECATED] Passing lowercase HTTP method "get" is deprecated. Use uppercase HTTP method like "GET". in SYSTEMPATH\Router\RouteCollection.php on line 1026.
 1 SYSTEMPATH\Router\RouteCollection.php(1026): trigger_error('Passing lowercase HTTP method "get" is deprecated. Use uppercase HTTP method like "GET".', 16384)
 2 APPPATH\Config\Routes.php(167): CodeIgniter\Router\RouteCollection->match([...], 'logbook', '\\App\\Controllers\\Kabid\\C_LogbookKabid::index')
 3 SYSTEMPATH\Router\RouteCollection.php(799): CodeIgniter\Router\RouteCollection::{closure:C:\Users\ASUS\Downloads\Projectmagang_dr\Projectmagang_dr\app\Config\Routes.php:153}(Object(CodeIgniter\Router\RouteCollection))
 4 APPPATH\Config\Routes.php(153): CodeIgniter\Router\RouteCollection->group('kabid', [...], Object(Closure))
 5 SYSTEMPATH\Router\RouteCollection.php(339): require('C:\\Users\\ASUS\\Downloads\\Projectmagang_dr\\Projectmagang_dr\\app\\Config\\Routes.php')
 6 SYSTEMPATH\CodeIgniter.php(841): CodeIgniter\Router\RouteCollection->loadRoutes()
 7 SYSTEMPATH\CodeIgniter.php(464): CodeIgniter\CodeIgniter->tryToRouteIt(null)
 8 SYSTEMPATH\CodeIgniter.php(363): CodeIgniter\CodeIgniter->handleRequest(null, Object(Config\Cache), false)
 9 SYSTEMPATH\Boot.php(417): CodeIgniter\CodeIgniter->run()
10 SYSTEMPATH\Boot.php(68): CodeIgniter\Boot::runCodeIgniter(Object(CodeIgniter\CodeIgniter))
11 FCPATH\index.php(59): CodeIgniter\Boot::bootWeb(Object(Config\Paths))
12 SYSTEMPATH\rewrite.php(44): require_once('C:\\Users\\ASUS\\Downloads\\Projectmagang_dr\\Projectmagang_dr\\public\\index.php')
WARNING - 2026-08-21 14:28:03 --> [DEPRECATED] Passing lowercase HTTP method "post" is deprecated. Use uppercase HTTP method like "POST". in SYSTEMPATH\Router\RouteCollection.php on line 1026.
 1 SYSTEMPATH\Router\RouteCollection.php(1026): trigger_error('Passing lowercase HTTP method "post" is deprecated. Use uppercase HTTP method like "POST".', 16384)
 2 APPPATH\Config\Routes.php(167): CodeIgniter\Router\RouteCollection->match([...], 'logbook', '\\App\\Controllers\\Kabid\\C_LogbookKabid::index')
 3 SYSTEMPATH\Router\RouteCollection.php(799): CodeIgniter\Router\RouteCollection::{closure:C:\Users\ASUS\Downloads\Projectmagang_dr\Projectmagang_dr\app\Config\Routes.php:153}(Object(CodeIgniter\Router\RouteCollection))
 4 APPPATH\Config\Routes.php(153): CodeIgniter\Router\RouteCollection->group('kabid', [...], Object(Closure))
 5 SYSTEMPATH\Router\RouteCollection.php(339): require('C:\\Users\\ASUS\\Downloads\\Projectmagang_dr\\Projectmagang_dr\\app\\Config\\Routes.php')
 6 SYSTEMPATH\CodeIgniter.php(841): CodeIgniter\Router\RouteCollection->loadRoutes()
 7 SYSTEMPATH\CodeIgniter.php(464): CodeIgniter\CodeIgniter->tryToRouteIt(null)
 8 SYSTEMPATH\CodeIgniter.php(363): CodeIgniter\CodeIgniter->handleRequest(null, Object(Config\Cache), false)
 9 SYSTEMPATH\Boot.php(417): CodeIgniter\CodeIgniter->run()
10 SYSTEMPATH\Boot.php(68): CodeIgniter\Boot::runCodeIgniter(Object(CodeIgniter\CodeIgniter))
11 FCPATH\index.php(59): CodeIgniter\Boot::bootWeb(Object(Config\Paths))
12 SYSTEMPATH\rewrite.php(44): require_once('C:\\Users\\ASUS\\Downloads\\Projectmagang_dr\\Projectmagang_dr\\public\\index.php')
WARNING - 2026-08-21 14:28:03 --> [DEPRECATED] Passing lowercase HTTP method "get" is deprecated. Use uppercase HTTP method like "GET". in SYSTEMPATH\Router\RouteCollection.php on line 1026.
 1 SYSTEMPATH\Router\RouteCollection.php(1026): trigger_error('Passing lowercase HTTP method "get" is deprecated. Use uppercase HTTP method like "GET".', 16384)
 2 APPPATH\Config\Routes.php(179): CodeIgniter\Router\RouteCollection->match([...], 'upload-dokumen', '\\App\\Controllers\\Kabid\\C_UploadDokumen::index')
 3 SYSTEMPATH\Router\RouteCollection.php(799): CodeIgniter\Router\RouteCollection::{closure:C:\Users\ASUS\Downloads\Projectmagang_dr\Projectmagang_dr\app\Config\Routes.php:153}(Object(CodeIgniter\Router\RouteCollection))
 4 APPPATH\Config\Routes.php(153): CodeIgniter\Router\RouteCollection->group('kabid', [...], Object(Closure))
 5 SYSTEMPATH\Router\RouteCollection.php(339): require('C:\\Users\\ASUS\\Downloads\\Projectmagang_dr\\Projectmagang_dr\\app\\Config\\Routes.php')
 6 SYSTEMPATH\CodeIgniter.php(841): CodeIgniter\Router\RouteCollection->loadRoutes()
 7 SYSTEMPATH\CodeIgniter.php(464): CodeIgniter\CodeIgniter->tryToRouteIt(null)
 8 SYSTEMPATH\CodeIgniter.php(363): CodeIgniter\CodeIgniter->handleRequest(null, Object(Config\Cache), false)
 9 SYSTEMPATH\Boot.php(417): CodeIgniter\CodeIgniter->run()
10 SYSTEMPATH\Boot.php(68): CodeIgniter\Boot::runCodeIgniter(Object(CodeIgniter\CodeIgniter))
11 FCPATH\index.php(59): CodeIgniter\Boot::bootWeb(Object(Config\Paths))
12 SYSTEMPATH\rewrite.php(44): require_once('C:\\Users\\ASUS\\Downloads\\Projectmagang_dr\\Projectmagang_dr\\public\\index.php')
WARNING - 2026-08-21 14:28:03 --> [DEPRECATED] Passing lowercase HTTP method "post" is deprecated. Use uppercase HTTP method like "POST". in SYSTEMPATH\Router\RouteCollection.php on line 1026.
 1 SYSTEMPATH\Router\RouteCollection.php(1026): trigger_error('Passing lowercase HTTP method "post" is deprecated. Use uppercase HTTP method like "POST".', 16384)
 2 APPPATH\Config\Routes.php(179): CodeIgniter\Router\RouteCollection->match([...], 'upload-dokumen', '\\App\\Controllers\\Kabid\\C_UploadDokumen::index')
 3 SYSTEMPATH\Router\RouteCollection.php(799): CodeIgniter\Router\RouteCollection::{closure:C:\Users\ASUS\Downloads\Projectmagang_dr\Projectmagang_dr\app\Config\Routes.php:153}(Object(CodeIgniter\Router\RouteCollection))
 4 APPPATH\Config\Routes.php(153): CodeIgniter\Router\RouteCollection->group('kabid', [...], Object(Closure))
 5 SYSTEMPATH\Router\RouteCollection.php(339): require('C:\\Users\\ASUS\\Downloads\\Projectmagang_dr\\Projectmagang_dr\\app\\Config\\Routes.php')
 6 SYSTEMPATH\CodeIgniter.php(841): CodeIgniter\Router\RouteCollection->loadRoutes()
 7 SYSTEMPATH\CodeIgniter.php(464): CodeIgniter\CodeIgniter->tryToRouteIt(null)
 8 SYSTEMPATH\CodeIgniter.php(363): CodeIgniter\CodeIgniter->handleRequest(null, Object(Config\Cache), false)
 9 SYSTEMPATH\Boot.php(417): CodeIgniter\CodeIgniter->run()
10 SYSTEMPATH\Boot.php(68): CodeIgniter\Boot::runCodeIgniter(Object(CodeIgniter\CodeIgniter))
11 FCPATH\index.php(59): CodeIgniter\Boot::bootWeb(Object(Config\Paths))
12 SYSTEMPATH\rewrite.php(44): require_once('C:\\Users\\ASUS\\Downloads\\Projectmagang_dr\\Projectmagang_dr\\public\\index.php')
DEBUG - 2026-08-21 14:28:03 --> Session: Class initialized using 'CodeIgniter\Session\Handlers\FileHandler' driver.
WARNING - 2026-08-21 14:28:15 --> [DEPRECATED] Passing lowercase HTTP method "get" is deprecated. Use uppercase HTTP method like "GET". in SYSTEMPATH\Router\RouteCollection.php on line 1026.
 1 SYSTEMPATH\Router\RouteCollection.php(1026): trigger_error('Passing lowercase HTTP method "get" is deprecated. Use uppercase HTTP method like "GET".', 16384)
 2 APPPATH\Config\Routes.php(77): CodeIgniter\Router\RouteCollection->match([...], 'logbook', 'C_Logbook::logbook')
 3 SYSTEMPATH\Router\RouteCollection.php(799): CodeIgniter\Router\RouteCollection::{closure:C:\Users\ASUS\Downloads\Projectmagang_dr\Projectmagang_dr\app\Config\Routes.php:59}(Object(CodeIgniter\Router\RouteCollection))
 4 APPPATH\Config\Routes.php(59): CodeIgniter\Router\RouteCollection->group('mahasiswa', [...], Object(Closure))
 5 SYSTEMPATH\Router\RouteCollection.php(339): require('C:\\Users\\ASUS\\Downloads\\Projectmagang_dr\\Projectmagang_dr\\app\\Config\\Routes.php')
 6 SYSTEMPATH\CodeIgniter.php(841): CodeIgniter\Router\RouteCollection->loadRoutes()
 7 SYSTEMPATH\CodeIgniter.php(464): CodeIgniter\CodeIgniter->tryToRouteIt(null)
 8 SYSTEMPATH\CodeIgniter.php(363): CodeIgniter\CodeIgniter->handleRequest(null, Object(Config\Cache), false)
 9 SYSTEMPATH\Boot.php(417): CodeIgniter\CodeIgniter->run()
10 SYSTEMPATH\Boot.php(68): CodeIgniter\Boot::runCodeIgniter(Object(CodeIgniter\CodeIgniter))
11 FCPATH\index.php(59): CodeIgniter\Boot::bootWeb(Object(Config\Paths))
12 SYSTEMPATH\rewrite.php(44): require_once('C:\\Users\\ASUS\\Downloads\\Projectmagang_dr\\Projectmagang_dr\\public\\index.php')
WARNING - 2026-08-21 14:28:15 --> [DEPRECATED] Passing lowercase HTTP method "post" is deprecated. Use uppercase HTTP method like "POST". in SYSTEMPATH\Router\RouteCollection.php on line 1026.
 1 SYSTEMPATH\Router\RouteCollection.php(1026): trigger_error('Passing lowercase HTTP method "post" is deprecated. Use uppercase HTTP method like "POST".', 16384)
 2 APPPATH\Config\Routes.php(77): CodeIgniter\Router\RouteCollection->match([...], 'logbook', 'C_Logbook::logbook')
 3 SYSTEMPATH\Router\RouteCollection.php(799): CodeIgniter\Router\RouteCollection::{closure:C:\Users\ASUS\Downloads\Projectmagang_dr\Projectmagang_dr\app\Config\Routes.php:59}(Object(CodeIgniter\Router\RouteCollection))
 4 APPPATH\Config\Routes.php(59): CodeIgniter\Router\RouteCollection->group('mahasiswa', [...], Object(Closure))
 5 SYSTEMPATH\Router\RouteCollection.php(339): require('C:\\Users\\ASUS\\Downloads\\Projectmagang_dr\\Projectmagang_dr\\app\\Config\\Routes.php')
 6 SYSTEMPATH\CodeIgniter.php(841): CodeIgniter\Router\RouteCollection->loadRoutes()
 7 SYSTEMPATH\CodeIgniter.php(464): CodeIgniter\CodeIgniter->tryToRouteIt(null)
 8 SYSTEMPATH\CodeIgniter.php(363): CodeIgniter\CodeIgniter->handleRequest(null, Object(Config\Cache), false)
 9 SYSTEMPATH\Boot.php(417): CodeIgniter\CodeIgniter->run()
10 SYSTEMPATH\Boot.php(68): CodeIgniter\Boot::runCodeIgniter(Object(CodeIgniter\CodeIgniter))
11 FCPATH\index.php(59): CodeIgniter\Boot::bootWeb(Object(Config\Paths))
12 SYSTEMPATH\rewrite.php(44): require_once('C:\\Users\\ASUS\\Downloads\\Projectmagang_dr\\Projectmagang_dr\\public\\index.php')
WARNING - 2026-08-21 14:28:15 --> [DEPRECATED] Passing lowercase HTTP method "get" is deprecated. Use uppercase HTTP method like "GET". in SYSTEMPATH\Router\RouteCollection.php on line 1026.
 1 SYSTEMPATH\Router\RouteCollection.php(1026): trigger_error('Passing lowercase HTTP method "get" is deprecated. Use uppercase HTTP method like "GET".', 16384)
 2 APPPATH\Config\Routes.php(95): CodeIgniter\Router\RouteCollection->match([...], 'verifikasi', '\\App\\Controllers\\Sekretariat\\C_Verifikasi::index')
 3 SYSTEMPATH\Router\RouteCollection.php(799): CodeIgniter\Router\RouteCollection::{closure:C:\Users\ASUS\Downloads\Projectmagang_dr\Projectmagang_dr\app\Config\Routes.php:89}(Object(CodeIgniter\Router\RouteCollection))
 4 APPPATH\Config\Routes.php(89): CodeIgniter\Router\RouteCollection->group('sekretariat', [...], Object(Closure))
 5 SYSTEMPATH\Router\RouteCollection.php(339): require('C:\\Users\\ASUS\\Downloads\\Projectmagang_dr\\Projectmagang_dr\\app\\Config\\Routes.php')
 6 SYSTEMPATH\CodeIgniter.php(841): CodeIgniter\Router\RouteCollection->loadRoutes()
 7 SYSTEMPATH\CodeIgniter.php(464): CodeIgniter\CodeIgniter->tryToRouteIt(null)
 8 SYSTEMPATH\CodeIgniter.php(363): CodeIgniter\CodeIgniter->handleRequest(null, Object(Config\Cache), false)
 9 SYSTEMPATH\Boot.php(417): CodeIgniter\CodeIgniter->run()
10 SYSTEMPATH\Boot.php(68): CodeIgniter\Boot::runCodeIgniter(Object(CodeIgniter\CodeIgniter))
11 FCPATH\index.php(59): CodeIgniter\Boot::bootWeb(Object(Config\Paths))
12 SYSTEMPATH\rewrite.php(44): require_once('C:\\Users\\ASUS\\Downloads\\Projectmagang_dr\\Projectmagang_dr\\public\\index.php')
WARNING - 2026-08-21 14:28:15 --> [DEPRECATED] Passing lowercase HTTP method "post" is deprecated. Use uppercase HTTP method like "POST". in SYSTEMPATH\Router\RouteCollection.php on line 1026.
 1 SYSTEMPATH\Router\RouteCollection.php(1026): trigger_error('Passing lowercase HTTP method "post" is deprecated. Use uppercase HTTP method like "POST".', 16384)
 2 APPPATH\Config\Routes.php(95): CodeIgniter\Router\RouteCollection->match([...], 'verifikasi', '\\App\\Controllers\\Sekretariat\\C_Verifikasi::index')
 3 SYSTEMPATH\Router\RouteCollection.php(799): CodeIgniter\Router\RouteCollection::{closure:C:\Users\ASUS\Downloads\Projectmagang_dr\Projectmagang_dr\app\Config\Routes.php:89}(Object(CodeIgniter\Router\RouteCollection))
 4 APPPATH\Config\Routes.php(89): CodeIgniter\Router\RouteCollection->group('sekretariat', [...], Object(Closure))
 5 SYSTEMPATH\Router\RouteCollection.php(339): require('C:\\Users\\ASUS\\Downloads\\Projectmagang_dr\\Projectmagang_dr\\app\\Config\\Routes.php')
 6 SYSTEMPATH\CodeIgniter.php(841): CodeIgniter\Router\RouteCollection->loadRoutes()
 7 SYSTEMPATH\CodeIgniter.php(464): CodeIgniter\CodeIgniter->tryToRouteIt(null)
 8 SYSTEMPATH\CodeIgniter.php(363): CodeIgniter\CodeIgniter->handleRequest(null, Object(Config\Cache), false)
 9 SYSTEMPATH\Boot.php(417): CodeIgniter\CodeIgniter->run()
10 SYSTEMPATH\Boot.php(68): CodeIgniter\Boot::runCodeIgniter(Object(CodeIgniter\CodeIgniter))
11 FCPATH\index.php(59): CodeIgniter\Boot::bootWeb(Object(Config\Paths))
12 SYSTEMPATH\rewrite.php(44): require_once('C:\\Users\\ASUS\\Downloads\\Projectmagang_dr\\Projectmagang_dr\\public\\index.php')
WARNING - 2026-08-21 14:28:15 --> [DEPRECATED] Passing lowercase HTTP method "get" is deprecated. Use uppercase HTTP method like "GET". in SYSTEMPATH\Router\RouteCollection.php on line 1026.
 1 SYSTEMPATH\Router\RouteCollection.php(1026): trigger_error('Passing lowercase HTTP method "get" is deprecated. Use uppercase HTTP method like "GET".', 16384)
 2 APPPATH\Config\Routes.php(144): CodeIgniter\Router\RouteCollection->match([...], 'upload-surat-penerimaan', '\\App\\Controllers\\Sekretariat\\C_UploadSuratPenerimaan::index')
 3 SYSTEMPATH\Router\RouteCollection.php(799): CodeIgniter\Router\RouteCollection::{closure:C:\Users\ASUS\Downloads\Projectmagang_dr\Projectmagang_dr\app\Config\Routes.php:89}(Object(CodeIgniter\Router\RouteCollection))
 4 APPPATH\Config\Routes.php(89): CodeIgniter\Router\RouteCollection->group('sekretariat', [...], Object(Closure))
 5 SYSTEMPATH\Router\RouteCollection.php(339): require('C:\\Users\\ASUS\\Downloads\\Projectmagang_dr\\Projectmagang_dr\\app\\Config\\Routes.php')
 6 SYSTEMPATH\CodeIgniter.php(841): CodeIgniter\Router\RouteCollection->loadRoutes()
 7 SYSTEMPATH\CodeIgniter.php(464): CodeIgniter\CodeIgniter->tryToRouteIt(null)
 8 SYSTEMPATH\CodeIgniter.php(363): CodeIgniter\CodeIgniter->handleRequest(null, Object(Config\Cache), false)
 9 SYSTEMPATH\Boot.php(417): CodeIgniter\CodeIgniter->run()
10 SYSTEMPATH\Boot.php(68): CodeIgniter\Boot::runCodeIgniter(Object(CodeIgniter\CodeIgniter))
11 FCPATH\index.php(59): CodeIgniter\Boot::bootWeb(Object(Config\Paths))
12 SYSTEMPATH\rewrite.php(44): require_once('C:\\Users\\ASUS\\Downloads\\Projectmagang_dr\\Projectmagang_dr\\public\\index.php')
WARNING - 2026-08-21 14:28:15 --> [DEPRECATED] Passing lowercase HTTP method "post" is deprecated. Use uppercase HTTP method like "POST". in SYSTEMPATH\Router\RouteCollection.php on line 1026.
 1 SYSTEMPATH\Router\RouteCollection.php(1026): trigger_error('Passing lowercase HTTP method "post" is deprecated. Use uppercase HTTP method like "POST".', 16384)
 2 APPPATH\Config\Routes.php(144): CodeIgniter\Router\RouteCollection->match([...], 'upload-surat-penerimaan', '\\App\\Controllers\\Sekretariat\\C_UploadSuratPenerimaan::index')
 3 SYSTEMPATH\Router\RouteCollection.php(799): CodeIgniter\Router\RouteCollection::{closure:C:\Users\ASUS\Downloads\Projectmagang_dr\Projectmagang_dr\app\Config\Routes.php:89}(Object(CodeIgniter\Router\RouteCollection))
 4 APPPATH\Config\Routes.php(89): CodeIgniter\Router\RouteCollection->group('sekretariat', [...], Object(Closure))
 5 SYSTEMPATH\Router\RouteCollection.php(339): require('C:\\Users\\ASUS\\Downloads\\Projectmagang_dr\\Projectmagang_dr\\app\\Config\\Routes.php')
 6 SYSTEMPATH\CodeIgniter.php(841): CodeIgniter\Router\RouteCollection->loadRoutes()
 7 SYSTEMPATH\CodeIgniter.php(464): CodeIgniter\CodeIgniter->tryToRouteIt(null)
 8 SYSTEMPATH\CodeIgniter.php(363): CodeIgniter\CodeIgniter->handleRequest(null, Object(Config\Cache), false)
 9 SYSTEMPATH\Boot.php(417): CodeIgniter\CodeIgniter->run()
10 SYSTEMPATH\Boot.php(68): CodeIgniter\Boot::runCodeIgniter(Object(CodeIgniter\CodeIgniter))
11 FCPATH\index.php(59): CodeIgniter\Boot::bootWeb(Object(Config\Paths))
12 SYSTEMPATH\rewrite.php(44): require_once('C:\\Users\\ASUS\\Downloads\\Projectmagang_dr\\Projectmagang_dr\\public\\index.php')
WARNING - 2026-08-21 14:28:15 --> [DEPRECATED] Passing lowercase HTTP method "get" is deprecated. Use uppercase HTTP method like "GET". in SYSTEMPATH\Router\RouteCollection.php on line 1026.
 1 SYSTEMPATH\Router\RouteCollection.php(1026): trigger_error('Passing lowercase HTTP method "get" is deprecated. Use uppercase HTTP method like "GET".', 16384)
 2 APPPATH\Config\Routes.php(167): CodeIgniter\Router\RouteCollection->match([...], 'logbook', '\\App\\Controllers\\Kabid\\C_LogbookKabid::index')
 3 SYSTEMPATH\Router\RouteCollection.php(799): CodeIgniter\Router\RouteCollection::{closure:C:\Users\ASUS\Downloads\Projectmagang_dr\Projectmagang_dr\app\Config\Routes.php:153}(Object(CodeIgniter\Router\RouteCollection))
 4 APPPATH\Config\Routes.php(153): CodeIgniter\Router\RouteCollection->group('kabid', [...], Object(Closure))
 5 SYSTEMPATH\Router\RouteCollection.php(339): require('C:\\Users\\ASUS\\Downloads\\Projectmagang_dr\\Projectmagang_dr\\app\\Config\\Routes.php')
 6 SYSTEMPATH\CodeIgniter.php(841): CodeIgniter\Router\RouteCollection->loadRoutes()
 7 SYSTEMPATH\CodeIgniter.php(464): CodeIgniter\CodeIgniter->tryToRouteIt(null)
 8 SYSTEMPATH\CodeIgniter.php(363): CodeIgniter\CodeIgniter->handleRequest(null, Object(Config\Cache), false)
 9 SYSTEMPATH\Boot.php(417): CodeIgniter\CodeIgniter->run()
10 SYSTEMPATH\Boot.php(68): CodeIgniter\Boot::runCodeIgniter(Object(CodeIgniter\CodeIgniter))
11 FCPATH\index.php(59): CodeIgniter\Boot::bootWeb(Object(Config\Paths))
12 SYSTEMPATH\rewrite.php(44): require_once('C:\\Users\\ASUS\\Downloads\\Projectmagang_dr\\Projectmagang_dr\\public\\index.php')
WARNING - 2026-08-21 14:28:15 --> [DEPRECATED] Passing lowercase HTTP method "post" is deprecated. Use uppercase HTTP method like "POST". in SYSTEMPATH\Router\RouteCollection.php on line 1026.
 1 SYSTEMPATH\Router\RouteCollection.php(1026): trigger_error('Passing lowercase HTTP method "post" is deprecated. Use uppercase HTTP method like "POST".', 16384)
 2 APPPATH\Config\Routes.php(167): CodeIgniter\Router\RouteCollection->match([...], 'logbook', '\\App\\Controllers\\Kabid\\C_LogbookKabid::index')
 3 SYSTEMPATH\Router\RouteCollection.php(799): CodeIgniter\Router\RouteCollection::{closure:C:\Users\ASUS\Downloads\Projectmagang_dr\Projectmagang_dr\app\Config\Routes.php:153}(Object(CodeIgniter\Router\RouteCollection))
 4 APPPATH\Config\Routes.php(153): CodeIgniter\Router\RouteCollection->group('kabid', [...], Object(Closure))
 5 SYSTEMPATH\Router\RouteCollection.php(339): require('C:\\Users\\ASUS\\Downloads\\Projectmagang_dr\\Projectmagang_dr\\app\\Config\\Routes.php')
 6 SYSTEMPATH\CodeIgniter.php(841): CodeIgniter\Router\RouteCollection->loadRoutes()
 7 SYSTEMPATH\CodeIgniter.php(464): CodeIgniter\CodeIgniter->tryToRouteIt(null)
 8 SYSTEMPATH\CodeIgniter.php(363): CodeIgniter\CodeIgniter->handleRequest(null, Object(Config\Cache), false)
 9 SYSTEMPATH\Boot.php(417): CodeIgniter\CodeIgniter->run()
10 SYSTEMPATH\Boot.php(68): CodeIgniter\Boot::runCodeIgniter(Object(CodeIgniter\CodeIgniter))
11 FCPATH\index.php(59): CodeIgniter\Boot::bootWeb(Object(Config\Paths))
12 SYSTEMPATH\rewrite.php(44): require_once('C:\\Users\\ASUS\\Downloads\\Projectmagang_dr\\Projectmagang_dr\\public\\index.php')
WARNING - 2026-08-21 14:28:15 --> [DEPRECATED] Passing lowercase HTTP method "get" is deprecated. Use uppercase HTTP method like "GET". in SYSTEMPATH\Router\RouteCollection.php on line 1026.
 1 SYSTEMPATH\Router\RouteCollection.php(1026): trigger_error('Passing lowercase HTTP method "get" is deprecated. Use uppercase HTTP method like "GET".', 16384)
 2 APPPATH\Config\Routes.php(179): CodeIgniter\Router\RouteCollection->match([...], 'upload-dokumen', '\\App\\Controllers\\Kabid\\C_UploadDokumen::index')
 3 SYSTEMPATH\Router\RouteCollection.php(799): CodeIgniter\Router\RouteCollection::{closure:C:\Users\ASUS\Downloads\Projectmagang_dr\Projectmagang_dr\app\Config\Routes.php:153}(Object(CodeIgniter\Router\RouteCollection))
 4 APPPATH\Config\Routes.php(153): CodeIgniter\Router\RouteCollection->group('kabid', [...], Object(Closure))
 5 SYSTEMPATH\Router\RouteCollection.php(339): require('C:\\Users\\ASUS\\Downloads\\Projectmagang_dr\\Projectmagang_dr\\app\\Config\\Routes.php')
 6 SYSTEMPATH\CodeIgniter.php(841): CodeIgniter\Router\RouteCollection->loadRoutes()
 7 SYSTEMPATH\CodeIgniter.php(464): CodeIgniter\CodeIgniter->tryToRouteIt(null)
 8 SYSTEMPATH\CodeIgniter.php(363): CodeIgniter\CodeIgniter->handleRequest(null, Object(Config\Cache), false)
 9 SYSTEMPATH\Boot.php(417): CodeIgniter\CodeIgniter->run()
10 SYSTEMPATH\Boot.php(68): CodeIgniter\Boot::runCodeIgniter(Object(CodeIgniter\CodeIgniter))
11 FCPATH\index.php(59): CodeIgniter\Boot::bootWeb(Object(Config\Paths))
12 SYSTEMPATH\rewrite.php(44): require_once('C:\\Users\\ASUS\\Downloads\\Projectmagang_dr\\Projectmagang_dr\\public\\index.php')
WARNING - 2026-08-21 14:28:15 --> [DEPRECATED] Passing lowercase HTTP method "post" is deprecated. Use uppercase HTTP method like "POST". in SYSTEMPATH\Router\RouteCollection.php on line 1026.
 1 SYSTEMPATH\Router\RouteCollection.php(1026): trigger_error('Passing lowercase HTTP method "post" is deprecated. Use uppercase HTTP method like "POST".', 16384)
 2 APPPATH\Config\Routes.php(179): CodeIgniter\Router\RouteCollection->match([...], 'upload-dokumen', '\\App\\Controllers\\Kabid\\C_UploadDokumen::index')
 3 SYSTEMPATH\Router\RouteCollection.php(799): CodeIgniter\Router\RouteCollection::{closure:C:\Users\ASUS\Downloads\Projectmagang_dr\Projectmagang_dr\app\Config\Routes.php:153}(Object(CodeIgniter\Router\RouteCollection))
 4 APPPATH\Config\Routes.php(153): CodeIgniter\Router\RouteCollection->group('kabid', [...], Object(Closure))
 5 SYSTEMPATH\Router\RouteCollection.php(339): require('C:\\Users\\ASUS\\Downloads\\Projectmagang_dr\\Projectmagang_dr\\app\\Config\\Routes.php')
 6 SYSTEMPATH\CodeIgniter.php(841): CodeIgniter\Router\RouteCollection->loadRoutes()
 7 SYSTEMPATH\CodeIgniter.php(464): CodeIgniter\CodeIgniter->tryToRouteIt(null)
 8 SYSTEMPATH\CodeIgniter.php(363): CodeIgniter\CodeIgniter->handleRequest(null, Object(Config\Cache), false)
 9 SYSTEMPATH\Boot.php(417): CodeIgniter\CodeIgniter->run()
10 SYSTEMPATH\Boot.php(68): CodeIgniter\Boot::runCodeIgniter(Object(CodeIgniter\CodeIgniter))
11 FCPATH\index.php(59): CodeIgniter\Boot::bootWeb(Object(Config\Paths))
12 SYSTEMPATH\rewrite.php(44): require_once('C:\\Users\\ASUS\\Downloads\\Projectmagang_dr\\Projectmagang_dr\\public\\index.php')
DEBUG - 2026-08-21 14:28:15 --> Session: Class initialized using 'CodeIgniter\Session\Handlers\FileHandler' driver.
WARNING - 2026-08-21 14:28:17 --> [DEPRECATED] Passing lowercase HTTP method "get" is deprecated. Use uppercase HTTP method like "GET". in SYSTEMPATH\Router\RouteCollection.php on line 1026.
 1 SYSTEMPATH\Router\RouteCollection.php(1026): trigger_error('Passing lowercase HTTP method "get" is deprecated. Use uppercase HTTP method like "GET".', 16384)
 2 APPPATH\Config\Routes.php(77): CodeIgniter\Router\RouteCollection->match([...], 'logbook', 'C_Logbook::logbook')
 3 SYSTEMPATH\Router\RouteCollection.php(799): CodeIgniter\Router\RouteCollection::{closure:C:\Users\ASUS\Downloads\Projectmagang_dr\Projectmagang_dr\app\Config\Routes.php:59}(Object(CodeIgniter\Router\RouteCollection))
 4 APPPATH\Config\Routes.php(59): CodeIgniter\Router\RouteCollection->group('mahasiswa', [...], Object(Closure))
 5 SYSTEMPATH\Router\RouteCollection.php(339): require('C:\\Users\\ASUS\\Downloads\\Projectmagang_dr\\Projectmagang_dr\\app\\Config\\Routes.php')
 6 SYSTEMPATH\CodeIgniter.php(841): CodeIgniter\Router\RouteCollection->loadRoutes()
 7 SYSTEMPATH\CodeIgniter.php(464): CodeIgniter\CodeIgniter->tryToRouteIt(null)
 8 SYSTEMPATH\CodeIgniter.php(363): CodeIgniter\CodeIgniter->handleRequest(null, Object(Config\Cache), false)
 9 SYSTEMPATH\Boot.php(417): CodeIgniter\CodeIgniter->run()
10 SYSTEMPATH\Boot.php(68): CodeIgniter\Boot::runCodeIgniter(Object(CodeIgniter\CodeIgniter))
11 FCPATH\index.php(59): CodeIgniter\Boot::bootWeb(Object(Config\Paths))
12 SYSTEMPATH\rewrite.php(44): require_once('C:\\Users\\ASUS\\Downloads\\Projectmagang_dr\\Projectmagang_dr\\public\\index.php')
WARNING - 2026-08-21 14:28:17 --> [DEPRECATED] Passing lowercase HTTP method "post" is deprecated. Use uppercase HTTP method like "POST". in SYSTEMPATH\Router\RouteCollection.php on line 1026.
 1 SYSTEMPATH\Router\RouteCollection.php(1026): trigger_error('Passing lowercase HTTP method "post" is deprecated. Use uppercase HTTP method like "POST".', 16384)
 2 APPPATH\Config\Routes.php(77): CodeIgniter\Router\RouteCollection->match([...], 'logbook', 'C_Logbook::logbook')
 3 SYSTEMPATH\Router\RouteCollection.php(799): CodeIgniter\Router\RouteCollection::{closure:C:\Users\ASUS\Downloads\Projectmagang_dr\Projectmagang_dr\app\Config\Routes.php:59}(Object(CodeIgniter\Router\RouteCollection))
 4 APPPATH\Config\Routes.php(59): CodeIgniter\Router\RouteCollection->group('mahasiswa', [...], Object(Closure))
 5 SYSTEMPATH\Router\RouteCollection.php(339): require('C:\\Users\\ASUS\\Downloads\\Projectmagang_dr\\Projectmagang_dr\\app\\Config\\Routes.php')
 6 SYSTEMPATH\CodeIgniter.php(841): CodeIgniter\Router\RouteCollection->loadRoutes()
 7 SYSTEMPATH\CodeIgniter.php(464): CodeIgniter\CodeIgniter->tryToRouteIt(null)
 8 SYSTEMPATH\CodeIgniter.php(363): CodeIgniter\CodeIgniter->handleRequest(null, Object(Config\Cache), false)
 9 SYSTEMPATH\Boot.php(417): CodeIgniter\CodeIgniter->run()
10 SYSTEMPATH\Boot.php(68): CodeIgniter\Boot::runCodeIgniter(Object(CodeIgniter\CodeIgniter))
11 FCPATH\index.php(59): CodeIgniter\Boot::bootWeb(Object(Config\Paths))
12 SYSTEMPATH\rewrite.php(44): require_once('C:\\Users\\ASUS\\Downloads\\Projectmagang_dr\\Projectmagang_dr\\public\\index.php')
WARNING - 2026-08-21 14:28:17 --> [DEPRECATED] Passing lowercase HTTP method "get" is deprecated. Use uppercase HTTP method like "GET". in SYSTEMPATH\Router\RouteCollection.php on line 1026.
 1 SYSTEMPATH\Router\RouteCollection.php(1026): trigger_error('Passing lowercase HTTP method "get" is deprecated. Use uppercase HTTP method like "GET".', 16384)
 2 APPPATH\Config\Routes.php(95): CodeIgniter\Router\RouteCollection->match([...], 'verifikasi', '\\App\\Controllers\\Sekretariat\\C_Verifikasi::index')
 3 SYSTEMPATH\Router\RouteCollection.php(799): CodeIgniter\Router\RouteCollection::{closure:C:\Users\ASUS\Downloads\Projectmagang_dr\Projectmagang_dr\app\Config\Routes.php:89}(Object(CodeIgniter\Router\RouteCollection))
 4 APPPATH\Config\Routes.php(89): CodeIgniter\Router\RouteCollection->group('sekretariat', [...], Object(Closure))
 5 SYSTEMPATH\Router\RouteCollection.php(339): require('C:\\Users\\ASUS\\Downloads\\Projectmagang_dr\\Projectmagang_dr\\app\\Config\\Routes.php')
 6 SYSTEMPATH\CodeIgniter.php(841): CodeIgniter\Router\RouteCollection->loadRoutes()
 7 SYSTEMPATH\CodeIgniter.php(464): CodeIgniter\CodeIgniter->tryToRouteIt(null)
 8 SYSTEMPATH\CodeIgniter.php(363): CodeIgniter\CodeIgniter->handleRequest(null, Object(Config\Cache), false)
 9 SYSTEMPATH\Boot.php(417): CodeIgniter\CodeIgniter->run()
10 SYSTEMPATH\Boot.php(68): CodeIgniter\Boot::runCodeIgniter(Object(CodeIgniter\CodeIgniter))
11 FCPATH\index.php(59): CodeIgniter\Boot::bootWeb(Object(Config\Paths))
12 SYSTEMPATH\rewrite.php(44): require_once('C:\\Users\\ASUS\\Downloads\\Projectmagang_dr\\Projectmagang_dr\\public\\index.php')
WARNING - 2026-08-21 14:28:17 --> [DEPRECATED] Passing lowercase HTTP method "post" is deprecated. Use uppercase HTTP method like "POST". in SYSTEMPATH\Router\RouteCollection.php on line 1026.
 1 SYSTEMPATH\Router\RouteCollection.php(1026): trigger_error('Passing lowercase HTTP method "post" is deprecated. Use uppercase HTTP method like "POST".', 16384)
 2 APPPATH\Config\Routes.php(95): CodeIgniter\Router\RouteCollection->match([...], 'verifikasi', '\\App\\Controllers\\Sekretariat\\C_Verifikasi::index')
 3 SYSTEMPATH\Router\RouteCollection.php(799): CodeIgniter\Router\RouteCollection::{closure:C:\Users\ASUS\Downloads\Projectmagang_dr\Projectmagang_dr\app\Config\Routes.php:89}(Object(CodeIgniter\Router\RouteCollection))
 4 APPPATH\Config\Routes.php(89): CodeIgniter\Router\RouteCollection->group('sekretariat', [...], Object(Closure))
 5 SYSTEMPATH\Router\RouteCollection.php(339): require('C:\\Users\\ASUS\\Downloads\\Projectmagang_dr\\Projectmagang_dr\\app\\Config\\Routes.php')
 6 SYSTEMPATH\CodeIgniter.php(841): CodeIgniter\Router\RouteCollection->loadRoutes()
 7 SYSTEMPATH\CodeIgniter.php(464): CodeIgniter\CodeIgniter->tryToRouteIt(null)
 8 SYSTEMPATH\CodeIgniter.php(363): CodeIgniter\CodeIgniter->handleRequest(null, Object(Config\Cache), false)
 9 SYSTEMPATH\Boot.php(417): CodeIgniter\CodeIgniter->run()
10 SYSTEMPATH\Boot.php(68): CodeIgniter\Boot::runCodeIgniter(Object(CodeIgniter\CodeIgniter))
11 FCPATH\index.php(59): CodeIgniter\Boot::bootWeb(Object(Config\Paths))
12 SYSTEMPATH\rewrite.php(44): require_once('C:\\Users\\ASUS\\Downloads\\Projectmagang_dr\\Projectmagang_dr\\public\\index.php')
WARNING - 2026-08-21 14:28:17 --> [DEPRECATED] Passing lowercase HTTP method "get" is deprecated. Use uppercase HTTP method like "GET". in SYSTEMPATH\Router\RouteCollection.php on line 1026.
 1 SYSTEMPATH\Router\RouteCollection.php(1026): trigger_error('Passing lowercase HTTP method "get" is deprecated. Use uppercase HTTP method like "GET".', 16384)
 2 APPPATH\Config\Routes.php(144): CodeIgniter\Router\RouteCollection->match([...], 'upload-surat-penerimaan', '\\App\\Controllers\\Sekretariat\\C_UploadSuratPenerimaan::index')
 3 SYSTEMPATH\Router\RouteCollection.php(799): CodeIgniter\Router\RouteCollection::{closure:C:\Users\ASUS\Downloads\Projectmagang_dr\Projectmagang_dr\app\Config\Routes.php:89}(Object(CodeIgniter\Router\RouteCollection))
 4 APPPATH\Config\Routes.php(89): CodeIgniter\Router\RouteCollection->group('sekretariat', [...], Object(Closure))
 5 SYSTEMPATH\Router\RouteCollection.php(339): require('C:\\Users\\ASUS\\Downloads\\Projectmagang_dr\\Projectmagang_dr\\app\\Config\\Routes.php')
 6 SYSTEMPATH\CodeIgniter.php(841): CodeIgniter\Router\RouteCollection->loadRoutes()
 7 SYSTEMPATH\CodeIgniter.php(464): CodeIgniter\CodeIgniter->tryToRouteIt(null)
 8 SYSTEMPATH\CodeIgniter.php(363): CodeIgniter\CodeIgniter->handleRequest(null, Object(Config\Cache), false)
 9 SYSTEMPATH\Boot.php(417): CodeIgniter\CodeIgniter->run()
10 SYSTEMPATH\Boot.php(68): CodeIgniter\Boot::runCodeIgniter(Object(CodeIgniter\CodeIgniter))
11 FCPATH\index.php(59): CodeIgniter\Boot::bootWeb(Object(Config\Paths))
12 SYSTEMPATH\rewrite.php(44): require_once('C:\\Users\\ASUS\\Downloads\\Projectmagang_dr\\Projectmagang_dr\\public\\index.php')
WARNING - 2026-08-21 14:28:17 --> [DEPRECATED] Passing lowercase HTTP method "post" is deprecated. Use uppercase HTTP method like "POST". in SYSTEMPATH\Router\RouteCollection.php on line 1026.
 1 SYSTEMPATH\Router\RouteCollection.php(1026): trigger_error('Passing lowercase HTTP method "post" is deprecated. Use uppercase HTTP method like "POST".', 16384)
 2 APPPATH\Config\Routes.php(144): CodeIgniter\Router\RouteCollection->match([...], 'upload-surat-penerimaan', '\\App\\Controllers\\Sekretariat\\C_UploadSuratPenerimaan::index')
 3 SYSTEMPATH\Router\RouteCollection.php(799): CodeIgniter\Router\RouteCollection::{closure:C:\Users\ASUS\Downloads\Projectmagang_dr\Projectmagang_dr\app\Config\Routes.php:89}(Object(CodeIgniter\Router\RouteCollection))
 4 APPPATH\Config\Routes.php(89): CodeIgniter\Router\RouteCollection->group('sekretariat', [...], Object(Closure))
 5 SYSTEMPATH\Router\RouteCollection.php(339): require('C:\\Users\\ASUS\\Downloads\\Projectmagang_dr\\Projectmagang_dr\\app\\Config\\Routes.php')
 6 SYSTEMPATH\CodeIgniter.php(841): CodeIgniter\Router\RouteCollection->loadRoutes()
 7 SYSTEMPATH\CodeIgniter.php(464): CodeIgniter\CodeIgniter->tryToRouteIt(null)
 8 SYSTEMPATH\CodeIgniter.php(363): CodeIgniter\CodeIgniter->handleRequest(null, Object(Config\Cache), false)
 9 SYSTEMPATH\Boot.php(417): CodeIgniter\CodeIgniter->run()
10 SYSTEMPATH\Boot.php(68): CodeIgniter\Boot::runCodeIgniter(Object(CodeIgniter\CodeIgniter))
11 FCPATH\index.php(59): CodeIgniter\Boot::bootWeb(Object(Config\Paths))
12 SYSTEMPATH\rewrite.php(44): require_once('C:\\Users\\ASUS\\Downloads\\Projectmagang_dr\\Projectmagang_dr\\public\\index.php')
WARNING - 2026-08-21 14:28:17 --> [DEPRECATED] Passing lowercase HTTP method "get" is deprecated. Use uppercase HTTP method like "GET". in SYSTEMPATH\Router\RouteCollection.php on line 1026.
 1 SYSTEMPATH\Router\RouteCollection.php(1026): trigger_error('Passing lowercase HTTP method "get" is deprecated. Use uppercase HTTP method like "GET".', 16384)
 2 APPPATH\Config\Routes.php(167): CodeIgniter\Router\RouteCollection->match([...], 'logbook', '\\App\\Controllers\\Kabid\\C_LogbookKabid::index')
 3 SYSTEMPATH\Router\RouteCollection.php(799): CodeIgniter\Router\RouteCollection::{closure:C:\Users\ASUS\Downloads\Projectmagang_dr\Projectmagang_dr\app\Config\Routes.php:153}(Object(CodeIgniter\Router\RouteCollection))
 4 APPPATH\Config\Routes.php(153): CodeIgniter\Router\RouteCollection->group('kabid', [...], Object(Closure))
 5 SYSTEMPATH\Router\RouteCollection.php(339): require('C:\\Users\\ASUS\\Downloads\\Projectmagang_dr\\Projectmagang_dr\\app\\Config\\Routes.php')
 6 SYSTEMPATH\CodeIgniter.php(841): CodeIgniter\Router\RouteCollection->loadRoutes()
 7 SYSTEMPATH\CodeIgniter.php(464): CodeIgniter\CodeIgniter->tryToRouteIt(null)
 8 SYSTEMPATH\CodeIgniter.php(363): CodeIgniter\CodeIgniter->handleRequest(null, Object(Config\Cache), false)
 9 SYSTEMPATH\Boot.php(417): CodeIgniter\CodeIgniter->run()
10 SYSTEMPATH\Boot.php(68): CodeIgniter\Boot::runCodeIgniter(Object(CodeIgniter\CodeIgniter))
11 FCPATH\index.php(59): CodeIgniter\Boot::bootWeb(Object(Config\Paths))
12 SYSTEMPATH\rewrite.php(44): require_once('C:\\Users\\ASUS\\Downloads\\Projectmagang_dr\\Projectmagang_dr\\public\\index.php')
WARNING - 2026-08-21 14:28:17 --> [DEPRECATED] Passing lowercase HTTP method "post" is deprecated. Use uppercase HTTP method like "POST". in SYSTEMPATH\Router\RouteCollection.php on line 1026.
 1 SYSTEMPATH\Router\RouteCollection.php(1026): trigger_error('Passing lowercase HTTP method "post" is deprecated. Use uppercase HTTP method like "POST".', 16384)
 2 APPPATH\Config\Routes.php(167): CodeIgniter\Router\RouteCollection->match([...], 'logbook', '\\App\\Controllers\\Kabid\\C_LogbookKabid::index')
 3 SYSTEMPATH\Router\RouteCollection.php(799): CodeIgniter\Router\RouteCollection::{closure:C:\Users\ASUS\Downloads\Projectmagang_dr\Projectmagang_dr\app\Config\Routes.php:153}(Object(CodeIgniter\Router\RouteCollection))
 4 APPPATH\Config\Routes.php(153): CodeIgniter\Router\RouteCollection->group('kabid', [...], Object(Closure))
 5 SYSTEMPATH\Router\RouteCollection.php(339): require('C:\\Users\\ASUS\\Downloads\\Projectmagang_dr\\Projectmagang_dr\\app\\Config\\Routes.php')
 6 SYSTEMPATH\CodeIgniter.php(841): CodeIgniter\Router\RouteCollection->loadRoutes()
 7 SYSTEMPATH\CodeIgniter.php(464): CodeIgniter\CodeIgniter->tryToRouteIt(null)
 8 SYSTEMPATH\CodeIgniter.php(363): CodeIgniter\CodeIgniter->handleRequest(null, Object(Config\Cache), false)
 9 SYSTEMPATH\Boot.php(417): CodeIgniter\CodeIgniter->run()
10 SYSTEMPATH\Boot.php(68): CodeIgniter\Boot::runCodeIgniter(Object(CodeIgniter\CodeIgniter))
11 FCPATH\index.php(59): CodeIgniter\Boot::bootWeb(Object(Config\Paths))
12 SYSTEMPATH\rewrite.php(44): require_once('C:\\Users\\ASUS\\Downloads\\Projectmagang_dr\\Projectmagang_dr\\public\\index.php')
WARNING - 2026-08-21 14:28:17 --> [DEPRECATED] Passing lowercase HTTP method "get" is deprecated. Use uppercase HTTP method like "GET". in SYSTEMPATH\Router\RouteCollection.php on line 1026.
 1 SYSTEMPATH\Router\RouteCollection.php(1026): trigger_error('Passing lowercase HTTP method "get" is deprecated. Use uppercase HTTP method like "GET".', 16384)
 2 APPPATH\Config\Routes.php(179): CodeIgniter\Router\RouteCollection->match([...], 'upload-dokumen', '\\App\\Controllers\\Kabid\\C_UploadDokumen::index')
 3 SYSTEMPATH\Router\RouteCollection.php(799): CodeIgniter\Router\RouteCollection::{closure:C:\Users\ASUS\Downloads\Projectmagang_dr\Projectmagang_dr\app\Config\Routes.php:153}(Object(CodeIgniter\Router\RouteCollection))
 4 APPPATH\Config\Routes.php(153): CodeIgniter\Router\RouteCollection->group('kabid', [...], Object(Closure))
 5 SYSTEMPATH\Router\RouteCollection.php(339): require('C:\\Users\\ASUS\\Downloads\\Projectmagang_dr\\Projectmagang_dr\\app\\Config\\Routes.php')
 6 SYSTEMPATH\CodeIgniter.php(841): CodeIgniter\Router\RouteCollection->loadRoutes()
 7 SYSTEMPATH\CodeIgniter.php(464): CodeIgniter\CodeIgniter->tryToRouteIt(null)
 8 SYSTEMPATH\CodeIgniter.php(363): CodeIgniter\CodeIgniter->handleRequest(null, Object(Config\Cache), false)
 9 SYSTEMPATH\Boot.php(417): CodeIgniter\CodeIgniter->run()
10 SYSTEMPATH\Boot.php(68): CodeIgniter\Boot::runCodeIgniter(Object(CodeIgniter\CodeIgniter))
11 FCPATH\index.php(59): CodeIgniter\Boot::bootWeb(Object(Config\Paths))
12 SYSTEMPATH\rewrite.php(44): require_once('C:\\Users\\ASUS\\Downloads\\Projectmagang_dr\\Projectmagang_dr\\public\\index.php')
WARNING - 2026-08-21 14:28:17 --> [DEPRECATED] Passing lowercase HTTP method "post" is deprecated. Use uppercase HTTP method like "POST". in SYSTEMPATH\Router\RouteCollection.php on line 1026.
 1 SYSTEMPATH\Router\RouteCollection.php(1026): trigger_error('Passing lowercase HTTP method "post" is deprecated. Use uppercase HTTP method like "POST".', 16384)
 2 APPPATH\Config\Routes.php(179): CodeIgniter\Router\RouteCollection->match([...], 'upload-dokumen', '\\App\\Controllers\\Kabid\\C_UploadDokumen::index')
 3 SYSTEMPATH\Router\RouteCollection.php(799): CodeIgniter\Router\RouteCollection::{closure:C:\Users\ASUS\Downloads\Projectmagang_dr\Projectmagang_dr\app\Config\Routes.php:153}(Object(CodeIgniter\Router\RouteCollection))
 4 APPPATH\Config\Routes.php(153): CodeIgniter\Router\RouteCollection->group('kabid', [...], Object(Closure))
 5 SYSTEMPATH\Router\RouteCollection.php(339): require('C:\\Users\\ASUS\\Downloads\\Projectmagang_dr\\Projectmagang_dr\\app\\Config\\Routes.php')
 6 SYSTEMPATH\CodeIgniter.php(841): CodeIgniter\Router\RouteCollection->loadRoutes()
 7 SYSTEMPATH\CodeIgniter.php(464): CodeIgniter\CodeIgniter->tryToRouteIt(null)
 8 SYSTEMPATH\CodeIgniter.php(363): CodeIgniter\CodeIgniter->handleRequest(null, Object(Config\Cache), false)
 9 SYSTEMPATH\Boot.php(417): CodeIgniter\CodeIgniter->run()
10 SYSTEMPATH\Boot.php(68): CodeIgniter\Boot::runCodeIgniter(Object(CodeIgniter\CodeIgniter))
11 FCPATH\index.php(59): CodeIgniter\Boot::bootWeb(Object(Config\Paths))
12 SYSTEMPATH\rewrite.php(44): require_once('C:\\Users\\ASUS\\Downloads\\Projectmagang_dr\\Projectmagang_dr\\public\\index.php')
DEBUG - 2026-08-21 14:28:17 --> Session: Class initialized using 'CodeIgniter\Session\Handlers\FileHandler' driver.
WARNING - 2026-08-21 14:28:18 --> [DEPRECATED] Passing lowercase HTTP method "get" is deprecated. Use uppercase HTTP method like "GET". in SYSTEMPATH\Router\RouteCollection.php on line 1026.
 1 SYSTEMPATH\Router\RouteCollection.php(1026): trigger_error('Passing lowercase HTTP method "get" is deprecated. Use uppercase HTTP method like "GET".', 16384)
 2 APPPATH\Config\Routes.php(77): CodeIgniter\Router\RouteCollection->match([...], 'logbook', 'C_Logbook::logbook')
 3 SYSTEMPATH\Router\RouteCollection.php(799): CodeIgniter\Router\RouteCollection::{closure:C:\Users\ASUS\Downloads\Projectmagang_dr\Projectmagang_dr\app\Config\Routes.php:59}(Object(CodeIgniter\Router\RouteCollection))
 4 APPPATH\Config\Routes.php(59): CodeIgniter\Router\RouteCollection->group('mahasiswa', [...], Object(Closure))
 5 SYSTEMPATH\Router\RouteCollection.php(339): require('C:\\Users\\ASUS\\Downloads\\Projectmagang_dr\\Projectmagang_dr\\app\\Config\\Routes.php')
 6 SYSTEMPATH\CodeIgniter.php(841): CodeIgniter\Router\RouteCollection->loadRoutes()
 7 SYSTEMPATH\CodeIgniter.php(464): CodeIgniter\CodeIgniter->tryToRouteIt(null)
 8 SYSTEMPATH\CodeIgniter.php(363): CodeIgniter\CodeIgniter->handleRequest(null, Object(Config\Cache), false)
 9 SYSTEMPATH\Boot.php(417): CodeIgniter\CodeIgniter->run()
10 SYSTEMPATH\Boot.php(68): CodeIgniter\Boot::runCodeIgniter(Object(CodeIgniter\CodeIgniter))
11 FCPATH\index.php(59): CodeIgniter\Boot::bootWeb(Object(Config\Paths))
12 SYSTEMPATH\rewrite.php(44): require_once('C:\\Users\\ASUS\\Downloads\\Projectmagang_dr\\Projectmagang_dr\\public\\index.php')
WARNING - 2026-08-21 14:28:18 --> [DEPRECATED] Passing lowercase HTTP method "post" is deprecated. Use uppercase HTTP method like "POST". in SYSTEMPATH\Router\RouteCollection.php on line 1026.
 1 SYSTEMPATH\Router\RouteCollection.php(1026): trigger_error('Passing lowercase HTTP method "post" is deprecated. Use uppercase HTTP method like "POST".', 16384)
 2 APPPATH\Config\Routes.php(77): CodeIgniter\Router\RouteCollection->match([...], 'logbook', 'C_Logbook::logbook')
 3 SYSTEMPATH\Router\RouteCollection.php(799): CodeIgniter\Router\RouteCollection::{closure:C:\Users\ASUS\Downloads\Projectmagang_dr\Projectmagang_dr\app\Config\Routes.php:59}(Object(CodeIgniter\Router\RouteCollection))
 4 APPPATH\Config\Routes.php(59): CodeIgniter\Router\RouteCollection->group('mahasiswa', [...], Object(Closure))
 5 SYSTEMPATH\Router\RouteCollection.php(339): require('C:\\Users\\ASUS\\Downloads\\Projectmagang_dr\\Projectmagang_dr\\app\\Config\\Routes.php')
 6 SYSTEMPATH\CodeIgniter.php(841): CodeIgniter\Router\RouteCollection->loadRoutes()
 7 SYSTEMPATH\CodeIgniter.php(464): CodeIgniter\CodeIgniter->tryToRouteIt(null)
 8 SYSTEMPATH\CodeIgniter.php(363): CodeIgniter\CodeIgniter->handleRequest(null, Object(Config\Cache), false)
 9 SYSTEMPATH\Boot.php(417): CodeIgniter\CodeIgniter->run()
10 SYSTEMPATH\Boot.php(68): CodeIgniter\Boot::runCodeIgniter(Object(CodeIgniter\CodeIgniter))
11 FCPATH\index.php(59): CodeIgniter\Boot::bootWeb(Object(Config\Paths))
12 SYSTEMPATH\rewrite.php(44): require_once('C:\\Users\\ASUS\\Downloads\\Projectmagang_dr\\Projectmagang_dr\\public\\index.php')
WARNING - 2026-08-21 14:28:18 --> [DEPRECATED] Passing lowercase HTTP method "get" is deprecated. Use uppercase HTTP method like "GET". in SYSTEMPATH\Router\RouteCollection.php on line 1026.
 1 SYSTEMPATH\Router\RouteCollection.php(1026): trigger_error('Passing lowercase HTTP method "get" is deprecated. Use uppercase HTTP method like "GET".', 16384)
 2 APPPATH\Config\Routes.php(95): CodeIgniter\Router\RouteCollection->match([...], 'verifikasi', '\\App\\Controllers\\Sekretariat\\C_Verifikasi::index')
 3 SYSTEMPATH\Router\RouteCollection.php(799): CodeIgniter\Router\RouteCollection::{closure:C:\Users\ASUS\Downloads\Projectmagang_dr\Projectmagang_dr\app\Config\Routes.php:89}(Object(CodeIgniter\Router\RouteCollection))
 4 APPPATH\Config\Routes.php(89): CodeIgniter\Router\RouteCollection->group('sekretariat', [...], Object(Closure))
 5 SYSTEMPATH\Router\RouteCollection.php(339): require('C:\\Users\\ASUS\\Downloads\\Projectmagang_dr\\Projectmagang_dr\\app\\Config\\Routes.php')
 6 SYSTEMPATH\CodeIgniter.php(841): CodeIgniter\Router\RouteCollection->loadRoutes()
 7 SYSTEMPATH\CodeIgniter.php(464): CodeIgniter\CodeIgniter->tryToRouteIt(null)
 8 SYSTEMPATH\CodeIgniter.php(363): CodeIgniter\CodeIgniter->handleRequest(null, Object(Config\Cache), false)
 9 SYSTEMPATH\Boot.php(417): CodeIgniter\CodeIgniter->run()
10 SYSTEMPATH\Boot.php(68): CodeIgniter\Boot::runCodeIgniter(Object(CodeIgniter\CodeIgniter))
11 FCPATH\index.php(59): CodeIgniter\Boot::bootWeb(Object(Config\Paths))
12 SYSTEMPATH\rewrite.php(44): require_once('C:\\Users\\ASUS\\Downloads\\Projectmagang_dr\\Projectmagang_dr\\public\\index.php')
WARNING - 2026-08-21 14:28:18 --> [DEPRECATED] Passing lowercase HTTP method "post" is deprecated. Use uppercase HTTP method like "POST". in SYSTEMPATH\Router\RouteCollection.php on line 1026.
 1 SYSTEMPATH\Router\RouteCollection.php(1026): trigger_error('Passing lowercase HTTP method "post" is deprecated. Use uppercase HTTP method like "POST".', 16384)
 2 APPPATH\Config\Routes.php(95): CodeIgniter\Router\RouteCollection->match([...], 'verifikasi', '\\App\\Controllers\\Sekretariat\\C_Verifikasi::index')
 3 SYSTEMPATH\Router\RouteCollection.php(799): CodeIgniter\Router\RouteCollection::{closure:C:\Users\ASUS\Downloads\Projectmagang_dr\Projectmagang_dr\app\Config\Routes.php:89}(Object(CodeIgniter\Router\RouteCollection))
 4 APPPATH\Config\Routes.php(89): CodeIgniter\Router\RouteCollection->group('sekretariat', [...], Object(Closure))
 5 SYSTEMPATH\Router\RouteCollection.php(339): require('C:\\Users\\ASUS\\Downloads\\Projectmagang_dr\\Projectmagang_dr\\app\\Config\\Routes.php')
 6 SYSTEMPATH\CodeIgniter.php(841): CodeIgniter\Router\RouteCollection->loadRoutes()
 7 SYSTEMPATH\CodeIgniter.php(464): CodeIgniter\CodeIgniter->tryToRouteIt(null)
 8 SYSTEMPATH\CodeIgniter.php(363): CodeIgniter\CodeIgniter->handleRequest(null, Object(Config\Cache), false)
 9 SYSTEMPATH\Boot.php(417): CodeIgniter\CodeIgniter->run()
10 SYSTEMPATH\Boot.php(68): CodeIgniter\Boot::runCodeIgniter(Object(CodeIgniter\CodeIgniter))
11 FCPATH\index.php(59): CodeIgniter\Boot::bootWeb(Object(Config\Paths))
12 SYSTEMPATH\rewrite.php(44): require_once('C:\\Users\\ASUS\\Downloads\\Projectmagang_dr\\Projectmagang_dr\\public\\index.php')
WARNING - 2026-08-21 14:28:18 --> [DEPRECATED] Passing lowercase HTTP method "get" is deprecated. Use uppercase HTTP method like "GET". in SYSTEMPATH\Router\RouteCollection.php on line 1026.
 1 SYSTEMPATH\Router\RouteCollection.php(1026): trigger_error('Passing lowercase HTTP method "get" is deprecated. Use uppercase HTTP method like "GET".', 16384)
 2 APPPATH\Config\Routes.php(144): CodeIgniter\Router\RouteCollection->match([...], 'upload-surat-penerimaan', '\\App\\Controllers\\Sekretariat\\C_UploadSuratPenerimaan::index')
 3 SYSTEMPATH\Router\RouteCollection.php(799): CodeIgniter\Router\RouteCollection::{closure:C:\Users\ASUS\Downloads\Projectmagang_dr\Projectmagang_dr\app\Config\Routes.php:89}(Object(CodeIgniter\Router\RouteCollection))
 4 APPPATH\Config\Routes.php(89): CodeIgniter\Router\RouteCollection->group('sekretariat', [...], Object(Closure))
 5 SYSTEMPATH\Router\RouteCollection.php(339): require('C:\\Users\\ASUS\\Downloads\\Projectmagang_dr\\Projectmagang_dr\\app\\Config\\Routes.php')
 6 SYSTEMPATH\CodeIgniter.php(841): CodeIgniter\Router\RouteCollection->loadRoutes()
 7 SYSTEMPATH\CodeIgniter.php(464): CodeIgniter\CodeIgniter->tryToRouteIt(null)
 8 SYSTEMPATH\CodeIgniter.php(363): CodeIgniter\CodeIgniter->handleRequest(null, Object(Config\Cache), false)
 9 SYSTEMPATH\Boot.php(417): CodeIgniter\CodeIgniter->run()
10 SYSTEMPATH\Boot.php(68): CodeIgniter\Boot::runCodeIgniter(Object(CodeIgniter\CodeIgniter))
11 FCPATH\index.php(59): CodeIgniter\Boot::bootWeb(Object(Config\Paths))
12 SYSTEMPATH\rewrite.php(44): require_once('C:\\Users\\ASUS\\Downloads\\Projectmagang_dr\\Projectmagang_dr\\public\\index.php')
WARNING - 2026-08-21 14:28:18 --> [DEPRECATED] Passing lowercase HTTP method "post" is deprecated. Use uppercase HTTP method like "POST". in SYSTEMPATH\Router\RouteCollection.php on line 1026.
 1 SYSTEMPATH\Router\RouteCollection.php(1026): trigger_error('Passing lowercase HTTP method "post" is deprecated. Use uppercase HTTP method like "POST".', 16384)
 2 APPPATH\Config\Routes.php(144): CodeIgniter\Router\RouteCollection->match([...], 'upload-surat-penerimaan', '\\App\\Controllers\\Sekretariat\\C_UploadSuratPenerimaan::index')
 3 SYSTEMPATH\Router\RouteCollection.php(799): CodeIgniter\Router\RouteCollection::{closure:C:\Users\ASUS\Downloads\Projectmagang_dr\Projectmagang_dr\app\Config\Routes.php:89}(Object(CodeIgniter\Router\RouteCollection))
 4 APPPATH\Config\Routes.php(89): CodeIgniter\Router\RouteCollection->group('sekretariat', [...], Object(Closure))
 5 SYSTEMPATH\Router\RouteCollection.php(339): require('C:\\Users\\ASUS\\Downloads\\Projectmagang_dr\\Projectmagang_dr\\app\\Config\\Routes.php')
 6 SYSTEMPATH\CodeIgniter.php(841): CodeIgniter\Router\RouteCollection->loadRoutes()
 7 SYSTEMPATH\CodeIgniter.php(464): CodeIgniter\CodeIgniter->tryToRouteIt(null)
 8 SYSTEMPATH\CodeIgniter.php(363): CodeIgniter\CodeIgniter->handleRequest(null, Object(Config\Cache), false)
 9 SYSTEMPATH\Boot.php(417): CodeIgniter\CodeIgniter->run()
10 SYSTEMPATH\Boot.php(68): CodeIgniter\Boot::runCodeIgniter(Object(CodeIgniter\CodeIgniter))
11 FCPATH\index.php(59): CodeIgniter\Boot::bootWeb(Object(Config\Paths))
12 SYSTEMPATH\rewrite.php(44): require_once('C:\\Users\\ASUS\\Downloads\\Projectmagang_dr\\Projectmagang_dr\\public\\index.php')
WARNING - 2026-08-21 14:28:18 --> [DEPRECATED] Passing lowercase HTTP method "get" is deprecated. Use uppercase HTTP method like "GET". in SYSTEMPATH\Router\RouteCollection.php on line 1026.
 1 SYSTEMPATH\Router\RouteCollection.php(1026): trigger_error('Passing lowercase HTTP method "get" is deprecated. Use uppercase HTTP method like "GET".', 16384)
 2 APPPATH\Config\Routes.php(167): CodeIgniter\Router\RouteCollection->match([...], 'logbook', '\\App\\Controllers\\Kabid\\C_LogbookKabid::index')
 3 SYSTEMPATH\Router\RouteCollection.php(799): CodeIgniter\Router\RouteCollection::{closure:C:\Users\ASUS\Downloads\Projectmagang_dr\Projectmagang_dr\app\Config\Routes.php:153}(Object(CodeIgniter\Router\RouteCollection))
 4 APPPATH\Config\Routes.php(153): CodeIgniter\Router\RouteCollection->group('kabid', [...], Object(Closure))
 5 SYSTEMPATH\Router\RouteCollection.php(339): require('C:\\Users\\ASUS\\Downloads\\Projectmagang_dr\\Projectmagang_dr\\app\\Config\\Routes.php')
 6 SYSTEMPATH\CodeIgniter.php(841): CodeIgniter\Router\RouteCollection->loadRoutes()
 7 SYSTEMPATH\CodeIgniter.php(464): CodeIgniter\CodeIgniter->tryToRouteIt(null)
 8 SYSTEMPATH\CodeIgniter.php(363): CodeIgniter\CodeIgniter->handleRequest(null, Object(Config\Cache), false)
 9 SYSTEMPATH\Boot.php(417): CodeIgniter\CodeIgniter->run()
10 SYSTEMPATH\Boot.php(68): CodeIgniter\Boot::runCodeIgniter(Object(CodeIgniter\CodeIgniter))
11 FCPATH\index.php(59): CodeIgniter\Boot::bootWeb(Object(Config\Paths))
12 SYSTEMPATH\rewrite.php(44): require_once('C:\\Users\\ASUS\\Downloads\\Projectmagang_dr\\Projectmagang_dr\\public\\index.php')
WARNING - 2026-08-21 14:28:18 --> [DEPRECATED] Passing lowercase HTTP method "post" is deprecated. Use uppercase HTTP method like "POST". in SYSTEMPATH\Router\RouteCollection.php on line 1026.
 1 SYSTEMPATH\Router\RouteCollection.php(1026): trigger_error('Passing lowercase HTTP method "post" is deprecated. Use uppercase HTTP method like "POST".', 16384)
 2 APPPATH\Config\Routes.php(167): CodeIgniter\Router\RouteCollection->match([...], 'logbook', '\\App\\Controllers\\Kabid\\C_LogbookKabid::index')
 3 SYSTEMPATH\Router\RouteCollection.php(799): CodeIgniter\Router\RouteCollection::{closure:C:\Users\ASUS\Downloads\Projectmagang_dr\Projectmagang_dr\app\Config\Routes.php:153}(Object(CodeIgniter\Router\RouteCollection))
 4 APPPATH\Config\Routes.php(153): CodeIgniter\Router\RouteCollection->group('kabid', [...], Object(Closure))
 5 SYSTEMPATH\Router\RouteCollection.php(339): require('C:\\Users\\ASUS\\Downloads\\Projectmagang_dr\\Projectmagang_dr\\app\\Config\\Routes.php')
 6 SYSTEMPATH\CodeIgniter.php(841): CodeIgniter\Router\RouteCollection->loadRoutes()
 7 SYSTEMPATH\CodeIgniter.php(464): CodeIgniter\CodeIgniter->tryToRouteIt(null)
 8 SYSTEMPATH\CodeIgniter.php(363): CodeIgniter\CodeIgniter->handleRequest(null, Object(Config\Cache), false)
 9 SYSTEMPATH\Boot.php(417): CodeIgniter\CodeIgniter->run()
10 SYSTEMPATH\Boot.php(68): CodeIgniter\Boot::runCodeIgniter(Object(CodeIgniter\CodeIgniter))
11 FCPATH\index.php(59): CodeIgniter\Boot::bootWeb(Object(Config\Paths))
12 SYSTEMPATH\rewrite.php(44): require_once('C:\\Users\\ASUS\\Downloads\\Projectmagang_dr\\Projectmagang_dr\\public\\index.php')
WARNING - 2026-08-21 14:28:18 --> [DEPRECATED] Passing lowercase HTTP method "get" is deprecated. Use uppercase HTTP method like "GET". in SYSTEMPATH\Router\RouteCollection.php on line 1026.
 1 SYSTEMPATH\Router\RouteCollection.php(1026): trigger_error('Passing lowercase HTTP method "get" is deprecated. Use uppercase HTTP method like "GET".', 16384)
 2 APPPATH\Config\Routes.php(179): CodeIgniter\Router\RouteCollection->match([...], 'upload-dokumen', '\\App\\Controllers\\Kabid\\C_UploadDokumen::index')
 3 SYSTEMPATH\Router\RouteCollection.php(799): CodeIgniter\Router\RouteCollection::{closure:C:\Users\ASUS\Downloads\Projectmagang_dr\Projectmagang_dr\app\Config\Routes.php:153}(Object(CodeIgniter\Router\RouteCollection))
 4 APPPATH\Config\Routes.php(153): CodeIgniter\Router\RouteCollection->group('kabid', [...], Object(Closure))
 5 SYSTEMPATH\Router\RouteCollection.php(339): require('C:\\Users\\ASUS\\Downloads\\Projectmagang_dr\\Projectmagang_dr\\app\\Config\\Routes.php')
 6 SYSTEMPATH\CodeIgniter.php(841): CodeIgniter\Router\RouteCollection->loadRoutes()
 7 SYSTEMPATH\CodeIgniter.php(464): CodeIgniter\CodeIgniter->tryToRouteIt(null)
 8 SYSTEMPATH\CodeIgniter.php(363): CodeIgniter\CodeIgniter->handleRequest(null, Object(Config\Cache), false)
 9 SYSTEMPATH\Boot.php(417): CodeIgniter\CodeIgniter->run()
10 SYSTEMPATH\Boot.php(68): CodeIgniter\Boot::runCodeIgniter(Object(CodeIgniter\CodeIgniter))
11 FCPATH\index.php(59): CodeIgniter\Boot::bootWeb(Object(Config\Paths))
12 SYSTEMPATH\rewrite.php(44): require_once('C:\\Users\\ASUS\\Downloads\\Projectmagang_dr\\Projectmagang_dr\\public\\index.php')
WARNING - 2026-08-21 14:28:18 --> [DEPRECATED] Passing lowercase HTTP method "post" is deprecated. Use uppercase HTTP method like "POST". in SYSTEMPATH\Router\RouteCollection.php on line 1026.
 1 SYSTEMPATH\Router\RouteCollection.php(1026): trigger_error('Passing lowercase HTTP method "post" is deprecated. Use uppercase HTTP method like "POST".', 16384)
 2 APPPATH\Config\Routes.php(179): CodeIgniter\Router\RouteCollection->match([...], 'upload-dokumen', '\\App\\Controllers\\Kabid\\C_UploadDokumen::index')
 3 SYSTEMPATH\Router\RouteCollection.php(799): CodeIgniter\Router\RouteCollection::{closure:C:\Users\ASUS\Downloads\Projectmagang_dr\Projectmagang_dr\app\Config\Routes.php:153}(Object(CodeIgniter\Router\RouteCollection))
 4 APPPATH\Config\Routes.php(153): CodeIgniter\Router\RouteCollection->group('kabid', [...], Object(Closure))
 5 SYSTEMPATH\Router\RouteCollection.php(339): require('C:\\Users\\ASUS\\Downloads\\Projectmagang_dr\\Projectmagang_dr\\app\\Config\\Routes.php')
 6 SYSTEMPATH\CodeIgniter.php(841): CodeIgniter\Router\RouteCollection->loadRoutes()
 7 SYSTEMPATH\CodeIgniter.php(464): CodeIgniter\CodeIgniter->tryToRouteIt(null)
 8 SYSTEMPATH\CodeIgniter.php(363): CodeIgniter\CodeIgniter->handleRequest(null, Object(Config\Cache), false)
 9 SYSTEMPATH\Boot.php(417): CodeIgniter\CodeIgniter->run()
10 SYSTEMPATH\Boot.php(68): CodeIgniter\Boot::runCodeIgniter(Object(CodeIgniter\CodeIgniter))
11 FCPATH\index.php(59): CodeIgniter\Boot::bootWeb(Object(Config\Paths))
12 SYSTEMPATH\rewrite.php(44): require_once('C:\\Users\\ASUS\\Downloads\\Projectmagang_dr\\Projectmagang_dr\\public\\index.php')
DEBUG - 2026-08-21 14:28:18 --> Session: Class initialized using 'CodeIgniter\Session\Handlers\FileHandler' driver.
WARNING - 2026-08-21 14:28:21 --> [DEPRECATED] Passing lowercase HTTP method "get" is deprecated. Use uppercase HTTP method like "GET". in SYSTEMPATH\Router\RouteCollection.php on line 1026.
 1 SYSTEMPATH\Router\RouteCollection.php(1026): trigger_error('Passing lowercase HTTP method "get" is deprecated. Use uppercase HTTP method like "GET".', 16384)
 2 APPPATH\Config\Routes.php(77): CodeIgniter\Router\RouteCollection->match([...], 'logbook', 'C_Logbook::logbook')
 3 SYSTEMPATH\Router\RouteCollection.php(799): CodeIgniter\Router\RouteCollection::{closure:C:\Users\ASUS\Downloads\Projectmagang_dr\Projectmagang_dr\app\Config\Routes.php:59}(Object(CodeIgniter\Router\RouteCollection))
 4 APPPATH\Config\Routes.php(59): CodeIgniter\Router\RouteCollection->group('mahasiswa', [...], Object(Closure))
 5 SYSTEMPATH\Router\RouteCollection.php(339): require('C:\\Users\\ASUS\\Downloads\\Projectmagang_dr\\Projectmagang_dr\\app\\Config\\Routes.php')
 6 SYSTEMPATH\CodeIgniter.php(841): CodeIgniter\Router\RouteCollection->loadRoutes()
 7 SYSTEMPATH\CodeIgniter.php(464): CodeIgniter\CodeIgniter->tryToRouteIt(null)
 8 SYSTEMPATH\CodeIgniter.php(363): CodeIgniter\CodeIgniter->handleRequest(null, Object(Config\Cache), false)
 9 SYSTEMPATH\Boot.php(417): CodeIgniter\CodeIgniter->run()
10 SYSTEMPATH\Boot.php(68): CodeIgniter\Boot::runCodeIgniter(Object(CodeIgniter\CodeIgniter))
11 FCPATH\index.php(59): CodeIgniter\Boot::bootWeb(Object(Config\Paths))
12 SYSTEMPATH\rewrite.php(44): require_once('C:\\Users\\ASUS\\Downloads\\Projectmagang_dr\\Projectmagang_dr\\public\\index.php')
WARNING - 2026-08-21 14:28:21 --> [DEPRECATED] Passing lowercase HTTP method "post" is deprecated. Use uppercase HTTP method like "POST". in SYSTEMPATH\Router\RouteCollection.php on line 1026.
 1 SYSTEMPATH\Router\RouteCollection.php(1026): trigger_error('Passing lowercase HTTP method "post" is deprecated. Use uppercase HTTP method like "POST".', 16384)
 2 APPPATH\Config\Routes.php(77): CodeIgniter\Router\RouteCollection->match([...], 'logbook', 'C_Logbook::logbook')
 3 SYSTEMPATH\Router\RouteCollection.php(799): CodeIgniter\Router\RouteCollection::{closure:C:\Users\ASUS\Downloads\Projectmagang_dr\Projectmagang_dr\app\Config\Routes.php:59}(Object(CodeIgniter\Router\RouteCollection))
 4 APPPATH\Config\Routes.php(59): CodeIgniter\Router\RouteCollection->group('mahasiswa', [...], Object(Closure))
 5 SYSTEMPATH\Router\RouteCollection.php(339): require('C:\\Users\\ASUS\\Downloads\\Projectmagang_dr\\Projectmagang_dr\\app\\Config\\Routes.php')
 6 SYSTEMPATH\CodeIgniter.php(841): CodeIgniter\Router\RouteCollection->loadRoutes()
 7 SYSTEMPATH\CodeIgniter.php(464): CodeIgniter\CodeIgniter->tryToRouteIt(null)
 8 SYSTEMPATH\CodeIgniter.php(363): CodeIgniter\CodeIgniter->handleRequest(null, Object(Config\Cache), false)
 9 SYSTEMPATH\Boot.php(417): CodeIgniter\CodeIgniter->run()
10 SYSTEMPATH\Boot.php(68): CodeIgniter\Boot::runCodeIgniter(Object(CodeIgniter\CodeIgniter))
11 FCPATH\index.php(59): CodeIgniter\Boot::bootWeb(Object(Config\Paths))
12 SYSTEMPATH\rewrite.php(44): require_once('C:\\Users\\ASUS\\Downloads\\Projectmagang_dr\\Projectmagang_dr\\public\\index.php')
WARNING - 2026-08-21 14:28:21 --> [DEPRECATED] Passing lowercase HTTP method "get" is deprecated. Use uppercase HTTP method like "GET". in SYSTEMPATH\Router\RouteCollection.php on line 1026.
 1 SYSTEMPATH\Router\RouteCollection.php(1026): trigger_error('Passing lowercase HTTP method "get" is deprecated. Use uppercase HTTP method like "GET".', 16384)
 2 APPPATH\Config\Routes.php(95): CodeIgniter\Router\RouteCollection->match([...], 'verifikasi', '\\App\\Controllers\\Sekretariat\\C_Verifikasi::index')
 3 SYSTEMPATH\Router\RouteCollection.php(799): CodeIgniter\Router\RouteCollection::{closure:C:\Users\ASUS\Downloads\Projectmagang_dr\Projectmagang_dr\app\Config\Routes.php:89}(Object(CodeIgniter\Router\RouteCollection))
 4 APPPATH\Config\Routes.php(89): CodeIgniter\Router\RouteCollection->group('sekretariat', [...], Object(Closure))
 5 SYSTEMPATH\Router\RouteCollection.php(339): require('C:\\Users\\ASUS\\Downloads\\Projectmagang_dr\\Projectmagang_dr\\app\\Config\\Routes.php')
 6 SYSTEMPATH\CodeIgniter.php(841): CodeIgniter\Router\RouteCollection->loadRoutes()
 7 SYSTEMPATH\CodeIgniter.php(464): CodeIgniter\CodeIgniter->tryToRouteIt(null)
 8 SYSTEMPATH\CodeIgniter.php(363): CodeIgniter\CodeIgniter->handleRequest(null, Object(Config\Cache), false)
 9 SYSTEMPATH\Boot.php(417): CodeIgniter\CodeIgniter->run()
10 SYSTEMPATH\Boot.php(68): CodeIgniter\Boot::runCodeIgniter(Object(CodeIgniter\CodeIgniter))
11 FCPATH\index.php(59): CodeIgniter\Boot::bootWeb(Object(Config\Paths))
12 SYSTEMPATH\rewrite.php(44): require_once('C:\\Users\\ASUS\\Downloads\\Projectmagang_dr\\Projectmagang_dr\\public\\index.php')
WARNING - 2026-08-21 14:28:21 --> [DEPRECATED] Passing lowercase HTTP method "post" is deprecated. Use uppercase HTTP method like "POST". in SYSTEMPATH\Router\RouteCollection.php on line 1026.
 1 SYSTEMPATH\Router\RouteCollection.php(1026): trigger_error('Passing lowercase HTTP method "post" is deprecated. Use uppercase HTTP method like "POST".', 16384)
 2 APPPATH\Config\Routes.php(95): CodeIgniter\Router\RouteCollection->match([...], 'verifikasi', '\\App\\Controllers\\Sekretariat\\C_Verifikasi::index')
 3 SYSTEMPATH\Router\RouteCollection.php(799): CodeIgniter\Router\RouteCollection::{closure:C:\Users\ASUS\Downloads\Projectmagang_dr\Projectmagang_dr\app\Config\Routes.php:89}(Object(CodeIgniter\Router\RouteCollection))
 4 APPPATH\Config\Routes.php(89): CodeIgniter\Router\RouteCollection->group('sekretariat', [...], Object(Closure))
 5 SYSTEMPATH\Router\RouteCollection.php(339): require('C:\\Users\\ASUS\\Downloads\\Projectmagang_dr\\Projectmagang_dr\\app\\Config\\Routes.php')
 6 SYSTEMPATH\CodeIgniter.php(841): CodeIgniter\Router\RouteCollection->loadRoutes()
 7 SYSTEMPATH\CodeIgniter.php(464): CodeIgniter\CodeIgniter->tryToRouteIt(null)
 8 SYSTEMPATH\CodeIgniter.php(363): CodeIgniter\CodeIgniter->handleRequest(null, Object(Config\Cache), false)
 9 SYSTEMPATH\Boot.php(417): CodeIgniter\CodeIgniter->run()
10 SYSTEMPATH\Boot.php(68): CodeIgniter\Boot::runCodeIgniter(Object(CodeIgniter\CodeIgniter))
11 FCPATH\index.php(59): CodeIgniter\Boot::bootWeb(Object(Config\Paths))
12 SYSTEMPATH\rewrite.php(44): require_once('C:\\Users\\ASUS\\Downloads\\Projectmagang_dr\\Projectmagang_dr\\public\\index.php')
WARNING - 2026-08-21 14:28:21 --> [DEPRECATED] Passing lowercase HTTP method "get" is deprecated. Use uppercase HTTP method like "GET". in SYSTEMPATH\Router\RouteCollection.php on line 1026.
 1 SYSTEMPATH\Router\RouteCollection.php(1026): trigger_error('Passing lowercase HTTP method "get" is deprecated. Use uppercase HTTP method like "GET".', 16384)
 2 APPPATH\Config\Routes.php(144): CodeIgniter\Router\RouteCollection->match([...], 'upload-surat-penerimaan', '\\App\\Controllers\\Sekretariat\\C_UploadSuratPenerimaan::index')
 3 SYSTEMPATH\Router\RouteCollection.php(799): CodeIgniter\Router\RouteCollection::{closure:C:\Users\ASUS\Downloads\Projectmagang_dr\Projectmagang_dr\app\Config\Routes.php:89}(Object(CodeIgniter\Router\RouteCollection))
 4 APPPATH\Config\Routes.php(89): CodeIgniter\Router\RouteCollection->group('sekretariat', [...], Object(Closure))
 5 SYSTEMPATH\Router\RouteCollection.php(339): require('C:\\Users\\ASUS\\Downloads\\Projectmagang_dr\\Projectmagang_dr\\app\\Config\\Routes.php')
 6 SYSTEMPATH\CodeIgniter.php(841): CodeIgniter\Router\RouteCollection->loadRoutes()
 7 SYSTEMPATH\CodeIgniter.php(464): CodeIgniter\CodeIgniter->tryToRouteIt(null)
 8 SYSTEMPATH\CodeIgniter.php(363): CodeIgniter\CodeIgniter->handleRequest(null, Object(Config\Cache), false)
 9 SYSTEMPATH\Boot.php(417): CodeIgniter\CodeIgniter->run()
10 SYSTEMPATH\Boot.php(68): CodeIgniter\Boot::runCodeIgniter(Object(CodeIgniter\CodeIgniter))
11 FCPATH\index.php(59): CodeIgniter\Boot::bootWeb(Object(Config\Paths))
12 SYSTEMPATH\rewrite.php(44): require_once('C:\\Users\\ASUS\\Downloads\\Projectmagang_dr\\Projectmagang_dr\\public\\index.php')
WARNING - 2026-08-21 14:28:21 --> [DEPRECATED] Passing lowercase HTTP method "post" is deprecated. Use uppercase HTTP method like "POST". in SYSTEMPATH\Router\RouteCollection.php on line 1026.
 1 SYSTEMPATH\Router\RouteCollection.php(1026): trigger_error('Passing lowercase HTTP method "post" is deprecated. Use uppercase HTTP method like "POST".', 16384)
 2 APPPATH\Config\Routes.php(144): CodeIgniter\Router\RouteCollection->match([...], 'upload-surat-penerimaan', '\\App\\Controllers\\Sekretariat\\C_UploadSuratPenerimaan::index')
 3 SYSTEMPATH\Router\RouteCollection.php(799): CodeIgniter\Router\RouteCollection::{closure:C:\Users\ASUS\Downloads\Projectmagang_dr\Projectmagang_dr\app\Config\Routes.php:89}(Object(CodeIgniter\Router\RouteCollection))
 4 APPPATH\Config\Routes.php(89): CodeIgniter\Router\RouteCollection->group('sekretariat', [...], Object(Closure))
 5 SYSTEMPATH\Router\RouteCollection.php(339): require('C:\\Users\\ASUS\\Downloads\\Projectmagang_dr\\Projectmagang_dr\\app\\Config\\Routes.php')
 6 SYSTEMPATH\CodeIgniter.php(841): CodeIgniter\Router\RouteCollection->loadRoutes()
 7 SYSTEMPATH\CodeIgniter.php(464): CodeIgniter\CodeIgniter->tryToRouteIt(null)
 8 SYSTEMPATH\CodeIgniter.php(363): CodeIgniter\CodeIgniter->handleRequest(null, Object(Config\Cache), false)
 9 SYSTEMPATH\Boot.php(417): CodeIgniter\CodeIgniter->run()
10 SYSTEMPATH\Boot.php(68): CodeIgniter\Boot::runCodeIgniter(Object(CodeIgniter\CodeIgniter))
11 FCPATH\index.php(59): CodeIgniter\Boot::bootWeb(Object(Config\Paths))
12 SYSTEMPATH\rewrite.php(44): require_once('C:\\Users\\ASUS\\Downloads\\Projectmagang_dr\\Projectmagang_dr\\public\\index.php')
WARNING - 2026-08-21 14:28:21 --> [DEPRECATED] Passing lowercase HTTP method "get" is deprecated. Use uppercase HTTP method like "GET". in SYSTEMPATH\Router\RouteCollection.php on line 1026.
 1 SYSTEMPATH\Router\RouteCollection.php(1026): trigger_error('Passing lowercase HTTP method "get" is deprecated. Use uppercase HTTP method like "GET".', 16384)
 2 APPPATH\Config\Routes.php(167): CodeIgniter\Router\RouteCollection->match([...], 'logbook', '\\App\\Controllers\\Kabid\\C_LogbookKabid::index')
 3 SYSTEMPATH\Router\RouteCollection.php(799): CodeIgniter\Router\RouteCollection::{closure:C:\Users\ASUS\Downloads\Projectmagang_dr\Projectmagang_dr\app\Config\Routes.php:153}(Object(CodeIgniter\Router\RouteCollection))
 4 APPPATH\Config\Routes.php(153): CodeIgniter\Router\RouteCollection->group('kabid', [...], Object(Closure))
 5 SYSTEMPATH\Router\RouteCollection.php(339): require('C:\\Users\\ASUS\\Downloads\\Projectmagang_dr\\Projectmagang_dr\\app\\Config\\Routes.php')
 6 SYSTEMPATH\CodeIgniter.php(841): CodeIgniter\Router\RouteCollection->loadRoutes()
 7 SYSTEMPATH\CodeIgniter.php(464): CodeIgniter\CodeIgniter->tryToRouteIt(null)
 8 SYSTEMPATH\CodeIgniter.php(363): CodeIgniter\CodeIgniter->handleRequest(null, Object(Config\Cache), false)
 9 SYSTEMPATH\Boot.php(417): CodeIgniter\CodeIgniter->run()
10 SYSTEMPATH\Boot.php(68): CodeIgniter\Boot::runCodeIgniter(Object(CodeIgniter\CodeIgniter))
11 FCPATH\index.php(59): CodeIgniter\Boot::bootWeb(Object(Config\Paths))
12 SYSTEMPATH\rewrite.php(44): require_once('C:\\Users\\ASUS\\Downloads\\Projectmagang_dr\\Projectmagang_dr\\public\\index.php')
WARNING - 2026-08-21 14:28:21 --> [DEPRECATED] Passing lowercase HTTP method "post" is deprecated. Use uppercase HTTP method like "POST". in SYSTEMPATH\Router\RouteCollection.php on line 1026.
 1 SYSTEMPATH\Router\RouteCollection.php(1026): trigger_error('Passing lowercase HTTP method "post" is deprecated. Use uppercase HTTP method like "POST".', 16384)
 2 APPPATH\Config\Routes.php(167): CodeIgniter\Router\RouteCollection->match([...], 'logbook', '\\App\\Controllers\\Kabid\\C_LogbookKabid::index')
 3 SYSTEMPATH\Router\RouteCollection.php(799): CodeIgniter\Router\RouteCollection::{closure:C:\Users\ASUS\Downloads\Projectmagang_dr\Projectmagang_dr\app\Config\Routes.php:153}(Object(CodeIgniter\Router\RouteCollection))
 4 APPPATH\Config\Routes.php(153): CodeIgniter\Router\RouteCollection->group('kabid', [...], Object(Closure))
 5 SYSTEMPATH\Router\RouteCollection.php(339): require('C:\\Users\\ASUS\\Downloads\\Projectmagang_dr\\Projectmagang_dr\\app\\Config\\Routes.php')
 6 SYSTEMPATH\CodeIgniter.php(841): CodeIgniter\Router\RouteCollection->loadRoutes()
 7 SYSTEMPATH\CodeIgniter.php(464): CodeIgniter\CodeIgniter->tryToRouteIt(null)
 8 SYSTEMPATH\CodeIgniter.php(363): CodeIgniter\CodeIgniter->handleRequest(null, Object(Config\Cache), false)
 9 SYSTEMPATH\Boot.php(417): CodeIgniter\CodeIgniter->run()
10 SYSTEMPATH\Boot.php(68): CodeIgniter\Boot::runCodeIgniter(Object(CodeIgniter\CodeIgniter))
11 FCPATH\index.php(59): CodeIgniter\Boot::bootWeb(Object(Config\Paths))
12 SYSTEMPATH\rewrite.php(44): require_once('C:\\Users\\ASUS\\Downloads\\Projectmagang_dr\\Projectmagang_dr\\public\\index.php')
WARNING - 2026-08-21 14:28:21 --> [DEPRECATED] Passing lowercase HTTP method "get" is deprecated. Use uppercase HTTP method like "GET". in SYSTEMPATH\Router\RouteCollection.php on line 1026.
 1 SYSTEMPATH\Router\RouteCollection.php(1026): trigger_error('Passing lowercase HTTP method "get" is deprecated. Use uppercase HTTP method like "GET".', 16384)
 2 APPPATH\Config\Routes.php(179): CodeIgniter\Router\RouteCollection->match([...], 'upload-dokumen', '\\App\\Controllers\\Kabid\\C_UploadDokumen::index')
 3 SYSTEMPATH\Router\RouteCollection.php(799): CodeIgniter\Router\RouteCollection::{closure:C:\Users\ASUS\Downloads\Projectmagang_dr\Projectmagang_dr\app\Config\Routes.php:153}(Object(CodeIgniter\Router\RouteCollection))
 4 APPPATH\Config\Routes.php(153): CodeIgniter\Router\RouteCollection->group('kabid', [...], Object(Closure))
 5 SYSTEMPATH\Router\RouteCollection.php(339): require('C:\\Users\\ASUS\\Downloads\\Projectmagang_dr\\Projectmagang_dr\\app\\Config\\Routes.php')
 6 SYSTEMPATH\CodeIgniter.php(841): CodeIgniter\Router\RouteCollection->loadRoutes()
 7 SYSTEMPATH\CodeIgniter.php(464): CodeIgniter\CodeIgniter->tryToRouteIt(null)
 8 SYSTEMPATH\CodeIgniter.php(363): CodeIgniter\CodeIgniter->handleRequest(null, Object(Config\Cache), false)
 9 SYSTEMPATH\Boot.php(417): CodeIgniter\CodeIgniter->run()
10 SYSTEMPATH\Boot.php(68): CodeIgniter\Boot::runCodeIgniter(Object(CodeIgniter\CodeIgniter))
11 FCPATH\index.php(59): CodeIgniter\Boot::bootWeb(Object(Config\Paths))
12 SYSTEMPATH\rewrite.php(44): require_once('C:\\Users\\ASUS\\Downloads\\Projectmagang_dr\\Projectmagang_dr\\public\\index.php')
WARNING - 2026-08-21 14:28:21 --> [DEPRECATED] Passing lowercase HTTP method "post" is deprecated. Use uppercase HTTP method like "POST". in SYSTEMPATH\Router\RouteCollection.php on line 1026.
 1 SYSTEMPATH\Router\RouteCollection.php(1026): trigger_error('Passing lowercase HTTP method "post" is deprecated. Use uppercase HTTP method like "POST".', 16384)
 2 APPPATH\Config\Routes.php(179): CodeIgniter\Router\RouteCollection->match([...], 'upload-dokumen', '\\App\\Controllers\\Kabid\\C_UploadDokumen::index')
 3 SYSTEMPATH\Router\RouteCollection.php(799): CodeIgniter\Router\RouteCollection::{closure:C:\Users\ASUS\Downloads\Projectmagang_dr\Projectmagang_dr\app\Config\Routes.php:153}(Object(CodeIgniter\Router\RouteCollection))
 4 APPPATH\Config\Routes.php(153): CodeIgniter\Router\RouteCollection->group('kabid', [...], Object(Closure))
 5 SYSTEMPATH\Router\RouteCollection.php(339): require('C:\\Users\\ASUS\\Downloads\\Projectmagang_dr\\Projectmagang_dr\\app\\Config\\Routes.php')
 6 SYSTEMPATH\CodeIgniter.php(841): CodeIgniter\Router\RouteCollection->loadRoutes()
 7 SYSTEMPATH\CodeIgniter.php(464): CodeIgniter\CodeIgniter->tryToRouteIt(null)
 8 SYSTEMPATH\CodeIgniter.php(363): CodeIgniter\CodeIgniter->handleRequest(null, Object(Config\Cache), false)
 9 SYSTEMPATH\Boot.php(417): CodeIgniter\CodeIgniter->run()
10 SYSTEMPATH\Boot.php(68): CodeIgniter\Boot::runCodeIgniter(Object(CodeIgniter\CodeIgniter))
11 FCPATH\index.php(59): CodeIgniter\Boot::bootWeb(Object(Config\Paths))
12 SYSTEMPATH\rewrite.php(44): require_once('C:\\Users\\ASUS\\Downloads\\Projectmagang_dr\\Projectmagang_dr\\public\\index.php')
DEBUG - 2026-08-21 14:28:21 --> Session: Class initialized using 'CodeIgniter\Session\Handlers\FileHandler' driver.
WARNING - 2026-08-21 14:28:24 --> [DEPRECATED] Passing lowercase HTTP method "get" is deprecated. Use uppercase HTTP method like "GET". in SYSTEMPATH\Router\RouteCollection.php on line 1026.
 1 SYSTEMPATH\Router\RouteCollection.php(1026): trigger_error('Passing lowercase HTTP method "get" is deprecated. Use uppercase HTTP method like "GET".', 16384)
 2 APPPATH\Config\Routes.php(77): CodeIgniter\Router\RouteCollection->match([...], 'logbook', 'C_Logbook::logbook')
 3 SYSTEMPATH\Router\RouteCollection.php(799): CodeIgniter\Router\RouteCollection::{closure:C:\Users\ASUS\Downloads\Projectmagang_dr\Projectmagang_dr\app\Config\Routes.php:59}(Object(CodeIgniter\Router\RouteCollection))
 4 APPPATH\Config\Routes.php(59): CodeIgniter\Router\RouteCollection->group('mahasiswa', [...], Object(Closure))
 5 SYSTEMPATH\Router\RouteCollection.php(339): require('C:\\Users\\ASUS\\Downloads\\Projectmagang_dr\\Projectmagang_dr\\app\\Config\\Routes.php')
 6 SYSTEMPATH\CodeIgniter.php(841): CodeIgniter\Router\RouteCollection->loadRoutes()
 7 SYSTEMPATH\CodeIgniter.php(464): CodeIgniter\CodeIgniter->tryToRouteIt(null)
 8 SYSTEMPATH\CodeIgniter.php(363): CodeIgniter\CodeIgniter->handleRequest(null, Object(Config\Cache), false)
 9 SYSTEMPATH\Boot.php(417): CodeIgniter\CodeIgniter->run()
10 SYSTEMPATH\Boot.php(68): CodeIgniter\Boot::runCodeIgniter(Object(CodeIgniter\CodeIgniter))
11 FCPATH\index.php(59): CodeIgniter\Boot::bootWeb(Object(Config\Paths))
12 SYSTEMPATH\rewrite.php(44): require_once('C:\\Users\\ASUS\\Downloads\\Projectmagang_dr\\Projectmagang_dr\\public\\index.php')
WARNING - 2026-08-21 14:28:24 --> [DEPRECATED] Passing lowercase HTTP method "post" is deprecated. Use uppercase HTTP method like "POST". in SYSTEMPATH\Router\RouteCollection.php on line 1026.
 1 SYSTEMPATH\Router\RouteCollection.php(1026): trigger_error('Passing lowercase HTTP method "post" is deprecated. Use uppercase HTTP method like "POST".', 16384)
 2 APPPATH\Config\Routes.php(77): CodeIgniter\Router\RouteCollection->match([...], 'logbook', 'C_Logbook::logbook')
 3 SYSTEMPATH\Router\RouteCollection.php(799): CodeIgniter\Router\RouteCollection::{closure:C:\Users\ASUS\Downloads\Projectmagang_dr\Projectmagang_dr\app\Config\Routes.php:59}(Object(CodeIgniter\Router\RouteCollection))
 4 APPPATH\Config\Routes.php(59): CodeIgniter\Router\RouteCollection->group('mahasiswa', [...], Object(Closure))
 5 SYSTEMPATH\Router\RouteCollection.php(339): require('C:\\Users\\ASUS\\Downloads\\Projectmagang_dr\\Projectmagang_dr\\app\\Config\\Routes.php')
 6 SYSTEMPATH\CodeIgniter.php(841): CodeIgniter\Router\RouteCollection->loadRoutes()
 7 SYSTEMPATH\CodeIgniter.php(464): CodeIgniter\CodeIgniter->tryToRouteIt(null)
 8 SYSTEMPATH\CodeIgniter.php(363): CodeIgniter\CodeIgniter->handleRequest(null, Object(Config\Cache), false)
 9 SYSTEMPATH\Boot.php(417): CodeIgniter\CodeIgniter->run()
10 SYSTEMPATH\Boot.php(68): CodeIgniter\Boot::runCodeIgniter(Object(CodeIgniter\CodeIgniter))
11 FCPATH\index.php(59): CodeIgniter\Boot::bootWeb(Object(Config\Paths))
12 SYSTEMPATH\rewrite.php(44): require_once('C:\\Users\\ASUS\\Downloads\\Projectmagang_dr\\Projectmagang_dr\\public\\index.php')
WARNING - 2026-08-21 14:28:24 --> [DEPRECATED] Passing lowercase HTTP method "get" is deprecated. Use uppercase HTTP method like "GET". in SYSTEMPATH\Router\RouteCollection.php on line 1026.
 1 SYSTEMPATH\Router\RouteCollection.php(1026): trigger_error('Passing lowercase HTTP method "get" is deprecated. Use uppercase HTTP method like "GET".', 16384)
 2 APPPATH\Config\Routes.php(95): CodeIgniter\Router\RouteCollection->match([...], 'verifikasi', '\\App\\Controllers\\Sekretariat\\C_Verifikasi::index')
 3 SYSTEMPATH\Router\RouteCollection.php(799): CodeIgniter\Router\RouteCollection::{closure:C:\Users\ASUS\Downloads\Projectmagang_dr\Projectmagang_dr\app\Config\Routes.php:89}(Object(CodeIgniter\Router\RouteCollection))
 4 APPPATH\Config\Routes.php(89): CodeIgniter\Router\RouteCollection->group('sekretariat', [...], Object(Closure))
 5 SYSTEMPATH\Router\RouteCollection.php(339): require('C:\\Users\\ASUS\\Downloads\\Projectmagang_dr\\Projectmagang_dr\\app\\Config\\Routes.php')
 6 SYSTEMPATH\CodeIgniter.php(841): CodeIgniter\Router\RouteCollection->loadRoutes()
 7 SYSTEMPATH\CodeIgniter.php(464): CodeIgniter\CodeIgniter->tryToRouteIt(null)
 8 SYSTEMPATH\CodeIgniter.php(363): CodeIgniter\CodeIgniter->handleRequest(null, Object(Config\Cache), false)
 9 SYSTEMPATH\Boot.php(417): CodeIgniter\CodeIgniter->run()
10 SYSTEMPATH\Boot.php(68): CodeIgniter\Boot::runCodeIgniter(Object(CodeIgniter\CodeIgniter))
11 FCPATH\index.php(59): CodeIgniter\Boot::bootWeb(Object(Config\Paths))
12 SYSTEMPATH\rewrite.php(44): require_once('C:\\Users\\ASUS\\Downloads\\Projectmagang_dr\\Projectmagang_dr\\public\\index.php')
WARNING - 2026-08-21 14:28:24 --> [DEPRECATED] Passing lowercase HTTP method "post" is deprecated. Use uppercase HTTP method like "POST". in SYSTEMPATH\Router\RouteCollection.php on line 1026.
 1 SYSTEMPATH\Router\RouteCollection.php(1026): trigger_error('Passing lowercase HTTP method "post" is deprecated. Use uppercase HTTP method like "POST".', 16384)
 2 APPPATH\Config\Routes.php(95): CodeIgniter\Router\RouteCollection->match([...], 'verifikasi', '\\App\\Controllers\\Sekretariat\\C_Verifikasi::index')
 3 SYSTEMPATH\Router\RouteCollection.php(799): CodeIgniter\Router\RouteCollection::{closure:C:\Users\ASUS\Downloads\Projectmagang_dr\Projectmagang_dr\app\Config\Routes.php:89}(Object(CodeIgniter\Router\RouteCollection))
 4 APPPATH\Config\Routes.php(89): CodeIgniter\Router\RouteCollection->group('sekretariat', [...], Object(Closure))
 5 SYSTEMPATH\Router\RouteCollection.php(339): require('C:\\Users\\ASUS\\Downloads\\Projectmagang_dr\\Projectmagang_dr\\app\\Config\\Routes.php')
 6 SYSTEMPATH\CodeIgniter.php(841): CodeIgniter\Router\RouteCollection->loadRoutes()
 7 SYSTEMPATH\CodeIgniter.php(464): CodeIgniter\CodeIgniter->tryToRouteIt(null)
 8 SYSTEMPATH\CodeIgniter.php(363): CodeIgniter\CodeIgniter->handleRequest(null, Object(Config\Cache), false)
 9 SYSTEMPATH\Boot.php(417): CodeIgniter\CodeIgniter->run()
10 SYSTEMPATH\Boot.php(68): CodeIgniter\Boot::runCodeIgniter(Object(CodeIgniter\CodeIgniter))
11 FCPATH\index.php(59): CodeIgniter\Boot::bootWeb(Object(Config\Paths))
12 SYSTEMPATH\rewrite.php(44): require_once('C:\\Users\\ASUS\\Downloads\\Projectmagang_dr\\Projectmagang_dr\\public\\index.php')
WARNING - 2026-08-21 14:28:24 --> [DEPRECATED] Passing lowercase HTTP method "get" is deprecated. Use uppercase HTTP method like "GET". in SYSTEMPATH\Router\RouteCollection.php on line 1026.
 1 SYSTEMPATH\Router\RouteCollection.php(1026): trigger_error('Passing lowercase HTTP method "get" is deprecated. Use uppercase HTTP method like "GET".', 16384)
 2 APPPATH\Config\Routes.php(144): CodeIgniter\Router\RouteCollection->match([...], 'upload-surat-penerimaan', '\\App\\Controllers\\Sekretariat\\C_UploadSuratPenerimaan::index')
 3 SYSTEMPATH\Router\RouteCollection.php(799): CodeIgniter\Router\RouteCollection::{closure:C:\Users\ASUS\Downloads\Projectmagang_dr\Projectmagang_dr\app\Config\Routes.php:89}(Object(CodeIgniter\Router\RouteCollection))
 4 APPPATH\Config\Routes.php(89): CodeIgniter\Router\RouteCollection->group('sekretariat', [...], Object(Closure))
 5 SYSTEMPATH\Router\RouteCollection.php(339): require('C:\\Users\\ASUS\\Downloads\\Projectmagang_dr\\Projectmagang_dr\\app\\Config\\Routes.php')
 6 SYSTEMPATH\CodeIgniter.php(841): CodeIgniter\Router\RouteCollection->loadRoutes()
 7 SYSTEMPATH\CodeIgniter.php(464): CodeIgniter\CodeIgniter->tryToRouteIt(null)
 8 SYSTEMPATH\CodeIgniter.php(363): CodeIgniter\CodeIgniter->handleRequest(null, Object(Config\Cache), false)
 9 SYSTEMPATH\Boot.php(417): CodeIgniter\CodeIgniter->run()
10 SYSTEMPATH\Boot.php(68): CodeIgniter\Boot::runCodeIgniter(Object(CodeIgniter\CodeIgniter))
11 FCPATH\index.php(59): CodeIgniter\Boot::bootWeb(Object(Config\Paths))
12 SYSTEMPATH\rewrite.php(44): require_once('C:\\Users\\ASUS\\Downloads\\Projectmagang_dr\\Projectmagang_dr\\public\\index.php')
WARNING - 2026-08-21 14:28:24 --> [DEPRECATED] Passing lowercase HTTP method "post" is deprecated. Use uppercase HTTP method like "POST". in SYSTEMPATH\Router\RouteCollection.php on line 1026.
 1 SYSTEMPATH\Router\RouteCollection.php(1026): trigger_error('Passing lowercase HTTP method "post" is deprecated. Use uppercase HTTP method like "POST".', 16384)
 2 APPPATH\Config\Routes.php(144): CodeIgniter\Router\RouteCollection->match([...], 'upload-surat-penerimaan', '\\App\\Controllers\\Sekretariat\\C_UploadSuratPenerimaan::index')
 3 SYSTEMPATH\Router\RouteCollection.php(799): CodeIgniter\Router\RouteCollection::{closure:C:\Users\ASUS\Downloads\Projectmagang_dr\Projectmagang_dr\app\Config\Routes.php:89}(Object(CodeIgniter\Router\RouteCollection))
 4 APPPATH\Config\Routes.php(89): CodeIgniter\Router\RouteCollection->group('sekretariat', [...], Object(Closure))
 5 SYSTEMPATH\Router\RouteCollection.php(339): require('C:\\Users\\ASUS\\Downloads\\Projectmagang_dr\\Projectmagang_dr\\app\\Config\\Routes.php')
 6 SYSTEMPATH\CodeIgniter.php(841): CodeIgniter\Router\RouteCollection->loadRoutes()
 7 SYSTEMPATH\CodeIgniter.php(464): CodeIgniter\CodeIgniter->tryToRouteIt(null)
 8 SYSTEMPATH\CodeIgniter.php(363): CodeIgniter\CodeIgniter->handleRequest(null, Object(Config\Cache), false)
 9 SYSTEMPATH\Boot.php(417): CodeIgniter\CodeIgniter->run()
10 SYSTEMPATH\Boot.php(68): CodeIgniter\Boot::runCodeIgniter(Object(CodeIgniter\CodeIgniter))
11 FCPATH\index.php(59): CodeIgniter\Boot::bootWeb(Object(Config\Paths))
12 SYSTEMPATH\rewrite.php(44): require_once('C:\\Users\\ASUS\\Downloads\\Projectmagang_dr\\Projectmagang_dr\\public\\index.php')
WARNING - 2026-08-21 14:28:24 --> [DEPRECATED] Passing lowercase HTTP method "get" is deprecated. Use uppercase HTTP method like "GET". in SYSTEMPATH\Router\RouteCollection.php on line 1026.
 1 SYSTEMPATH\Router\RouteCollection.php(1026): trigger_error('Passing lowercase HTTP method "get" is deprecated. Use uppercase HTTP method like "GET".', 16384)
 2 APPPATH\Config\Routes.php(167): CodeIgniter\Router\RouteCollection->match([...], 'logbook', '\\App\\Controllers\\Kabid\\C_LogbookKabid::index')
 3 SYSTEMPATH\Router\RouteCollection.php(799): CodeIgniter\Router\RouteCollection::{closure:C:\Users\ASUS\Downloads\Projectmagang_dr\Projectmagang_dr\app\Config\Routes.php:153}(Object(CodeIgniter\Router\RouteCollection))
 4 APPPATH\Config\Routes.php(153): CodeIgniter\Router\RouteCollection->group('kabid', [...], Object(Closure))
 5 SYSTEMPATH\Router\RouteCollection.php(339): require('C:\\Users\\ASUS\\Downloads\\Projectmagang_dr\\Projectmagang_dr\\app\\Config\\Routes.php')
 6 SYSTEMPATH\CodeIgniter.php(841): CodeIgniter\Router\RouteCollection->loadRoutes()
 7 SYSTEMPATH\CodeIgniter.php(464): CodeIgniter\CodeIgniter->tryToRouteIt(null)
 8 SYSTEMPATH\CodeIgniter.php(363): CodeIgniter\CodeIgniter->handleRequest(null, Object(Config\Cache), false)
 9 SYSTEMPATH\Boot.php(417): CodeIgniter\CodeIgniter->run()
10 SYSTEMPATH\Boot.php(68): CodeIgniter\Boot::runCodeIgniter(Object(CodeIgniter\CodeIgniter))
11 FCPATH\index.php(59): CodeIgniter\Boot::bootWeb(Object(Config\Paths))
12 SYSTEMPATH\rewrite.php(44): require_once('C:\\Users\\ASUS\\Downloads\\Projectmagang_dr\\Projectmagang_dr\\public\\index.php')
WARNING - 2026-08-21 14:28:24 --> [DEPRECATED] Passing lowercase HTTP method "post" is deprecated. Use uppercase HTTP method like "POST". in SYSTEMPATH\Router\RouteCollection.php on line 1026.
 1 SYSTEMPATH\Router\RouteCollection.php(1026): trigger_error('Passing lowercase HTTP method "post" is deprecated. Use uppercase HTTP method like "POST".', 16384)
 2 APPPATH\Config\Routes.php(167): CodeIgniter\Router\RouteCollection->match([...], 'logbook', '\\App\\Controllers\\Kabid\\C_LogbookKabid::index')
 3 SYSTEMPATH\Router\RouteCollection.php(799): CodeIgniter\Router\RouteCollection::{closure:C:\Users\ASUS\Downloads\Projectmagang_dr\Projectmagang_dr\app\Config\Routes.php:153}(Object(CodeIgniter\Router\RouteCollection))
 4 APPPATH\Config\Routes.php(153): CodeIgniter\Router\RouteCollection->group('kabid', [...], Object(Closure))
 5 SYSTEMPATH\Router\RouteCollection.php(339): require('C:\\Users\\ASUS\\Downloads\\Projectmagang_dr\\Projectmagang_dr\\app\\Config\\Routes.php')
 6 SYSTEMPATH\CodeIgniter.php(841): CodeIgniter\Router\RouteCollection->loadRoutes()
 7 SYSTEMPATH\CodeIgniter.php(464): CodeIgniter\CodeIgniter->tryToRouteIt(null)
 8 SYSTEMPATH\CodeIgniter.php(363): CodeIgniter\CodeIgniter->handleRequest(null, Object(Config\Cache), false)
 9 SYSTEMPATH\Boot.php(417): CodeIgniter\CodeIgniter->run()
10 SYSTEMPATH\Boot.php(68): CodeIgniter\Boot::runCodeIgniter(Object(CodeIgniter\CodeIgniter))
11 FCPATH\index.php(59): CodeIgniter\Boot::bootWeb(Object(Config\Paths))
12 SYSTEMPATH\rewrite.php(44): require_once('C:\\Users\\ASUS\\Downloads\\Projectmagang_dr\\Projectmagang_dr\\public\\index.php')
WARNING - 2026-08-21 14:28:24 --> [DEPRECATED] Passing lowercase HTTP method "get" is deprecated. Use uppercase HTTP method like "GET". in SYSTEMPATH\Router\RouteCollection.php on line 1026.
 1 SYSTEMPATH\Router\RouteCollection.php(1026): trigger_error('Passing lowercase HTTP method "get" is deprecated. Use uppercase HTTP method like "GET".', 16384)
 2 APPPATH\Config\Routes.php(179): CodeIgniter\Router\RouteCollection->match([...], 'upload-dokumen', '\\App\\Controllers\\Kabid\\C_UploadDokumen::index')
 3 SYSTEMPATH\Router\RouteCollection.php(799): CodeIgniter\Router\RouteCollection::{closure:C:\Users\ASUS\Downloads\Projectmagang_dr\Projectmagang_dr\app\Config\Routes.php:153}(Object(CodeIgniter\Router\RouteCollection))
 4 APPPATH\Config\Routes.php(153): CodeIgniter\Router\RouteCollection->group('kabid', [...], Object(Closure))
 5 SYSTEMPATH\Router\RouteCollection.php(339): require('C:\\Users\\ASUS\\Downloads\\Projectmagang_dr\\Projectmagang_dr\\app\\Config\\Routes.php')
 6 SYSTEMPATH\CodeIgniter.php(841): CodeIgniter\Router\RouteCollection->loadRoutes()
 7 SYSTEMPATH\CodeIgniter.php(464): CodeIgniter\CodeIgniter->tryToRouteIt(null)
 8 SYSTEMPATH\CodeIgniter.php(363): CodeIgniter\CodeIgniter->handleRequest(null, Object(Config\Cache), false)
 9 SYSTEMPATH\Boot.php(417): CodeIgniter\CodeIgniter->run()
10 SYSTEMPATH\Boot.php(68): CodeIgniter\Boot::runCodeIgniter(Object(CodeIgniter\CodeIgniter))
11 FCPATH\index.php(59): CodeIgniter\Boot::bootWeb(Object(Config\Paths))
12 SYSTEMPATH\rewrite.php(44): require_once('C:\\Users\\ASUS\\Downloads\\Projectmagang_dr\\Projectmagang_dr\\public\\index.php')
WARNING - 2026-08-21 14:28:24 --> [DEPRECATED] Passing lowercase HTTP method "post" is deprecated. Use uppercase HTTP method like "POST". in SYSTEMPATH\Router\RouteCollection.php on line 1026.
 1 SYSTEMPATH\Router\RouteCollection.php(1026): trigger_error('Passing lowercase HTTP method "post" is deprecated. Use uppercase HTTP method like "POST".', 16384)
 2 APPPATH\Config\Routes.php(179): CodeIgniter\Router\RouteCollection->match([...], 'upload-dokumen', '\\App\\Controllers\\Kabid\\C_UploadDokumen::index')
 3 SYSTEMPATH\Router\RouteCollection.php(799): CodeIgniter\Router\RouteCollection::{closure:C:\Users\ASUS\Downloads\Projectmagang_dr\Projectmagang_dr\app\Config\Routes.php:153}(Object(CodeIgniter\Router\RouteCollection))
 4 APPPATH\Config\Routes.php(153): CodeIgniter\Router\RouteCollection->group('kabid', [...], Object(Closure))
 5 SYSTEMPATH\Router\RouteCollection.php(339): require('C:\\Users\\ASUS\\Downloads\\Projectmagang_dr\\Projectmagang_dr\\app\\Config\\Routes.php')
 6 SYSTEMPATH\CodeIgniter.php(841): CodeIgniter\Router\RouteCollection->loadRoutes()
 7 SYSTEMPATH\CodeIgniter.php(464): CodeIgniter\CodeIgniter->tryToRouteIt(null)
 8 SYSTEMPATH\CodeIgniter.php(363): CodeIgniter\CodeIgniter->handleRequest(null, Object(Config\Cache), false)
 9 SYSTEMPATH\Boot.php(417): CodeIgniter\CodeIgniter->run()
10 SYSTEMPATH\Boot.php(68): CodeIgniter\Boot::runCodeIgniter(Object(CodeIgniter\CodeIgniter))
11 FCPATH\index.php(59): CodeIgniter\Boot::bootWeb(Object(Config\Paths))
12 SYSTEMPATH\rewrite.php(44): require_once('C:\\Users\\ASUS\\Downloads\\Projectmagang_dr\\Projectmagang_dr\\public\\index.php')
DEBUG - 2026-08-21 14:28:24 --> Session: Class initialized using 'CodeIgniter\Session\Handlers\FileHandler' driver.
