WARNING - 2026-08-24 07:27:36 --> [DEPRECATED] Passing lowercase HTTP method "get" is deprecated. Use uppercase HTTP method like "GET". in SYSTEMPATH\Router\RouteCollection.php on line 1026.
 1 SYSTEMPATH\Router\RouteCollection.php(1026): trigger_error('Passing lowercase HTTP method "get" is deprecated. Use uppercase HTTP method like "GET".', 16384)
 2 APPPATH\Config\Routes.php(77): CodeIgniter\Router\RouteCollection->match([...], 'logbook', 'C_Logbook::logbook')
 3 SYSTEMPATH\Router\RouteCollection.php(799): CodeIgniter\Router\RouteCollection::{closure:C:\Users\ASUS\Downloads\Projectmagang_dr\Projectmagang_dr\app\Config\Routes.php:59}(Object(CodeIgniter\Router\RouteCollection))
 4 APPPATH\Config\Routes.php(59): CodeIgniter\Router\RouteCollection->group('mahasiswa', [...], Object(Closure))
 5 SYSTEMPATH\Router\RouteCollection.php(339): require('C:\\Users\\ASUS\\Downloads\\Projectmagang_dr\\Projectmagang_dr\\app\\Config\\Routes.php')
 6 SYSTEMPATH\CLI\Console.php(41): CodeIgniter\Router\RouteCollection->loadRoutes()
 7 SYSTEMPATH\Boot.php(442): CodeIgniter\CLI\Console->run()
 8 SYSTEMPATH\Boot.php(166): CodeIgniter\Boot::runCommand(Object(CodeIgniter\CLI\Console))
 9 ROOTPATH\spark(87): CodeIgniter\Boot::bootSpark(Object(Config\Paths))
WARNING - 2026-08-24 07:27:36 --> [DEPRECATED] Passing lowercase HTTP method "post" is deprecated. Use uppercase HTTP method like "POST". in SYSTEMPATH\Router\RouteCollection.php on line 1026.
 1 SYSTEMPATH\Router\RouteCollection.php(1026): trigger_error('Passing lowercase HTTP method "post" is deprecated. Use uppercase HTTP method like "POST".', 16384)
 2 APPPATH\Config\Routes.php(77): CodeIgniter\Router\RouteCollection->match([...], 'logbook', 'C_Logbook::logbook')
 3 SYSTEMPATH\Router\RouteCollection.php(799): CodeIgniter\Router\RouteCollection::{closure:C:\Users\ASUS\Downloads\Projectmagang_dr\Projectmagang_dr\app\Config\Routes.php:59}(Object(CodeIgniter\Router\RouteCollection))
 4 APPPATH\Config\Routes.php(59): CodeIgniter\Router\RouteCollection->group('mahasiswa', [...], Object(Closure))
 5 SYSTEMPATH\Router\RouteCollection.php(339): require('C:\\Users\\ASUS\\Downloads\\Projectmagang_dr\\Projectmagang_dr\\app\\Config\\Routes.php')
 6 SYSTEMPATH\CLI\Console.php(41): CodeIgniter\Router\RouteCollection->loadRoutes()
 7 SYSTEMPATH\Boot.php(442): CodeIgniter\CLI\Console->run()
 8 SYSTEMPATH\Boot.php(166): CodeIgniter\Boot::runCommand(Object(CodeIgniter\CLI\Console))
 9 ROOTPATH\spark(87): CodeIgniter\Boot::bootSpark(Object(Config\Paths))
WARNING - 2026-08-24 07:27:36 --> [DEPRECATED] Passing lowercase HTTP method "get" is deprecated. Use uppercase HTTP method like "GET". in SYSTEMPATH\Router\RouteCollection.php on line 1026.
 1 SYSTEMPATH\Router\RouteCollection.php(1026): trigger_error('Passing lowercase HTTP method "get" is deprecated. Use uppercase HTTP method like "GET".', 16384)
 2 APPPATH\Config\Routes.php(95): CodeIgniter\Router\RouteCollection->match([...], 'verifikasi', '\\App\\Controllers\\Sekretariat\\C_Verifikasi::index')
 3 SYSTEMPATH\Router\RouteCollection.php(799): CodeIgniter\Router\RouteCollection::{closure:C:\Users\ASUS\Downloads\Projectmagang_dr\Projectmagang_dr\app\Config\Routes.php:89}(Object(CodeIgniter\Router\RouteCollection))
 4 APPPATH\Config\Routes.php(89): CodeIgniter\Router\RouteCollection->group('sekretariat', [...], Object(Closure))
 5 SYSTEMPATH\Router\RouteCollection.php(339): require('C:\\Users\\ASUS\\Downloads\\Projectmagang_dr\\Projectmagang_dr\\app\\Config\\Routes.php')
 6 SYSTEMPATH\CLI\Console.php(41): CodeIgniter\Router\RouteCollection->loadRoutes()
 7 SYSTEMPATH\Boot.php(442): CodeIgniter\CLI\Console->run()
 8 SYSTEMPATH\Boot.php(166): CodeIgniter\Boot::runCommand(Object(CodeIgniter\CLI\Console))
 9 ROOTPATH\spark(87): CodeIgniter\Boot::bootSpark(Object(Config\Paths))
WARNING - 2026-08-24 07:27:36 --> [DEPRECATED] Passing lowercase HTTP method "post" is deprecated. Use uppercase HTTP method like "POST". in SYSTEMPATH\Router\RouteCollection.php on line 1026.
 1 SYSTEMPATH\Router\RouteCollection.php(1026): trigger_error('Passing lowercase HTTP method "post" is deprecated. Use uppercase HTTP method like "POST".', 16384)
 2 APPPATH\Config\Routes.php(95): CodeIgniter\Router\RouteCollection->match([...], 'verifikasi', '\\App\\Controllers\\Sekretariat\\C_Verifikasi::index')
 3 SYSTEMPATH\Router\RouteCollection.php(799): CodeIgniter\Router\RouteCollection::{closure:C:\Users\ASUS\Downloads\Projectmagang_dr\Projectmagang_dr\app\Config\Routes.php:89}(Object(CodeIgniter\Router\RouteCollection))
 4 APPPATH\Config\Routes.php(89): CodeIgniter\Router\RouteCollection->group('sekretariat', [...], Object(Closure))
 5 SYSTEMPATH\Router\RouteCollection.php(339): require('C:\\Users\\ASUS\\Downloads\\Projectmagang_dr\\Projectmagang_dr\\app\\Config\\Routes.php')
 6 SYSTEMPATH\CLI\Console.php(41): CodeIgniter\Router\RouteCollection->loadRoutes()
 7 SYSTEMPATH\Boot.php(442): CodeIgniter\CLI\Console->run()
 8 SYSTEMPATH\Boot.php(166): CodeIgniter\Boot::runCommand(Object(CodeIgniter\CLI\Console))
 9 ROOTPATH\spark(87): CodeIgniter\Boot::bootSpark(Object(Config\Paths))
WARNING - 2026-08-24 07:27:36 --> [DEPRECATED] Passing lowercase HTTP method "get" is deprecated. Use uppercase HTTP method like "GET". in SYSTEMPATH\Router\RouteCollection.php on line 1026.
 1 SYSTEMPATH\Router\RouteCollection.php(1026): trigger_error('Passing lowercase HTTP method "get" is deprecated. Use uppercase HTTP method like "GET".', 16384)
 2 APPPATH\Config\Routes.php(144): CodeIgniter\Router\RouteCollection->match([...], 'upload-surat-penerimaan', '\\App\\Controllers\\Sekretariat\\C_UploadSuratPenerimaan::index')
 3 SYSTEMPATH\Router\RouteCollection.php(799): CodeIgniter\Router\RouteCollection::{closure:C:\Users\ASUS\Downloads\Projectmagang_dr\Projectmagang_dr\app\Config\Routes.php:89}(Object(CodeIgniter\Router\RouteCollection))
 4 APPPATH\Config\Routes.php(89): CodeIgniter\Router\RouteCollection->group('sekretariat', [...], Object(Closure))
 5 SYSTEMPATH\Router\RouteCollection.php(339): require('C:\\Users\\ASUS\\Downloads\\Projectmagang_dr\\Projectmagang_dr\\app\\Config\\Routes.php')
 6 SYSTEMPATH\CLI\Console.php(41): CodeIgniter\Router\RouteCollection->loadRoutes()
 7 SYSTEMPATH\Boot.php(442): CodeIgniter\CLI\Console->run()
 8 SYSTEMPATH\Boot.php(166): CodeIgniter\Boot::runCommand(Object(CodeIgniter\CLI\Console))
 9 ROOTPATH\spark(87): CodeIgniter\Boot::bootSpark(Object(Config\Paths))
WARNING - 2026-08-24 07:27:36 --> [DEPRECATED] Passing lowercase HTTP method "post" is deprecated. Use uppercase HTTP method like "POST". in SYSTEMPATH\Router\RouteCollection.php on line 1026.
 1 SYSTEMPATH\Router\RouteCollection.php(1026): trigger_error('Passing lowercase HTTP method "post" is deprecated. Use uppercase HTTP method like "POST".', 16384)
 2 APPPATH\Config\Routes.php(144): CodeIgniter\Router\RouteCollection->match([...], 'upload-surat-penerimaan', '\\App\\Controllers\\Sekretariat\\C_UploadSuratPenerimaan::index')
 3 SYSTEMPATH\Router\RouteCollection.php(799): CodeIgniter\Router\RouteCollection::{closure:C:\Users\ASUS\Downloads\Projectmagang_dr\Projectmagang_dr\app\Config\Routes.php:89}(Object(CodeIgniter\Router\RouteCollection))
 4 APPPATH\Config\Routes.php(89): CodeIgniter\Router\RouteCollection->group('sekretariat', [...], Object(Closure))
 5 SYSTEMPATH\Router\RouteCollection.php(339): require('C:\\Users\\ASUS\\Downloads\\Projectmagang_dr\\Projectmagang_dr\\app\\Config\\Routes.php')
 6 SYSTEMPATH\CLI\Console.php(41): CodeIgniter\Router\RouteCollection->loadRoutes()
 7 SYSTEMPATH\Boot.php(442): CodeIgniter\CLI\Console->run()
 8 SYSTEMPATH\Boot.php(166): CodeIgniter\Boot::runCommand(Object(CodeIgniter\CLI\Console))
 9 ROOTPATH\spark(87): CodeIgniter\Boot::bootSpark(Object(Config\Paths))
WARNING - 2026-08-24 07:27:36 --> [DEPRECATED] Passing lowercase HTTP method "get" is deprecated. Use uppercase HTTP method like "GET". in SYSTEMPATH\Router\RouteCollection.php on line 1026.
 1 SYSTEMPATH\Router\RouteCollection.php(1026): trigger_error('Passing lowercase HTTP method "get" is deprecated. Use uppercase HTTP method like "GET".', 16384)
 2 APPPATH\Config\Routes.php(167): CodeIgniter\Router\RouteCollection->match([...], 'logbook', '\\App\\Controllers\\Kabid\\C_LogbookKabid::index')
 3 SYSTEMPATH\Router\RouteCollection.php(799): CodeIgniter\Router\RouteCollection::{closure:C:\Users\ASUS\Downloads\Projectmagang_dr\Projectmagang_dr\app\Config\Routes.php:153}(Object(CodeIgniter\Router\RouteCollection))
 4 APPPATH\Config\Routes.php(153): CodeIgniter\Router\RouteCollection->group('kabid', [...], Object(Closure))
 5 SYSTEMPATH\Router\RouteCollection.php(339): require('C:\\Users\\ASUS\\Downloads\\Projectmagang_dr\\Projectmagang_dr\\app\\Config\\Routes.php')
 6 SYSTEMPATH\CLI\Console.php(41): CodeIgniter\Router\RouteCollection->loadRoutes()
 7 SYSTEMPATH\Boot.php(442): CodeIgniter\CLI\Console->run()
 8 SYSTEMPATH\Boot.php(166): CodeIgniter\Boot::runCommand(Object(CodeIgniter\CLI\Console))
 9 ROOTPATH\spark(87): CodeIgniter\Boot::bootSpark(Object(Config\Paths))
WARNING - 2026-08-24 07:27:36 --> [DEPRECATED] Passing lowercase HTTP method "post" is deprecated. Use uppercase HTTP method like "POST". in SYSTEMPATH\Router\RouteCollection.php on line 1026.
 1 SYSTEMPATH\Router\RouteCollection.php(1026): trigger_error('Passing lowercase HTTP method "post" is deprecated. Use uppercase HTTP method like "POST".', 16384)
 2 APPPATH\Config\Routes.php(167): CodeIgniter\Router\RouteCollection->match([...], 'logbook', '\\App\\Controllers\\Kabid\\C_LogbookKabid::index')
 3 SYSTEMPATH\Router\RouteCollection.php(799): CodeIgniter\Router\RouteCollection::{closure:C:\Users\ASUS\Downloads\Projectmagang_dr\Projectmagang_dr\app\Config\Routes.php:153}(Object(CodeIgniter\Router\RouteCollection))
 4 APPPATH\Config\Routes.php(153): CodeIgniter\Router\RouteCollection->group('kabid', [...], Object(Closure))
 5 SYSTEMPATH\Router\RouteCollection.php(339): require('C:\\Users\\ASUS\\Downloads\\Projectmagang_dr\\Projectmagang_dr\\app\\Config\\Routes.php')
 6 SYSTEMPATH\CLI\Console.php(41): CodeIgniter\Router\RouteCollection->loadRoutes()
 7 SYSTEMPATH\Boot.php(442): CodeIgniter\CLI\Console->run()
 8 SYSTEMPATH\Boot.php(166): CodeIgniter\Boot::runCommand(Object(CodeIgniter\CLI\Console))
 9 ROOTPATH\spark(87): CodeIgniter\Boot::bootSpark(Object(Config\Paths))
WARNING - 2026-08-24 07:27:36 --> [DEPRECATED] Passing lowercase HTTP method "get" is deprecated. Use uppercase HTTP method like "GET". in SYSTEMPATH\Router\RouteCollection.php on line 1026.
 1 SYSTEMPATH\Router\RouteCollection.php(1026): trigger_error('Passing lowercase HTTP method "get" is deprecated. Use uppercase HTTP method like "GET".', 16384)
 2 APPPATH\Config\Routes.php(179): CodeIgniter\Router\RouteCollection->match([...], 'upload-dokumen', '\\App\\Controllers\\Kabid\\C_UploadDokumen::index')
 3 SYSTEMPATH\Router\RouteCollection.php(799): CodeIgniter\Router\RouteCollection::{closure:C:\Users\ASUS\Downloads\Projectmagang_dr\Projectmagang_dr\app\Config\Routes.php:153}(Object(CodeIgniter\Router\RouteCollection))
 4 APPPATH\Config\Routes.php(153): CodeIgniter\Router\RouteCollection->group('kabid', [...], Object(Closure))
 5 SYSTEMPATH\Router\RouteCollection.php(339): require('C:\\Users\\ASUS\\Downloads\\Projectmagang_dr\\Projectmagang_dr\\app\\Config\\Routes.php')
 6 SYSTEMPATH\CLI\Console.php(41): CodeIgniter\Router\RouteCollection->loadRoutes()
 7 SYSTEMPATH\Boot.php(442): CodeIgniter\CLI\Console->run()
 8 SYSTEMPATH\Boot.php(166): CodeIgniter\Boot::runCommand(Object(CodeIgniter\CLI\Console))
 9 ROOTPATH\spark(87): CodeIgniter\Boot::bootSpark(Object(Config\Paths))
WARNING - 2026-08-24 07:27:36 --> [DEPRECATED] Passing lowercase HTTP method "post" is deprecated. Use uppercase HTTP method like "POST". in SYSTEMPATH\Router\RouteCollection.php on line 1026.
 1 SYSTEMPATH\Router\RouteCollection.php(1026): trigger_error('Passing lowercase HTTP method "post" is deprecated. Use uppercase HTTP method like "POST".', 16384)
 2 APPPATH\Config\Routes.php(179): CodeIgniter\Router\RouteCollection->match([...], 'upload-dokumen', '\\App\\Controllers\\Kabid\\C_UploadDokumen::index')
 3 SYSTEMPATH\Router\RouteCollection.php(799): CodeIgniter\Router\RouteCollection::{closure:C:\Users\ASUS\Downloads\Projectmagang_dr\Projectmagang_dr\app\Config\Routes.php:153}(Object(CodeIgniter\Router\RouteCollection))
 4 APPPATH\Config\Routes.php(153): CodeIgniter\Router\RouteCollection->group('kabid', [...], Object(Closure))
 5 SYSTEMPATH\Router\RouteCollection.php(339): require('C:\\Users\\ASUS\\Downloads\\Projectmagang_dr\\Projectmagang_dr\\app\\Config\\Routes.php')
 6 SYSTEMPATH\CLI\Console.php(41): CodeIgniter\Router\RouteCollection->loadRoutes()
 7 SYSTEMPATH\Boot.php(442): CodeIgniter\CLI\Console->run()
 8 SYSTEMPATH\Boot.php(166): CodeIgniter\Boot::runCommand(Object(CodeIgniter\CLI\Console))
 9 ROOTPATH\spark(87): CodeIgniter\Boot::bootSpark(Object(Config\Paths))
WARNING - 2026-08-24 07:27:51 --> [DEPRECATED] Passing lowercase HTTP method "get" is deprecated. Use uppercase HTTP method like "GET". in SYSTEMPATH\Router\RouteCollection.php on line 1026.
 1 SYSTEMPATH\Router\RouteCollection.php(1026): trigger_error('Passing lowercase HTTP method "get" is deprecated. Use uppercase HTTP method like "GET".', 16384)
 2 APPPATH\Config\Routes.php(77): CodeIgniter\Router\RouteCollection->match([...], 'logbook', 'C_Logbook::logbook')
 3 SYSTEMPATH\Router\RouteCollection.php(799): CodeIgniter\Router\RouteCollection::{closure:C:\Users\ASUS\Downloads\Projectmagang_dr\Projectmagang_dr\app\Config\Routes.php:59}(Object(CodeIgniter\Router\RouteCollection))
 4 APPPATH\Config\Routes.php(59): CodeIgniter\Router\RouteCollection->group('mahasiswa', [...], Object(Closure))
 5 SYSTEMPATH\Router\RouteCollection.php(339): require('C:\\Users\\ASUS\\Downloads\\Projectmagang_dr\\Projectmagang_dr\\app\\Config\\Routes.php')
 6 SYSTEMPATH\CodeIgniter.php(841): CodeIgniter\Router\RouteCollection->loadRoutes()
 7 SYSTEMPATH\CodeIgniter.php(464): CodeIgniter\CodeIgniter->tryToRouteIt(null)
 8 SYSTEMPATH\CodeIgniter.php(363): CodeIgniter\CodeIgniter->handleRequest(null, Object(Config\Cache), false)
 9 SYSTEMPATH\Boot.php(417): CodeIgniter\CodeIgniter->run()
10 SYSTEMPATH\Boot.php(68): CodeIgniter\Boot::runCodeIgniter(Object(CodeIgniter\CodeIgniter))
11 FCPATH\index.php(59): CodeIgniter\Boot::bootWeb(Object(Config\Paths))
12 SYSTEMPATH\rewrite.php(44): require_once('C:\\Users\\ASUS\\Downloads\\Projectmagang_dr\\Projectmagang_dr\\public\\index.php')
WARNING - 2026-08-24 07:27:51 --> [DEPRECATED] Passing lowercase HTTP method "post" is deprecated. Use uppercase HTTP method like "POST". in SYSTEMPATH\Router\RouteCollection.php on line 1026.
 1 SYSTEMPATH\Router\RouteCollection.php(1026): trigger_error('Passing lowercase HTTP method "post" is deprecated. Use uppercase HTTP method like "POST".', 16384)
 2 APPPATH\Config\Routes.php(77): CodeIgniter\Router\RouteCollection->match([...], 'logbook', 'C_Logbook::logbook')
 3 SYSTEMPATH\Router\RouteCollection.php(799): CodeIgniter\Router\RouteCollection::{closure:C:\Users\ASUS\Downloads\Projectmagang_dr\Projectmagang_dr\app\Config\Routes.php:59}(Object(CodeIgniter\Router\RouteCollection))
 4 APPPATH\Config\Routes.php(59): CodeIgniter\Router\RouteCollection->group('mahasiswa', [...], Object(Closure))
 5 SYSTEMPATH\Router\RouteCollection.php(339): require('C:\\Users\\ASUS\\Downloads\\Projectmagang_dr\\Projectmagang_dr\\app\\Config\\Routes.php')
 6 SYSTEMPATH\CodeIgniter.php(841): CodeIgniter\Router\RouteCollection->loadRoutes()
 7 SYSTEMPATH\CodeIgniter.php(464): CodeIgniter\CodeIgniter->tryToRouteIt(null)
 8 SYSTEMPATH\CodeIgniter.php(363): CodeIgniter\CodeIgniter->handleRequest(null, Object(Config\Cache), false)
 9 SYSTEMPATH\Boot.php(417): CodeIgniter\CodeIgniter->run()
10 SYSTEMPATH\Boot.php(68): CodeIgniter\Boot::runCodeIgniter(Object(CodeIgniter\CodeIgniter))
11 FCPATH\index.php(59): CodeIgniter\Boot::bootWeb(Object(Config\Paths))
12 SYSTEMPATH\rewrite.php(44): require_once('C:\\Users\\ASUS\\Downloads\\Projectmagang_dr\\Projectmagang_dr\\public\\index.php')
WARNING - 2026-08-24 07:27:51 --> [DEPRECATED] Passing lowercase HTTP method "get" is deprecated. Use uppercase HTTP method like "GET". in SYSTEMPATH\Router\RouteCollection.php on line 1026.
 1 SYSTEMPATH\Router\RouteCollection.php(1026): trigger_error('Passing lowercase HTTP method "get" is deprecated. Use uppercase HTTP method like "GET".', 16384)
 2 APPPATH\Config\Routes.php(95): CodeIgniter\Router\RouteCollection->match([...], 'verifikasi', '\\App\\Controllers\\Sekretariat\\C_Verifikasi::index')
 3 SYSTEMPATH\Router\RouteCollection.php(799): CodeIgniter\Router\RouteCollection::{closure:C:\Users\ASUS\Downloads\Projectmagang_dr\Projectmagang_dr\app\Config\Routes.php:89}(Object(CodeIgniter\Router\RouteCollection))
 4 APPPATH\Config\Routes.php(89): CodeIgniter\Router\RouteCollection->group('sekretariat', [...], Object(Closure))
 5 SYSTEMPATH\Router\RouteCollection.php(339): require('C:\\Users\\ASUS\\Downloads\\Projectmagang_dr\\Projectmagang_dr\\app\\Config\\Routes.php')
 6 SYSTEMPATH\CodeIgniter.php(841): CodeIgniter\Router\RouteCollection->loadRoutes()
 7 SYSTEMPATH\CodeIgniter.php(464): CodeIgniter\CodeIgniter->tryToRouteIt(null)
 8 SYSTEMPATH\CodeIgniter.php(363): CodeIgniter\CodeIgniter->handleRequest(null, Object(Config\Cache), false)
 9 SYSTEMPATH\Boot.php(417): CodeIgniter\CodeIgniter->run()
10 SYSTEMPATH\Boot.php(68): CodeIgniter\Boot::runCodeIgniter(Object(CodeIgniter\CodeIgniter))
11 FCPATH\index.php(59): CodeIgniter\Boot::bootWeb(Object(Config\Paths))
12 SYSTEMPATH\rewrite.php(44): require_once('C:\\Users\\ASUS\\Downloads\\Projectmagang_dr\\Projectmagang_dr\\public\\index.php')
WARNING - 2026-08-24 07:27:51 --> [DEPRECATED] Passing lowercase HTTP method "post" is deprecated. Use uppercase HTTP method like "POST". in SYSTEMPATH\Router\RouteCollection.php on line 1026.
 1 SYSTEMPATH\Router\RouteCollection.php(1026): trigger_error('Passing lowercase HTTP method "post" is deprecated. Use uppercase HTTP method like "POST".', 16384)
 2 APPPATH\Config\Routes.php(95): CodeIgniter\Router\RouteCollection->match([...], 'verifikasi', '\\App\\Controllers\\Sekretariat\\C_Verifikasi::index')
 3 SYSTEMPATH\Router\RouteCollection.php(799): CodeIgniter\Router\RouteCollection::{closure:C:\Users\ASUS\Downloads\Projectmagang_dr\Projectmagang_dr\app\Config\Routes.php:89}(Object(CodeIgniter\Router\RouteCollection))
 4 APPPATH\Config\Routes.php(89): CodeIgniter\Router\RouteCollection->group('sekretariat', [...], Object(Closure))
 5 SYSTEMPATH\Router\RouteCollection.php(339): require('C:\\Users\\ASUS\\Downloads\\Projectmagang_dr\\Projectmagang_dr\\app\\Config\\Routes.php')
 6 SYSTEMPATH\CodeIgniter.php(841): CodeIgniter\Router\RouteCollection->loadRoutes()
 7 SYSTEMPATH\CodeIgniter.php(464): CodeIgniter\CodeIgniter->tryToRouteIt(null)
 8 SYSTEMPATH\CodeIgniter.php(363): CodeIgniter\CodeIgniter->handleRequest(null, Object(Config\Cache), false)
 9 SYSTEMPATH\Boot.php(417): CodeIgniter\CodeIgniter->run()
10 SYSTEMPATH\Boot.php(68): CodeIgniter\Boot::runCodeIgniter(Object(CodeIgniter\CodeIgniter))
11 FCPATH\index.php(59): CodeIgniter\Boot::bootWeb(Object(Config\Paths))
12 SYSTEMPATH\rewrite.php(44): require_once('C:\\Users\\ASUS\\Downloads\\Projectmagang_dr\\Projectmagang_dr\\public\\index.php')
WARNING - 2026-08-24 07:27:51 --> [DEPRECATED] Passing lowercase HTTP method "get" is deprecated. Use uppercase HTTP method like "GET". in SYSTEMPATH\Router\RouteCollection.php on line 1026.
 1 SYSTEMPATH\Router\RouteCollection.php(1026): trigger_error('Passing lowercase HTTP method "get" is deprecated. Use uppercase HTTP method like "GET".', 16384)
 2 APPPATH\Config\Routes.php(144): CodeIgniter\Router\RouteCollection->match([...], 'upload-surat-penerimaan', '\\App\\Controllers\\Sekretariat\\C_UploadSuratPenerimaan::index')
 3 SYSTEMPATH\Router\RouteCollection.php(799): CodeIgniter\Router\RouteCollection::{closure:C:\Users\ASUS\Downloads\Projectmagang_dr\Projectmagang_dr\app\Config\Routes.php:89}(Object(CodeIgniter\Router\RouteCollection))
 4 APPPATH\Config\Routes.php(89): CodeIgniter\Router\RouteCollection->group('sekretariat', [...], Object(Closure))
 5 SYSTEMPATH\Router\RouteCollection.php(339): require('C:\\Users\\ASUS\\Downloads\\Projectmagang_dr\\Projectmagang_dr\\app\\Config\\Routes.php')
 6 SYSTEMPATH\CodeIgniter.php(841): CodeIgniter\Router\RouteCollection->loadRoutes()
 7 SYSTEMPATH\CodeIgniter.php(464): CodeIgniter\CodeIgniter->tryToRouteIt(null)
 8 SYSTEMPATH\CodeIgniter.php(363): CodeIgniter\CodeIgniter->handleRequest(null, Object(Config\Cache), false)
 9 SYSTEMPATH\Boot.php(417): CodeIgniter\CodeIgniter->run()
10 SYSTEMPATH\Boot.php(68): CodeIgniter\Boot::runCodeIgniter(Object(CodeIgniter\CodeIgniter))
11 FCPATH\index.php(59): CodeIgniter\Boot::bootWeb(Object(Config\Paths))
12 SYSTEMPATH\rewrite.php(44): require_once('C:\\Users\\ASUS\\Downloads\\Projectmagang_dr\\Projectmagang_dr\\public\\index.php')
WARNING - 2026-08-24 07:27:51 --> [DEPRECATED] Passing lowercase HTTP method "post" is deprecated. Use uppercase HTTP method like "POST". in SYSTEMPATH\Router\RouteCollection.php on line 1026.
 1 SYSTEMPATH\Router\RouteCollection.php(1026): trigger_error('Passing lowercase HTTP method "post" is deprecated. Use uppercase HTTP method like "POST".', 16384)
 2 APPPATH\Config\Routes.php(144): CodeIgniter\Router\RouteCollection->match([...], 'upload-surat-penerimaan', '\\App\\Controllers\\Sekretariat\\C_UploadSuratPenerimaan::index')
 3 SYSTEMPATH\Router\RouteCollection.php(799): CodeIgniter\Router\RouteCollection::{closure:C:\Users\ASUS\Downloads\Projectmagang_dr\Projectmagang_dr\app\Config\Routes.php:89}(Object(CodeIgniter\Router\RouteCollection))
 4 APPPATH\Config\Routes.php(89): CodeIgniter\Router\RouteCollection->group('sekretariat', [...], Object(Closure))
 5 SYSTEMPATH\Router\RouteCollection.php(339): require('C:\\Users\\ASUS\\Downloads\\Projectmagang_dr\\Projectmagang_dr\\app\\Config\\Routes.php')
 6 SYSTEMPATH\CodeIgniter.php(841): CodeIgniter\Router\RouteCollection->loadRoutes()
 7 SYSTEMPATH\CodeIgniter.php(464): CodeIgniter\CodeIgniter->tryToRouteIt(null)
 8 SYSTEMPATH\CodeIgniter.php(363): CodeIgniter\CodeIgniter->handleRequest(null, Object(Config\Cache), false)
 9 SYSTEMPATH\Boot.php(417): CodeIgniter\CodeIgniter->run()
10 SYSTEMPATH\Boot.php(68): CodeIgniter\Boot::runCodeIgniter(Object(CodeIgniter\CodeIgniter))
11 FCPATH\index.php(59): CodeIgniter\Boot::bootWeb(Object(Config\Paths))
12 SYSTEMPATH\rewrite.php(44): require_once('C:\\Users\\ASUS\\Downloads\\Projectmagang_dr\\Projectmagang_dr\\public\\index.php')
WARNING - 2026-08-24 07:27:51 --> [DEPRECATED] Passing lowercase HTTP method "get" is deprecated. Use uppercase HTTP method like "GET". in SYSTEMPATH\Router\RouteCollection.php on line 1026.
 1 SYSTEMPATH\Router\RouteCollection.php(1026): trigger_error('Passing lowercase HTTP method "get" is deprecated. Use uppercase HTTP method like "GET".', 16384)
 2 APPPATH\Config\Routes.php(167): CodeIgniter\Router\RouteCollection->match([...], 'logbook', '\\App\\Controllers\\Kabid\\C_LogbookKabid::index')
 3 SYSTEMPATH\Router\RouteCollection.php(799): CodeIgniter\Router\RouteCollection::{closure:C:\Users\ASUS\Downloads\Projectmagang_dr\Projectmagang_dr\app\Config\Routes.php:153}(Object(CodeIgniter\Router\RouteCollection))
 4 APPPATH\Config\Routes.php(153): CodeIgniter\Router\RouteCollection->group('kabid', [...], Object(Closure))
 5 SYSTEMPATH\Router\RouteCollection.php(339): require('C:\\Users\\ASUS\\Downloads\\Projectmagang_dr\\Projectmagang_dr\\app\\Config\\Routes.php')
 6 SYSTEMPATH\CodeIgniter.php(841): CodeIgniter\Router\RouteCollection->loadRoutes()
 7 SYSTEMPATH\CodeIgniter.php(464): CodeIgniter\CodeIgniter->tryToRouteIt(null)
 8 SYSTEMPATH\CodeIgniter.php(363): CodeIgniter\CodeIgniter->handleRequest(null, Object(Config\Cache), false)
 9 SYSTEMPATH\Boot.php(417): CodeIgniter\CodeIgniter->run()
10 SYSTEMPATH\Boot.php(68): CodeIgniter\Boot::runCodeIgniter(Object(CodeIgniter\CodeIgniter))
11 FCPATH\index.php(59): CodeIgniter\Boot::bootWeb(Object(Config\Paths))
12 SYSTEMPATH\rewrite.php(44): require_once('C:\\Users\\ASUS\\Downloads\\Projectmagang_dr\\Projectmagang_dr\\public\\index.php')
WARNING - 2026-08-24 07:27:51 --> [DEPRECATED] Passing lowercase HTTP method "post" is deprecated. Use uppercase HTTP method like "POST". in SYSTEMPATH\Router\RouteCollection.php on line 1026.
 1 SYSTEMPATH\Router\RouteCollection.php(1026): trigger_error('Passing lowercase HTTP method "post" is deprecated. Use uppercase HTTP method like "POST".', 16384)
 2 APPPATH\Config\Routes.php(167): CodeIgniter\Router\RouteCollection->match([...], 'logbook', '\\App\\Controllers\\Kabid\\C_LogbookKabid::index')
 3 SYSTEMPATH\Router\RouteCollection.php(799): CodeIgniter\Router\RouteCollection::{closure:C:\Users\ASUS\Downloads\Projectmagang_dr\Projectmagang_dr\app\Config\Routes.php:153}(Object(CodeIgniter\Router\RouteCollection))
 4 APPPATH\Config\Routes.php(153): CodeIgniter\Router\RouteCollection->group('kabid', [...], Object(Closure))
 5 SYSTEMPATH\Router\RouteCollection.php(339): require('C:\\Users\\ASUS\\Downloads\\Projectmagang_dr\\Projectmagang_dr\\app\\Config\\Routes.php')
 6 SYSTEMPATH\CodeIgniter.php(841): CodeIgniter\Router\RouteCollection->loadRoutes()
 7 SYSTEMPATH\CodeIgniter.php(464): CodeIgniter\CodeIgniter->tryToRouteIt(null)
 8 SYSTEMPATH\CodeIgniter.php(363): CodeIgniter\CodeIgniter->handleRequest(null, Object(Config\Cache), false)
 9 SYSTEMPATH\Boot.php(417): CodeIgniter\CodeIgniter->run()
10 SYSTEMPATH\Boot.php(68): CodeIgniter\Boot::runCodeIgniter(Object(CodeIgniter\CodeIgniter))
11 FCPATH\index.php(59): CodeIgniter\Boot::bootWeb(Object(Config\Paths))
12 SYSTEMPATH\rewrite.php(44): require_once('C:\\Users\\ASUS\\Downloads\\Projectmagang_dr\\Projectmagang_dr\\public\\index.php')
WARNING - 2026-08-24 07:27:51 --> [DEPRECATED] Passing lowercase HTTP method "get" is deprecated. Use uppercase HTTP method like "GET". in SYSTEMPATH\Router\RouteCollection.php on line 1026.
 1 SYSTEMPATH\Router\RouteCollection.php(1026): trigger_error('Passing lowercase HTTP method "get" is deprecated. Use uppercase HTTP method like "GET".', 16384)
 2 APPPATH\Config\Routes.php(179): CodeIgniter\Router\RouteCollection->match([...], 'upload-dokumen', '\\App\\Controllers\\Kabid\\C_UploadDokumen::index')
 3 SYSTEMPATH\Router\RouteCollection.php(799): CodeIgniter\Router\RouteCollection::{closure:C:\Users\ASUS\Downloads\Projectmagang_dr\Projectmagang_dr\app\Config\Routes.php:153}(Object(CodeIgniter\Router\RouteCollection))
 4 APPPATH\Config\Routes.php(153): CodeIgniter\Router\RouteCollection->group('kabid', [...], Object(Closure))
 5 SYSTEMPATH\Router\RouteCollection.php(339): require('C:\\Users\\ASUS\\Downloads\\Projectmagang_dr\\Projectmagang_dr\\app\\Config\\Routes.php')
 6 SYSTEMPATH\CodeIgniter.php(841): CodeIgniter\Router\RouteCollection->loadRoutes()
 7 SYSTEMPATH\CodeIgniter.php(464): CodeIgniter\CodeIgniter->tryToRouteIt(null)
 8 SYSTEMPATH\CodeIgniter.php(363): CodeIgniter\CodeIgniter->handleRequest(null, Object(Config\Cache), false)
 9 SYSTEMPATH\Boot.php(417): CodeIgniter\CodeIgniter->run()
10 SYSTEMPATH\Boot.php(68): CodeIgniter\Boot::runCodeIgniter(Object(CodeIgniter\CodeIgniter))
11 FCPATH\index.php(59): CodeIgniter\Boot::bootWeb(Object(Config\Paths))
12 SYSTEMPATH\rewrite.php(44): require_once('C:\\Users\\ASUS\\Downloads\\Projectmagang_dr\\Projectmagang_dr\\public\\index.php')
WARNING - 2026-08-24 07:27:51 --> [DEPRECATED] Passing lowercase HTTP method "post" is deprecated. Use uppercase HTTP method like "POST". in SYSTEMPATH\Router\RouteCollection.php on line 1026.
 1 SYSTEMPATH\Router\RouteCollection.php(1026): trigger_error('Passing lowercase HTTP method "post" is deprecated. Use uppercase HTTP method like "POST".', 16384)
 2 APPPATH\Config\Routes.php(179): CodeIgniter\Router\RouteCollection->match([...], 'upload-dokumen', '\\App\\Controllers\\Kabid\\C_UploadDokumen::index')
 3 SYSTEMPATH\Router\RouteCollection.php(799): CodeIgniter\Router\RouteCollection::{closure:C:\Users\ASUS\Downloads\Projectmagang_dr\Projectmagang_dr\app\Config\Routes.php:153}(Object(CodeIgniter\Router\RouteCollection))
 4 APPPATH\Config\Routes.php(153): CodeIgniter\Router\RouteCollection->group('kabid', [...], Object(Closure))
 5 SYSTEMPATH\Router\RouteCollection.php(339): require('C:\\Users\\ASUS\\Downloads\\Projectmagang_dr\\Projectmagang_dr\\app\\Config\\Routes.php')
 6 SYSTEMPATH\CodeIgniter.php(841): CodeIgniter\Router\RouteCollection->loadRoutes()
 7 SYSTEMPATH\CodeIgniter.php(464): CodeIgniter\CodeIgniter->tryToRouteIt(null)
 8 SYSTEMPATH\CodeIgniter.php(363): CodeIgniter\CodeIgniter->handleRequest(null, Object(Config\Cache), false)
 9 SYSTEMPATH\Boot.php(417): CodeIgniter\CodeIgniter->run()
10 SYSTEMPATH\Boot.php(68): CodeIgniter\Boot::runCodeIgniter(Object(CodeIgniter\CodeIgniter))
11 FCPATH\index.php(59): CodeIgniter\Boot::bootWeb(Object(Config\Paths))
12 SYSTEMPATH\rewrite.php(44): require_once('C:\\Users\\ASUS\\Downloads\\Projectmagang_dr\\Projectmagang_dr\\public\\index.php')
WARNING - 2026-08-24 07:28:03 --> [DEPRECATED] Passing lowercase HTTP method "get" is deprecated. Use uppercase HTTP method like "GET". in SYSTEMPATH\Router\RouteCollection.php on line 1026.
 1 SYSTEMPATH\Router\RouteCollection.php(1026): trigger_error('Passing lowercase HTTP method "get" is deprecated. Use uppercase HTTP method like "GET".', 16384)
 2 APPPATH\Config\Routes.php(77): CodeIgniter\Router\RouteCollection->match([...], 'logbook', 'C_Logbook::logbook')
 3 SYSTEMPATH\Router\RouteCollection.php(799): CodeIgniter\Router\RouteCollection::{closure:C:\Users\ASUS\Downloads\Projectmagang_dr\Projectmagang_dr\app\Config\Routes.php:59}(Object(CodeIgniter\Router\RouteCollection))
 4 APPPATH\Config\Routes.php(59): CodeIgniter\Router\RouteCollection->group('mahasiswa', [...], Object(Closure))
 5 SYSTEMPATH\Router\RouteCollection.php(339): require('C:\\Users\\ASUS\\Downloads\\Projectmagang_dr\\Projectmagang_dr\\app\\Config\\Routes.php')
 6 SYSTEMPATH\CodeIgniter.php(841): CodeIgniter\Router\RouteCollection->loadRoutes()
 7 SYSTEMPATH\CodeIgniter.php(464): CodeIgniter\CodeIgniter->tryToRouteIt(null)
 8 SYSTEMPATH\CodeIgniter.php(363): CodeIgniter\CodeIgniter->handleRequest(null, Object(Config\Cache), false)
 9 SYSTEMPATH\Boot.php(417): CodeIgniter\CodeIgniter->run()
10 SYSTEMPATH\Boot.php(68): CodeIgniter\Boot::runCodeIgniter(Object(CodeIgniter\CodeIgniter))
11 FCPATH\index.php(59): CodeIgniter\Boot::bootWeb(Object(Config\Paths))
12 SYSTEMPATH\rewrite.php(44): require_once('C:\\Users\\ASUS\\Downloads\\Projectmagang_dr\\Projectmagang_dr\\public\\index.php')
WARNING - 2026-08-24 07:28:03 --> [DEPRECATED] Passing lowercase HTTP method "post" is deprecated. Use uppercase HTTP method like "POST". in SYSTEMPATH\Router\RouteCollection.php on line 1026.
 1 SYSTEMPATH\Router\RouteCollection.php(1026): trigger_error('Passing lowercase HTTP method "post" is deprecated. Use uppercase HTTP method like "POST".', 16384)
 2 APPPATH\Config\Routes.php(77): CodeIgniter\Router\RouteCollection->match([...], 'logbook', 'C_Logbook::logbook')
 3 SYSTEMPATH\Router\RouteCollection.php(799): CodeIgniter\Router\RouteCollection::{closure:C:\Users\ASUS\Downloads\Projectmagang_dr\Projectmagang_dr\app\Config\Routes.php:59}(Object(CodeIgniter\Router\RouteCollection))
 4 APPPATH\Config\Routes.php(59): CodeIgniter\Router\RouteCollection->group('mahasiswa', [...], Object(Closure))
 5 SYSTEMPATH\Router\RouteCollection.php(339): require('C:\\Users\\ASUS\\Downloads\\Projectmagang_dr\\Projectmagang_dr\\app\\Config\\Routes.php')
 6 SYSTEMPATH\CodeIgniter.php(841): CodeIgniter\Router\RouteCollection->loadRoutes()
 7 SYSTEMPATH\CodeIgniter.php(464): CodeIgniter\CodeIgniter->tryToRouteIt(null)
 8 SYSTEMPATH\CodeIgniter.php(363): CodeIgniter\CodeIgniter->handleRequest(null, Object(Config\Cache), false)
 9 SYSTEMPATH\Boot.php(417): CodeIgniter\CodeIgniter->run()
10 SYSTEMPATH\Boot.php(68): CodeIgniter\Boot::runCodeIgniter(Object(CodeIgniter\CodeIgniter))
11 FCPATH\index.php(59): CodeIgniter\Boot::bootWeb(Object(Config\Paths))
12 SYSTEMPATH\rewrite.php(44): require_once('C:\\Users\\ASUS\\Downloads\\Projectmagang_dr\\Projectmagang_dr\\public\\index.php')
WARNING - 2026-08-24 07:28:03 --> [DEPRECATED] Passing lowercase HTTP method "get" is deprecated. Use uppercase HTTP method like "GET". in SYSTEMPATH\Router\RouteCollection.php on line 1026.
 1 SYSTEMPATH\Router\RouteCollection.php(1026): trigger_error('Passing lowercase HTTP method "get" is deprecated. Use uppercase HTTP method like "GET".', 16384)
 2 APPPATH\Config\Routes.php(95): CodeIgniter\Router\RouteCollection->match([...], 'verifikasi', '\\App\\Controllers\\Sekretariat\\C_Verifikasi::index')
 3 SYSTEMPATH\Router\RouteCollection.php(799): CodeIgniter\Router\RouteCollection::{closure:C:\Users\ASUS\Downloads\Projectmagang_dr\Projectmagang_dr\app\Config\Routes.php:89}(Object(CodeIgniter\Router\RouteCollection))
 4 APPPATH\Config\Routes.php(89): CodeIgniter\Router\RouteCollection->group('sekretariat', [...], Object(Closure))
 5 SYSTEMPATH\Router\RouteCollection.php(339): require('C:\\Users\\ASUS\\Downloads\\Projectmagang_dr\\Projectmagang_dr\\app\\Config\\Routes.php')
 6 SYSTEMPATH\CodeIgniter.php(841): CodeIgniter\Router\RouteCollection->loadRoutes()
 7 SYSTEMPATH\CodeIgniter.php(464): CodeIgniter\CodeIgniter->tryToRouteIt(null)
 8 SYSTEMPATH\CodeIgniter.php(363): CodeIgniter\CodeIgniter->handleRequest(null, Object(Config\Cache), false)
 9 SYSTEMPATH\Boot.php(417): CodeIgniter\CodeIgniter->run()
10 SYSTEMPATH\Boot.php(68): CodeIgniter\Boot::runCodeIgniter(Object(CodeIgniter\CodeIgniter))
11 FCPATH\index.php(59): CodeIgniter\Boot::bootWeb(Object(Config\Paths))
12 SYSTEMPATH\rewrite.php(44): require_once('C:\\Users\\ASUS\\Downloads\\Projectmagang_dr\\Projectmagang_dr\\public\\index.php')
WARNING - 2026-08-24 07:28:03 --> [DEPRECATED] Passing lowercase HTTP method "post" is deprecated. Use uppercase HTTP method like "POST". in SYSTEMPATH\Router\RouteCollection.php on line 1026.
 1 SYSTEMPATH\Router\RouteCollection.php(1026): trigger_error('Passing lowercase HTTP method "post" is deprecated. Use uppercase HTTP method like "POST".', 16384)
 2 APPPATH\Config\Routes.php(95): CodeIgniter\Router\RouteCollection->match([...], 'verifikasi', '\\App\\Controllers\\Sekretariat\\C_Verifikasi::index')
 3 SYSTEMPATH\Router\RouteCollection.php(799): CodeIgniter\Router\RouteCollection::{closure:C:\Users\ASUS\Downloads\Projectmagang_dr\Projectmagang_dr\app\Config\Routes.php:89}(Object(CodeIgniter\Router\RouteCollection))
 4 APPPATH\Config\Routes.php(89): CodeIgniter\Router\RouteCollection->group('sekretariat', [...], Object(Closure))
 5 SYSTEMPATH\Router\RouteCollection.php(339): require('C:\\Users\\ASUS\\Downloads\\Projectmagang_dr\\Projectmagang_dr\\app\\Config\\Routes.php')
 6 SYSTEMPATH\CodeIgniter.php(841): CodeIgniter\Router\RouteCollection->loadRoutes()
 7 SYSTEMPATH\CodeIgniter.php(464): CodeIgniter\CodeIgniter->tryToRouteIt(null)
 8 SYSTEMPATH\CodeIgniter.php(363): CodeIgniter\CodeIgniter->handleRequest(null, Object(Config\Cache), false)
 9 SYSTEMPATH\Boot.php(417): CodeIgniter\CodeIgniter->run()
10 SYSTEMPATH\Boot.php(68): CodeIgniter\Boot::runCodeIgniter(Object(CodeIgniter\CodeIgniter))
11 FCPATH\index.php(59): CodeIgniter\Boot::bootWeb(Object(Config\Paths))
12 SYSTEMPATH\rewrite.php(44): require_once('C:\\Users\\ASUS\\Downloads\\Projectmagang_dr\\Projectmagang_dr\\public\\index.php')
WARNING - 2026-08-24 07:28:03 --> [DEPRECATED] Passing lowercase HTTP method "get" is deprecated. Use uppercase HTTP method like "GET". in SYSTEMPATH\Router\RouteCollection.php on line 1026.
 1 SYSTEMPATH\Router\RouteCollection.php(1026): trigger_error('Passing lowercase HTTP method "get" is deprecated. Use uppercase HTTP method like "GET".', 16384)
 2 APPPATH\Config\Routes.php(144): CodeIgniter\Router\RouteCollection->match([...], 'upload-surat-penerimaan', '\\App\\Controllers\\Sekretariat\\C_UploadSuratPenerimaan::index')
 3 SYSTEMPATH\Router\RouteCollection.php(799): CodeIgniter\Router\RouteCollection::{closure:C:\Users\ASUS\Downloads\Projectmagang_dr\Projectmagang_dr\app\Config\Routes.php:89}(Object(CodeIgniter\Router\RouteCollection))
 4 APPPATH\Config\Routes.php(89): CodeIgniter\Router\RouteCollection->group('sekretariat', [...], Object(Closure))
 5 SYSTEMPATH\Router\RouteCollection.php(339): require('C:\\Users\\ASUS\\Downloads\\Projectmagang_dr\\Projectmagang_dr\\app\\Config\\Routes.php')
 6 SYSTEMPATH\CodeIgniter.php(841): CodeIgniter\Router\RouteCollection->loadRoutes()
 7 SYSTEMPATH\CodeIgniter.php(464): CodeIgniter\CodeIgniter->tryToRouteIt(null)
 8 SYSTEMPATH\CodeIgniter.php(363): CodeIgniter\CodeIgniter->handleRequest(null, Object(Config\Cache), false)
 9 SYSTEMPATH\Boot.php(417): CodeIgniter\CodeIgniter->run()
10 SYSTEMPATH\Boot.php(68): CodeIgniter\Boot::runCodeIgniter(Object(CodeIgniter\CodeIgniter))
11 FCPATH\index.php(59): CodeIgniter\Boot::bootWeb(Object(Config\Paths))
12 SYSTEMPATH\rewrite.php(44): require_once('C:\\Users\\ASUS\\Downloads\\Projectmagang_dr\\Projectmagang_dr\\public\\index.php')
WARNING - 2026-08-24 07:28:03 --> [DEPRECATED] Passing lowercase HTTP method "post" is deprecated. Use uppercase HTTP method like "POST". in SYSTEMPATH\Router\RouteCollection.php on line 1026.
 1 SYSTEMPATH\Router\RouteCollection.php(1026): trigger_error('Passing lowercase HTTP method "post" is deprecated. Use uppercase HTTP method like "POST".', 16384)
 2 APPPATH\Config\Routes.php(144): CodeIgniter\Router\RouteCollection->match([...], 'upload-surat-penerimaan', '\\App\\Controllers\\Sekretariat\\C_UploadSuratPenerimaan::index')
 3 SYSTEMPATH\Router\RouteCollection.php(799): CodeIgniter\Router\RouteCollection::{closure:C:\Users\ASUS\Downloads\Projectmagang_dr\Projectmagang_dr\app\Config\Routes.php:89}(Object(CodeIgniter\Router\RouteCollection))
 4 APPPATH\Config\Routes.php(89): CodeIgniter\Router\RouteCollection->group('sekretariat', [...], Object(Closure))
 5 SYSTEMPATH\Router\RouteCollection.php(339): require('C:\\Users\\ASUS\\Downloads\\Projectmagang_dr\\Projectmagang_dr\\app\\Config\\Routes.php')
 6 SYSTEMPATH\CodeIgniter.php(841): CodeIgniter\Router\RouteCollection->loadRoutes()
 7 SYSTEMPATH\CodeIgniter.php(464): CodeIgniter\CodeIgniter->tryToRouteIt(null)
 8 SYSTEMPATH\CodeIgniter.php(363): CodeIgniter\CodeIgniter->handleRequest(null, Object(Config\Cache), false)
 9 SYSTEMPATH\Boot.php(417): CodeIgniter\CodeIgniter->run()
10 SYSTEMPATH\Boot.php(68): CodeIgniter\Boot::runCodeIgniter(Object(CodeIgniter\CodeIgniter))
11 FCPATH\index.php(59): CodeIgniter\Boot::bootWeb(Object(Config\Paths))
12 SYSTEMPATH\rewrite.php(44): require_once('C:\\Users\\ASUS\\Downloads\\Projectmagang_dr\\Projectmagang_dr\\public\\index.php')
WARNING - 2026-08-24 07:28:03 --> [DEPRECATED] Passing lowercase HTTP method "get" is deprecated. Use uppercase HTTP method like "GET". in SYSTEMPATH\Router\RouteCollection.php on line 1026.
 1 SYSTEMPATH\Router\RouteCollection.php(1026): trigger_error('Passing lowercase HTTP method "get" is deprecated. Use uppercase HTTP method like "GET".', 16384)
 2 APPPATH\Config\Routes.php(167): CodeIgniter\Router\RouteCollection->match([...], 'logbook', '\\App\\Controllers\\Kabid\\C_LogbookKabid::index')
 3 SYSTEMPATH\Router\RouteCollection.php(799): CodeIgniter\Router\RouteCollection::{closure:C:\Users\ASUS\Downloads\Projectmagang_dr\Projectmagang_dr\app\Config\Routes.php:153}(Object(CodeIgniter\Router\RouteCollection))
 4 APPPATH\Config\Routes.php(153): CodeIgniter\Router\RouteCollection->group('kabid', [...], Object(Closure))
 5 SYSTEMPATH\Router\RouteCollection.php(339): require('C:\\Users\\ASUS\\Downloads\\Projectmagang_dr\\Projectmagang_dr\\app\\Config\\Routes.php')
 6 SYSTEMPATH\CodeIgniter.php(841): CodeIgniter\Router\RouteCollection->loadRoutes()
 7 SYSTEMPATH\CodeIgniter.php(464): CodeIgniter\CodeIgniter->tryToRouteIt(null)
 8 SYSTEMPATH\CodeIgniter.php(363): CodeIgniter\CodeIgniter->handleRequest(null, Object(Config\Cache), false)
 9 SYSTEMPATH\Boot.php(417): CodeIgniter\CodeIgniter->run()
10 SYSTEMPATH\Boot.php(68): CodeIgniter\Boot::runCodeIgniter(Object(CodeIgniter\CodeIgniter))
11 FCPATH\index.php(59): CodeIgniter\Boot::bootWeb(Object(Config\Paths))
12 SYSTEMPATH\rewrite.php(44): require_once('C:\\Users\\ASUS\\Downloads\\Projectmagang_dr\\Projectmagang_dr\\public\\index.php')
WARNING - 2026-08-24 07:28:03 --> [DEPRECATED] Passing lowercase HTTP method "post" is deprecated. Use uppercase HTTP method like "POST". in SYSTEMPATH\Router\RouteCollection.php on line 1026.
 1 SYSTEMPATH\Router\RouteCollection.php(1026): trigger_error('Passing lowercase HTTP method "post" is deprecated. Use uppercase HTTP method like "POST".', 16384)
 2 APPPATH\Config\Routes.php(167): CodeIgniter\Router\RouteCollection->match([...], 'logbook', '\\App\\Controllers\\Kabid\\C_LogbookKabid::index')
 3 SYSTEMPATH\Router\RouteCollection.php(799): CodeIgniter\Router\RouteCollection::{closure:C:\Users\ASUS\Downloads\Projectmagang_dr\Projectmagang_dr\app\Config\Routes.php:153}(Object(CodeIgniter\Router\RouteCollection))
 4 APPPATH\Config\Routes.php(153): CodeIgniter\Router\RouteCollection->group('kabid', [...], Object(Closure))
 5 SYSTEMPATH\Router\RouteCollection.php(339): require('C:\\Users\\ASUS\\Downloads\\Projectmagang_dr\\Projectmagang_dr\\app\\Config\\Routes.php')
 6 SYSTEMPATH\CodeIgniter.php(841): CodeIgniter\Router\RouteCollection->loadRoutes()
 7 SYSTEMPATH\CodeIgniter.php(464): CodeIgniter\CodeIgniter->tryToRouteIt(null)
 8 SYSTEMPATH\CodeIgniter.php(363): CodeIgniter\CodeIgniter->handleRequest(null, Object(Config\Cache), false)
 9 SYSTEMPATH\Boot.php(417): CodeIgniter\CodeIgniter->run()
10 SYSTEMPATH\Boot.php(68): CodeIgniter\Boot::runCodeIgniter(Object(CodeIgniter\CodeIgniter))
11 FCPATH\index.php(59): CodeIgniter\Boot::bootWeb(Object(Config\Paths))
12 SYSTEMPATH\rewrite.php(44): require_once('C:\\Users\\ASUS\\Downloads\\Projectmagang_dr\\Projectmagang_dr\\public\\index.php')
WARNING - 2026-08-24 07:28:03 --> [DEPRECATED] Passing lowercase HTTP method "get" is deprecated. Use uppercase HTTP method like "GET". in SYSTEMPATH\Router\RouteCollection.php on line 1026.
 1 SYSTEMPATH\Router\RouteCollection.php(1026): trigger_error('Passing lowercase HTTP method "get" is deprecated. Use uppercase HTTP method like "GET".', 16384)
 2 APPPATH\Config\Routes.php(179): CodeIgniter\Router\RouteCollection->match([...], 'upload-dokumen', '\\App\\Controllers\\Kabid\\C_UploadDokumen::index')
 3 SYSTEMPATH\Router\RouteCollection.php(799): CodeIgniter\Router\RouteCollection::{closure:C:\Users\ASUS\Downloads\Projectmagang_dr\Projectmagang_dr\app\Config\Routes.php:153}(Object(CodeIgniter\Router\RouteCollection))
 4 APPPATH\Config\Routes.php(153): CodeIgniter\Router\RouteCollection->group('kabid', [...], Object(Closure))
 5 SYSTEMPATH\Router\RouteCollection.php(339): require('C:\\Users\\ASUS\\Downloads\\Projectmagang_dr\\Projectmagang_dr\\app\\Config\\Routes.php')
 6 SYSTEMPATH\CodeIgniter.php(841): CodeIgniter\Router\RouteCollection->loadRoutes()
 7 SYSTEMPATH\CodeIgniter.php(464): CodeIgniter\CodeIgniter->tryToRouteIt(null)
 8 SYSTEMPATH\CodeIgniter.php(363): CodeIgniter\CodeIgniter->handleRequest(null, Object(Config\Cache), false)
 9 SYSTEMPATH\Boot.php(417): CodeIgniter\CodeIgniter->run()
10 SYSTEMPATH\Boot.php(68): CodeIgniter\Boot::runCodeIgniter(Object(CodeIgniter\CodeIgniter))
11 FCPATH\index.php(59): CodeIgniter\Boot::bootWeb(Object(Config\Paths))
12 SYSTEMPATH\rewrite.php(44): require_once('C:\\Users\\ASUS\\Downloads\\Projectmagang_dr\\Projectmagang_dr\\public\\index.php')
WARNING - 2026-08-24 07:28:03 --> [DEPRECATED] Passing lowercase HTTP method "post" is deprecated. Use uppercase HTTP method like "POST". in SYSTEMPATH\Router\RouteCollection.php on line 1026.
 1 SYSTEMPATH\Router\RouteCollection.php(1026): trigger_error('Passing lowercase HTTP method "post" is deprecated. Use uppercase HTTP method like "POST".', 16384)
 2 APPPATH\Config\Routes.php(179): CodeIgniter\Router\RouteCollection->match([...], 'upload-dokumen', '\\App\\Controllers\\Kabid\\C_UploadDokumen::index')
 3 SYSTEMPATH\Router\RouteCollection.php(799): CodeIgniter\Router\RouteCollection::{closure:C:\Users\ASUS\Downloads\Projectmagang_dr\Projectmagang_dr\app\Config\Routes.php:153}(Object(CodeIgniter\Router\RouteCollection))
 4 APPPATH\Config\Routes.php(153): CodeIgniter\Router\RouteCollection->group('kabid', [...], Object(Closure))
 5 SYSTEMPATH\Router\RouteCollection.php(339): require('C:\\Users\\ASUS\\Downloads\\Projectmagang_dr\\Projectmagang_dr\\app\\Config\\Routes.php')
 6 SYSTEMPATH\CodeIgniter.php(841): CodeIgniter\Router\RouteCollection->loadRoutes()
 7 SYSTEMPATH\CodeIgniter.php(464): CodeIgniter\CodeIgniter->tryToRouteIt(null)
 8 SYSTEMPATH\CodeIgniter.php(363): CodeIgniter\CodeIgniter->handleRequest(null, Object(Config\Cache), false)
 9 SYSTEMPATH\Boot.php(417): CodeIgniter\CodeIgniter->run()
10 SYSTEMPATH\Boot.php(68): CodeIgniter\Boot::runCodeIgniter(Object(CodeIgniter\CodeIgniter))
11 FCPATH\index.php(59): CodeIgniter\Boot::bootWeb(Object(Config\Paths))
12 SYSTEMPATH\rewrite.php(44): require_once('C:\\Users\\ASUS\\Downloads\\Projectmagang_dr\\Projectmagang_dr\\public\\index.php')
DEBUG - 2026-08-24 07:28:12 --> Session: Class initialized using 'CodeIgniter\Session\Handlers\FileHandler' driver.
WARNING - 2026-08-24 07:28:13 --> [DEPRECATED] Passing lowercase HTTP method "get" is deprecated. Use uppercase HTTP method like "GET". in SYSTEMPATH\Router\RouteCollection.php on line 1026.
 1 SYSTEMPATH\Router\RouteCollection.php(1026): trigger_error('Passing lowercase HTTP method "get" is deprecated. Use uppercase HTTP method like "GET".', 16384)
 2 APPPATH\Config\Routes.php(77): CodeIgniter\Router\RouteCollection->match([...], 'logbook', 'C_Logbook::logbook')
 3 SYSTEMPATH\Router\RouteCollection.php(799): CodeIgniter\Router\RouteCollection::{closure:C:\Users\ASUS\Downloads\Projectmagang_dr\Projectmagang_dr\app\Config\Routes.php:59}(Object(CodeIgniter\Router\RouteCollection))
 4 APPPATH\Config\Routes.php(59): CodeIgniter\Router\RouteCollection->group('mahasiswa', [...], Object(Closure))
 5 SYSTEMPATH\Router\RouteCollection.php(339): require('C:\\Users\\ASUS\\Downloads\\Projectmagang_dr\\Projectmagang_dr\\app\\Config\\Routes.php')
 6 SYSTEMPATH\CodeIgniter.php(841): CodeIgniter\Router\RouteCollection->loadRoutes()
 7 SYSTEMPATH\CodeIgniter.php(464): CodeIgniter\CodeIgniter->tryToRouteIt(null)
 8 SYSTEMPATH\CodeIgniter.php(363): CodeIgniter\CodeIgniter->handleRequest(null, Object(Config\Cache), false)
 9 SYSTEMPATH\Boot.php(417): CodeIgniter\CodeIgniter->run()
10 SYSTEMPATH\Boot.php(68): CodeIgniter\Boot::runCodeIgniter(Object(CodeIgniter\CodeIgniter))
11 FCPATH\index.php(59): CodeIgniter\Boot::bootWeb(Object(Config\Paths))
12 SYSTEMPATH\rewrite.php(44): require_once('C:\\Users\\ASUS\\Downloads\\Projectmagang_dr\\Projectmagang_dr\\public\\index.php')
WARNING - 2026-08-24 07:28:13 --> [DEPRECATED] Passing lowercase HTTP method "post" is deprecated. Use uppercase HTTP method like "POST". in SYSTEMPATH\Router\RouteCollection.php on line 1026.
 1 SYSTEMPATH\Router\RouteCollection.php(1026): trigger_error('Passing lowercase HTTP method "post" is deprecated. Use uppercase HTTP method like "POST".', 16384)
 2 APPPATH\Config\Routes.php(77): CodeIgniter\Router\RouteCollection->match([...], 'logbook', 'C_Logbook::logbook')
 3 SYSTEMPATH\Router\RouteCollection.php(799): CodeIgniter\Router\RouteCollection::{closure:C:\Users\ASUS\Downloads\Projectmagang_dr\Projectmagang_dr\app\Config\Routes.php:59}(Object(CodeIgniter\Router\RouteCollection))
 4 APPPATH\Config\Routes.php(59): CodeIgniter\Router\RouteCollection->group('mahasiswa', [...], Object(Closure))
 5 SYSTEMPATH\Router\RouteCollection.php(339): require('C:\\Users\\ASUS\\Downloads\\Projectmagang_dr\\Projectmagang_dr\\app\\Config\\Routes.php')
 6 SYSTEMPATH\CodeIgniter.php(841): CodeIgniter\Router\RouteCollection->loadRoutes()
 7 SYSTEMPATH\CodeIgniter.php(464): CodeIgniter\CodeIgniter->tryToRouteIt(null)
 8 SYSTEMPATH\CodeIgniter.php(363): CodeIgniter\CodeIgniter->handleRequest(null, Object(Config\Cache), false)
 9 SYSTEMPATH\Boot.php(417): CodeIgniter\CodeIgniter->run()
10 SYSTEMPATH\Boot.php(68): CodeIgniter\Boot::runCodeIgniter(Object(CodeIgniter\CodeIgniter))
11 FCPATH\index.php(59): CodeIgniter\Boot::bootWeb(Object(Config\Paths))
12 SYSTEMPATH\rewrite.php(44): require_once('C:\\Users\\ASUS\\Downloads\\Projectmagang_dr\\Projectmagang_dr\\public\\index.php')
WARNING - 2026-08-24 07:28:13 --> [DEPRECATED] Passing lowercase HTTP method "get" is deprecated. Use uppercase HTTP method like "GET". in SYSTEMPATH\Router\RouteCollection.php on line 1026.
 1 SYSTEMPATH\Router\RouteCollection.php(1026): trigger_error('Passing lowercase HTTP method "get" is deprecated. Use uppercase HTTP method like "GET".', 16384)
 2 APPPATH\Config\Routes.php(95): CodeIgniter\Router\RouteCollection->match([...], 'verifikasi', '\\App\\Controllers\\Sekretariat\\C_Verifikasi::index')
 3 SYSTEMPATH\Router\RouteCollection.php(799): CodeIgniter\Router\RouteCollection::{closure:C:\Users\ASUS\Downloads\Projectmagang_dr\Projectmagang_dr\app\Config\Routes.php:89}(Object(CodeIgniter\Router\RouteCollection))
 4 APPPATH\Config\Routes.php(89): CodeIgniter\Router\RouteCollection->group('sekretariat', [...], Object(Closure))
 5 SYSTEMPATH\Router\RouteCollection.php(339): require('C:\\Users\\ASUS\\Downloads\\Projectmagang_dr\\Projectmagang_dr\\app\\Config\\Routes.php')
 6 SYSTEMPATH\CodeIgniter.php(841): CodeIgniter\Router\RouteCollection->loadRoutes()
 7 SYSTEMPATH\CodeIgniter.php(464): CodeIgniter\CodeIgniter->tryToRouteIt(null)
 8 SYSTEMPATH\CodeIgniter.php(363): CodeIgniter\CodeIgniter->handleRequest(null, Object(Config\Cache), false)
 9 SYSTEMPATH\Boot.php(417): CodeIgniter\CodeIgniter->run()
10 SYSTEMPATH\Boot.php(68): CodeIgniter\Boot::runCodeIgniter(Object(CodeIgniter\CodeIgniter))
11 FCPATH\index.php(59): CodeIgniter\Boot::bootWeb(Object(Config\Paths))
12 SYSTEMPATH\rewrite.php(44): require_once('C:\\Users\\ASUS\\Downloads\\Projectmagang_dr\\Projectmagang_dr\\public\\index.php')
WARNING - 2026-08-24 07:28:13 --> [DEPRECATED] Passing lowercase HTTP method "post" is deprecated. Use uppercase HTTP method like "POST". in SYSTEMPATH\Router\RouteCollection.php on line 1026.
 1 SYSTEMPATH\Router\RouteCollection.php(1026): trigger_error('Passing lowercase HTTP method "post" is deprecated. Use uppercase HTTP method like "POST".', 16384)
 2 APPPATH\Config\Routes.php(95): CodeIgniter\Router\RouteCollection->match([...], 'verifikasi', '\\App\\Controllers\\Sekretariat\\C_Verifikasi::index')
 3 SYSTEMPATH\Router\RouteCollection.php(799): CodeIgniter\Router\RouteCollection::{closure:C:\Users\ASUS\Downloads\Projectmagang_dr\Projectmagang_dr\app\Config\Routes.php:89}(Object(CodeIgniter\Router\RouteCollection))
 4 APPPATH\Config\Routes.php(89): CodeIgniter\Router\RouteCollection->group('sekretariat', [...], Object(Closure))
 5 SYSTEMPATH\Router\RouteCollection.php(339): require('C:\\Users\\ASUS\\Downloads\\Projectmagang_dr\\Projectmagang_dr\\app\\Config\\Routes.php')
 6 SYSTEMPATH\CodeIgniter.php(841): CodeIgniter\Router\RouteCollection->loadRoutes()
 7 SYSTEMPATH\CodeIgniter.php(464): CodeIgniter\CodeIgniter->tryToRouteIt(null)
 8 SYSTEMPATH\CodeIgniter.php(363): CodeIgniter\CodeIgniter->handleRequest(null, Object(Config\Cache), false)
 9 SYSTEMPATH\Boot.php(417): CodeIgniter\CodeIgniter->run()
10 SYSTEMPATH\Boot.php(68): CodeIgniter\Boot::runCodeIgniter(Object(CodeIgniter\CodeIgniter))
11 FCPATH\index.php(59): CodeIgniter\Boot::bootWeb(Object(Config\Paths))
12 SYSTEMPATH\rewrite.php(44): require_once('C:\\Users\\ASUS\\Downloads\\Projectmagang_dr\\Projectmagang_dr\\public\\index.php')
WARNING - 2026-08-24 07:28:13 --> [DEPRECATED] Passing lowercase HTTP method "get" is deprecated. Use uppercase HTTP method like "GET". in SYSTEMPATH\Router\RouteCollection.php on line 1026.
 1 SYSTEMPATH\Router\RouteCollection.php(1026): trigger_error('Passing lowercase HTTP method "get" is deprecated. Use uppercase HTTP method like "GET".', 16384)
 2 APPPATH\Config\Routes.php(144): CodeIgniter\Router\RouteCollection->match([...], 'upload-surat-penerimaan', '\\App\\Controllers\\Sekretariat\\C_UploadSuratPenerimaan::index')
 3 SYSTEMPATH\Router\RouteCollection.php(799): CodeIgniter\Router\RouteCollection::{closure:C:\Users\ASUS\Downloads\Projectmagang_dr\Projectmagang_dr\app\Config\Routes.php:89}(Object(CodeIgniter\Router\RouteCollection))
 4 APPPATH\Config\Routes.php(89): CodeIgniter\Router\RouteCollection->group('sekretariat', [...], Object(Closure))
 5 SYSTEMPATH\Router\RouteCollection.php(339): require('C:\\Users\\ASUS\\Downloads\\Projectmagang_dr\\Projectmagang_dr\\app\\Config\\Routes.php')
 6 SYSTEMPATH\CodeIgniter.php(841): CodeIgniter\Router\RouteCollection->loadRoutes()
 7 SYSTEMPATH\CodeIgniter.php(464): CodeIgniter\CodeIgniter->tryToRouteIt(null)
 8 SYSTEMPATH\CodeIgniter.php(363): CodeIgniter\CodeIgniter->handleRequest(null, Object(Config\Cache), false)
 9 SYSTEMPATH\Boot.php(417): CodeIgniter\CodeIgniter->run()
10 SYSTEMPATH\Boot.php(68): CodeIgniter\Boot::runCodeIgniter(Object(CodeIgniter\CodeIgniter))
11 FCPATH\index.php(59): CodeIgniter\Boot::bootWeb(Object(Config\Paths))
12 SYSTEMPATH\rewrite.php(44): require_once('C:\\Users\\ASUS\\Downloads\\Projectmagang_dr\\Projectmagang_dr\\public\\index.php')
WARNING - 2026-08-24 07:28:13 --> [DEPRECATED] Passing lowercase HTTP method "post" is deprecated. Use uppercase HTTP method like "POST". in SYSTEMPATH\Router\RouteCollection.php on line 1026.
 1 SYSTEMPATH\Router\RouteCollection.php(1026): trigger_error('Passing lowercase HTTP method "post" is deprecated. Use uppercase HTTP method like "POST".', 16384)
 2 APPPATH\Config\Routes.php(144): CodeIgniter\Router\RouteCollection->match([...], 'upload-surat-penerimaan', '\\App\\Controllers\\Sekretariat\\C_UploadSuratPenerimaan::index')
 3 SYSTEMPATH\Router\RouteCollection.php(799): CodeIgniter\Router\RouteCollection::{closure:C:\Users\ASUS\Downloads\Projectmagang_dr\Projectmagang_dr\app\Config\Routes.php:89}(Object(CodeIgniter\Router\RouteCollection))
 4 APPPATH\Config\Routes.php(89): CodeIgniter\Router\RouteCollection->group('sekretariat', [...], Object(Closure))
 5 SYSTEMPATH\Router\RouteCollection.php(339): require('C:\\Users\\ASUS\\Downloads\\Projectmagang_dr\\Projectmagang_dr\\app\\Config\\Routes.php')
 6 SYSTEMPATH\CodeIgniter.php(841): CodeIgniter\Router\RouteCollection->loadRoutes()
 7 SYSTEMPATH\CodeIgniter.php(464): CodeIgniter\CodeIgniter->tryToRouteIt(null)
 8 SYSTEMPATH\CodeIgniter.php(363): CodeIgniter\CodeIgniter->handleRequest(null, Object(Config\Cache), false)
 9 SYSTEMPATH\Boot.php(417): CodeIgniter\CodeIgniter->run()
10 SYSTEMPATH\Boot.php(68): CodeIgniter\Boot::runCodeIgniter(Object(CodeIgniter\CodeIgniter))
11 FCPATH\index.php(59): CodeIgniter\Boot::bootWeb(Object(Config\Paths))
12 SYSTEMPATH\rewrite.php(44): require_once('C:\\Users\\ASUS\\Downloads\\Projectmagang_dr\\Projectmagang_dr\\public\\index.php')
WARNING - 2026-08-24 07:28:13 --> [DEPRECATED] Passing lowercase HTTP method "get" is deprecated. Use uppercase HTTP method like "GET". in SYSTEMPATH\Router\RouteCollection.php on line 1026.
 1 SYSTEMPATH\Router\RouteCollection.php(1026): trigger_error('Passing lowercase HTTP method "get" is deprecated. Use uppercase HTTP method like "GET".', 16384)
 2 APPPATH\Config\Routes.php(167): CodeIgniter\Router\RouteCollection->match([...], 'logbook', '\\App\\Controllers\\Kabid\\C_LogbookKabid::index')
 3 SYSTEMPATH\Router\RouteCollection.php(799): CodeIgniter\Router\RouteCollection::{closure:C:\Users\ASUS\Downloads\Projectmagang_dr\Projectmagang_dr\app\Config\Routes.php:153}(Object(CodeIgniter\Router\RouteCollection))
 4 APPPATH\Config\Routes.php(153): CodeIgniter\Router\RouteCollection->group('kabid', [...], Object(Closure))
 5 SYSTEMPATH\Router\RouteCollection.php(339): require('C:\\Users\\ASUS\\Downloads\\Projectmagang_dr\\Projectmagang_dr\\app\\Config\\Routes.php')
 6 SYSTEMPATH\CodeIgniter.php(841): CodeIgniter\Router\RouteCollection->loadRoutes()
 7 SYSTEMPATH\CodeIgniter.php(464): CodeIgniter\CodeIgniter->tryToRouteIt(null)
 8 SYSTEMPATH\CodeIgniter.php(363): CodeIgniter\CodeIgniter->handleRequest(null, Object(Config\Cache), false)
 9 SYSTEMPATH\Boot.php(417): CodeIgniter\CodeIgniter->run()
10 SYSTEMPATH\Boot.php(68): CodeIgniter\Boot::runCodeIgniter(Object(CodeIgniter\CodeIgniter))
11 FCPATH\index.php(59): CodeIgniter\Boot::bootWeb(Object(Config\Paths))
12 SYSTEMPATH\rewrite.php(44): require_once('C:\\Users\\ASUS\\Downloads\\Projectmagang_dr\\Projectmagang_dr\\public\\index.php')
WARNING - 2026-08-24 07:28:13 --> [DEPRECATED] Passing lowercase HTTP method "post" is deprecated. Use uppercase HTTP method like "POST". in SYSTEMPATH\Router\RouteCollection.php on line 1026.
 1 SYSTEMPATH\Router\RouteCollection.php(1026): trigger_error('Passing lowercase HTTP method "post" is deprecated. Use uppercase HTTP method like "POST".', 16384)
 2 APPPATH\Config\Routes.php(167): CodeIgniter\Router\RouteCollection->match([...], 'logbook', '\\App\\Controllers\\Kabid\\C_LogbookKabid::index')
 3 SYSTEMPATH\Router\RouteCollection.php(799): CodeIgniter\Router\RouteCollection::{closure:C:\Users\ASUS\Downloads\Projectmagang_dr\Projectmagang_dr\app\Config\Routes.php:153}(Object(CodeIgniter\Router\RouteCollection))
 4 APPPATH\Config\Routes.php(153): CodeIgniter\Router\RouteCollection->group('kabid', [...], Object(Closure))
 5 SYSTEMPATH\Router\RouteCollection.php(339): require('C:\\Users\\ASUS\\Downloads\\Projectmagang_dr\\Projectmagang_dr\\app\\Config\\Routes.php')
 6 SYSTEMPATH\CodeIgniter.php(841): CodeIgniter\Router\RouteCollection->loadRoutes()
 7 SYSTEMPATH\CodeIgniter.php(464): CodeIgniter\CodeIgniter->tryToRouteIt(null)
 8 SYSTEMPATH\CodeIgniter.php(363): CodeIgniter\CodeIgniter->handleRequest(null, Object(Config\Cache), false)
 9 SYSTEMPATH\Boot.php(417): CodeIgniter\CodeIgniter->run()
10 SYSTEMPATH\Boot.php(68): CodeIgniter\Boot::runCodeIgniter(Object(CodeIgniter\CodeIgniter))
11 FCPATH\index.php(59): CodeIgniter\Boot::bootWeb(Object(Config\Paths))
12 SYSTEMPATH\rewrite.php(44): require_once('C:\\Users\\ASUS\\Downloads\\Projectmagang_dr\\Projectmagang_dr\\public\\index.php')
WARNING - 2026-08-24 07:28:13 --> [DEPRECATED] Passing lowercase HTTP method "get" is deprecated. Use uppercase HTTP method like "GET". in SYSTEMPATH\Router\RouteCollection.php on line 1026.
 1 SYSTEMPATH\Router\RouteCollection.php(1026): trigger_error('Passing lowercase HTTP method "get" is deprecated. Use uppercase HTTP method like "GET".', 16384)
 2 APPPATH\Config\Routes.php(179): CodeIgniter\Router\RouteCollection->match([...], 'upload-dokumen', '\\App\\Controllers\\Kabid\\C_UploadDokumen::index')
 3 SYSTEMPATH\Router\RouteCollection.php(799): CodeIgniter\Router\RouteCollection::{closure:C:\Users\ASUS\Downloads\Projectmagang_dr\Projectmagang_dr\app\Config\Routes.php:153}(Object(CodeIgniter\Router\RouteCollection))
 4 APPPATH\Config\Routes.php(153): CodeIgniter\Router\RouteCollection->group('kabid', [...], Object(Closure))
 5 SYSTEMPATH\Router\RouteCollection.php(339): require('C:\\Users\\ASUS\\Downloads\\Projectmagang_dr\\Projectmagang_dr\\app\\Config\\Routes.php')
 6 SYSTEMPATH\CodeIgniter.php(841): CodeIgniter\Router\RouteCollection->loadRoutes()
 7 SYSTEMPATH\CodeIgniter.php(464): CodeIgniter\CodeIgniter->tryToRouteIt(null)
 8 SYSTEMPATH\CodeIgniter.php(363): CodeIgniter\CodeIgniter->handleRequest(null, Object(Config\Cache), false)
 9 SYSTEMPATH\Boot.php(417): CodeIgniter\CodeIgniter->run()
10 SYSTEMPATH\Boot.php(68): CodeIgniter\Boot::runCodeIgniter(Object(CodeIgniter\CodeIgniter))
11 FCPATH\index.php(59): CodeIgniter\Boot::bootWeb(Object(Config\Paths))
12 SYSTEMPATH\rewrite.php(44): require_once('C:\\Users\\ASUS\\Downloads\\Projectmagang_dr\\Projectmagang_dr\\public\\index.php')
WARNING - 2026-08-24 07:28:13 --> [DEPRECATED] Passing lowercase HTTP method "post" is deprecated. Use uppercase HTTP method like "POST". in SYSTEMPATH\Router\RouteCollection.php on line 1026.
 1 SYSTEMPATH\Router\RouteCollection.php(1026): trigger_error('Passing lowercase HTTP method "post" is deprecated. Use uppercase HTTP method like "POST".', 16384)
 2 APPPATH\Config\Routes.php(179): CodeIgniter\Router\RouteCollection->match([...], 'upload-dokumen', '\\App\\Controllers\\Kabid\\C_UploadDokumen::index')
 3 SYSTEMPATH\Router\RouteCollection.php(799): CodeIgniter\Router\RouteCollection::{closure:C:\Users\ASUS\Downloads\Projectmagang_dr\Projectmagang_dr\app\Config\Routes.php:153}(Object(CodeIgniter\Router\RouteCollection))
 4 APPPATH\Config\Routes.php(153): CodeIgniter\Router\RouteCollection->group('kabid', [...], Object(Closure))
 5 SYSTEMPATH\Router\RouteCollection.php(339): require('C:\\Users\\ASUS\\Downloads\\Projectmagang_dr\\Projectmagang_dr\\app\\Config\\Routes.php')
 6 SYSTEMPATH\CodeIgniter.php(841): CodeIgniter\Router\RouteCollection->loadRoutes()
 7 SYSTEMPATH\CodeIgniter.php(464): CodeIgniter\CodeIgniter->tryToRouteIt(null)
 8 SYSTEMPATH\CodeIgniter.php(363): CodeIgniter\CodeIgniter->handleRequest(null, Object(Config\Cache), false)
 9 SYSTEMPATH\Boot.php(417): CodeIgniter\CodeIgniter->run()
10 SYSTEMPATH\Boot.php(68): CodeIgniter\Boot::runCodeIgniter(Object(CodeIgniter\CodeIgniter))
11 FCPATH\index.php(59): CodeIgniter\Boot::bootWeb(Object(Config\Paths))
12 SYSTEMPATH\rewrite.php(44): require_once('C:\\Users\\ASUS\\Downloads\\Projectmagang_dr\\Projectmagang_dr\\public\\index.php')
DEBUG - 2026-08-24 07:28:14 --> Session: Class initialized using 'CodeIgniter\Session\Handlers\FileHandler' driver.
WARNING - 2026-08-24 07:28:14 --> [DEPRECATED] Passing lowercase HTTP method "get" is deprecated. Use uppercase HTTP method like "GET". in SYSTEMPATH\Router\RouteCollection.php on line 1026.
 1 SYSTEMPATH\Router\RouteCollection.php(1026): trigger_error('Passing lowercase HTTP method "get" is deprecated. Use uppercase HTTP method like "GET".', 16384)
 2 APPPATH\Config\Routes.php(77): CodeIgniter\Router\RouteCollection->match([...], 'logbook', 'C_Logbook::logbook')
 3 SYSTEMPATH\Router\RouteCollection.php(799): CodeIgniter\Router\RouteCollection::{closure:C:\Users\ASUS\Downloads\Projectmagang_dr\Projectmagang_dr\app\Config\Routes.php:59}(Object(CodeIgniter\Router\RouteCollection))
 4 APPPATH\Config\Routes.php(59): CodeIgniter\Router\RouteCollection->group('mahasiswa', [...], Object(Closure))
 5 SYSTEMPATH\Router\RouteCollection.php(339): require('C:\\Users\\ASUS\\Downloads\\Projectmagang_dr\\Projectmagang_dr\\app\\Config\\Routes.php')
 6 SYSTEMPATH\CodeIgniter.php(841): CodeIgniter\Router\RouteCollection->loadRoutes()
 7 SYSTEMPATH\CodeIgniter.php(464): CodeIgniter\CodeIgniter->tryToRouteIt(null)
 8 SYSTEMPATH\CodeIgniter.php(363): CodeIgniter\CodeIgniter->handleRequest(null, Object(Config\Cache), false)
 9 SYSTEMPATH\Boot.php(417): CodeIgniter\CodeIgniter->run()
10 SYSTEMPATH\Boot.php(68): CodeIgniter\Boot::runCodeIgniter(Object(CodeIgniter\CodeIgniter))
11 FCPATH\index.php(59): CodeIgniter\Boot::bootWeb(Object(Config\Paths))
12 SYSTEMPATH\rewrite.php(44): require_once('C:\\Users\\ASUS\\Downloads\\Projectmagang_dr\\Projectmagang_dr\\public\\index.php')
WARNING - 2026-08-24 07:28:14 --> [DEPRECATED] Passing lowercase HTTP method "post" is deprecated. Use uppercase HTTP method like "POST". in SYSTEMPATH\Router\RouteCollection.php on line 1026.
 1 SYSTEMPATH\Router\RouteCollection.php(1026): trigger_error('Passing lowercase HTTP method "post" is deprecated. Use uppercase HTTP method like "POST".', 16384)
 2 APPPATH\Config\Routes.php(77): CodeIgniter\Router\RouteCollection->match([...], 'logbook', 'C_Logbook::logbook')
 3 SYSTEMPATH\Router\RouteCollection.php(799): CodeIgniter\Router\RouteCollection::{closure:C:\Users\ASUS\Downloads\Projectmagang_dr\Projectmagang_dr\app\Config\Routes.php:59}(Object(CodeIgniter\Router\RouteCollection))
 4 APPPATH\Config\Routes.php(59): CodeIgniter\Router\RouteCollection->group('mahasiswa', [...], Object(Closure))
 5 SYSTEMPATH\Router\RouteCollection.php(339): require('C:\\Users\\ASUS\\Downloads\\Projectmagang_dr\\Projectmagang_dr\\app\\Config\\Routes.php')
 6 SYSTEMPATH\CodeIgniter.php(841): CodeIgniter\Router\RouteCollection->loadRoutes()
 7 SYSTEMPATH\CodeIgniter.php(464): CodeIgniter\CodeIgniter->tryToRouteIt(null)
 8 SYSTEMPATH\CodeIgniter.php(363): CodeIgniter\CodeIgniter->handleRequest(null, Object(Config\Cache), false)
 9 SYSTEMPATH\Boot.php(417): CodeIgniter\CodeIgniter->run()
10 SYSTEMPATH\Boot.php(68): CodeIgniter\Boot::runCodeIgniter(Object(CodeIgniter\CodeIgniter))
11 FCPATH\index.php(59): CodeIgniter\Boot::bootWeb(Object(Config\Paths))
12 SYSTEMPATH\rewrite.php(44): require_once('C:\\Users\\ASUS\\Downloads\\Projectmagang_dr\\Projectmagang_dr\\public\\index.php')
WARNING - 2026-08-24 07:28:14 --> [DEPRECATED] Passing lowercase HTTP method "get" is deprecated. Use uppercase HTTP method like "GET". in SYSTEMPATH\Router\RouteCollection.php on line 1026.
 1 SYSTEMPATH\Router\RouteCollection.php(1026): trigger_error('Passing lowercase HTTP method "get" is deprecated. Use uppercase HTTP method like "GET".', 16384)
 2 APPPATH\Config\Routes.php(95): CodeIgniter\Router\RouteCollection->match([...], 'verifikasi', '\\App\\Controllers\\Sekretariat\\C_Verifikasi::index')
 3 SYSTEMPATH\Router\RouteCollection.php(799): CodeIgniter\Router\RouteCollection::{closure:C:\Users\ASUS\Downloads\Projectmagang_dr\Projectmagang_dr\app\Config\Routes.php:89}(Object(CodeIgniter\Router\RouteCollection))
 4 APPPATH\Config\Routes.php(89): CodeIgniter\Router\RouteCollection->group('sekretariat', [...], Object(Closure))
 5 SYSTEMPATH\Router\RouteCollection.php(339): require('C:\\Users\\ASUS\\Downloads\\Projectmagang_dr\\Projectmagang_dr\\app\\Config\\Routes.php')
 6 SYSTEMPATH\CodeIgniter.php(841): CodeIgniter\Router\RouteCollection->loadRoutes()
 7 SYSTEMPATH\CodeIgniter.php(464): CodeIgniter\CodeIgniter->tryToRouteIt(null)
 8 SYSTEMPATH\CodeIgniter.php(363): CodeIgniter\CodeIgniter->handleRequest(null, Object(Config\Cache), false)
 9 SYSTEMPATH\Boot.php(417): CodeIgniter\CodeIgniter->run()
10 SYSTEMPATH\Boot.php(68): CodeIgniter\Boot::runCodeIgniter(Object(CodeIgniter\CodeIgniter))
11 FCPATH\index.php(59): CodeIgniter\Boot::bootWeb(Object(Config\Paths))
12 SYSTEMPATH\rewrite.php(44): require_once('C:\\Users\\ASUS\\Downloads\\Projectmagang_dr\\Projectmagang_dr\\public\\index.php')
WARNING - 2026-08-24 07:28:14 --> [DEPRECATED] Passing lowercase HTTP method "post" is deprecated. Use uppercase HTTP method like "POST". in SYSTEMPATH\Router\RouteCollection.php on line 1026.
 1 SYSTEMPATH\Router\RouteCollection.php(1026): trigger_error('Passing lowercase HTTP method "post" is deprecated. Use uppercase HTTP method like "POST".', 16384)
 2 APPPATH\Config\Routes.php(95): CodeIgniter\Router\RouteCollection->match([...], 'verifikasi', '\\App\\Controllers\\Sekretariat\\C_Verifikasi::index')
 3 SYSTEMPATH\Router\RouteCollection.php(799): CodeIgniter\Router\RouteCollection::{closure:C:\Users\ASUS\Downloads\Projectmagang_dr\Projectmagang_dr\app\Config\Routes.php:89}(Object(CodeIgniter\Router\RouteCollection))
 4 APPPATH\Config\Routes.php(89): CodeIgniter\Router\RouteCollection->group('sekretariat', [...], Object(Closure))
 5 SYSTEMPATH\Router\RouteCollection.php(339): require('C:\\Users\\ASUS\\Downloads\\Projectmagang_dr\\Projectmagang_dr\\app\\Config\\Routes.php')
 6 SYSTEMPATH\CodeIgniter.php(841): CodeIgniter\Router\RouteCollection->loadRoutes()
 7 SYSTEMPATH\CodeIgniter.php(464): CodeIgniter\CodeIgniter->tryToRouteIt(null)
 8 SYSTEMPATH\CodeIgniter.php(363): CodeIgniter\CodeIgniter->handleRequest(null, Object(Config\Cache), false)
 9 SYSTEMPATH\Boot.php(417): CodeIgniter\CodeIgniter->run()
10 SYSTEMPATH\Boot.php(68): CodeIgniter\Boot::runCodeIgniter(Object(CodeIgniter\CodeIgniter))
11 FCPATH\index.php(59): CodeIgniter\Boot::bootWeb(Object(Config\Paths))
12 SYSTEMPATH\rewrite.php(44): require_once('C:\\Users\\ASUS\\Downloads\\Projectmagang_dr\\Projectmagang_dr\\public\\index.php')
WARNING - 2026-08-24 07:28:14 --> [DEPRECATED] Passing lowercase HTTP method "get" is deprecated. Use uppercase HTTP method like "GET". in SYSTEMPATH\Router\RouteCollection.php on line 1026.
 1 SYSTEMPATH\Router\RouteCollection.php(1026): trigger_error('Passing lowercase HTTP method "get" is deprecated. Use uppercase HTTP method like "GET".', 16384)
 2 APPPATH\Config\Routes.php(144): CodeIgniter\Router\RouteCollection->match([...], 'upload-surat-penerimaan', '\\App\\Controllers\\Sekretariat\\C_UploadSuratPenerimaan::index')
 3 SYSTEMPATH\Router\RouteCollection.php(799): CodeIgniter\Router\RouteCollection::{closure:C:\Users\ASUS\Downloads\Projectmagang_dr\Projectmagang_dr\app\Config\Routes.php:89}(Object(CodeIgniter\Router\RouteCollection))
 4 APPPATH\Config\Routes.php(89): CodeIgniter\Router\RouteCollection->group('sekretariat', [...], Object(Closure))
 5 SYSTEMPATH\Router\RouteCollection.php(339): require('C:\\Users\\ASUS\\Downloads\\Projectmagang_dr\\Projectmagang_dr\\app\\Config\\Routes.php')
 6 SYSTEMPATH\CodeIgniter.php(841): CodeIgniter\Router\RouteCollection->loadRoutes()
 7 SYSTEMPATH\CodeIgniter.php(464): CodeIgniter\CodeIgniter->tryToRouteIt(null)
 8 SYSTEMPATH\CodeIgniter.php(363): CodeIgniter\CodeIgniter->handleRequest(null, Object(Config\Cache), false)
 9 SYSTEMPATH\Boot.php(417): CodeIgniter\CodeIgniter->run()
10 SYSTEMPATH\Boot.php(68): CodeIgniter\Boot::runCodeIgniter(Object(CodeIgniter\CodeIgniter))
11 FCPATH\index.php(59): CodeIgniter\Boot::bootWeb(Object(Config\Paths))
12 SYSTEMPATH\rewrite.php(44): require_once('C:\\Users\\ASUS\\Downloads\\Projectmagang_dr\\Projectmagang_dr\\public\\index.php')
WARNING - 2026-08-24 07:28:14 --> [DEPRECATED] Passing lowercase HTTP method "post" is deprecated. Use uppercase HTTP method like "POST". in SYSTEMPATH\Router\RouteCollection.php on line 1026.
 1 SYSTEMPATH\Router\RouteCollection.php(1026): trigger_error('Passing lowercase HTTP method "post" is deprecated. Use uppercase HTTP method like "POST".', 16384)
 2 APPPATH\Config\Routes.php(144): CodeIgniter\Router\RouteCollection->match([...], 'upload-surat-penerimaan', '\\App\\Controllers\\Sekretariat\\C_UploadSuratPenerimaan::index')
 3 SYSTEMPATH\Router\RouteCollection.php(799): CodeIgniter\Router\RouteCollection::{closure:C:\Users\ASUS\Downloads\Projectmagang_dr\Projectmagang_dr\app\Config\Routes.php:89}(Object(CodeIgniter\Router\RouteCollection))
 4 APPPATH\Config\Routes.php(89): CodeIgniter\Router\RouteCollection->group('sekretariat', [...], Object(Closure))
 5 SYSTEMPATH\Router\RouteCollection.php(339): require('C:\\Users\\ASUS\\Downloads\\Projectmagang_dr\\Projectmagang_dr\\app\\Config\\Routes.php')
 6 SYSTEMPATH\CodeIgniter.php(841): CodeIgniter\Router\RouteCollection->loadRoutes()
 7 SYSTEMPATH\CodeIgniter.php(464): CodeIgniter\CodeIgniter->tryToRouteIt(null)
 8 SYSTEMPATH\CodeIgniter.php(363): CodeIgniter\CodeIgniter->handleRequest(null, Object(Config\Cache), false)
 9 SYSTEMPATH\Boot.php(417): CodeIgniter\CodeIgniter->run()
10 SYSTEMPATH\Boot.php(68): CodeIgniter\Boot::runCodeIgniter(Object(CodeIgniter\CodeIgniter))
11 FCPATH\index.php(59): CodeIgniter\Boot::bootWeb(Object(Config\Paths))
12 SYSTEMPATH\rewrite.php(44): require_once('C:\\Users\\ASUS\\Downloads\\Projectmagang_dr\\Projectmagang_dr\\public\\index.php')
WARNING - 2026-08-24 07:28:14 --> [DEPRECATED] Passing lowercase HTTP method "get" is deprecated. Use uppercase HTTP method like "GET". in SYSTEMPATH\Router\RouteCollection.php on line 1026.
 1 SYSTEMPATH\Router\RouteCollection.php(1026): trigger_error('Passing lowercase HTTP method "get" is deprecated. Use uppercase HTTP method like "GET".', 16384)
 2 APPPATH\Config\Routes.php(167): CodeIgniter\Router\RouteCollection->match([...], 'logbook', '\\App\\Controllers\\Kabid\\C_LogbookKabid::index')
 3 SYSTEMPATH\Router\RouteCollection.php(799): CodeIgniter\Router\RouteCollection::{closure:C:\Users\ASUS\Downloads\Projectmagang_dr\Projectmagang_dr\app\Config\Routes.php:153}(Object(CodeIgniter\Router\RouteCollection))
 4 APPPATH\Config\Routes.php(153): CodeIgniter\Router\RouteCollection->group('kabid', [...], Object(Closure))
 5 SYSTEMPATH\Router\RouteCollection.php(339): require('C:\\Users\\ASUS\\Downloads\\Projectmagang_dr\\Projectmagang_dr\\app\\Config\\Routes.php')
 6 SYSTEMPATH\CodeIgniter.php(841): CodeIgniter\Router\RouteCollection->loadRoutes()
 7 SYSTEMPATH\CodeIgniter.php(464): CodeIgniter\CodeIgniter->tryToRouteIt(null)
 8 SYSTEMPATH\CodeIgniter.php(363): CodeIgniter\CodeIgniter->handleRequest(null, Object(Config\Cache), false)
 9 SYSTEMPATH\Boot.php(417): CodeIgniter\CodeIgniter->run()
10 SYSTEMPATH\Boot.php(68): CodeIgniter\Boot::runCodeIgniter(Object(CodeIgniter\CodeIgniter))
11 FCPATH\index.php(59): CodeIgniter\Boot::bootWeb(Object(Config\Paths))
12 SYSTEMPATH\rewrite.php(44): require_once('C:\\Users\\ASUS\\Downloads\\Projectmagang_dr\\Projectmagang_dr\\public\\index.php')
WARNING - 2026-08-24 07:28:14 --> [DEPRECATED] Passing lowercase HTTP method "post" is deprecated. Use uppercase HTTP method like "POST". in SYSTEMPATH\Router\RouteCollection.php on line 1026.
 1 SYSTEMPATH\Router\RouteCollection.php(1026): trigger_error('Passing lowercase HTTP method "post" is deprecated. Use uppercase HTTP method like "POST".', 16384)
 2 APPPATH\Config\Routes.php(167): CodeIgniter\Router\RouteCollection->match([...], 'logbook', '\\App\\Controllers\\Kabid\\C_LogbookKabid::index')
 3 SYSTEMPATH\Router\RouteCollection.php(799): CodeIgniter\Router\RouteCollection::{closure:C:\Users\ASUS\Downloads\Projectmagang_dr\Projectmagang_dr\app\Config\Routes.php:153}(Object(CodeIgniter\Router\RouteCollection))
 4 APPPATH\Config\Routes.php(153): CodeIgniter\Router\RouteCollection->group('kabid', [...], Object(Closure))
 5 SYSTEMPATH\Router\RouteCollection.php(339): require('C:\\Users\\ASUS\\Downloads\\Projectmagang_dr\\Projectmagang_dr\\app\\Config\\Routes.php')
 6 SYSTEMPATH\CodeIgniter.php(841): CodeIgniter\Router\RouteCollection->loadRoutes()
 7 SYSTEMPATH\CodeIgniter.php(464): CodeIgniter\CodeIgniter->tryToRouteIt(null)
 8 SYSTEMPATH\CodeIgniter.php(363): CodeIgniter\CodeIgniter->handleRequest(null, Object(Config\Cache), false)
 9 SYSTEMPATH\Boot.php(417): CodeIgniter\CodeIgniter->run()
10 SYSTEMPATH\Boot.php(68): CodeIgniter\Boot::runCodeIgniter(Object(CodeIgniter\CodeIgniter))
11 FCPATH\index.php(59): CodeIgniter\Boot::bootWeb(Object(Config\Paths))
12 SYSTEMPATH\rewrite.php(44): require_once('C:\\Users\\ASUS\\Downloads\\Projectmagang_dr\\Projectmagang_dr\\public\\index.php')
WARNING - 2026-08-24 07:28:14 --> [DEPRECATED] Passing lowercase HTTP method "get" is deprecated. Use uppercase HTTP method like "GET". in SYSTEMPATH\Router\RouteCollection.php on line 1026.
 1 SYSTEMPATH\Router\RouteCollection.php(1026): trigger_error('Passing lowercase HTTP method "get" is deprecated. Use uppercase HTTP method like "GET".', 16384)
 2 APPPATH\Config\Routes.php(179): CodeIgniter\Router\RouteCollection->match([...], 'upload-dokumen', '\\App\\Controllers\\Kabid\\C_UploadDokumen::index')
 3 SYSTEMPATH\Router\RouteCollection.php(799): CodeIgniter\Router\RouteCollection::{closure:C:\Users\ASUS\Downloads\Projectmagang_dr\Projectmagang_dr\app\Config\Routes.php:153}(Object(CodeIgniter\Router\RouteCollection))
 4 APPPATH\Config\Routes.php(153): CodeIgniter\Router\RouteCollection->group('kabid', [...], Object(Closure))
 5 SYSTEMPATH\Router\RouteCollection.php(339): require('C:\\Users\\ASUS\\Downloads\\Projectmagang_dr\\Projectmagang_dr\\app\\Config\\Routes.php')
 6 SYSTEMPATH\CodeIgniter.php(841): CodeIgniter\Router\RouteCollection->loadRoutes()
 7 SYSTEMPATH\CodeIgniter.php(464): CodeIgniter\CodeIgniter->tryToRouteIt(null)
 8 SYSTEMPATH\CodeIgniter.php(363): CodeIgniter\CodeIgniter->handleRequest(null, Object(Config\Cache), false)
 9 SYSTEMPATH\Boot.php(417): CodeIgniter\CodeIgniter->run()
10 SYSTEMPATH\Boot.php(68): CodeIgniter\Boot::runCodeIgniter(Object(CodeIgniter\CodeIgniter))
11 FCPATH\index.php(59): CodeIgniter\Boot::bootWeb(Object(Config\Paths))
12 SYSTEMPATH\rewrite.php(44): require_once('C:\\Users\\ASUS\\Downloads\\Projectmagang_dr\\Projectmagang_dr\\public\\index.php')
WARNING - 2026-08-24 07:28:14 --> [DEPRECATED] Passing lowercase HTTP method "post" is deprecated. Use uppercase HTTP method like "POST". in SYSTEMPATH\Router\RouteCollection.php on line 1026.
 1 SYSTEMPATH\Router\RouteCollection.php(1026): trigger_error('Passing lowercase HTTP method "post" is deprecated. Use uppercase HTTP method like "POST".', 16384)
 2 APPPATH\Config\Routes.php(179): CodeIgniter\Router\RouteCollection->match([...], 'upload-dokumen', '\\App\\Controllers\\Kabid\\C_UploadDokumen::index')
 3 SYSTEMPATH\Router\RouteCollection.php(799): CodeIgniter\Router\RouteCollection::{closure:C:\Users\ASUS\Downloads\Projectmagang_dr\Projectmagang_dr\app\Config\Routes.php:153}(Object(CodeIgniter\Router\RouteCollection))
 4 APPPATH\Config\Routes.php(153): CodeIgniter\Router\RouteCollection->group('kabid', [...], Object(Closure))
 5 SYSTEMPATH\Router\RouteCollection.php(339): require('C:\\Users\\ASUS\\Downloads\\Projectmagang_dr\\Projectmagang_dr\\app\\Config\\Routes.php')
 6 SYSTEMPATH\CodeIgniter.php(841): CodeIgniter\Router\RouteCollection->loadRoutes()
 7 SYSTEMPATH\CodeIgniter.php(464): CodeIgniter\CodeIgniter->tryToRouteIt(null)
 8 SYSTEMPATH\CodeIgniter.php(363): CodeIgniter\CodeIgniter->handleRequest(null, Object(Config\Cache), false)
 9 SYSTEMPATH\Boot.php(417): CodeIgniter\CodeIgniter->run()
10 SYSTEMPATH\Boot.php(68): CodeIgniter\Boot::runCodeIgniter(Object(CodeIgniter\CodeIgniter))
11 FCPATH\index.php(59): CodeIgniter\Boot::bootWeb(Object(Config\Paths))
12 SYSTEMPATH\rewrite.php(44): require_once('C:\\Users\\ASUS\\Downloads\\Projectmagang_dr\\Projectmagang_dr\\public\\index.php')
DEBUG - 2026-08-24 07:28:14 --> Session: Class initialized using 'CodeIgniter\Session\Handlers\FileHandler' driver.
WARNING - 2026-08-24 07:28:18 --> [DEPRECATED] Passing lowercase HTTP method "get" is deprecated. Use uppercase HTTP method like "GET". in SYSTEMPATH\Router\RouteCollection.php on line 1026.
 1 SYSTEMPATH\Router\RouteCollection.php(1026): trigger_error('Passing lowercase HTTP method "get" is deprecated. Use uppercase HTTP method like "GET".', 16384)
 2 APPPATH\Config\Routes.php(77): CodeIgniter\Router\RouteCollection->match([...], 'logbook', 'C_Logbook::logbook')
 3 SYSTEMPATH\Router\RouteCollection.php(799): CodeIgniter\Router\RouteCollection::{closure:C:\Users\ASUS\Downloads\Projectmagang_dr\Projectmagang_dr\app\Config\Routes.php:59}(Object(CodeIgniter\Router\RouteCollection))
 4 APPPATH\Config\Routes.php(59): CodeIgniter\Router\RouteCollection->group('mahasiswa', [...], Object(Closure))
 5 SYSTEMPATH\Router\RouteCollection.php(339): require('C:\\Users\\ASUS\\Downloads\\Projectmagang_dr\\Projectmagang_dr\\app\\Config\\Routes.php')
 6 SYSTEMPATH\CodeIgniter.php(841): CodeIgniter\Router\RouteCollection->loadRoutes()
 7 SYSTEMPATH\CodeIgniter.php(464): CodeIgniter\CodeIgniter->tryToRouteIt(null)
 8 SYSTEMPATH\CodeIgniter.php(363): CodeIgniter\CodeIgniter->handleRequest(null, Object(Config\Cache), false)
 9 SYSTEMPATH\Boot.php(417): CodeIgniter\CodeIgniter->run()
10 SYSTEMPATH\Boot.php(68): CodeIgniter\Boot::runCodeIgniter(Object(CodeIgniter\CodeIgniter))
11 FCPATH\index.php(59): CodeIgniter\Boot::bootWeb(Object(Config\Paths))
12 SYSTEMPATH\rewrite.php(44): require_once('C:\\Users\\ASUS\\Downloads\\Projectmagang_dr\\Projectmagang_dr\\public\\index.php')
WARNING - 2026-08-24 07:28:18 --> [DEPRECATED] Passing lowercase HTTP method "post" is deprecated. Use uppercase HTTP method like "POST". in SYSTEMPATH\Router\RouteCollection.php on line 1026.
 1 SYSTEMPATH\Router\RouteCollection.php(1026): trigger_error('Passing lowercase HTTP method "post" is deprecated. Use uppercase HTTP method like "POST".', 16384)
 2 APPPATH\Config\Routes.php(77): CodeIgniter\Router\RouteCollection->match([...], 'logbook', 'C_Logbook::logbook')
 3 SYSTEMPATH\Router\RouteCollection.php(799): CodeIgniter\Router\RouteCollection::{closure:C:\Users\ASUS\Downloads\Projectmagang_dr\Projectmagang_dr\app\Config\Routes.php:59}(Object(CodeIgniter\Router\RouteCollection))
 4 APPPATH\Config\Routes.php(59): CodeIgniter\Router\RouteCollection->group('mahasiswa', [...], Object(Closure))
 5 SYSTEMPATH\Router\RouteCollection.php(339): require('C:\\Users\\ASUS\\Downloads\\Projectmagang_dr\\Projectmagang_dr\\app\\Config\\Routes.php')
 6 SYSTEMPATH\CodeIgniter.php(841): CodeIgniter\Router\RouteCollection->loadRoutes()
 7 SYSTEMPATH\CodeIgniter.php(464): CodeIgniter\CodeIgniter->tryToRouteIt(null)
 8 SYSTEMPATH\CodeIgniter.php(363): CodeIgniter\CodeIgniter->handleRequest(null, Object(Config\Cache), false)
 9 SYSTEMPATH\Boot.php(417): CodeIgniter\CodeIgniter->run()
10 SYSTEMPATH\Boot.php(68): CodeIgniter\Boot::runCodeIgniter(Object(CodeIgniter\CodeIgniter))
11 FCPATH\index.php(59): CodeIgniter\Boot::bootWeb(Object(Config\Paths))
12 SYSTEMPATH\rewrite.php(44): require_once('C:\\Users\\ASUS\\Downloads\\Projectmagang_dr\\Projectmagang_dr\\public\\index.php')
WARNING - 2026-08-24 07:28:18 --> [DEPRECATED] Passing lowercase HTTP method "get" is deprecated. Use uppercase HTTP method like "GET". in SYSTEMPATH\Router\RouteCollection.php on line 1026.
 1 SYSTEMPATH\Router\RouteCollection.php(1026): trigger_error('Passing lowercase HTTP method "get" is deprecated. Use uppercase HTTP method like "GET".', 16384)
 2 APPPATH\Config\Routes.php(95): CodeIgniter\Router\RouteCollection->match([...], 'verifikasi', '\\App\\Controllers\\Sekretariat\\C_Verifikasi::index')
 3 SYSTEMPATH\Router\RouteCollection.php(799): CodeIgniter\Router\RouteCollection::{closure:C:\Users\ASUS\Downloads\Projectmagang_dr\Projectmagang_dr\app\Config\Routes.php:89}(Object(CodeIgniter\Router\RouteCollection))
 4 APPPATH\Config\Routes.php(89): CodeIgniter\Router\RouteCollection->group('sekretariat', [...], Object(Closure))
 5 SYSTEMPATH\Router\RouteCollection.php(339): require('C:\\Users\\ASUS\\Downloads\\Projectmagang_dr\\Projectmagang_dr\\app\\Config\\Routes.php')
 6 SYSTEMPATH\CodeIgniter.php(841): CodeIgniter\Router\RouteCollection->loadRoutes()
 7 SYSTEMPATH\CodeIgniter.php(464): CodeIgniter\CodeIgniter->tryToRouteIt(null)
 8 SYSTEMPATH\CodeIgniter.php(363): CodeIgniter\CodeIgniter->handleRequest(null, Object(Config\Cache), false)
 9 SYSTEMPATH\Boot.php(417): CodeIgniter\CodeIgniter->run()
10 SYSTEMPATH\Boot.php(68): CodeIgniter\Boot::runCodeIgniter(Object(CodeIgniter\CodeIgniter))
11 FCPATH\index.php(59): CodeIgniter\Boot::bootWeb(Object(Config\Paths))
12 SYSTEMPATH\rewrite.php(44): require_once('C:\\Users\\ASUS\\Downloads\\Projectmagang_dr\\Projectmagang_dr\\public\\index.php')
WARNING - 2026-08-24 07:28:18 --> [DEPRECATED] Passing lowercase HTTP method "post" is deprecated. Use uppercase HTTP method like "POST". in SYSTEMPATH\Router\RouteCollection.php on line 1026.
 1 SYSTEMPATH\Router\RouteCollection.php(1026): trigger_error('Passing lowercase HTTP method "post" is deprecated. Use uppercase HTTP method like "POST".', 16384)
 2 APPPATH\Config\Routes.php(95): CodeIgniter\Router\RouteCollection->match([...], 'verifikasi', '\\App\\Controllers\\Sekretariat\\C_Verifikasi::index')
 3 SYSTEMPATH\Router\RouteCollection.php(799): CodeIgniter\Router\RouteCollection::{closure:C:\Users\ASUS\Downloads\Projectmagang_dr\Projectmagang_dr\app\Config\Routes.php:89}(Object(CodeIgniter\Router\RouteCollection))
 4 APPPATH\Config\Routes.php(89): CodeIgniter\Router\RouteCollection->group('sekretariat', [...], Object(Closure))
 5 SYSTEMPATH\Router\RouteCollection.php(339): require('C:\\Users\\ASUS\\Downloads\\Projectmagang_dr\\Projectmagang_dr\\app\\Config\\Routes.php')
 6 SYSTEMPATH\CodeIgniter.php(841): CodeIgniter\Router\RouteCollection->loadRoutes()
 7 SYSTEMPATH\CodeIgniter.php(464): CodeIgniter\CodeIgniter->tryToRouteIt(null)
 8 SYSTEMPATH\CodeIgniter.php(363): CodeIgniter\CodeIgniter->handleRequest(null, Object(Config\Cache), false)
 9 SYSTEMPATH\Boot.php(417): CodeIgniter\CodeIgniter->run()
10 SYSTEMPATH\Boot.php(68): CodeIgniter\Boot::runCodeIgniter(Object(CodeIgniter\CodeIgniter))
11 FCPATH\index.php(59): CodeIgniter\Boot::bootWeb(Object(Config\Paths))
12 SYSTEMPATH\rewrite.php(44): require_once('C:\\Users\\ASUS\\Downloads\\Projectmagang_dr\\Projectmagang_dr\\public\\index.php')
WARNING - 2026-08-24 07:28:18 --> [DEPRECATED] Passing lowercase HTTP method "get" is deprecated. Use uppercase HTTP method like "GET". in SYSTEMPATH\Router\RouteCollection.php on line 1026.
 1 SYSTEMPATH\Router\RouteCollection.php(1026): trigger_error('Passing lowercase HTTP method "get" is deprecated. Use uppercase HTTP method like "GET".', 16384)
 2 APPPATH\Config\Routes.php(144): CodeIgniter\Router\RouteCollection->match([...], 'upload-surat-penerimaan', '\\App\\Controllers\\Sekretariat\\C_UploadSuratPenerimaan::index')
 3 SYSTEMPATH\Router\RouteCollection.php(799): CodeIgniter\Router\RouteCollection::{closure:C:\Users\ASUS\Downloads\Projectmagang_dr\Projectmagang_dr\app\Config\Routes.php:89}(Object(CodeIgniter\Router\RouteCollection))
 4 APPPATH\Config\Routes.php(89): CodeIgniter\Router\RouteCollection->group('sekretariat', [...], Object(Closure))
 5 SYSTEMPATH\Router\RouteCollection.php(339): require('C:\\Users\\ASUS\\Downloads\\Projectmagang_dr\\Projectmagang_dr\\app\\Config\\Routes.php')
 6 SYSTEMPATH\CodeIgniter.php(841): CodeIgniter\Router\RouteCollection->loadRoutes()
 7 SYSTEMPATH\CodeIgniter.php(464): CodeIgniter\CodeIgniter->tryToRouteIt(null)
 8 SYSTEMPATH\CodeIgniter.php(363): CodeIgniter\CodeIgniter->handleRequest(null, Object(Config\Cache), false)
 9 SYSTEMPATH\Boot.php(417): CodeIgniter\CodeIgniter->run()
10 SYSTEMPATH\Boot.php(68): CodeIgniter\Boot::runCodeIgniter(Object(CodeIgniter\CodeIgniter))
11 FCPATH\index.php(59): CodeIgniter\Boot::bootWeb(Object(Config\Paths))
12 SYSTEMPATH\rewrite.php(44): require_once('C:\\Users\\ASUS\\Downloads\\Projectmagang_dr\\Projectmagang_dr\\public\\index.php')
WARNING - 2026-08-24 07:28:18 --> [DEPRECATED] Passing lowercase HTTP method "post" is deprecated. Use uppercase HTTP method like "POST". in SYSTEMPATH\Router\RouteCollection.php on line 1026.
 1 SYSTEMPATH\Router\RouteCollection.php(1026): trigger_error('Passing lowercase HTTP method "post" is deprecated. Use uppercase HTTP method like "POST".', 16384)
 2 APPPATH\Config\Routes.php(144): CodeIgniter\Router\RouteCollection->match([...], 'upload-surat-penerimaan', '\\App\\Controllers\\Sekretariat\\C_UploadSuratPenerimaan::index')
 3 SYSTEMPATH\Router\RouteCollection.php(799): CodeIgniter\Router\RouteCollection::{closure:C:\Users\ASUS\Downloads\Projectmagang_dr\Projectmagang_dr\app\Config\Routes.php:89}(Object(CodeIgniter\Router\RouteCollection))
 4 APPPATH\Config\Routes.php(89): CodeIgniter\Router\RouteCollection->group('sekretariat', [...], Object(Closure))
 5 SYSTEMPATH\Router\RouteCollection.php(339): require('C:\\Users\\ASUS\\Downloads\\Projectmagang_dr\\Projectmagang_dr\\app\\Config\\Routes.php')
 6 SYSTEMPATH\CodeIgniter.php(841): CodeIgniter\Router\RouteCollection->loadRoutes()
 7 SYSTEMPATH\CodeIgniter.php(464): CodeIgniter\CodeIgniter->tryToRouteIt(null)
 8 SYSTEMPATH\CodeIgniter.php(363): CodeIgniter\CodeIgniter->handleRequest(null, Object(Config\Cache), false)
 9 SYSTEMPATH\Boot.php(417): CodeIgniter\CodeIgniter->run()
10 SYSTEMPATH\Boot.php(68): CodeIgniter\Boot::runCodeIgniter(Object(CodeIgniter\CodeIgniter))
11 FCPATH\index.php(59): CodeIgniter\Boot::bootWeb(Object(Config\Paths))
12 SYSTEMPATH\rewrite.php(44): require_once('C:\\Users\\ASUS\\Downloads\\Projectmagang_dr\\Projectmagang_dr\\public\\index.php')
WARNING - 2026-08-24 07:28:18 --> [DEPRECATED] Passing lowercase HTTP method "get" is deprecated. Use uppercase HTTP method like "GET". in SYSTEMPATH\Router\RouteCollection.php on line 1026.
 1 SYSTEMPATH\Router\RouteCollection.php(1026): trigger_error('Passing lowercase HTTP method "get" is deprecated. Use uppercase HTTP method like "GET".', 16384)
 2 APPPATH\Config\Routes.php(167): CodeIgniter\Router\RouteCollection->match([...], 'logbook', '\\App\\Controllers\\Kabid\\C_LogbookKabid::index')
 3 SYSTEMPATH\Router\RouteCollection.php(799): CodeIgniter\Router\RouteCollection::{closure:C:\Users\ASUS\Downloads\Projectmagang_dr\Projectmagang_dr\app\Config\Routes.php:153}(Object(CodeIgniter\Router\RouteCollection))
 4 APPPATH\Config\Routes.php(153): CodeIgniter\Router\RouteCollection->group('kabid', [...], Object(Closure))
 5 SYSTEMPATH\Router\RouteCollection.php(339): require('C:\\Users\\ASUS\\Downloads\\Projectmagang_dr\\Projectmagang_dr\\app\\Config\\Routes.php')
 6 SYSTEMPATH\CodeIgniter.php(841): CodeIgniter\Router\RouteCollection->loadRoutes()
 7 SYSTEMPATH\CodeIgniter.php(464): CodeIgniter\CodeIgniter->tryToRouteIt(null)
 8 SYSTEMPATH\CodeIgniter.php(363): CodeIgniter\CodeIgniter->handleRequest(null, Object(Config\Cache), false)
 9 SYSTEMPATH\Boot.php(417): CodeIgniter\CodeIgniter->run()
10 SYSTEMPATH\Boot.php(68): CodeIgniter\Boot::runCodeIgniter(Object(CodeIgniter\CodeIgniter))
11 FCPATH\index.php(59): CodeIgniter\Boot::bootWeb(Object(Config\Paths))
12 SYSTEMPATH\rewrite.php(44): require_once('C:\\Users\\ASUS\\Downloads\\Projectmagang_dr\\Projectmagang_dr\\public\\index.php')
WARNING - 2026-08-24 07:28:18 --> [DEPRECATED] Passing lowercase HTTP method "post" is deprecated. Use uppercase HTTP method like "POST". in SYSTEMPATH\Router\RouteCollection.php on line 1026.
 1 SYSTEMPATH\Router\RouteCollection.php(1026): trigger_error('Passing lowercase HTTP method "post" is deprecated. Use uppercase HTTP method like "POST".', 16384)
 2 APPPATH\Config\Routes.php(167): CodeIgniter\Router\RouteCollection->match([...], 'logbook', '\\App\\Controllers\\Kabid\\C_LogbookKabid::index')
 3 SYSTEMPATH\Router\RouteCollection.php(799): CodeIgniter\Router\RouteCollection::{closure:C:\Users\ASUS\Downloads\Projectmagang_dr\Projectmagang_dr\app\Config\Routes.php:153}(Object(CodeIgniter\Router\RouteCollection))
 4 APPPATH\Config\Routes.php(153): CodeIgniter\Router\RouteCollection->group('kabid', [...], Object(Closure))
 5 SYSTEMPATH\Router\RouteCollection.php(339): require('C:\\Users\\ASUS\\Downloads\\Projectmagang_dr\\Projectmagang_dr\\app\\Config\\Routes.php')
 6 SYSTEMPATH\CodeIgniter.php(841): CodeIgniter\Router\RouteCollection->loadRoutes()
 7 SYSTEMPATH\CodeIgniter.php(464): CodeIgniter\CodeIgniter->tryToRouteIt(null)
 8 SYSTEMPATH\CodeIgniter.php(363): CodeIgniter\CodeIgniter->handleRequest(null, Object(Config\Cache), false)
 9 SYSTEMPATH\Boot.php(417): CodeIgniter\CodeIgniter->run()
10 SYSTEMPATH\Boot.php(68): CodeIgniter\Boot::runCodeIgniter(Object(CodeIgniter\CodeIgniter))
11 FCPATH\index.php(59): CodeIgniter\Boot::bootWeb(Object(Config\Paths))
12 SYSTEMPATH\rewrite.php(44): require_once('C:\\Users\\ASUS\\Downloads\\Projectmagang_dr\\Projectmagang_dr\\public\\index.php')
WARNING - 2026-08-24 07:28:18 --> [DEPRECATED] Passing lowercase HTTP method "get" is deprecated. Use uppercase HTTP method like "GET". in SYSTEMPATH\Router\RouteCollection.php on line 1026.
 1 SYSTEMPATH\Router\RouteCollection.php(1026): trigger_error('Passing lowercase HTTP method "get" is deprecated. Use uppercase HTTP method like "GET".', 16384)
 2 APPPATH\Config\Routes.php(179): CodeIgniter\Router\RouteCollection->match([...], 'upload-dokumen', '\\App\\Controllers\\Kabid\\C_UploadDokumen::index')
 3 SYSTEMPATH\Router\RouteCollection.php(799): CodeIgniter\Router\RouteCollection::{closure:C:\Users\ASUS\Downloads\Projectmagang_dr\Projectmagang_dr\app\Config\Routes.php:153}(Object(CodeIgniter\Router\RouteCollection))
 4 APPPATH\Config\Routes.php(153): CodeIgniter\Router\RouteCollection->group('kabid', [...], Object(Closure))
 5 SYSTEMPATH\Router\RouteCollection.php(339): require('C:\\Users\\ASUS\\Downloads\\Projectmagang_dr\\Projectmagang_dr\\app\\Config\\Routes.php')
 6 SYSTEMPATH\CodeIgniter.php(841): CodeIgniter\Router\RouteCollection->loadRoutes()
 7 SYSTEMPATH\CodeIgniter.php(464): CodeIgniter\CodeIgniter->tryToRouteIt(null)
 8 SYSTEMPATH\CodeIgniter.php(363): CodeIgniter\CodeIgniter->handleRequest(null, Object(Config\Cache), false)
 9 SYSTEMPATH\Boot.php(417): CodeIgniter\CodeIgniter->run()
10 SYSTEMPATH\Boot.php(68): CodeIgniter\Boot::runCodeIgniter(Object(CodeIgniter\CodeIgniter))
11 FCPATH\index.php(59): CodeIgniter\Boot::bootWeb(Object(Config\Paths))
12 SYSTEMPATH\rewrite.php(44): require_once('C:\\Users\\ASUS\\Downloads\\Projectmagang_dr\\Projectmagang_dr\\public\\index.php')
WARNING - 2026-08-24 07:28:18 --> [DEPRECATED] Passing lowercase HTTP method "post" is deprecated. Use uppercase HTTP method like "POST". in SYSTEMPATH\Router\RouteCollection.php on line 1026.
 1 SYSTEMPATH\Router\RouteCollection.php(1026): trigger_error('Passing lowercase HTTP method "post" is deprecated. Use uppercase HTTP method like "POST".', 16384)
 2 APPPATH\Config\Routes.php(179): CodeIgniter\Router\RouteCollection->match([...], 'upload-dokumen', '\\App\\Controllers\\Kabid\\C_UploadDokumen::index')
 3 SYSTEMPATH\Router\RouteCollection.php(799): CodeIgniter\Router\RouteCollection::{closure:C:\Users\ASUS\Downloads\Projectmagang_dr\Projectmagang_dr\app\Config\Routes.php:153}(Object(CodeIgniter\Router\RouteCollection))
 4 APPPATH\Config\Routes.php(153): CodeIgniter\Router\RouteCollection->group('kabid', [...], Object(Closure))
 5 SYSTEMPATH\Router\RouteCollection.php(339): require('C:\\Users\\ASUS\\Downloads\\Projectmagang_dr\\Projectmagang_dr\\app\\Config\\Routes.php')
 6 SYSTEMPATH\CodeIgniter.php(841): CodeIgniter\Router\RouteCollection->loadRoutes()
 7 SYSTEMPATH\CodeIgniter.php(464): CodeIgniter\CodeIgniter->tryToRouteIt(null)
 8 SYSTEMPATH\CodeIgniter.php(363): CodeIgniter\CodeIgniter->handleRequest(null, Object(Config\Cache), false)
 9 SYSTEMPATH\Boot.php(417): CodeIgniter\CodeIgniter->run()
10 SYSTEMPATH\Boot.php(68): CodeIgniter\Boot::runCodeIgniter(Object(CodeIgniter\CodeIgniter))
11 FCPATH\index.php(59): CodeIgniter\Boot::bootWeb(Object(Config\Paths))
12 SYSTEMPATH\rewrite.php(44): require_once('C:\\Users\\ASUS\\Downloads\\Projectmagang_dr\\Projectmagang_dr\\public\\index.php')
DEBUG - 2026-08-24 07:28:18 --> Session: Class initialized using 'CodeIgniter\Session\Handlers\FileHandler' driver.
WARNING - 2026-08-24 07:28:38 --> [DEPRECATED] Passing lowercase HTTP method "get" is deprecated. Use uppercase HTTP method like "GET". in SYSTEMPATH\Router\RouteCollection.php on line 1026.
 1 SYSTEMPATH\Router\RouteCollection.php(1026): trigger_error('Passing lowercase HTTP method "get" is deprecated. Use uppercase HTTP method like "GET".', 16384)
 2 APPPATH\Config\Routes.php(77): CodeIgniter\Router\RouteCollection->match([...], 'logbook', 'C_Logbook::logbook')
 3 SYSTEMPATH\Router\RouteCollection.php(799): CodeIgniter\Router\RouteCollection::{closure:C:\Users\ASUS\Downloads\Projectmagang_dr\Projectmagang_dr\app\Config\Routes.php:59}(Object(CodeIgniter\Router\RouteCollection))
 4 APPPATH\Config\Routes.php(59): CodeIgniter\Router\RouteCollection->group('mahasiswa', [...], Object(Closure))
 5 SYSTEMPATH\Router\RouteCollection.php(339): require('C:\\Users\\ASUS\\Downloads\\Projectmagang_dr\\Projectmagang_dr\\app\\Config\\Routes.php')
 6 SYSTEMPATH\CodeIgniter.php(841): CodeIgniter\Router\RouteCollection->loadRoutes()
 7 SYSTEMPATH\CodeIgniter.php(464): CodeIgniter\CodeIgniter->tryToRouteIt(null)
 8 SYSTEMPATH\CodeIgniter.php(363): CodeIgniter\CodeIgniter->handleRequest(null, Object(Config\Cache), false)
 9 SYSTEMPATH\Boot.php(417): CodeIgniter\CodeIgniter->run()
10 SYSTEMPATH\Boot.php(68): CodeIgniter\Boot::runCodeIgniter(Object(CodeIgniter\CodeIgniter))
11 FCPATH\index.php(59): CodeIgniter\Boot::bootWeb(Object(Config\Paths))
12 SYSTEMPATH\rewrite.php(44): require_once('C:\\Users\\ASUS\\Downloads\\Projectmagang_dr\\Projectmagang_dr\\public\\index.php')
WARNING - 2026-08-24 07:28:38 --> [DEPRECATED] Passing lowercase HTTP method "post" is deprecated. Use uppercase HTTP method like "POST". in SYSTEMPATH\Router\RouteCollection.php on line 1026.
 1 SYSTEMPATH\Router\RouteCollection.php(1026): trigger_error('Passing lowercase HTTP method "post" is deprecated. Use uppercase HTTP method like "POST".', 16384)
 2 APPPATH\Config\Routes.php(77): CodeIgniter\Router\RouteCollection->match([...], 'logbook', 'C_Logbook::logbook')
 3 SYSTEMPATH\Router\RouteCollection.php(799): CodeIgniter\Router\RouteCollection::{closure:C:\Users\ASUS\Downloads\Projectmagang_dr\Projectmagang_dr\app\Config\Routes.php:59}(Object(CodeIgniter\Router\RouteCollection))
 4 APPPATH\Config\Routes.php(59): CodeIgniter\Router\RouteCollection->group('mahasiswa', [...], Object(Closure))
 5 SYSTEMPATH\Router\RouteCollection.php(339): require('C:\\Users\\ASUS\\Downloads\\Projectmagang_dr\\Projectmagang_dr\\app\\Config\\Routes.php')
 6 SYSTEMPATH\CodeIgniter.php(841): CodeIgniter\Router\RouteCollection->loadRoutes()
 7 SYSTEMPATH\CodeIgniter.php(464): CodeIgniter\CodeIgniter->tryToRouteIt(null)
 8 SYSTEMPATH\CodeIgniter.php(363): CodeIgniter\CodeIgniter->handleRequest(null, Object(Config\Cache), false)
 9 SYSTEMPATH\Boot.php(417): CodeIgniter\CodeIgniter->run()
10 SYSTEMPATH\Boot.php(68): CodeIgniter\Boot::runCodeIgniter(Object(CodeIgniter\CodeIgniter))
11 FCPATH\index.php(59): CodeIgniter\Boot::bootWeb(Object(Config\Paths))
12 SYSTEMPATH\rewrite.php(44): require_once('C:\\Users\\ASUS\\Downloads\\Projectmagang_dr\\Projectmagang_dr\\public\\index.php')
WARNING - 2026-08-24 07:28:38 --> [DEPRECATED] Passing lowercase HTTP method "get" is deprecated. Use uppercase HTTP method like "GET". in SYSTEMPATH\Router\RouteCollection.php on line 1026.
 1 SYSTEMPATH\Router\RouteCollection.php(1026): trigger_error('Passing lowercase HTTP method "get" is deprecated. Use uppercase HTTP method like "GET".', 16384)
 2 APPPATH\Config\Routes.php(95): CodeIgniter\Router\RouteCollection->match([...], 'verifikasi', '\\App\\Controllers\\Sekretariat\\C_Verifikasi::index')
 3 SYSTEMPATH\Router\RouteCollection.php(799): CodeIgniter\Router\RouteCollection::{closure:C:\Users\ASUS\Downloads\Projectmagang_dr\Projectmagang_dr\app\Config\Routes.php:89}(Object(CodeIgniter\Router\RouteCollection))
 4 APPPATH\Config\Routes.php(89): CodeIgniter\Router\RouteCollection->group('sekretariat', [...], Object(Closure))
 5 SYSTEMPATH\Router\RouteCollection.php(339): require('C:\\Users\\ASUS\\Downloads\\Projectmagang_dr\\Projectmagang_dr\\app\\Config\\Routes.php')
 6 SYSTEMPATH\CodeIgniter.php(841): CodeIgniter\Router\RouteCollection->loadRoutes()
 7 SYSTEMPATH\CodeIgniter.php(464): CodeIgniter\CodeIgniter->tryToRouteIt(null)
 8 SYSTEMPATH\CodeIgniter.php(363): CodeIgniter\CodeIgniter->handleRequest(null, Object(Config\Cache), false)
 9 SYSTEMPATH\Boot.php(417): CodeIgniter\CodeIgniter->run()
10 SYSTEMPATH\Boot.php(68): CodeIgniter\Boot::runCodeIgniter(Object(CodeIgniter\CodeIgniter))
11 FCPATH\index.php(59): CodeIgniter\Boot::bootWeb(Object(Config\Paths))
12 SYSTEMPATH\rewrite.php(44): require_once('C:\\Users\\ASUS\\Downloads\\Projectmagang_dr\\Projectmagang_dr\\public\\index.php')
WARNING - 2026-08-24 07:28:38 --> [DEPRECATED] Passing lowercase HTTP method "post" is deprecated. Use uppercase HTTP method like "POST". in SYSTEMPATH\Router\RouteCollection.php on line 1026.
 1 SYSTEMPATH\Router\RouteCollection.php(1026): trigger_error('Passing lowercase HTTP method "post" is deprecated. Use uppercase HTTP method like "POST".', 16384)
 2 APPPATH\Config\Routes.php(95): CodeIgniter\Router\RouteCollection->match([...], 'verifikasi', '\\App\\Controllers\\Sekretariat\\C_Verifikasi::index')
 3 SYSTEMPATH\Router\RouteCollection.php(799): CodeIgniter\Router\RouteCollection::{closure:C:\Users\ASUS\Downloads\Projectmagang_dr\Projectmagang_dr\app\Config\Routes.php:89}(Object(CodeIgniter\Router\RouteCollection))
 4 APPPATH\Config\Routes.php(89): CodeIgniter\Router\RouteCollection->group('sekretariat', [...], Object(Closure))
 5 SYSTEMPATH\Router\RouteCollection.php(339): require('C:\\Users\\ASUS\\Downloads\\Projectmagang_dr\\Projectmagang_dr\\app\\Config\\Routes.php')
 6 SYSTEMPATH\CodeIgniter.php(841): CodeIgniter\Router\RouteCollection->loadRoutes()
 7 SYSTEMPATH\CodeIgniter.php(464): CodeIgniter\CodeIgniter->tryToRouteIt(null)
 8 SYSTEMPATH\CodeIgniter.php(363): CodeIgniter\CodeIgniter->handleRequest(null, Object(Config\Cache), false)
 9 SYSTEMPATH\Boot.php(417): CodeIgniter\CodeIgniter->run()
10 SYSTEMPATH\Boot.php(68): CodeIgniter\Boot::runCodeIgniter(Object(CodeIgniter\CodeIgniter))
11 FCPATH\index.php(59): CodeIgniter\Boot::bootWeb(Object(Config\Paths))
12 SYSTEMPATH\rewrite.php(44): require_once('C:\\Users\\ASUS\\Downloads\\Projectmagang_dr\\Projectmagang_dr\\public\\index.php')
WARNING - 2026-08-24 07:28:38 --> [DEPRECATED] Passing lowercase HTTP method "get" is deprecated. Use uppercase HTTP method like "GET". in SYSTEMPATH\Router\RouteCollection.php on line 1026.
 1 SYSTEMPATH\Router\RouteCollection.php(1026): trigger_error('Passing lowercase HTTP method "get" is deprecated. Use uppercase HTTP method like "GET".', 16384)
 2 APPPATH\Config\Routes.php(144): CodeIgniter\Router\RouteCollection->match([...], 'upload-surat-penerimaan', '\\App\\Controllers\\Sekretariat\\C_UploadSuratPenerimaan::index')
 3 SYSTEMPATH\Router\RouteCollection.php(799): CodeIgniter\Router\RouteCollection::{closure:C:\Users\ASUS\Downloads\Projectmagang_dr\Projectmagang_dr\app\Config\Routes.php:89}(Object(CodeIgniter\Router\RouteCollection))
 4 APPPATH\Config\Routes.php(89): CodeIgniter\Router\RouteCollection->group('sekretariat', [...], Object(Closure))
 5 SYSTEMPATH\Router\RouteCollection.php(339): require('C:\\Users\\ASUS\\Downloads\\Projectmagang_dr\\Projectmagang_dr\\app\\Config\\Routes.php')
 6 SYSTEMPATH\CodeIgniter.php(841): CodeIgniter\Router\RouteCollection->loadRoutes()
 7 SYSTEMPATH\CodeIgniter.php(464): CodeIgniter\CodeIgniter->tryToRouteIt(null)
 8 SYSTEMPATH\CodeIgniter.php(363): CodeIgniter\CodeIgniter->handleRequest(null, Object(Config\Cache), false)
 9 SYSTEMPATH\Boot.php(417): CodeIgniter\CodeIgniter->run()
10 SYSTEMPATH\Boot.php(68): CodeIgniter\Boot::runCodeIgniter(Object(CodeIgniter\CodeIgniter))
11 FCPATH\index.php(59): CodeIgniter\Boot::bootWeb(Object(Config\Paths))
12 SYSTEMPATH\rewrite.php(44): require_once('C:\\Users\\ASUS\\Downloads\\Projectmagang_dr\\Projectmagang_dr\\public\\index.php')
WARNING - 2026-08-24 07:28:38 --> [DEPRECATED] Passing lowercase HTTP method "post" is deprecated. Use uppercase HTTP method like "POST". in SYSTEMPATH\Router\RouteCollection.php on line 1026.
 1 SYSTEMPATH\Router\RouteCollection.php(1026): trigger_error('Passing lowercase HTTP method "post" is deprecated. Use uppercase HTTP method like "POST".', 16384)
 2 APPPATH\Config\Routes.php(144): CodeIgniter\Router\RouteCollection->match([...], 'upload-surat-penerimaan', '\\App\\Controllers\\Sekretariat\\C_UploadSuratPenerimaan::index')
 3 SYSTEMPATH\Router\RouteCollection.php(799): CodeIgniter\Router\RouteCollection::{closure:C:\Users\ASUS\Downloads\Projectmagang_dr\Projectmagang_dr\app\Config\Routes.php:89}(Object(CodeIgniter\Router\RouteCollection))
 4 APPPATH\Config\Routes.php(89): CodeIgniter\Router\RouteCollection->group('sekretariat', [...], Object(Closure))
 5 SYSTEMPATH\Router\RouteCollection.php(339): require('C:\\Users\\ASUS\\Downloads\\Projectmagang_dr\\Projectmagang_dr\\app\\Config\\Routes.php')
 6 SYSTEMPATH\CodeIgniter.php(841): CodeIgniter\Router\RouteCollection->loadRoutes()
 7 SYSTEMPATH\CodeIgniter.php(464): CodeIgniter\CodeIgniter->tryToRouteIt(null)
 8 SYSTEMPATH\CodeIgniter.php(363): CodeIgniter\CodeIgniter->handleRequest(null, Object(Config\Cache), false)
 9 SYSTEMPATH\Boot.php(417): CodeIgniter\CodeIgniter->run()
10 SYSTEMPATH\Boot.php(68): CodeIgniter\Boot::runCodeIgniter(Object(CodeIgniter\CodeIgniter))
11 FCPATH\index.php(59): CodeIgniter\Boot::bootWeb(Object(Config\Paths))
12 SYSTEMPATH\rewrite.php(44): require_once('C:\\Users\\ASUS\\Downloads\\Projectmagang_dr\\Projectmagang_dr\\public\\index.php')
WARNING - 2026-08-24 07:28:38 --> [DEPRECATED] Passing lowercase HTTP method "get" is deprecated. Use uppercase HTTP method like "GET". in SYSTEMPATH\Router\RouteCollection.php on line 1026.
 1 SYSTEMPATH\Router\RouteCollection.php(1026): trigger_error('Passing lowercase HTTP method "get" is deprecated. Use uppercase HTTP method like "GET".', 16384)
 2 APPPATH\Config\Routes.php(167): CodeIgniter\Router\RouteCollection->match([...], 'logbook', '\\App\\Controllers\\Kabid\\C_LogbookKabid::index')
 3 SYSTEMPATH\Router\RouteCollection.php(799): CodeIgniter\Router\RouteCollection::{closure:C:\Users\ASUS\Downloads\Projectmagang_dr\Projectmagang_dr\app\Config\Routes.php:153}(Object(CodeIgniter\Router\RouteCollection))
 4 APPPATH\Config\Routes.php(153): CodeIgniter\Router\RouteCollection->group('kabid', [...], Object(Closure))
 5 SYSTEMPATH\Router\RouteCollection.php(339): require('C:\\Users\\ASUS\\Downloads\\Projectmagang_dr\\Projectmagang_dr\\app\\Config\\Routes.php')
 6 SYSTEMPATH\CodeIgniter.php(841): CodeIgniter\Router\RouteCollection->loadRoutes()
 7 SYSTEMPATH\CodeIgniter.php(464): CodeIgniter\CodeIgniter->tryToRouteIt(null)
 8 SYSTEMPATH\CodeIgniter.php(363): CodeIgniter\CodeIgniter->handleRequest(null, Object(Config\Cache), false)
 9 SYSTEMPATH\Boot.php(417): CodeIgniter\CodeIgniter->run()
10 SYSTEMPATH\Boot.php(68): CodeIgniter\Boot::runCodeIgniter(Object(CodeIgniter\CodeIgniter))
11 FCPATH\index.php(59): CodeIgniter\Boot::bootWeb(Object(Config\Paths))
12 SYSTEMPATH\rewrite.php(44): require_once('C:\\Users\\ASUS\\Downloads\\Projectmagang_dr\\Projectmagang_dr\\public\\index.php')
WARNING - 2026-08-24 07:28:38 --> [DEPRECATED] Passing lowercase HTTP method "post" is deprecated. Use uppercase HTTP method like "POST". in SYSTEMPATH\Router\RouteCollection.php on line 1026.
 1 SYSTEMPATH\Router\RouteCollection.php(1026): trigger_error('Passing lowercase HTTP method "post" is deprecated. Use uppercase HTTP method like "POST".', 16384)
 2 APPPATH\Config\Routes.php(167): CodeIgniter\Router\RouteCollection->match([...], 'logbook', '\\App\\Controllers\\Kabid\\C_LogbookKabid::index')
 3 SYSTEMPATH\Router\RouteCollection.php(799): CodeIgniter\Router\RouteCollection::{closure:C:\Users\ASUS\Downloads\Projectmagang_dr\Projectmagang_dr\app\Config\Routes.php:153}(Object(CodeIgniter\Router\RouteCollection))
 4 APPPATH\Config\Routes.php(153): CodeIgniter\Router\RouteCollection->group('kabid', [...], Object(Closure))
 5 SYSTEMPATH\Router\RouteCollection.php(339): require('C:\\Users\\ASUS\\Downloads\\Projectmagang_dr\\Projectmagang_dr\\app\\Config\\Routes.php')
 6 SYSTEMPATH\CodeIgniter.php(841): CodeIgniter\Router\RouteCollection->loadRoutes()
 7 SYSTEMPATH\CodeIgniter.php(464): CodeIgniter\CodeIgniter->tryToRouteIt(null)
 8 SYSTEMPATH\CodeIgniter.php(363): CodeIgniter\CodeIgniter->handleRequest(null, Object(Config\Cache), false)
 9 SYSTEMPATH\Boot.php(417): CodeIgniter\CodeIgniter->run()
10 SYSTEMPATH\Boot.php(68): CodeIgniter\Boot::runCodeIgniter(Object(CodeIgniter\CodeIgniter))
11 FCPATH\index.php(59): CodeIgniter\Boot::bootWeb(Object(Config\Paths))
12 SYSTEMPATH\rewrite.php(44): require_once('C:\\Users\\ASUS\\Downloads\\Projectmagang_dr\\Projectmagang_dr\\public\\index.php')
WARNING - 2026-08-24 07:28:38 --> [DEPRECATED] Passing lowercase HTTP method "get" is deprecated. Use uppercase HTTP method like "GET". in SYSTEMPATH\Router\RouteCollection.php on line 1026.
 1 SYSTEMPATH\Router\RouteCollection.php(1026): trigger_error('Passing lowercase HTTP method "get" is deprecated. Use uppercase HTTP method like "GET".', 16384)
 2 APPPATH\Config\Routes.php(179): CodeIgniter\Router\RouteCollection->match([...], 'upload-dokumen', '\\App\\Controllers\\Kabid\\C_UploadDokumen::index')
 3 SYSTEMPATH\Router\RouteCollection.php(799): CodeIgniter\Router\RouteCollection::{closure:C:\Users\ASUS\Downloads\Projectmagang_dr\Projectmagang_dr\app\Config\Routes.php:153}(Object(CodeIgniter\Router\RouteCollection))
 4 APPPATH\Config\Routes.php(153): CodeIgniter\Router\RouteCollection->group('kabid', [...], Object(Closure))
 5 SYSTEMPATH\Router\RouteCollection.php(339): require('C:\\Users\\ASUS\\Downloads\\Projectmagang_dr\\Projectmagang_dr\\app\\Config\\Routes.php')
 6 SYSTEMPATH\CodeIgniter.php(841): CodeIgniter\Router\RouteCollection->loadRoutes()
 7 SYSTEMPATH\CodeIgniter.php(464): CodeIgniter\CodeIgniter->tryToRouteIt(null)
 8 SYSTEMPATH\CodeIgniter.php(363): CodeIgniter\CodeIgniter->handleRequest(null, Object(Config\Cache), false)
 9 SYSTEMPATH\Boot.php(417): CodeIgniter\CodeIgniter->run()
10 SYSTEMPATH\Boot.php(68): CodeIgniter\Boot::runCodeIgniter(Object(CodeIgniter\CodeIgniter))
11 FCPATH\index.php(59): CodeIgniter\Boot::bootWeb(Object(Config\Paths))
12 SYSTEMPATH\rewrite.php(44): require_once('C:\\Users\\ASUS\\Downloads\\Projectmagang_dr\\Projectmagang_dr\\public\\index.php')
WARNING - 2026-08-24 07:28:38 --> [DEPRECATED] Passing lowercase HTTP method "post" is deprecated. Use uppercase HTTP method like "POST". in SYSTEMPATH\Router\RouteCollection.php on line 1026.
 1 SYSTEMPATH\Router\RouteCollection.php(1026): trigger_error('Passing lowercase HTTP method "post" is deprecated. Use uppercase HTTP method like "POST".', 16384)
 2 APPPATH\Config\Routes.php(179): CodeIgniter\Router\RouteCollection->match([...], 'upload-dokumen', '\\App\\Controllers\\Kabid\\C_UploadDokumen::index')
 3 SYSTEMPATH\Router\RouteCollection.php(799): CodeIgniter\Router\RouteCollection::{closure:C:\Users\ASUS\Downloads\Projectmagang_dr\Projectmagang_dr\app\Config\Routes.php:153}(Object(CodeIgniter\Router\RouteCollection))
 4 APPPATH\Config\Routes.php(153): CodeIgniter\Router\RouteCollection->group('kabid', [...], Object(Closure))
 5 SYSTEMPATH\Router\RouteCollection.php(339): require('C:\\Users\\ASUS\\Downloads\\Projectmagang_dr\\Projectmagang_dr\\app\\Config\\Routes.php')
 6 SYSTEMPATH\CodeIgniter.php(841): CodeIgniter\Router\RouteCollection->loadRoutes()
 7 SYSTEMPATH\CodeIgniter.php(464): CodeIgniter\CodeIgniter->tryToRouteIt(null)
 8 SYSTEMPATH\CodeIgniter.php(363): CodeIgniter\CodeIgniter->handleRequest(null, Object(Config\Cache), false)
 9 SYSTEMPATH\Boot.php(417): CodeIgniter\CodeIgniter->run()
10 SYSTEMPATH\Boot.php(68): CodeIgniter\Boot::runCodeIgniter(Object(CodeIgniter\CodeIgniter))
11 FCPATH\index.php(59): CodeIgniter\Boot::bootWeb(Object(Config\Paths))
12 SYSTEMPATH\rewrite.php(44): require_once('C:\\Users\\ASUS\\Downloads\\Projectmagang_dr\\Projectmagang_dr\\public\\index.php')
DEBUG - 2026-08-24 07:28:42 --> Session: Class initialized using 'CodeIgniter\Session\Handlers\FileHandler' driver.
WARNING - 2026-08-24 07:28:42 --> [DEPRECATED] Passing lowercase HTTP method "get" is deprecated. Use uppercase HTTP method like "GET". in SYSTEMPATH\Router\RouteCollection.php on line 1026.
 1 SYSTEMPATH\Router\RouteCollection.php(1026): trigger_error('Passing lowercase HTTP method "get" is deprecated. Use uppercase HTTP method like "GET".', 16384)
 2 APPPATH\Config\Routes.php(77): CodeIgniter\Router\RouteCollection->match([...], 'logbook', 'C_Logbook::logbook')
 3 SYSTEMPATH\Router\RouteCollection.php(799): CodeIgniter\Router\RouteCollection::{closure:C:\Users\ASUS\Downloads\Projectmagang_dr\Projectmagang_dr\app\Config\Routes.php:59}(Object(CodeIgniter\Router\RouteCollection))
 4 APPPATH\Config\Routes.php(59): CodeIgniter\Router\RouteCollection->group('mahasiswa', [...], Object(Closure))
 5 SYSTEMPATH\Router\RouteCollection.php(339): require('C:\\Users\\ASUS\\Downloads\\Projectmagang_dr\\Projectmagang_dr\\app\\Config\\Routes.php')
 6 SYSTEMPATH\CodeIgniter.php(841): CodeIgniter\Router\RouteCollection->loadRoutes()
 7 SYSTEMPATH\CodeIgniter.php(464): CodeIgniter\CodeIgniter->tryToRouteIt(null)
 8 SYSTEMPATH\CodeIgniter.php(363): CodeIgniter\CodeIgniter->handleRequest(null, Object(Config\Cache), false)
 9 SYSTEMPATH\Boot.php(417): CodeIgniter\CodeIgniter->run()
10 SYSTEMPATH\Boot.php(68): CodeIgniter\Boot::runCodeIgniter(Object(CodeIgniter\CodeIgniter))
11 FCPATH\index.php(59): CodeIgniter\Boot::bootWeb(Object(Config\Paths))
12 SYSTEMPATH\rewrite.php(44): require_once('C:\\Users\\ASUS\\Downloads\\Projectmagang_dr\\Projectmagang_dr\\public\\index.php')
WARNING - 2026-08-24 07:28:42 --> [DEPRECATED] Passing lowercase HTTP method "post" is deprecated. Use uppercase HTTP method like "POST". in SYSTEMPATH\Router\RouteCollection.php on line 1026.
 1 SYSTEMPATH\Router\RouteCollection.php(1026): trigger_error('Passing lowercase HTTP method "post" is deprecated. Use uppercase HTTP method like "POST".', 16384)
 2 APPPATH\Config\Routes.php(77): CodeIgniter\Router\RouteCollection->match([...], 'logbook', 'C_Logbook::logbook')
 3 SYSTEMPATH\Router\RouteCollection.php(799): CodeIgniter\Router\RouteCollection::{closure:C:\Users\ASUS\Downloads\Projectmagang_dr\Projectmagang_dr\app\Config\Routes.php:59}(Object(CodeIgniter\Router\RouteCollection))
 4 APPPATH\Config\Routes.php(59): CodeIgniter\Router\RouteCollection->group('mahasiswa', [...], Object(Closure))
 5 SYSTEMPATH\Router\RouteCollection.php(339): require('C:\\Users\\ASUS\\Downloads\\Projectmagang_dr\\Projectmagang_dr\\app\\Config\\Routes.php')
 6 SYSTEMPATH\CodeIgniter.php(841): CodeIgniter\Router\RouteCollection->loadRoutes()
 7 SYSTEMPATH\CodeIgniter.php(464): CodeIgniter\CodeIgniter->tryToRouteIt(null)
 8 SYSTEMPATH\CodeIgniter.php(363): CodeIgniter\CodeIgniter->handleRequest(null, Object(Config\Cache), false)
 9 SYSTEMPATH\Boot.php(417): CodeIgniter\CodeIgniter->run()
10 SYSTEMPATH\Boot.php(68): CodeIgniter\Boot::runCodeIgniter(Object(CodeIgniter\CodeIgniter))
11 FCPATH\index.php(59): CodeIgniter\Boot::bootWeb(Object(Config\Paths))
12 SYSTEMPATH\rewrite.php(44): require_once('C:\\Users\\ASUS\\Downloads\\Projectmagang_dr\\Projectmagang_dr\\public\\index.php')
WARNING - 2026-08-24 07:28:42 --> [DEPRECATED] Passing lowercase HTTP method "get" is deprecated. Use uppercase HTTP method like "GET". in SYSTEMPATH\Router\RouteCollection.php on line 1026.
 1 SYSTEMPATH\Router\RouteCollection.php(1026): trigger_error('Passing lowercase HTTP method "get" is deprecated. Use uppercase HTTP method like "GET".', 16384)
 2 APPPATH\Config\Routes.php(95): CodeIgniter\Router\RouteCollection->match([...], 'verifikasi', '\\App\\Controllers\\Sekretariat\\C_Verifikasi::index')
 3 SYSTEMPATH\Router\RouteCollection.php(799): CodeIgniter\Router\RouteCollection::{closure:C:\Users\ASUS\Downloads\Projectmagang_dr\Projectmagang_dr\app\Config\Routes.php:89}(Object(CodeIgniter\Router\RouteCollection))
 4 APPPATH\Config\Routes.php(89): CodeIgniter\Router\RouteCollection->group('sekretariat', [...], Object(Closure))
 5 SYSTEMPATH\Router\RouteCollection.php(339): require('C:\\Users\\ASUS\\Downloads\\Projectmagang_dr\\Projectmagang_dr\\app\\Config\\Routes.php')
 6 SYSTEMPATH\CodeIgniter.php(841): CodeIgniter\Router\RouteCollection->loadRoutes()
 7 SYSTEMPATH\CodeIgniter.php(464): CodeIgniter\CodeIgniter->tryToRouteIt(null)
 8 SYSTEMPATH\CodeIgniter.php(363): CodeIgniter\CodeIgniter->handleRequest(null, Object(Config\Cache), false)
 9 SYSTEMPATH\Boot.php(417): CodeIgniter\CodeIgniter->run()
10 SYSTEMPATH\Boot.php(68): CodeIgniter\Boot::runCodeIgniter(Object(CodeIgniter\CodeIgniter))
11 FCPATH\index.php(59): CodeIgniter\Boot::bootWeb(Object(Config\Paths))
12 SYSTEMPATH\rewrite.php(44): require_once('C:\\Users\\ASUS\\Downloads\\Projectmagang_dr\\Projectmagang_dr\\public\\index.php')
WARNING - 2026-08-24 07:28:42 --> [DEPRECATED] Passing lowercase HTTP method "post" is deprecated. Use uppercase HTTP method like "POST". in SYSTEMPATH\Router\RouteCollection.php on line 1026.
 1 SYSTEMPATH\Router\RouteCollection.php(1026): trigger_error('Passing lowercase HTTP method "post" is deprecated. Use uppercase HTTP method like "POST".', 16384)
 2 APPPATH\Config\Routes.php(95): CodeIgniter\Router\RouteCollection->match([...], 'verifikasi', '\\App\\Controllers\\Sekretariat\\C_Verifikasi::index')
 3 SYSTEMPATH\Router\RouteCollection.php(799): CodeIgniter\Router\RouteCollection::{closure:C:\Users\ASUS\Downloads\Projectmagang_dr\Projectmagang_dr\app\Config\Routes.php:89}(Object(CodeIgniter\Router\RouteCollection))
 4 APPPATH\Config\Routes.php(89): CodeIgniter\Router\RouteCollection->group('sekretariat', [...], Object(Closure))
 5 SYSTEMPATH\Router\RouteCollection.php(339): require('C:\\Users\\ASUS\\Downloads\\Projectmagang_dr\\Projectmagang_dr\\app\\Config\\Routes.php')
 6 SYSTEMPATH\CodeIgniter.php(841): CodeIgniter\Router\RouteCollection->loadRoutes()
 7 SYSTEMPATH\CodeIgniter.php(464): CodeIgniter\CodeIgniter->tryToRouteIt(null)
 8 SYSTEMPATH\CodeIgniter.php(363): CodeIgniter\CodeIgniter->handleRequest(null, Object(Config\Cache), false)
 9 SYSTEMPATH\Boot.php(417): CodeIgniter\CodeIgniter->run()
10 SYSTEMPATH\Boot.php(68): CodeIgniter\Boot::runCodeIgniter(Object(CodeIgniter\CodeIgniter))
11 FCPATH\index.php(59): CodeIgniter\Boot::bootWeb(Object(Config\Paths))
12 SYSTEMPATH\rewrite.php(44): require_once('C:\\Users\\ASUS\\Downloads\\Projectmagang_dr\\Projectmagang_dr\\public\\index.php')
WARNING - 2026-08-24 07:28:42 --> [DEPRECATED] Passing lowercase HTTP method "get" is deprecated. Use uppercase HTTP method like "GET". in SYSTEMPATH\Router\RouteCollection.php on line 1026.
 1 SYSTEMPATH\Router\RouteCollection.php(1026): trigger_error('Passing lowercase HTTP method "get" is deprecated. Use uppercase HTTP method like "GET".', 16384)
 2 APPPATH\Config\Routes.php(144): CodeIgniter\Router\RouteCollection->match([...], 'upload-surat-penerimaan', '\\App\\Controllers\\Sekretariat\\C_UploadSuratPenerimaan::index')
 3 SYSTEMPATH\Router\RouteCollection.php(799): CodeIgniter\Router\RouteCollection::{closure:C:\Users\ASUS\Downloads\Projectmagang_dr\Projectmagang_dr\app\Config\Routes.php:89}(Object(CodeIgniter\Router\RouteCollection))
 4 APPPATH\Config\Routes.php(89): CodeIgniter\Router\RouteCollection->group('sekretariat', [...], Object(Closure))
 5 SYSTEMPATH\Router\RouteCollection.php(339): require('C:\\Users\\ASUS\\Downloads\\Projectmagang_dr\\Projectmagang_dr\\app\\Config\\Routes.php')
 6 SYSTEMPATH\CodeIgniter.php(841): CodeIgniter\Router\RouteCollection->loadRoutes()
 7 SYSTEMPATH\CodeIgniter.php(464): CodeIgniter\CodeIgniter->tryToRouteIt(null)
 8 SYSTEMPATH\CodeIgniter.php(363): CodeIgniter\CodeIgniter->handleRequest(null, Object(Config\Cache), false)
 9 SYSTEMPATH\Boot.php(417): CodeIgniter\CodeIgniter->run()
10 SYSTEMPATH\Boot.php(68): CodeIgniter\Boot::runCodeIgniter(Object(CodeIgniter\CodeIgniter))
11 FCPATH\index.php(59): CodeIgniter\Boot::bootWeb(Object(Config\Paths))
12 SYSTEMPATH\rewrite.php(44): require_once('C:\\Users\\ASUS\\Downloads\\Projectmagang_dr\\Projectmagang_dr\\public\\index.php')
WARNING - 2026-08-24 07:28:42 --> [DEPRECATED] Passing lowercase HTTP method "post" is deprecated. Use uppercase HTTP method like "POST". in SYSTEMPATH\Router\RouteCollection.php on line 1026.
 1 SYSTEMPATH\Router\RouteCollection.php(1026): trigger_error('Passing lowercase HTTP method "post" is deprecated. Use uppercase HTTP method like "POST".', 16384)
 2 APPPATH\Config\Routes.php(144): CodeIgniter\Router\RouteCollection->match([...], 'upload-surat-penerimaan', '\\App\\Controllers\\Sekretariat\\C_UploadSuratPenerimaan::index')
 3 SYSTEMPATH\Router\RouteCollection.php(799): CodeIgniter\Router\RouteCollection::{closure:C:\Users\ASUS\Downloads\Projectmagang_dr\Projectmagang_dr\app\Config\Routes.php:89}(Object(CodeIgniter\Router\RouteCollection))
 4 APPPATH\Config\Routes.php(89): CodeIgniter\Router\RouteCollection->group('sekretariat', [...], Object(Closure))
 5 SYSTEMPATH\Router\RouteCollection.php(339): require('C:\\Users\\ASUS\\Downloads\\Projectmagang_dr\\Projectmagang_dr\\app\\Config\\Routes.php')
 6 SYSTEMPATH\CodeIgniter.php(841): CodeIgniter\Router\RouteCollection->loadRoutes()
 7 SYSTEMPATH\CodeIgniter.php(464): CodeIgniter\CodeIgniter->tryToRouteIt(null)
 8 SYSTEMPATH\CodeIgniter.php(363): CodeIgniter\CodeIgniter->handleRequest(null, Object(Config\Cache), false)
 9 SYSTEMPATH\Boot.php(417): CodeIgniter\CodeIgniter->run()
10 SYSTEMPATH\Boot.php(68): CodeIgniter\Boot::runCodeIgniter(Object(CodeIgniter\CodeIgniter))
11 FCPATH\index.php(59): CodeIgniter\Boot::bootWeb(Object(Config\Paths))
12 SYSTEMPATH\rewrite.php(44): require_once('C:\\Users\\ASUS\\Downloads\\Projectmagang_dr\\Projectmagang_dr\\public\\index.php')
WARNING - 2026-08-24 07:28:42 --> [DEPRECATED] Passing lowercase HTTP method "get" is deprecated. Use uppercase HTTP method like "GET". in SYSTEMPATH\Router\RouteCollection.php on line 1026.
 1 SYSTEMPATH\Router\RouteCollection.php(1026): trigger_error('Passing lowercase HTTP method "get" is deprecated. Use uppercase HTTP method like "GET".', 16384)
 2 APPPATH\Config\Routes.php(167): CodeIgniter\Router\RouteCollection->match([...], 'logbook', '\\App\\Controllers\\Kabid\\C_LogbookKabid::index')
 3 SYSTEMPATH\Router\RouteCollection.php(799): CodeIgniter\Router\RouteCollection::{closure:C:\Users\ASUS\Downloads\Projectmagang_dr\Projectmagang_dr\app\Config\Routes.php:153}(Object(CodeIgniter\Router\RouteCollection))
 4 APPPATH\Config\Routes.php(153): CodeIgniter\Router\RouteCollection->group('kabid', [...], Object(Closure))
 5 SYSTEMPATH\Router\RouteCollection.php(339): require('C:\\Users\\ASUS\\Downloads\\Projectmagang_dr\\Projectmagang_dr\\app\\Config\\Routes.php')
 6 SYSTEMPATH\CodeIgniter.php(841): CodeIgniter\Router\RouteCollection->loadRoutes()
 7 SYSTEMPATH\CodeIgniter.php(464): CodeIgniter\CodeIgniter->tryToRouteIt(null)
 8 SYSTEMPATH\CodeIgniter.php(363): CodeIgniter\CodeIgniter->handleRequest(null, Object(Config\Cache), false)
 9 SYSTEMPATH\Boot.php(417): CodeIgniter\CodeIgniter->run()
10 SYSTEMPATH\Boot.php(68): CodeIgniter\Boot::runCodeIgniter(Object(CodeIgniter\CodeIgniter))
11 FCPATH\index.php(59): CodeIgniter\Boot::bootWeb(Object(Config\Paths))
12 SYSTEMPATH\rewrite.php(44): require_once('C:\\Users\\ASUS\\Downloads\\Projectmagang_dr\\Projectmagang_dr\\public\\index.php')
WARNING - 2026-08-24 07:28:42 --> [DEPRECATED] Passing lowercase HTTP method "post" is deprecated. Use uppercase HTTP method like "POST". in SYSTEMPATH\Router\RouteCollection.php on line 1026.
 1 SYSTEMPATH\Router\RouteCollection.php(1026): trigger_error('Passing lowercase HTTP method "post" is deprecated. Use uppercase HTTP method like "POST".', 16384)
 2 APPPATH\Config\Routes.php(167): CodeIgniter\Router\RouteCollection->match([...], 'logbook', '\\App\\Controllers\\Kabid\\C_LogbookKabid::index')
 3 SYSTEMPATH\Router\RouteCollection.php(799): CodeIgniter\Router\RouteCollection::{closure:C:\Users\ASUS\Downloads\Projectmagang_dr\Projectmagang_dr\app\Config\Routes.php:153}(Object(CodeIgniter\Router\RouteCollection))
 4 APPPATH\Config\Routes.php(153): CodeIgniter\Router\RouteCollection->group('kabid', [...], Object(Closure))
 5 SYSTEMPATH\Router\RouteCollection.php(339): require('C:\\Users\\ASUS\\Downloads\\Projectmagang_dr\\Projectmagang_dr\\app\\Config\\Routes.php')
 6 SYSTEMPATH\CodeIgniter.php(841): CodeIgniter\Router\RouteCollection->loadRoutes()
 7 SYSTEMPATH\CodeIgniter.php(464): CodeIgniter\CodeIgniter->tryToRouteIt(null)
 8 SYSTEMPATH\CodeIgniter.php(363): CodeIgniter\CodeIgniter->handleRequest(null, Object(Config\Cache), false)
 9 SYSTEMPATH\Boot.php(417): CodeIgniter\CodeIgniter->run()
10 SYSTEMPATH\Boot.php(68): CodeIgniter\Boot::runCodeIgniter(Object(CodeIgniter\CodeIgniter))
11 FCPATH\index.php(59): CodeIgniter\Boot::bootWeb(Object(Config\Paths))
12 SYSTEMPATH\rewrite.php(44): require_once('C:\\Users\\ASUS\\Downloads\\Projectmagang_dr\\Projectmagang_dr\\public\\index.php')
WARNING - 2026-08-24 07:28:42 --> [DEPRECATED] Passing lowercase HTTP method "get" is deprecated. Use uppercase HTTP method like "GET". in SYSTEMPATH\Router\RouteCollection.php on line 1026.
 1 SYSTEMPATH\Router\RouteCollection.php(1026): trigger_error('Passing lowercase HTTP method "get" is deprecated. Use uppercase HTTP method like "GET".', 16384)
 2 APPPATH\Config\Routes.php(179): CodeIgniter\Router\RouteCollection->match([...], 'upload-dokumen', '\\App\\Controllers\\Kabid\\C_UploadDokumen::index')
 3 SYSTEMPATH\Router\RouteCollection.php(799): CodeIgniter\Router\RouteCollection::{closure:C:\Users\ASUS\Downloads\Projectmagang_dr\Projectmagang_dr\app\Config\Routes.php:153}(Object(CodeIgniter\Router\RouteCollection))
 4 APPPATH\Config\Routes.php(153): CodeIgniter\Router\RouteCollection->group('kabid', [...], Object(Closure))
 5 SYSTEMPATH\Router\RouteCollection.php(339): require('C:\\Users\\ASUS\\Downloads\\Projectmagang_dr\\Projectmagang_dr\\app\\Config\\Routes.php')
 6 SYSTEMPATH\CodeIgniter.php(841): CodeIgniter\Router\RouteCollection->loadRoutes()
 7 SYSTEMPATH\CodeIgniter.php(464): CodeIgniter\CodeIgniter->tryToRouteIt(null)
 8 SYSTEMPATH\CodeIgniter.php(363): CodeIgniter\CodeIgniter->handleRequest(null, Object(Config\Cache), false)
 9 SYSTEMPATH\Boot.php(417): CodeIgniter\CodeIgniter->run()
10 SYSTEMPATH\Boot.php(68): CodeIgniter\Boot::runCodeIgniter(Object(CodeIgniter\CodeIgniter))
11 FCPATH\index.php(59): CodeIgniter\Boot::bootWeb(Object(Config\Paths))
12 SYSTEMPATH\rewrite.php(44): require_once('C:\\Users\\ASUS\\Downloads\\Projectmagang_dr\\Projectmagang_dr\\public\\index.php')
WARNING - 2026-08-24 07:28:42 --> [DEPRECATED] Passing lowercase HTTP method "post" is deprecated. Use uppercase HTTP method like "POST". in SYSTEMPATH\Router\RouteCollection.php on line 1026.
 1 SYSTEMPATH\Router\RouteCollection.php(1026): trigger_error('Passing lowercase HTTP method "post" is deprecated. Use uppercase HTTP method like "POST".', 16384)
 2 APPPATH\Config\Routes.php(179): CodeIgniter\Router\RouteCollection->match([...], 'upload-dokumen', '\\App\\Controllers\\Kabid\\C_UploadDokumen::index')
 3 SYSTEMPATH\Router\RouteCollection.php(799): CodeIgniter\Router\RouteCollection::{closure:C:\Users\ASUS\Downloads\Projectmagang_dr\Projectmagang_dr\app\Config\Routes.php:153}(Object(CodeIgniter\Router\RouteCollection))
 4 APPPATH\Config\Routes.php(153): CodeIgniter\Router\RouteCollection->group('kabid', [...], Object(Closure))
 5 SYSTEMPATH\Router\RouteCollection.php(339): require('C:\\Users\\ASUS\\Downloads\\Projectmagang_dr\\Projectmagang_dr\\app\\Config\\Routes.php')
 6 SYSTEMPATH\CodeIgniter.php(841): CodeIgniter\Router\RouteCollection->loadRoutes()
 7 SYSTEMPATH\CodeIgniter.php(464): CodeIgniter\CodeIgniter->tryToRouteIt(null)
 8 SYSTEMPATH\CodeIgniter.php(363): CodeIgniter\CodeIgniter->handleRequest(null, Object(Config\Cache), false)
 9 SYSTEMPATH\Boot.php(417): CodeIgniter\CodeIgniter->run()
10 SYSTEMPATH\Boot.php(68): CodeIgniter\Boot::runCodeIgniter(Object(CodeIgniter\CodeIgniter))
11 FCPATH\index.php(59): CodeIgniter\Boot::bootWeb(Object(Config\Paths))
12 SYSTEMPATH\rewrite.php(44): require_once('C:\\Users\\ASUS\\Downloads\\Projectmagang_dr\\Projectmagang_dr\\public\\index.php')
DEBUG - 2026-08-24 07:28:42 --> Session: Class initialized using 'CodeIgniter\Session\Handlers\FileHandler' driver.
WARNING - 2026-08-24 07:28:43 --> [DEPRECATED] Passing lowercase HTTP method "get" is deprecated. Use uppercase HTTP method like "GET". in SYSTEMPATH\Router\RouteCollection.php on line 1026.
 1 SYSTEMPATH\Router\RouteCollection.php(1026): trigger_error('Passing lowercase HTTP method "get" is deprecated. Use uppercase HTTP method like "GET".', 16384)
 2 APPPATH\Config\Routes.php(77): CodeIgniter\Router\RouteCollection->match([...], 'logbook', 'C_Logbook::logbook')
 3 SYSTEMPATH\Router\RouteCollection.php(799): CodeIgniter\Router\RouteCollection::{closure:C:\Users\ASUS\Downloads\Projectmagang_dr\Projectmagang_dr\app\Config\Routes.php:59}(Object(CodeIgniter\Router\RouteCollection))
 4 APPPATH\Config\Routes.php(59): CodeIgniter\Router\RouteCollection->group('mahasiswa', [...], Object(Closure))
 5 SYSTEMPATH\Router\RouteCollection.php(339): require('C:\\Users\\ASUS\\Downloads\\Projectmagang_dr\\Projectmagang_dr\\app\\Config\\Routes.php')
 6 SYSTEMPATH\CodeIgniter.php(841): CodeIgniter\Router\RouteCollection->loadRoutes()
 7 SYSTEMPATH\CodeIgniter.php(464): CodeIgniter\CodeIgniter->tryToRouteIt(null)
 8 SYSTEMPATH\CodeIgniter.php(363): CodeIgniter\CodeIgniter->handleRequest(null, Object(Config\Cache), false)
 9 SYSTEMPATH\Boot.php(417): CodeIgniter\CodeIgniter->run()
10 SYSTEMPATH\Boot.php(68): CodeIgniter\Boot::runCodeIgniter(Object(CodeIgniter\CodeIgniter))
11 FCPATH\index.php(59): CodeIgniter\Boot::bootWeb(Object(Config\Paths))
12 SYSTEMPATH\rewrite.php(44): require_once('C:\\Users\\ASUS\\Downloads\\Projectmagang_dr\\Projectmagang_dr\\public\\index.php')
WARNING - 2026-08-24 07:28:43 --> [DEPRECATED] Passing lowercase HTTP method "post" is deprecated. Use uppercase HTTP method like "POST". in SYSTEMPATH\Router\RouteCollection.php on line 1026.
 1 SYSTEMPATH\Router\RouteCollection.php(1026): trigger_error('Passing lowercase HTTP method "post" is deprecated. Use uppercase HTTP method like "POST".', 16384)
 2 APPPATH\Config\Routes.php(77): CodeIgniter\Router\RouteCollection->match([...], 'logbook', 'C_Logbook::logbook')
 3 SYSTEMPATH\Router\RouteCollection.php(799): CodeIgniter\Router\RouteCollection::{closure:C:\Users\ASUS\Downloads\Projectmagang_dr\Projectmagang_dr\app\Config\Routes.php:59}(Object(CodeIgniter\Router\RouteCollection))
 4 APPPATH\Config\Routes.php(59): CodeIgniter\Router\RouteCollection->group('mahasiswa', [...], Object(Closure))
 5 SYSTEMPATH\Router\RouteCollection.php(339): require('C:\\Users\\ASUS\\Downloads\\Projectmagang_dr\\Projectmagang_dr\\app\\Config\\Routes.php')
 6 SYSTEMPATH\CodeIgniter.php(841): CodeIgniter\Router\RouteCollection->loadRoutes()
 7 SYSTEMPATH\CodeIgniter.php(464): CodeIgniter\CodeIgniter->tryToRouteIt(null)
 8 SYSTEMPATH\CodeIgniter.php(363): CodeIgniter\CodeIgniter->handleRequest(null, Object(Config\Cache), false)
 9 SYSTEMPATH\Boot.php(417): CodeIgniter\CodeIgniter->run()
10 SYSTEMPATH\Boot.php(68): CodeIgniter\Boot::runCodeIgniter(Object(CodeIgniter\CodeIgniter))
11 FCPATH\index.php(59): CodeIgniter\Boot::bootWeb(Object(Config\Paths))
12 SYSTEMPATH\rewrite.php(44): require_once('C:\\Users\\ASUS\\Downloads\\Projectmagang_dr\\Projectmagang_dr\\public\\index.php')
WARNING - 2026-08-24 07:28:43 --> [DEPRECATED] Passing lowercase HTTP method "get" is deprecated. Use uppercase HTTP method like "GET". in SYSTEMPATH\Router\RouteCollection.php on line 1026.
 1 SYSTEMPATH\Router\RouteCollection.php(1026): trigger_error('Passing lowercase HTTP method "get" is deprecated. Use uppercase HTTP method like "GET".', 16384)
 2 APPPATH\Config\Routes.php(95): CodeIgniter\Router\RouteCollection->match([...], 'verifikasi', '\\App\\Controllers\\Sekretariat\\C_Verifikasi::index')
 3 SYSTEMPATH\Router\RouteCollection.php(799): CodeIgniter\Router\RouteCollection::{closure:C:\Users\ASUS\Downloads\Projectmagang_dr\Projectmagang_dr\app\Config\Routes.php:89}(Object(CodeIgniter\Router\RouteCollection))
 4 APPPATH\Config\Routes.php(89): CodeIgniter\Router\RouteCollection->group('sekretariat', [...], Object(Closure))
 5 SYSTEMPATH\Router\RouteCollection.php(339): require('C:\\Users\\ASUS\\Downloads\\Projectmagang_dr\\Projectmagang_dr\\app\\Config\\Routes.php')
 6 SYSTEMPATH\CodeIgniter.php(841): CodeIgniter\Router\RouteCollection->loadRoutes()
 7 SYSTEMPATH\CodeIgniter.php(464): CodeIgniter\CodeIgniter->tryToRouteIt(null)
 8 SYSTEMPATH\CodeIgniter.php(363): CodeIgniter\CodeIgniter->handleRequest(null, Object(Config\Cache), false)
 9 SYSTEMPATH\Boot.php(417): CodeIgniter\CodeIgniter->run()
10 SYSTEMPATH\Boot.php(68): CodeIgniter\Boot::runCodeIgniter(Object(CodeIgniter\CodeIgniter))
11 FCPATH\index.php(59): CodeIgniter\Boot::bootWeb(Object(Config\Paths))
12 SYSTEMPATH\rewrite.php(44): require_once('C:\\Users\\ASUS\\Downloads\\Projectmagang_dr\\Projectmagang_dr\\public\\index.php')
WARNING - 2026-08-24 07:28:43 --> [DEPRECATED] Passing lowercase HTTP method "post" is deprecated. Use uppercase HTTP method like "POST". in SYSTEMPATH\Router\RouteCollection.php on line 1026.
 1 SYSTEMPATH\Router\RouteCollection.php(1026): trigger_error('Passing lowercase HTTP method "post" is deprecated. Use uppercase HTTP method like "POST".', 16384)
 2 APPPATH\Config\Routes.php(95): CodeIgniter\Router\RouteCollection->match([...], 'verifikasi', '\\App\\Controllers\\Sekretariat\\C_Verifikasi::index')
 3 SYSTEMPATH\Router\RouteCollection.php(799): CodeIgniter\Router\RouteCollection::{closure:C:\Users\ASUS\Downloads\Projectmagang_dr\Projectmagang_dr\app\Config\Routes.php:89}(Object(CodeIgniter\Router\RouteCollection))
 4 APPPATH\Config\Routes.php(89): CodeIgniter\Router\RouteCollection->group('sekretariat', [...], Object(Closure))
 5 SYSTEMPATH\Router\RouteCollection.php(339): require('C:\\Users\\ASUS\\Downloads\\Projectmagang_dr\\Projectmagang_dr\\app\\Config\\Routes.php')
 6 SYSTEMPATH\CodeIgniter.php(841): CodeIgniter\Router\RouteCollection->loadRoutes()
 7 SYSTEMPATH\CodeIgniter.php(464): CodeIgniter\CodeIgniter->tryToRouteIt(null)
 8 SYSTEMPATH\CodeIgniter.php(363): CodeIgniter\CodeIgniter->handleRequest(null, Object(Config\Cache), false)
 9 SYSTEMPATH\Boot.php(417): CodeIgniter\CodeIgniter->run()
10 SYSTEMPATH\Boot.php(68): CodeIgniter\Boot::runCodeIgniter(Object(CodeIgniter\CodeIgniter))
11 FCPATH\index.php(59): CodeIgniter\Boot::bootWeb(Object(Config\Paths))
12 SYSTEMPATH\rewrite.php(44): require_once('C:\\Users\\ASUS\\Downloads\\Projectmagang_dr\\Projectmagang_dr\\public\\index.php')
WARNING - 2026-08-24 07:28:43 --> [DEPRECATED] Passing lowercase HTTP method "get" is deprecated. Use uppercase HTTP method like "GET". in SYSTEMPATH\Router\RouteCollection.php on line 1026.
 1 SYSTEMPATH\Router\RouteCollection.php(1026): trigger_error('Passing lowercase HTTP method "get" is deprecated. Use uppercase HTTP method like "GET".', 16384)
 2 APPPATH\Config\Routes.php(144): CodeIgniter\Router\RouteCollection->match([...], 'upload-surat-penerimaan', '\\App\\Controllers\\Sekretariat\\C_UploadSuratPenerimaan::index')
 3 SYSTEMPATH\Router\RouteCollection.php(799): CodeIgniter\Router\RouteCollection::{closure:C:\Users\ASUS\Downloads\Projectmagang_dr\Projectmagang_dr\app\Config\Routes.php:89}(Object(CodeIgniter\Router\RouteCollection))
 4 APPPATH\Config\Routes.php(89): CodeIgniter\Router\RouteCollection->group('sekretariat', [...], Object(Closure))
 5 SYSTEMPATH\Router\RouteCollection.php(339): require('C:\\Users\\ASUS\\Downloads\\Projectmagang_dr\\Projectmagang_dr\\app\\Config\\Routes.php')
 6 SYSTEMPATH\CodeIgniter.php(841): CodeIgniter\Router\RouteCollection->loadRoutes()
 7 SYSTEMPATH\CodeIgniter.php(464): CodeIgniter\CodeIgniter->tryToRouteIt(null)
 8 SYSTEMPATH\CodeIgniter.php(363): CodeIgniter\CodeIgniter->handleRequest(null, Object(Config\Cache), false)
 9 SYSTEMPATH\Boot.php(417): CodeIgniter\CodeIgniter->run()
10 SYSTEMPATH\Boot.php(68): CodeIgniter\Boot::runCodeIgniter(Object(CodeIgniter\CodeIgniter))
11 FCPATH\index.php(59): CodeIgniter\Boot::bootWeb(Object(Config\Paths))
12 SYSTEMPATH\rewrite.php(44): require_once('C:\\Users\\ASUS\\Downloads\\Projectmagang_dr\\Projectmagang_dr\\public\\index.php')
WARNING - 2026-08-24 07:28:43 --> [DEPRECATED] Passing lowercase HTTP method "post" is deprecated. Use uppercase HTTP method like "POST". in SYSTEMPATH\Router\RouteCollection.php on line 1026.
 1 SYSTEMPATH\Router\RouteCollection.php(1026): trigger_error('Passing lowercase HTTP method "post" is deprecated. Use uppercase HTTP method like "POST".', 16384)
 2 APPPATH\Config\Routes.php(144): CodeIgniter\Router\RouteCollection->match([...], 'upload-surat-penerimaan', '\\App\\Controllers\\Sekretariat\\C_UploadSuratPenerimaan::index')
 3 SYSTEMPATH\Router\RouteCollection.php(799): CodeIgniter\Router\RouteCollection::{closure:C:\Users\ASUS\Downloads\Projectmagang_dr\Projectmagang_dr\app\Config\Routes.php:89}(Object(CodeIgniter\Router\RouteCollection))
 4 APPPATH\Config\Routes.php(89): CodeIgniter\Router\RouteCollection->group('sekretariat', [...], Object(Closure))
 5 SYSTEMPATH\Router\RouteCollection.php(339): require('C:\\Users\\ASUS\\Downloads\\Projectmagang_dr\\Projectmagang_dr\\app\\Config\\Routes.php')
 6 SYSTEMPATH\CodeIgniter.php(841): CodeIgniter\Router\RouteCollection->loadRoutes()
 7 SYSTEMPATH\CodeIgniter.php(464): CodeIgniter\CodeIgniter->tryToRouteIt(null)
 8 SYSTEMPATH\CodeIgniter.php(363): CodeIgniter\CodeIgniter->handleRequest(null, Object(Config\Cache), false)
 9 SYSTEMPATH\Boot.php(417): CodeIgniter\CodeIgniter->run()
10 SYSTEMPATH\Boot.php(68): CodeIgniter\Boot::runCodeIgniter(Object(CodeIgniter\CodeIgniter))
11 FCPATH\index.php(59): CodeIgniter\Boot::bootWeb(Object(Config\Paths))
12 SYSTEMPATH\rewrite.php(44): require_once('C:\\Users\\ASUS\\Downloads\\Projectmagang_dr\\Projectmagang_dr\\public\\index.php')
WARNING - 2026-08-24 07:28:43 --> [DEPRECATED] Passing lowercase HTTP method "get" is deprecated. Use uppercase HTTP method like "GET". in SYSTEMPATH\Router\RouteCollection.php on line 1026.
 1 SYSTEMPATH\Router\RouteCollection.php(1026): trigger_error('Passing lowercase HTTP method "get" is deprecated. Use uppercase HTTP method like "GET".', 16384)
 2 APPPATH\Config\Routes.php(167): CodeIgniter\Router\RouteCollection->match([...], 'logbook', '\\App\\Controllers\\Kabid\\C_LogbookKabid::index')
 3 SYSTEMPATH\Router\RouteCollection.php(799): CodeIgniter\Router\RouteCollection::{closure:C:\Users\ASUS\Downloads\Projectmagang_dr\Projectmagang_dr\app\Config\Routes.php:153}(Object(CodeIgniter\Router\RouteCollection))
 4 APPPATH\Config\Routes.php(153): CodeIgniter\Router\RouteCollection->group('kabid', [...], Object(Closure))
 5 SYSTEMPATH\Router\RouteCollection.php(339): require('C:\\Users\\ASUS\\Downloads\\Projectmagang_dr\\Projectmagang_dr\\app\\Config\\Routes.php')
 6 SYSTEMPATH\CodeIgniter.php(841): CodeIgniter\Router\RouteCollection->loadRoutes()
 7 SYSTEMPATH\CodeIgniter.php(464): CodeIgniter\CodeIgniter->tryToRouteIt(null)
 8 SYSTEMPATH\CodeIgniter.php(363): CodeIgniter\CodeIgniter->handleRequest(null, Object(Config\Cache), false)
 9 SYSTEMPATH\Boot.php(417): CodeIgniter\CodeIgniter->run()
10 SYSTEMPATH\Boot.php(68): CodeIgniter\Boot::runCodeIgniter(Object(CodeIgniter\CodeIgniter))
11 FCPATH\index.php(59): CodeIgniter\Boot::bootWeb(Object(Config\Paths))
12 SYSTEMPATH\rewrite.php(44): require_once('C:\\Users\\ASUS\\Downloads\\Projectmagang_dr\\Projectmagang_dr\\public\\index.php')
WARNING - 2026-08-24 07:28:43 --> [DEPRECATED] Passing lowercase HTTP method "post" is deprecated. Use uppercase HTTP method like "POST". in SYSTEMPATH\Router\RouteCollection.php on line 1026.
 1 SYSTEMPATH\Router\RouteCollection.php(1026): trigger_error('Passing lowercase HTTP method "post" is deprecated. Use uppercase HTTP method like "POST".', 16384)
 2 APPPATH\Config\Routes.php(167): CodeIgniter\Router\RouteCollection->match([...], 'logbook', '\\App\\Controllers\\Kabid\\C_LogbookKabid::index')
 3 SYSTEMPATH\Router\RouteCollection.php(799): CodeIgniter\Router\RouteCollection::{closure:C:\Users\ASUS\Downloads\Projectmagang_dr\Projectmagang_dr\app\Config\Routes.php:153}(Object(CodeIgniter\Router\RouteCollection))
 4 APPPATH\Config\Routes.php(153): CodeIgniter\Router\RouteCollection->group('kabid', [...], Object(Closure))
 5 SYSTEMPATH\Router\RouteCollection.php(339): require('C:\\Users\\ASUS\\Downloads\\Projectmagang_dr\\Projectmagang_dr\\app\\Config\\Routes.php')
 6 SYSTEMPATH\CodeIgniter.php(841): CodeIgniter\Router\RouteCollection->loadRoutes()
 7 SYSTEMPATH\CodeIgniter.php(464): CodeIgniter\CodeIgniter->tryToRouteIt(null)
 8 SYSTEMPATH\CodeIgniter.php(363): CodeIgniter\CodeIgniter->handleRequest(null, Object(Config\Cache), false)
 9 SYSTEMPATH\Boot.php(417): CodeIgniter\CodeIgniter->run()
10 SYSTEMPATH\Boot.php(68): CodeIgniter\Boot::runCodeIgniter(Object(CodeIgniter\CodeIgniter))
11 FCPATH\index.php(59): CodeIgniter\Boot::bootWeb(Object(Config\Paths))
12 SYSTEMPATH\rewrite.php(44): require_once('C:\\Users\\ASUS\\Downloads\\Projectmagang_dr\\Projectmagang_dr\\public\\index.php')
WARNING - 2026-08-24 07:28:43 --> [DEPRECATED] Passing lowercase HTTP method "get" is deprecated. Use uppercase HTTP method like "GET". in SYSTEMPATH\Router\RouteCollection.php on line 1026.
 1 SYSTEMPATH\Router\RouteCollection.php(1026): trigger_error('Passing lowercase HTTP method "get" is deprecated. Use uppercase HTTP method like "GET".', 16384)
 2 APPPATH\Config\Routes.php(179): CodeIgniter\Router\RouteCollection->match([...], 'upload-dokumen', '\\App\\Controllers\\Kabid\\C_UploadDokumen::index')
 3 SYSTEMPATH\Router\RouteCollection.php(799): CodeIgniter\Router\RouteCollection::{closure:C:\Users\ASUS\Downloads\Projectmagang_dr\Projectmagang_dr\app\Config\Routes.php:153}(Object(CodeIgniter\Router\RouteCollection))
 4 APPPATH\Config\Routes.php(153): CodeIgniter\Router\RouteCollection->group('kabid', [...], Object(Closure))
 5 SYSTEMPATH\Router\RouteCollection.php(339): require('C:\\Users\\ASUS\\Downloads\\Projectmagang_dr\\Projectmagang_dr\\app\\Config\\Routes.php')
 6 SYSTEMPATH\CodeIgniter.php(841): CodeIgniter\Router\RouteCollection->loadRoutes()
 7 SYSTEMPATH\CodeIgniter.php(464): CodeIgniter\CodeIgniter->tryToRouteIt(null)
 8 SYSTEMPATH\CodeIgniter.php(363): CodeIgniter\CodeIgniter->handleRequest(null, Object(Config\Cache), false)
 9 SYSTEMPATH\Boot.php(417): CodeIgniter\CodeIgniter->run()
10 SYSTEMPATH\Boot.php(68): CodeIgniter\Boot::runCodeIgniter(Object(CodeIgniter\CodeIgniter))
11 FCPATH\index.php(59): CodeIgniter\Boot::bootWeb(Object(Config\Paths))
12 SYSTEMPATH\rewrite.php(44): require_once('C:\\Users\\ASUS\\Downloads\\Projectmagang_dr\\Projectmagang_dr\\public\\index.php')
WARNING - 2026-08-24 07:28:43 --> [DEPRECATED] Passing lowercase HTTP method "post" is deprecated. Use uppercase HTTP method like "POST". in SYSTEMPATH\Router\RouteCollection.php on line 1026.
 1 SYSTEMPATH\Router\RouteCollection.php(1026): trigger_error('Passing lowercase HTTP method "post" is deprecated. Use uppercase HTTP method like "POST".', 16384)
 2 APPPATH\Config\Routes.php(179): CodeIgniter\Router\RouteCollection->match([...], 'upload-dokumen', '\\App\\Controllers\\Kabid\\C_UploadDokumen::index')
 3 SYSTEMPATH\Router\RouteCollection.php(799): CodeIgniter\Router\RouteCollection::{closure:C:\Users\ASUS\Downloads\Projectmagang_dr\Projectmagang_dr\app\Config\Routes.php:153}(Object(CodeIgniter\Router\RouteCollection))
 4 APPPATH\Config\Routes.php(153): CodeIgniter\Router\RouteCollection->group('kabid', [...], Object(Closure))
 5 SYSTEMPATH\Router\RouteCollection.php(339): require('C:\\Users\\ASUS\\Downloads\\Projectmagang_dr\\Projectmagang_dr\\app\\Config\\Routes.php')
 6 SYSTEMPATH\CodeIgniter.php(841): CodeIgniter\Router\RouteCollection->loadRoutes()
 7 SYSTEMPATH\CodeIgniter.php(464): CodeIgniter\CodeIgniter->tryToRouteIt(null)
 8 SYSTEMPATH\CodeIgniter.php(363): CodeIgniter\CodeIgniter->handleRequest(null, Object(Config\Cache), false)
 9 SYSTEMPATH\Boot.php(417): CodeIgniter\CodeIgniter->run()
10 SYSTEMPATH\Boot.php(68): CodeIgniter\Boot::runCodeIgniter(Object(CodeIgniter\CodeIgniter))
11 FCPATH\index.php(59): CodeIgniter\Boot::bootWeb(Object(Config\Paths))
12 SYSTEMPATH\rewrite.php(44): require_once('C:\\Users\\ASUS\\Downloads\\Projectmagang_dr\\Projectmagang_dr\\public\\index.php')
DEBUG - 2026-08-24 07:28:43 --> Session: Class initialized using 'CodeIgniter\Session\Handlers\FileHandler' driver.
WARNING - 2026-08-24 07:28:44 --> [DEPRECATED] Passing lowercase HTTP method "get" is deprecated. Use uppercase HTTP method like "GET". in SYSTEMPATH\Router\RouteCollection.php on line 1026.
 1 SYSTEMPATH\Router\RouteCollection.php(1026): trigger_error('Passing lowercase HTTP method "get" is deprecated. Use uppercase HTTP method like "GET".', 16384)
 2 APPPATH\Config\Routes.php(77): CodeIgniter\Router\RouteCollection->match([...], 'logbook', 'C_Logbook::logbook')
 3 SYSTEMPATH\Router\RouteCollection.php(799): CodeIgniter\Router\RouteCollection::{closure:C:\Users\ASUS\Downloads\Projectmagang_dr\Projectmagang_dr\app\Config\Routes.php:59}(Object(CodeIgniter\Router\RouteCollection))
 4 APPPATH\Config\Routes.php(59): CodeIgniter\Router\RouteCollection->group('mahasiswa', [...], Object(Closure))
 5 SYSTEMPATH\Router\RouteCollection.php(339): require('C:\\Users\\ASUS\\Downloads\\Projectmagang_dr\\Projectmagang_dr\\app\\Config\\Routes.php')
 6 SYSTEMPATH\CodeIgniter.php(841): CodeIgniter\Router\RouteCollection->loadRoutes()
 7 SYSTEMPATH\CodeIgniter.php(464): CodeIgniter\CodeIgniter->tryToRouteIt(null)
 8 SYSTEMPATH\CodeIgniter.php(363): CodeIgniter\CodeIgniter->handleRequest(null, Object(Config\Cache), false)
 9 SYSTEMPATH\Boot.php(417): CodeIgniter\CodeIgniter->run()
10 SYSTEMPATH\Boot.php(68): CodeIgniter\Boot::runCodeIgniter(Object(CodeIgniter\CodeIgniter))
11 FCPATH\index.php(59): CodeIgniter\Boot::bootWeb(Object(Config\Paths))
12 SYSTEMPATH\rewrite.php(44): require_once('C:\\Users\\ASUS\\Downloads\\Projectmagang_dr\\Projectmagang_dr\\public\\index.php')
WARNING - 2026-08-24 07:28:44 --> [DEPRECATED] Passing lowercase HTTP method "post" is deprecated. Use uppercase HTTP method like "POST". in SYSTEMPATH\Router\RouteCollection.php on line 1026.
 1 SYSTEMPATH\Router\RouteCollection.php(1026): trigger_error('Passing lowercase HTTP method "post" is deprecated. Use uppercase HTTP method like "POST".', 16384)
 2 APPPATH\Config\Routes.php(77): CodeIgniter\Router\RouteCollection->match([...], 'logbook', 'C_Logbook::logbook')
 3 SYSTEMPATH\Router\RouteCollection.php(799): CodeIgniter\Router\RouteCollection::{closure:C:\Users\ASUS\Downloads\Projectmagang_dr\Projectmagang_dr\app\Config\Routes.php:59}(Object(CodeIgniter\Router\RouteCollection))
 4 APPPATH\Config\Routes.php(59): CodeIgniter\Router\RouteCollection->group('mahasiswa', [...], Object(Closure))
 5 SYSTEMPATH\Router\RouteCollection.php(339): require('C:\\Users\\ASUS\\Downloads\\Projectmagang_dr\\Projectmagang_dr\\app\\Config\\Routes.php')
 6 SYSTEMPATH\CodeIgniter.php(841): CodeIgniter\Router\RouteCollection->loadRoutes()
 7 SYSTEMPATH\CodeIgniter.php(464): CodeIgniter\CodeIgniter->tryToRouteIt(null)
 8 SYSTEMPATH\CodeIgniter.php(363): CodeIgniter\CodeIgniter->handleRequest(null, Object(Config\Cache), false)
 9 SYSTEMPATH\Boot.php(417): CodeIgniter\CodeIgniter->run()
10 SYSTEMPATH\Boot.php(68): CodeIgniter\Boot::runCodeIgniter(Object(CodeIgniter\CodeIgniter))
11 FCPATH\index.php(59): CodeIgniter\Boot::bootWeb(Object(Config\Paths))
12 SYSTEMPATH\rewrite.php(44): require_once('C:\\Users\\ASUS\\Downloads\\Projectmagang_dr\\Projectmagang_dr\\public\\index.php')
WARNING - 2026-08-24 07:28:44 --> [DEPRECATED] Passing lowercase HTTP method "get" is deprecated. Use uppercase HTTP method like "GET". in SYSTEMPATH\Router\RouteCollection.php on line 1026.
 1 SYSTEMPATH\Router\RouteCollection.php(1026): trigger_error('Passing lowercase HTTP method "get" is deprecated. Use uppercase HTTP method like "GET".', 16384)
 2 APPPATH\Config\Routes.php(95): CodeIgniter\Router\RouteCollection->match([...], 'verifikasi', '\\App\\Controllers\\Sekretariat\\C_Verifikasi::index')
 3 SYSTEMPATH\Router\RouteCollection.php(799): CodeIgniter\Router\RouteCollection::{closure:C:\Users\ASUS\Downloads\Projectmagang_dr\Projectmagang_dr\app\Config\Routes.php:89}(Object(CodeIgniter\Router\RouteCollection))
 4 APPPATH\Config\Routes.php(89): CodeIgniter\Router\RouteCollection->group('sekretariat', [...], Object(Closure))
 5 SYSTEMPATH\Router\RouteCollection.php(339): require('C:\\Users\\ASUS\\Downloads\\Projectmagang_dr\\Projectmagang_dr\\app\\Config\\Routes.php')
 6 SYSTEMPATH\CodeIgniter.php(841): CodeIgniter\Router\RouteCollection->loadRoutes()
 7 SYSTEMPATH\CodeIgniter.php(464): CodeIgniter\CodeIgniter->tryToRouteIt(null)
 8 SYSTEMPATH\CodeIgniter.php(363): CodeIgniter\CodeIgniter->handleRequest(null, Object(Config\Cache), false)
 9 SYSTEMPATH\Boot.php(417): CodeIgniter\CodeIgniter->run()
10 SYSTEMPATH\Boot.php(68): CodeIgniter\Boot::runCodeIgniter(Object(CodeIgniter\CodeIgniter))
11 FCPATH\index.php(59): CodeIgniter\Boot::bootWeb(Object(Config\Paths))
12 SYSTEMPATH\rewrite.php(44): require_once('C:\\Users\\ASUS\\Downloads\\Projectmagang_dr\\Projectmagang_dr\\public\\index.php')
WARNING - 2026-08-24 07:28:44 --> [DEPRECATED] Passing lowercase HTTP method "post" is deprecated. Use uppercase HTTP method like "POST". in SYSTEMPATH\Router\RouteCollection.php on line 1026.
 1 SYSTEMPATH\Router\RouteCollection.php(1026): trigger_error('Passing lowercase HTTP method "post" is deprecated. Use uppercase HTTP method like "POST".', 16384)
 2 APPPATH\Config\Routes.php(95): CodeIgniter\Router\RouteCollection->match([...], 'verifikasi', '\\App\\Controllers\\Sekretariat\\C_Verifikasi::index')
 3 SYSTEMPATH\Router\RouteCollection.php(799): CodeIgniter\Router\RouteCollection::{closure:C:\Users\ASUS\Downloads\Projectmagang_dr\Projectmagang_dr\app\Config\Routes.php:89}(Object(CodeIgniter\Router\RouteCollection))
 4 APPPATH\Config\Routes.php(89): CodeIgniter\Router\RouteCollection->group('sekretariat', [...], Object(Closure))
 5 SYSTEMPATH\Router\RouteCollection.php(339): require('C:\\Users\\ASUS\\Downloads\\Projectmagang_dr\\Projectmagang_dr\\app\\Config\\Routes.php')
 6 SYSTEMPATH\CodeIgniter.php(841): CodeIgniter\Router\RouteCollection->loadRoutes()
 7 SYSTEMPATH\CodeIgniter.php(464): CodeIgniter\CodeIgniter->tryToRouteIt(null)
 8 SYSTEMPATH\CodeIgniter.php(363): CodeIgniter\CodeIgniter->handleRequest(null, Object(Config\Cache), false)
 9 SYSTEMPATH\Boot.php(417): CodeIgniter\CodeIgniter->run()
10 SYSTEMPATH\Boot.php(68): CodeIgniter\Boot::runCodeIgniter(Object(CodeIgniter\CodeIgniter))
11 FCPATH\index.php(59): CodeIgniter\Boot::bootWeb(Object(Config\Paths))
12 SYSTEMPATH\rewrite.php(44): require_once('C:\\Users\\ASUS\\Downloads\\Projectmagang_dr\\Projectmagang_dr\\public\\index.php')
WARNING - 2026-08-24 07:28:44 --> [DEPRECATED] Passing lowercase HTTP method "get" is deprecated. Use uppercase HTTP method like "GET". in SYSTEMPATH\Router\RouteCollection.php on line 1026.
 1 SYSTEMPATH\Router\RouteCollection.php(1026): trigger_error('Passing lowercase HTTP method "get" is deprecated. Use uppercase HTTP method like "GET".', 16384)
 2 APPPATH\Config\Routes.php(144): CodeIgniter\Router\RouteCollection->match([...], 'upload-surat-penerimaan', '\\App\\Controllers\\Sekretariat\\C_UploadSuratPenerimaan::index')
 3 SYSTEMPATH\Router\RouteCollection.php(799): CodeIgniter\Router\RouteCollection::{closure:C:\Users\ASUS\Downloads\Projectmagang_dr\Projectmagang_dr\app\Config\Routes.php:89}(Object(CodeIgniter\Router\RouteCollection))
 4 APPPATH\Config\Routes.php(89): CodeIgniter\Router\RouteCollection->group('sekretariat', [...], Object(Closure))
 5 SYSTEMPATH\Router\RouteCollection.php(339): require('C:\\Users\\ASUS\\Downloads\\Projectmagang_dr\\Projectmagang_dr\\app\\Config\\Routes.php')
 6 SYSTEMPATH\CodeIgniter.php(841): CodeIgniter\Router\RouteCollection->loadRoutes()
 7 SYSTEMPATH\CodeIgniter.php(464): CodeIgniter\CodeIgniter->tryToRouteIt(null)
 8 SYSTEMPATH\CodeIgniter.php(363): CodeIgniter\CodeIgniter->handleRequest(null, Object(Config\Cache), false)
 9 SYSTEMPATH\Boot.php(417): CodeIgniter\CodeIgniter->run()
10 SYSTEMPATH\Boot.php(68): CodeIgniter\Boot::runCodeIgniter(Object(CodeIgniter\CodeIgniter))
11 FCPATH\index.php(59): CodeIgniter\Boot::bootWeb(Object(Config\Paths))
12 SYSTEMPATH\rewrite.php(44): require_once('C:\\Users\\ASUS\\Downloads\\Projectmagang_dr\\Projectmagang_dr\\public\\index.php')
WARNING - 2026-08-24 07:28:44 --> [DEPRECATED] Passing lowercase HTTP method "post" is deprecated. Use uppercase HTTP method like "POST". in SYSTEMPATH\Router\RouteCollection.php on line 1026.
 1 SYSTEMPATH\Router\RouteCollection.php(1026): trigger_error('Passing lowercase HTTP method "post" is deprecated. Use uppercase HTTP method like "POST".', 16384)
 2 APPPATH\Config\Routes.php(144): CodeIgniter\Router\RouteCollection->match([...], 'upload-surat-penerimaan', '\\App\\Controllers\\Sekretariat\\C_UploadSuratPenerimaan::index')
 3 SYSTEMPATH\Router\RouteCollection.php(799): CodeIgniter\Router\RouteCollection::{closure:C:\Users\ASUS\Downloads\Projectmagang_dr\Projectmagang_dr\app\Config\Routes.php:89}(Object(CodeIgniter\Router\RouteCollection))
 4 APPPATH\Config\Routes.php(89): CodeIgniter\Router\RouteCollection->group('sekretariat', [...], Object(Closure))
 5 SYSTEMPATH\Router\RouteCollection.php(339): require('C:\\Users\\ASUS\\Downloads\\Projectmagang_dr\\Projectmagang_dr\\app\\Config\\Routes.php')
 6 SYSTEMPATH\CodeIgniter.php(841): CodeIgniter\Router\RouteCollection->loadRoutes()
 7 SYSTEMPATH\CodeIgniter.php(464): CodeIgniter\CodeIgniter->tryToRouteIt(null)
 8 SYSTEMPATH\CodeIgniter.php(363): CodeIgniter\CodeIgniter->handleRequest(null, Object(Config\Cache), false)
 9 SYSTEMPATH\Boot.php(417): CodeIgniter\CodeIgniter->run()
10 SYSTEMPATH\Boot.php(68): CodeIgniter\Boot::runCodeIgniter(Object(CodeIgniter\CodeIgniter))
11 FCPATH\index.php(59): CodeIgniter\Boot::bootWeb(Object(Config\Paths))
12 SYSTEMPATH\rewrite.php(44): require_once('C:\\Users\\ASUS\\Downloads\\Projectmagang_dr\\Projectmagang_dr\\public\\index.php')
WARNING - 2026-08-24 07:28:44 --> [DEPRECATED] Passing lowercase HTTP method "get" is deprecated. Use uppercase HTTP method like "GET". in SYSTEMPATH\Router\RouteCollection.php on line 1026.
 1 SYSTEMPATH\Router\RouteCollection.php(1026): trigger_error('Passing lowercase HTTP method "get" is deprecated. Use uppercase HTTP method like "GET".', 16384)
 2 APPPATH\Config\Routes.php(167): CodeIgniter\Router\RouteCollection->match([...], 'logbook', '\\App\\Controllers\\Kabid\\C_LogbookKabid::index')
 3 SYSTEMPATH\Router\RouteCollection.php(799): CodeIgniter\Router\RouteCollection::{closure:C:\Users\ASUS\Downloads\Projectmagang_dr\Projectmagang_dr\app\Config\Routes.php:153}(Object(CodeIgniter\Router\RouteCollection))
 4 APPPATH\Config\Routes.php(153): CodeIgniter\Router\RouteCollection->group('kabid', [...], Object(Closure))
 5 SYSTEMPATH\Router\RouteCollection.php(339): require('C:\\Users\\ASUS\\Downloads\\Projectmagang_dr\\Projectmagang_dr\\app\\Config\\Routes.php')
 6 SYSTEMPATH\CodeIgniter.php(841): CodeIgniter\Router\RouteCollection->loadRoutes()
 7 SYSTEMPATH\CodeIgniter.php(464): CodeIgniter\CodeIgniter->tryToRouteIt(null)
 8 SYSTEMPATH\CodeIgniter.php(363): CodeIgniter\CodeIgniter->handleRequest(null, Object(Config\Cache), false)
 9 SYSTEMPATH\Boot.php(417): CodeIgniter\CodeIgniter->run()
10 SYSTEMPATH\Boot.php(68): CodeIgniter\Boot::runCodeIgniter(Object(CodeIgniter\CodeIgniter))
11 FCPATH\index.php(59): CodeIgniter\Boot::bootWeb(Object(Config\Paths))
12 SYSTEMPATH\rewrite.php(44): require_once('C:\\Users\\ASUS\\Downloads\\Projectmagang_dr\\Projectmagang_dr\\public\\index.php')
WARNING - 2026-08-24 07:28:44 --> [DEPRECATED] Passing lowercase HTTP method "post" is deprecated. Use uppercase HTTP method like "POST". in SYSTEMPATH\Router\RouteCollection.php on line 1026.
 1 SYSTEMPATH\Router\RouteCollection.php(1026): trigger_error('Passing lowercase HTTP method "post" is deprecated. Use uppercase HTTP method like "POST".', 16384)
 2 APPPATH\Config\Routes.php(167): CodeIgniter\Router\RouteCollection->match([...], 'logbook', '\\App\\Controllers\\Kabid\\C_LogbookKabid::index')
 3 SYSTEMPATH\Router\RouteCollection.php(799): CodeIgniter\Router\RouteCollection::{closure:C:\Users\ASUS\Downloads\Projectmagang_dr\Projectmagang_dr\app\Config\Routes.php:153}(Object(CodeIgniter\Router\RouteCollection))
 4 APPPATH\Config\Routes.php(153): CodeIgniter\Router\RouteCollection->group('kabid', [...], Object(Closure))
 5 SYSTEMPATH\Router\RouteCollection.php(339): require('C:\\Users\\ASUS\\Downloads\\Projectmagang_dr\\Projectmagang_dr\\app\\Config\\Routes.php')
 6 SYSTEMPATH\CodeIgniter.php(841): CodeIgniter\Router\RouteCollection->loadRoutes()
 7 SYSTEMPATH\CodeIgniter.php(464): CodeIgniter\CodeIgniter->tryToRouteIt(null)
 8 SYSTEMPATH\CodeIgniter.php(363): CodeIgniter\CodeIgniter->handleRequest(null, Object(Config\Cache), false)
 9 SYSTEMPATH\Boot.php(417): CodeIgniter\CodeIgniter->run()
10 SYSTEMPATH\Boot.php(68): CodeIgniter\Boot::runCodeIgniter(Object(CodeIgniter\CodeIgniter))
11 FCPATH\index.php(59): CodeIgniter\Boot::bootWeb(Object(Config\Paths))
12 SYSTEMPATH\rewrite.php(44): require_once('C:\\Users\\ASUS\\Downloads\\Projectmagang_dr\\Projectmagang_dr\\public\\index.php')
WARNING - 2026-08-24 07:28:44 --> [DEPRECATED] Passing lowercase HTTP method "get" is deprecated. Use uppercase HTTP method like "GET". in SYSTEMPATH\Router\RouteCollection.php on line 1026.
 1 SYSTEMPATH\Router\RouteCollection.php(1026): trigger_error('Passing lowercase HTTP method "get" is deprecated. Use uppercase HTTP method like "GET".', 16384)
 2 APPPATH\Config\Routes.php(179): CodeIgniter\Router\RouteCollection->match([...], 'upload-dokumen', '\\App\\Controllers\\Kabid\\C_UploadDokumen::index')
 3 SYSTEMPATH\Router\RouteCollection.php(799): CodeIgniter\Router\RouteCollection::{closure:C:\Users\ASUS\Downloads\Projectmagang_dr\Projectmagang_dr\app\Config\Routes.php:153}(Object(CodeIgniter\Router\RouteCollection))
 4 APPPATH\Config\Routes.php(153): CodeIgniter\Router\RouteCollection->group('kabid', [...], Object(Closure))
 5 SYSTEMPATH\Router\RouteCollection.php(339): require('C:\\Users\\ASUS\\Downloads\\Projectmagang_dr\\Projectmagang_dr\\app\\Config\\Routes.php')
 6 SYSTEMPATH\CodeIgniter.php(841): CodeIgniter\Router\RouteCollection->loadRoutes()
 7 SYSTEMPATH\CodeIgniter.php(464): CodeIgniter\CodeIgniter->tryToRouteIt(null)
 8 SYSTEMPATH\CodeIgniter.php(363): CodeIgniter\CodeIgniter->handleRequest(null, Object(Config\Cache), false)
 9 SYSTEMPATH\Boot.php(417): CodeIgniter\CodeIgniter->run()
10 SYSTEMPATH\Boot.php(68): CodeIgniter\Boot::runCodeIgniter(Object(CodeIgniter\CodeIgniter))
11 FCPATH\index.php(59): CodeIgniter\Boot::bootWeb(Object(Config\Paths))
12 SYSTEMPATH\rewrite.php(44): require_once('C:\\Users\\ASUS\\Downloads\\Projectmagang_dr\\Projectmagang_dr\\public\\index.php')
WARNING - 2026-08-24 07:28:44 --> [DEPRECATED] Passing lowercase HTTP method "post" is deprecated. Use uppercase HTTP method like "POST". in SYSTEMPATH\Router\RouteCollection.php on line 1026.
 1 SYSTEMPATH\Router\RouteCollection.php(1026): trigger_error('Passing lowercase HTTP method "post" is deprecated. Use uppercase HTTP method like "POST".', 16384)
 2 APPPATH\Config\Routes.php(179): CodeIgniter\Router\RouteCollection->match([...], 'upload-dokumen', '\\App\\Controllers\\Kabid\\C_UploadDokumen::index')
 3 SYSTEMPATH\Router\RouteCollection.php(799): CodeIgniter\Router\RouteCollection::{closure:C:\Users\ASUS\Downloads\Projectmagang_dr\Projectmagang_dr\app\Config\Routes.php:153}(Object(CodeIgniter\Router\RouteCollection))
 4 APPPATH\Config\Routes.php(153): CodeIgniter\Router\RouteCollection->group('kabid', [...], Object(Closure))
 5 SYSTEMPATH\Router\RouteCollection.php(339): require('C:\\Users\\ASUS\\Downloads\\Projectmagang_dr\\Projectmagang_dr\\app\\Config\\Routes.php')
 6 SYSTEMPATH\CodeIgniter.php(841): CodeIgniter\Router\RouteCollection->loadRoutes()
 7 SYSTEMPATH\CodeIgniter.php(464): CodeIgniter\CodeIgniter->tryToRouteIt(null)
 8 SYSTEMPATH\CodeIgniter.php(363): CodeIgniter\CodeIgniter->handleRequest(null, Object(Config\Cache), false)
 9 SYSTEMPATH\Boot.php(417): CodeIgniter\CodeIgniter->run()
10 SYSTEMPATH\Boot.php(68): CodeIgniter\Boot::runCodeIgniter(Object(CodeIgniter\CodeIgniter))
11 FCPATH\index.php(59): CodeIgniter\Boot::bootWeb(Object(Config\Paths))
12 SYSTEMPATH\rewrite.php(44): require_once('C:\\Users\\ASUS\\Downloads\\Projectmagang_dr\\Projectmagang_dr\\public\\index.php')
DEBUG - 2026-08-24 07:28:44 --> Session: Class initialized using 'CodeIgniter\Session\Handlers\FileHandler' driver.
WARNING - 2026-08-24 07:28:51 --> [DEPRECATED] Passing lowercase HTTP method "get" is deprecated. Use uppercase HTTP method like "GET". in SYSTEMPATH\Router\RouteCollection.php on line 1026.
 1 SYSTEMPATH\Router\RouteCollection.php(1026): trigger_error('Passing lowercase HTTP method "get" is deprecated. Use uppercase HTTP method like "GET".', 16384)
 2 APPPATH\Config\Routes.php(77): CodeIgniter\Router\RouteCollection->match([...], 'logbook', 'C_Logbook::logbook')
 3 SYSTEMPATH\Router\RouteCollection.php(799): CodeIgniter\Router\RouteCollection::{closure:C:\Users\ASUS\Downloads\Projectmagang_dr\Projectmagang_dr\app\Config\Routes.php:59}(Object(CodeIgniter\Router\RouteCollection))
 4 APPPATH\Config\Routes.php(59): CodeIgniter\Router\RouteCollection->group('mahasiswa', [...], Object(Closure))
 5 SYSTEMPATH\Router\RouteCollection.php(339): require('C:\\Users\\ASUS\\Downloads\\Projectmagang_dr\\Projectmagang_dr\\app\\Config\\Routes.php')
 6 SYSTEMPATH\CodeIgniter.php(841): CodeIgniter\Router\RouteCollection->loadRoutes()
 7 SYSTEMPATH\CodeIgniter.php(464): CodeIgniter\CodeIgniter->tryToRouteIt(null)
 8 SYSTEMPATH\CodeIgniter.php(363): CodeIgniter\CodeIgniter->handleRequest(null, Object(Config\Cache), false)
 9 SYSTEMPATH\Boot.php(417): CodeIgniter\CodeIgniter->run()
10 SYSTEMPATH\Boot.php(68): CodeIgniter\Boot::runCodeIgniter(Object(CodeIgniter\CodeIgniter))
11 FCPATH\index.php(59): CodeIgniter\Boot::bootWeb(Object(Config\Paths))
12 SYSTEMPATH\rewrite.php(44): require_once('C:\\Users\\ASUS\\Downloads\\Projectmagang_dr\\Projectmagang_dr\\public\\index.php')
WARNING - 2026-08-24 07:28:51 --> [DEPRECATED] Passing lowercase HTTP method "post" is deprecated. Use uppercase HTTP method like "POST". in SYSTEMPATH\Router\RouteCollection.php on line 1026.
 1 SYSTEMPATH\Router\RouteCollection.php(1026): trigger_error('Passing lowercase HTTP method "post" is deprecated. Use uppercase HTTP method like "POST".', 16384)
 2 APPPATH\Config\Routes.php(77): CodeIgniter\Router\RouteCollection->match([...], 'logbook', 'C_Logbook::logbook')
 3 SYSTEMPATH\Router\RouteCollection.php(799): CodeIgniter\Router\RouteCollection::{closure:C:\Users\ASUS\Downloads\Projectmagang_dr\Projectmagang_dr\app\Config\Routes.php:59}(Object(CodeIgniter\Router\RouteCollection))
 4 APPPATH\Config\Routes.php(59): CodeIgniter\Router\RouteCollection->group('mahasiswa', [...], Object(Closure))
 5 SYSTEMPATH\Router\RouteCollection.php(339): require('C:\\Users\\ASUS\\Downloads\\Projectmagang_dr\\Projectmagang_dr\\app\\Config\\Routes.php')
 6 SYSTEMPATH\CodeIgniter.php(841): CodeIgniter\Router\RouteCollection->loadRoutes()
 7 SYSTEMPATH\CodeIgniter.php(464): CodeIgniter\CodeIgniter->tryToRouteIt(null)
 8 SYSTEMPATH\CodeIgniter.php(363): CodeIgniter\CodeIgniter->handleRequest(null, Object(Config\Cache), false)
 9 SYSTEMPATH\Boot.php(417): CodeIgniter\CodeIgniter->run()
10 SYSTEMPATH\Boot.php(68): CodeIgniter\Boot::runCodeIgniter(Object(CodeIgniter\CodeIgniter))
11 FCPATH\index.php(59): CodeIgniter\Boot::bootWeb(Object(Config\Paths))
12 SYSTEMPATH\rewrite.php(44): require_once('C:\\Users\\ASUS\\Downloads\\Projectmagang_dr\\Projectmagang_dr\\public\\index.php')
WARNING - 2026-08-24 07:28:51 --> [DEPRECATED] Passing lowercase HTTP method "get" is deprecated. Use uppercase HTTP method like "GET". in SYSTEMPATH\Router\RouteCollection.php on line 1026.
 1 SYSTEMPATH\Router\RouteCollection.php(1026): trigger_error('Passing lowercase HTTP method "get" is deprecated. Use uppercase HTTP method like "GET".', 16384)
 2 APPPATH\Config\Routes.php(95): CodeIgniter\Router\RouteCollection->match([...], 'verifikasi', '\\App\\Controllers\\Sekretariat\\C_Verifikasi::index')
 3 SYSTEMPATH\Router\RouteCollection.php(799): CodeIgniter\Router\RouteCollection::{closure:C:\Users\ASUS\Downloads\Projectmagang_dr\Projectmagang_dr\app\Config\Routes.php:89}(Object(CodeIgniter\Router\RouteCollection))
 4 APPPATH\Config\Routes.php(89): CodeIgniter\Router\RouteCollection->group('sekretariat', [...], Object(Closure))
 5 SYSTEMPATH\Router\RouteCollection.php(339): require('C:\\Users\\ASUS\\Downloads\\Projectmagang_dr\\Projectmagang_dr\\app\\Config\\Routes.php')
 6 SYSTEMPATH\CodeIgniter.php(841): CodeIgniter\Router\RouteCollection->loadRoutes()
 7 SYSTEMPATH\CodeIgniter.php(464): CodeIgniter\CodeIgniter->tryToRouteIt(null)
 8 SYSTEMPATH\CodeIgniter.php(363): CodeIgniter\CodeIgniter->handleRequest(null, Object(Config\Cache), false)
 9 SYSTEMPATH\Boot.php(417): CodeIgniter\CodeIgniter->run()
10 SYSTEMPATH\Boot.php(68): CodeIgniter\Boot::runCodeIgniter(Object(CodeIgniter\CodeIgniter))
11 FCPATH\index.php(59): CodeIgniter\Boot::bootWeb(Object(Config\Paths))
12 SYSTEMPATH\rewrite.php(44): require_once('C:\\Users\\ASUS\\Downloads\\Projectmagang_dr\\Projectmagang_dr\\public\\index.php')
WARNING - 2026-08-24 07:28:51 --> [DEPRECATED] Passing lowercase HTTP method "post" is deprecated. Use uppercase HTTP method like "POST". in SYSTEMPATH\Router\RouteCollection.php on line 1026.
 1 SYSTEMPATH\Router\RouteCollection.php(1026): trigger_error('Passing lowercase HTTP method "post" is deprecated. Use uppercase HTTP method like "POST".', 16384)
 2 APPPATH\Config\Routes.php(95): CodeIgniter\Router\RouteCollection->match([...], 'verifikasi', '\\App\\Controllers\\Sekretariat\\C_Verifikasi::index')
 3 SYSTEMPATH\Router\RouteCollection.php(799): CodeIgniter\Router\RouteCollection::{closure:C:\Users\ASUS\Downloads\Projectmagang_dr\Projectmagang_dr\app\Config\Routes.php:89}(Object(CodeIgniter\Router\RouteCollection))
 4 APPPATH\Config\Routes.php(89): CodeIgniter\Router\RouteCollection->group('sekretariat', [...], Object(Closure))
 5 SYSTEMPATH\Router\RouteCollection.php(339): require('C:\\Users\\ASUS\\Downloads\\Projectmagang_dr\\Projectmagang_dr\\app\\Config\\Routes.php')
 6 SYSTEMPATH\CodeIgniter.php(841): CodeIgniter\Router\RouteCollection->loadRoutes()
 7 SYSTEMPATH\CodeIgniter.php(464): CodeIgniter\CodeIgniter->tryToRouteIt(null)
 8 SYSTEMPATH\CodeIgniter.php(363): CodeIgniter\CodeIgniter->handleRequest(null, Object(Config\Cache), false)
 9 SYSTEMPATH\Boot.php(417): CodeIgniter\CodeIgniter->run()
10 SYSTEMPATH\Boot.php(68): CodeIgniter\Boot::runCodeIgniter(Object(CodeIgniter\CodeIgniter))
11 FCPATH\index.php(59): CodeIgniter\Boot::bootWeb(Object(Config\Paths))
12 SYSTEMPATH\rewrite.php(44): require_once('C:\\Users\\ASUS\\Downloads\\Projectmagang_dr\\Projectmagang_dr\\public\\index.php')
WARNING - 2026-08-24 07:28:51 --> [DEPRECATED] Passing lowercase HTTP method "get" is deprecated. Use uppercase HTTP method like "GET". in SYSTEMPATH\Router\RouteCollection.php on line 1026.
 1 SYSTEMPATH\Router\RouteCollection.php(1026): trigger_error('Passing lowercase HTTP method "get" is deprecated. Use uppercase HTTP method like "GET".', 16384)
 2 APPPATH\Config\Routes.php(144): CodeIgniter\Router\RouteCollection->match([...], 'upload-surat-penerimaan', '\\App\\Controllers\\Sekretariat\\C_UploadSuratPenerimaan::index')
 3 SYSTEMPATH\Router\RouteCollection.php(799): CodeIgniter\Router\RouteCollection::{closure:C:\Users\ASUS\Downloads\Projectmagang_dr\Projectmagang_dr\app\Config\Routes.php:89}(Object(CodeIgniter\Router\RouteCollection))
 4 APPPATH\Config\Routes.php(89): CodeIgniter\Router\RouteCollection->group('sekretariat', [...], Object(Closure))
 5 SYSTEMPATH\Router\RouteCollection.php(339): require('C:\\Users\\ASUS\\Downloads\\Projectmagang_dr\\Projectmagang_dr\\app\\Config\\Routes.php')
 6 SYSTEMPATH\CodeIgniter.php(841): CodeIgniter\Router\RouteCollection->loadRoutes()
 7 SYSTEMPATH\CodeIgniter.php(464): CodeIgniter\CodeIgniter->tryToRouteIt(null)
 8 SYSTEMPATH\CodeIgniter.php(363): CodeIgniter\CodeIgniter->handleRequest(null, Object(Config\Cache), false)
 9 SYSTEMPATH\Boot.php(417): CodeIgniter\CodeIgniter->run()
10 SYSTEMPATH\Boot.php(68): CodeIgniter\Boot::runCodeIgniter(Object(CodeIgniter\CodeIgniter))
11 FCPATH\index.php(59): CodeIgniter\Boot::bootWeb(Object(Config\Paths))
12 SYSTEMPATH\rewrite.php(44): require_once('C:\\Users\\ASUS\\Downloads\\Projectmagang_dr\\Projectmagang_dr\\public\\index.php')
WARNING - 2026-08-24 07:28:51 --> [DEPRECATED] Passing lowercase HTTP method "post" is deprecated. Use uppercase HTTP method like "POST". in SYSTEMPATH\Router\RouteCollection.php on line 1026.
 1 SYSTEMPATH\Router\RouteCollection.php(1026): trigger_error('Passing lowercase HTTP method "post" is deprecated. Use uppercase HTTP method like "POST".', 16384)
 2 APPPATH\Config\Routes.php(144): CodeIgniter\Router\RouteCollection->match([...], 'upload-surat-penerimaan', '\\App\\Controllers\\Sekretariat\\C_UploadSuratPenerimaan::index')
 3 SYSTEMPATH\Router\RouteCollection.php(799): CodeIgniter\Router\RouteCollection::{closure:C:\Users\ASUS\Downloads\Projectmagang_dr\Projectmagang_dr\app\Config\Routes.php:89}(Object(CodeIgniter\Router\RouteCollection))
 4 APPPATH\Config\Routes.php(89): CodeIgniter\Router\RouteCollection->group('sekretariat', [...], Object(Closure))
 5 SYSTEMPATH\Router\RouteCollection.php(339): require('C:\\Users\\ASUS\\Downloads\\Projectmagang_dr\\Projectmagang_dr\\app\\Config\\Routes.php')
 6 SYSTEMPATH\CodeIgniter.php(841): CodeIgniter\Router\RouteCollection->loadRoutes()
 7 SYSTEMPATH\CodeIgniter.php(464): CodeIgniter\CodeIgniter->tryToRouteIt(null)
 8 SYSTEMPATH\CodeIgniter.php(363): CodeIgniter\CodeIgniter->handleRequest(null, Object(Config\Cache), false)
 9 SYSTEMPATH\Boot.php(417): CodeIgniter\CodeIgniter->run()
10 SYSTEMPATH\Boot.php(68): CodeIgniter\Boot::runCodeIgniter(Object(CodeIgniter\CodeIgniter))
11 FCPATH\index.php(59): CodeIgniter\Boot::bootWeb(Object(Config\Paths))
12 SYSTEMPATH\rewrite.php(44): require_once('C:\\Users\\ASUS\\Downloads\\Projectmagang_dr\\Projectmagang_dr\\public\\index.php')
WARNING - 2026-08-24 07:28:51 --> [DEPRECATED] Passing lowercase HTTP method "get" is deprecated. Use uppercase HTTP method like "GET". in SYSTEMPATH\Router\RouteCollection.php on line 1026.
 1 SYSTEMPATH\Router\RouteCollection.php(1026): trigger_error('Passing lowercase HTTP method "get" is deprecated. Use uppercase HTTP method like "GET".', 16384)
 2 APPPATH\Config\Routes.php(167): CodeIgniter\Router\RouteCollection->match([...], 'logbook', '\\App\\Controllers\\Kabid\\C_LogbookKabid::index')
 3 SYSTEMPATH\Router\RouteCollection.php(799): CodeIgniter\Router\RouteCollection::{closure:C:\Users\ASUS\Downloads\Projectmagang_dr\Projectmagang_dr\app\Config\Routes.php:153}(Object(CodeIgniter\Router\RouteCollection))
 4 APPPATH\Config\Routes.php(153): CodeIgniter\Router\RouteCollection->group('kabid', [...], Object(Closure))
 5 SYSTEMPATH\Router\RouteCollection.php(339): require('C:\\Users\\ASUS\\Downloads\\Projectmagang_dr\\Projectmagang_dr\\app\\Config\\Routes.php')
 6 SYSTEMPATH\CodeIgniter.php(841): CodeIgniter\Router\RouteCollection->loadRoutes()
 7 SYSTEMPATH\CodeIgniter.php(464): CodeIgniter\CodeIgniter->tryToRouteIt(null)
 8 SYSTEMPATH\CodeIgniter.php(363): CodeIgniter\CodeIgniter->handleRequest(null, Object(Config\Cache), false)
 9 SYSTEMPATH\Boot.php(417): CodeIgniter\CodeIgniter->run()
10 SYSTEMPATH\Boot.php(68): CodeIgniter\Boot::runCodeIgniter(Object(CodeIgniter\CodeIgniter))
11 FCPATH\index.php(59): CodeIgniter\Boot::bootWeb(Object(Config\Paths))
12 SYSTEMPATH\rewrite.php(44): require_once('C:\\Users\\ASUS\\Downloads\\Projectmagang_dr\\Projectmagang_dr\\public\\index.php')
WARNING - 2026-08-24 07:28:51 --> [DEPRECATED] Passing lowercase HTTP method "post" is deprecated. Use uppercase HTTP method like "POST". in SYSTEMPATH\Router\RouteCollection.php on line 1026.
 1 SYSTEMPATH\Router\RouteCollection.php(1026): trigger_error('Passing lowercase HTTP method "post" is deprecated. Use uppercase HTTP method like "POST".', 16384)
 2 APPPATH\Config\Routes.php(167): CodeIgniter\Router\RouteCollection->match([...], 'logbook', '\\App\\Controllers\\Kabid\\C_LogbookKabid::index')
 3 SYSTEMPATH\Router\RouteCollection.php(799): CodeIgniter\Router\RouteCollection::{closure:C:\Users\ASUS\Downloads\Projectmagang_dr\Projectmagang_dr\app\Config\Routes.php:153}(Object(CodeIgniter\Router\RouteCollection))
 4 APPPATH\Config\Routes.php(153): CodeIgniter\Router\RouteCollection->group('kabid', [...], Object(Closure))
 5 SYSTEMPATH\Router\RouteCollection.php(339): require('C:\\Users\\ASUS\\Downloads\\Projectmagang_dr\\Projectmagang_dr\\app\\Config\\Routes.php')
 6 SYSTEMPATH\CodeIgniter.php(841): CodeIgniter\Router\RouteCollection->loadRoutes()
 7 SYSTEMPATH\CodeIgniter.php(464): CodeIgniter\CodeIgniter->tryToRouteIt(null)
 8 SYSTEMPATH\CodeIgniter.php(363): CodeIgniter\CodeIgniter->handleRequest(null, Object(Config\Cache), false)
 9 SYSTEMPATH\Boot.php(417): CodeIgniter\CodeIgniter->run()
10 SYSTEMPATH\Boot.php(68): CodeIgniter\Boot::runCodeIgniter(Object(CodeIgniter\CodeIgniter))
11 FCPATH\index.php(59): CodeIgniter\Boot::bootWeb(Object(Config\Paths))
12 SYSTEMPATH\rewrite.php(44): require_once('C:\\Users\\ASUS\\Downloads\\Projectmagang_dr\\Projectmagang_dr\\public\\index.php')
WARNING - 2026-08-24 07:28:51 --> [DEPRECATED] Passing lowercase HTTP method "get" is deprecated. Use uppercase HTTP method like "GET". in SYSTEMPATH\Router\RouteCollection.php on line 1026.
 1 SYSTEMPATH\Router\RouteCollection.php(1026): trigger_error('Passing lowercase HTTP method "get" is deprecated. Use uppercase HTTP method like "GET".', 16384)
 2 APPPATH\Config\Routes.php(179): CodeIgniter\Router\RouteCollection->match([...], 'upload-dokumen', '\\App\\Controllers\\Kabid\\C_UploadDokumen::index')
 3 SYSTEMPATH\Router\RouteCollection.php(799): CodeIgniter\Router\RouteCollection::{closure:C:\Users\ASUS\Downloads\Projectmagang_dr\Projectmagang_dr\app\Config\Routes.php:153}(Object(CodeIgniter\Router\RouteCollection))
 4 APPPATH\Config\Routes.php(153): CodeIgniter\Router\RouteCollection->group('kabid', [...], Object(Closure))
 5 SYSTEMPATH\Router\RouteCollection.php(339): require('C:\\Users\\ASUS\\Downloads\\Projectmagang_dr\\Projectmagang_dr\\app\\Config\\Routes.php')
 6 SYSTEMPATH\CodeIgniter.php(841): CodeIgniter\Router\RouteCollection->loadRoutes()
 7 SYSTEMPATH\CodeIgniter.php(464): CodeIgniter\CodeIgniter->tryToRouteIt(null)
 8 SYSTEMPATH\CodeIgniter.php(363): CodeIgniter\CodeIgniter->handleRequest(null, Object(Config\Cache), false)
 9 SYSTEMPATH\Boot.php(417): CodeIgniter\CodeIgniter->run()
10 SYSTEMPATH\Boot.php(68): CodeIgniter\Boot::runCodeIgniter(Object(CodeIgniter\CodeIgniter))
11 FCPATH\index.php(59): CodeIgniter\Boot::bootWeb(Object(Config\Paths))
12 SYSTEMPATH\rewrite.php(44): require_once('C:\\Users\\ASUS\\Downloads\\Projectmagang_dr\\Projectmagang_dr\\public\\index.php')
WARNING - 2026-08-24 07:28:51 --> [DEPRECATED] Passing lowercase HTTP method "post" is deprecated. Use uppercase HTTP method like "POST". in SYSTEMPATH\Router\RouteCollection.php on line 1026.
 1 SYSTEMPATH\Router\RouteCollection.php(1026): trigger_error('Passing lowercase HTTP method "post" is deprecated. Use uppercase HTTP method like "POST".', 16384)
 2 APPPATH\Config\Routes.php(179): CodeIgniter\Router\RouteCollection->match([...], 'upload-dokumen', '\\App\\Controllers\\Kabid\\C_UploadDokumen::index')
 3 SYSTEMPATH\Router\RouteCollection.php(799): CodeIgniter\Router\RouteCollection::{closure:C:\Users\ASUS\Downloads\Projectmagang_dr\Projectmagang_dr\app\Config\Routes.php:153}(Object(CodeIgniter\Router\RouteCollection))
 4 APPPATH\Config\Routes.php(153): CodeIgniter\Router\RouteCollection->group('kabid', [...], Object(Closure))
 5 SYSTEMPATH\Router\RouteCollection.php(339): require('C:\\Users\\ASUS\\Downloads\\Projectmagang_dr\\Projectmagang_dr\\app\\Config\\Routes.php')
 6 SYSTEMPATH\CodeIgniter.php(841): CodeIgniter\Router\RouteCollection->loadRoutes()
 7 SYSTEMPATH\CodeIgniter.php(464): CodeIgniter\CodeIgniter->tryToRouteIt(null)
 8 SYSTEMPATH\CodeIgniter.php(363): CodeIgniter\CodeIgniter->handleRequest(null, Object(Config\Cache), false)
 9 SYSTEMPATH\Boot.php(417): CodeIgniter\CodeIgniter->run()
10 SYSTEMPATH\Boot.php(68): CodeIgniter\Boot::runCodeIgniter(Object(CodeIgniter\CodeIgniter))
11 FCPATH\index.php(59): CodeIgniter\Boot::bootWeb(Object(Config\Paths))
12 SYSTEMPATH\rewrite.php(44): require_once('C:\\Users\\ASUS\\Downloads\\Projectmagang_dr\\Projectmagang_dr\\public\\index.php')
DEBUG - 2026-08-24 07:28:52 --> Session: Class initialized using 'CodeIgniter\Session\Handlers\FileHandler' driver.
WARNING - 2026-08-24 07:28:52 --> [DEPRECATED] Passing lowercase HTTP method "get" is deprecated. Use uppercase HTTP method like "GET". in SYSTEMPATH\Router\RouteCollection.php on line 1026.
 1 SYSTEMPATH\Router\RouteCollection.php(1026): trigger_error('Passing lowercase HTTP method "get" is deprecated. Use uppercase HTTP method like "GET".', 16384)
 2 APPPATH\Config\Routes.php(77): CodeIgniter\Router\RouteCollection->match([...], 'logbook', 'C_Logbook::logbook')
 3 SYSTEMPATH\Router\RouteCollection.php(799): CodeIgniter\Router\RouteCollection::{closure:C:\Users\ASUS\Downloads\Projectmagang_dr\Projectmagang_dr\app\Config\Routes.php:59}(Object(CodeIgniter\Router\RouteCollection))
 4 APPPATH\Config\Routes.php(59): CodeIgniter\Router\RouteCollection->group('mahasiswa', [...], Object(Closure))
 5 SYSTEMPATH\Router\RouteCollection.php(339): require('C:\\Users\\ASUS\\Downloads\\Projectmagang_dr\\Projectmagang_dr\\app\\Config\\Routes.php')
 6 SYSTEMPATH\CodeIgniter.php(841): CodeIgniter\Router\RouteCollection->loadRoutes()
 7 SYSTEMPATH\CodeIgniter.php(464): CodeIgniter\CodeIgniter->tryToRouteIt(null)
 8 SYSTEMPATH\CodeIgniter.php(363): CodeIgniter\CodeIgniter->handleRequest(null, Object(Config\Cache), false)
 9 SYSTEMPATH\Boot.php(417): CodeIgniter\CodeIgniter->run()
10 SYSTEMPATH\Boot.php(68): CodeIgniter\Boot::runCodeIgniter(Object(CodeIgniter\CodeIgniter))
11 FCPATH\index.php(59): CodeIgniter\Boot::bootWeb(Object(Config\Paths))
12 SYSTEMPATH\rewrite.php(44): require_once('C:\\Users\\ASUS\\Downloads\\Projectmagang_dr\\Projectmagang_dr\\public\\index.php')
WARNING - 2026-08-24 07:28:52 --> [DEPRECATED] Passing lowercase HTTP method "post" is deprecated. Use uppercase HTTP method like "POST". in SYSTEMPATH\Router\RouteCollection.php on line 1026.
 1 SYSTEMPATH\Router\RouteCollection.php(1026): trigger_error('Passing lowercase HTTP method "post" is deprecated. Use uppercase HTTP method like "POST".', 16384)
 2 APPPATH\Config\Routes.php(77): CodeIgniter\Router\RouteCollection->match([...], 'logbook', 'C_Logbook::logbook')
 3 SYSTEMPATH\Router\RouteCollection.php(799): CodeIgniter\Router\RouteCollection::{closure:C:\Users\ASUS\Downloads\Projectmagang_dr\Projectmagang_dr\app\Config\Routes.php:59}(Object(CodeIgniter\Router\RouteCollection))
 4 APPPATH\Config\Routes.php(59): CodeIgniter\Router\RouteCollection->group('mahasiswa', [...], Object(Closure))
 5 SYSTEMPATH\Router\RouteCollection.php(339): require('C:\\Users\\ASUS\\Downloads\\Projectmagang_dr\\Projectmagang_dr\\app\\Config\\Routes.php')
 6 SYSTEMPATH\CodeIgniter.php(841): CodeIgniter\Router\RouteCollection->loadRoutes()
 7 SYSTEMPATH\CodeIgniter.php(464): CodeIgniter\CodeIgniter->tryToRouteIt(null)
 8 SYSTEMPATH\CodeIgniter.php(363): CodeIgniter\CodeIgniter->handleRequest(null, Object(Config\Cache), false)
 9 SYSTEMPATH\Boot.php(417): CodeIgniter\CodeIgniter->run()
10 SYSTEMPATH\Boot.php(68): CodeIgniter\Boot::runCodeIgniter(Object(CodeIgniter\CodeIgniter))
11 FCPATH\index.php(59): CodeIgniter\Boot::bootWeb(Object(Config\Paths))
12 SYSTEMPATH\rewrite.php(44): require_once('C:\\Users\\ASUS\\Downloads\\Projectmagang_dr\\Projectmagang_dr\\public\\index.php')
WARNING - 2026-08-24 07:28:52 --> [DEPRECATED] Passing lowercase HTTP method "get" is deprecated. Use uppercase HTTP method like "GET". in SYSTEMPATH\Router\RouteCollection.php on line 1026.
 1 SYSTEMPATH\Router\RouteCollection.php(1026): trigger_error('Passing lowercase HTTP method "get" is deprecated. Use uppercase HTTP method like "GET".', 16384)
 2 APPPATH\Config\Routes.php(95): CodeIgniter\Router\RouteCollection->match([...], 'verifikasi', '\\App\\Controllers\\Sekretariat\\C_Verifikasi::index')
 3 SYSTEMPATH\Router\RouteCollection.php(799): CodeIgniter\Router\RouteCollection::{closure:C:\Users\ASUS\Downloads\Projectmagang_dr\Projectmagang_dr\app\Config\Routes.php:89}(Object(CodeIgniter\Router\RouteCollection))
 4 APPPATH\Config\Routes.php(89): CodeIgniter\Router\RouteCollection->group('sekretariat', [...], Object(Closure))
 5 SYSTEMPATH\Router\RouteCollection.php(339): require('C:\\Users\\ASUS\\Downloads\\Projectmagang_dr\\Projectmagang_dr\\app\\Config\\Routes.php')
 6 SYSTEMPATH\CodeIgniter.php(841): CodeIgniter\Router\RouteCollection->loadRoutes()
 7 SYSTEMPATH\CodeIgniter.php(464): CodeIgniter\CodeIgniter->tryToRouteIt(null)
 8 SYSTEMPATH\CodeIgniter.php(363): CodeIgniter\CodeIgniter->handleRequest(null, Object(Config\Cache), false)
 9 SYSTEMPATH\Boot.php(417): CodeIgniter\CodeIgniter->run()
10 SYSTEMPATH\Boot.php(68): CodeIgniter\Boot::runCodeIgniter(Object(CodeIgniter\CodeIgniter))
11 FCPATH\index.php(59): CodeIgniter\Boot::bootWeb(Object(Config\Paths))
12 SYSTEMPATH\rewrite.php(44): require_once('C:\\Users\\ASUS\\Downloads\\Projectmagang_dr\\Projectmagang_dr\\public\\index.php')
WARNING - 2026-08-24 07:28:52 --> [DEPRECATED] Passing lowercase HTTP method "post" is deprecated. Use uppercase HTTP method like "POST". in SYSTEMPATH\Router\RouteCollection.php on line 1026.
 1 SYSTEMPATH\Router\RouteCollection.php(1026): trigger_error('Passing lowercase HTTP method "post" is deprecated. Use uppercase HTTP method like "POST".', 16384)
 2 APPPATH\Config\Routes.php(95): CodeIgniter\Router\RouteCollection->match([...], 'verifikasi', '\\App\\Controllers\\Sekretariat\\C_Verifikasi::index')
 3 SYSTEMPATH\Router\RouteCollection.php(799): CodeIgniter\Router\RouteCollection::{closure:C:\Users\ASUS\Downloads\Projectmagang_dr\Projectmagang_dr\app\Config\Routes.php:89}(Object(CodeIgniter\Router\RouteCollection))
 4 APPPATH\Config\Routes.php(89): CodeIgniter\Router\RouteCollection->group('sekretariat', [...], Object(Closure))
 5 SYSTEMPATH\Router\RouteCollection.php(339): require('C:\\Users\\ASUS\\Downloads\\Projectmagang_dr\\Projectmagang_dr\\app\\Config\\Routes.php')
 6 SYSTEMPATH\CodeIgniter.php(841): CodeIgniter\Router\RouteCollection->loadRoutes()
 7 SYSTEMPATH\CodeIgniter.php(464): CodeIgniter\CodeIgniter->tryToRouteIt(null)
 8 SYSTEMPATH\CodeIgniter.php(363): CodeIgniter\CodeIgniter->handleRequest(null, Object(Config\Cache), false)
 9 SYSTEMPATH\Boot.php(417): CodeIgniter\CodeIgniter->run()
10 SYSTEMPATH\Boot.php(68): CodeIgniter\Boot::runCodeIgniter(Object(CodeIgniter\CodeIgniter))
11 FCPATH\index.php(59): CodeIgniter\Boot::bootWeb(Object(Config\Paths))
12 SYSTEMPATH\rewrite.php(44): require_once('C:\\Users\\ASUS\\Downloads\\Projectmagang_dr\\Projectmagang_dr\\public\\index.php')
WARNING - 2026-08-24 07:28:52 --> [DEPRECATED] Passing lowercase HTTP method "get" is deprecated. Use uppercase HTTP method like "GET". in SYSTEMPATH\Router\RouteCollection.php on line 1026.
 1 SYSTEMPATH\Router\RouteCollection.php(1026): trigger_error('Passing lowercase HTTP method "get" is deprecated. Use uppercase HTTP method like "GET".', 16384)
 2 APPPATH\Config\Routes.php(144): CodeIgniter\Router\RouteCollection->match([...], 'upload-surat-penerimaan', '\\App\\Controllers\\Sekretariat\\C_UploadSuratPenerimaan::index')
 3 SYSTEMPATH\Router\RouteCollection.php(799): CodeIgniter\Router\RouteCollection::{closure:C:\Users\ASUS\Downloads\Projectmagang_dr\Projectmagang_dr\app\Config\Routes.php:89}(Object(CodeIgniter\Router\RouteCollection))
 4 APPPATH\Config\Routes.php(89): CodeIgniter\Router\RouteCollection->group('sekretariat', [...], Object(Closure))
 5 SYSTEMPATH\Router\RouteCollection.php(339): require('C:\\Users\\ASUS\\Downloads\\Projectmagang_dr\\Projectmagang_dr\\app\\Config\\Routes.php')
 6 SYSTEMPATH\CodeIgniter.php(841): CodeIgniter\Router\RouteCollection->loadRoutes()
 7 SYSTEMPATH\CodeIgniter.php(464): CodeIgniter\CodeIgniter->tryToRouteIt(null)
 8 SYSTEMPATH\CodeIgniter.php(363): CodeIgniter\CodeIgniter->handleRequest(null, Object(Config\Cache), false)
 9 SYSTEMPATH\Boot.php(417): CodeIgniter\CodeIgniter->run()
10 SYSTEMPATH\Boot.php(68): CodeIgniter\Boot::runCodeIgniter(Object(CodeIgniter\CodeIgniter))
11 FCPATH\index.php(59): CodeIgniter\Boot::bootWeb(Object(Config\Paths))
12 SYSTEMPATH\rewrite.php(44): require_once('C:\\Users\\ASUS\\Downloads\\Projectmagang_dr\\Projectmagang_dr\\public\\index.php')
WARNING - 2026-08-24 07:28:52 --> [DEPRECATED] Passing lowercase HTTP method "post" is deprecated. Use uppercase HTTP method like "POST". in SYSTEMPATH\Router\RouteCollection.php on line 1026.
 1 SYSTEMPATH\Router\RouteCollection.php(1026): trigger_error('Passing lowercase HTTP method "post" is deprecated. Use uppercase HTTP method like "POST".', 16384)
 2 APPPATH\Config\Routes.php(144): CodeIgniter\Router\RouteCollection->match([...], 'upload-surat-penerimaan', '\\App\\Controllers\\Sekretariat\\C_UploadSuratPenerimaan::index')
 3 SYSTEMPATH\Router\RouteCollection.php(799): CodeIgniter\Router\RouteCollection::{closure:C:\Users\ASUS\Downloads\Projectmagang_dr\Projectmagang_dr\app\Config\Routes.php:89}(Object(CodeIgniter\Router\RouteCollection))
 4 APPPATH\Config\Routes.php(89): CodeIgniter\Router\RouteCollection->group('sekretariat', [...], Object(Closure))
 5 SYSTEMPATH\Router\RouteCollection.php(339): require('C:\\Users\\ASUS\\Downloads\\Projectmagang_dr\\Projectmagang_dr\\app\\Config\\Routes.php')
 6 SYSTEMPATH\CodeIgniter.php(841): CodeIgniter\Router\RouteCollection->loadRoutes()
 7 SYSTEMPATH\CodeIgniter.php(464): CodeIgniter\CodeIgniter->tryToRouteIt(null)
 8 SYSTEMPATH\CodeIgniter.php(363): CodeIgniter\CodeIgniter->handleRequest(null, Object(Config\Cache), false)
 9 SYSTEMPATH\Boot.php(417): CodeIgniter\CodeIgniter->run()
10 SYSTEMPATH\Boot.php(68): CodeIgniter\Boot::runCodeIgniter(Object(CodeIgniter\CodeIgniter))
11 FCPATH\index.php(59): CodeIgniter\Boot::bootWeb(Object(Config\Paths))
12 SYSTEMPATH\rewrite.php(44): require_once('C:\\Users\\ASUS\\Downloads\\Projectmagang_dr\\Projectmagang_dr\\public\\index.php')
WARNING - 2026-08-24 07:28:52 --> [DEPRECATED] Passing lowercase HTTP method "get" is deprecated. Use uppercase HTTP method like "GET". in SYSTEMPATH\Router\RouteCollection.php on line 1026.
 1 SYSTEMPATH\Router\RouteCollection.php(1026): trigger_error('Passing lowercase HTTP method "get" is deprecated. Use uppercase HTTP method like "GET".', 16384)
 2 APPPATH\Config\Routes.php(167): CodeIgniter\Router\RouteCollection->match([...], 'logbook', '\\App\\Controllers\\Kabid\\C_LogbookKabid::index')
 3 SYSTEMPATH\Router\RouteCollection.php(799): CodeIgniter\Router\RouteCollection::{closure:C:\Users\ASUS\Downloads\Projectmagang_dr\Projectmagang_dr\app\Config\Routes.php:153}(Object(CodeIgniter\Router\RouteCollection))
 4 APPPATH\Config\Routes.php(153): CodeIgniter\Router\RouteCollection->group('kabid', [...], Object(Closure))
 5 SYSTEMPATH\Router\RouteCollection.php(339): require('C:\\Users\\ASUS\\Downloads\\Projectmagang_dr\\Projectmagang_dr\\app\\Config\\Routes.php')
 6 SYSTEMPATH\CodeIgniter.php(841): CodeIgniter\Router\RouteCollection->loadRoutes()
 7 SYSTEMPATH\CodeIgniter.php(464): CodeIgniter\CodeIgniter->tryToRouteIt(null)
 8 SYSTEMPATH\CodeIgniter.php(363): CodeIgniter\CodeIgniter->handleRequest(null, Object(Config\Cache), false)
 9 SYSTEMPATH\Boot.php(417): CodeIgniter\CodeIgniter->run()
10 SYSTEMPATH\Boot.php(68): CodeIgniter\Boot::runCodeIgniter(Object(CodeIgniter\CodeIgniter))
11 FCPATH\index.php(59): CodeIgniter\Boot::bootWeb(Object(Config\Paths))
12 SYSTEMPATH\rewrite.php(44): require_once('C:\\Users\\ASUS\\Downloads\\Projectmagang_dr\\Projectmagang_dr\\public\\index.php')
WARNING - 2026-08-24 07:28:52 --> [DEPRECATED] Passing lowercase HTTP method "post" is deprecated. Use uppercase HTTP method like "POST". in SYSTEMPATH\Router\RouteCollection.php on line 1026.
 1 SYSTEMPATH\Router\RouteCollection.php(1026): trigger_error('Passing lowercase HTTP method "post" is deprecated. Use uppercase HTTP method like "POST".', 16384)
 2 APPPATH\Config\Routes.php(167): CodeIgniter\Router\RouteCollection->match([...], 'logbook', '\\App\\Controllers\\Kabid\\C_LogbookKabid::index')
 3 SYSTEMPATH\Router\RouteCollection.php(799): CodeIgniter\Router\RouteCollection::{closure:C:\Users\ASUS\Downloads\Projectmagang_dr\Projectmagang_dr\app\Config\Routes.php:153}(Object(CodeIgniter\Router\RouteCollection))
 4 APPPATH\Config\Routes.php(153): CodeIgniter\Router\RouteCollection->group('kabid', [...], Object(Closure))
 5 SYSTEMPATH\Router\RouteCollection.php(339): require('C:\\Users\\ASUS\\Downloads\\Projectmagang_dr\\Projectmagang_dr\\app\\Config\\Routes.php')
 6 SYSTEMPATH\CodeIgniter.php(841): CodeIgniter\Router\RouteCollection->loadRoutes()
 7 SYSTEMPATH\CodeIgniter.php(464): CodeIgniter\CodeIgniter->tryToRouteIt(null)
 8 SYSTEMPATH\CodeIgniter.php(363): CodeIgniter\CodeIgniter->handleRequest(null, Object(Config\Cache), false)
 9 SYSTEMPATH\Boot.php(417): CodeIgniter\CodeIgniter->run()
10 SYSTEMPATH\Boot.php(68): CodeIgniter\Boot::runCodeIgniter(Object(CodeIgniter\CodeIgniter))
11 FCPATH\index.php(59): CodeIgniter\Boot::bootWeb(Object(Config\Paths))
12 SYSTEMPATH\rewrite.php(44): require_once('C:\\Users\\ASUS\\Downloads\\Projectmagang_dr\\Projectmagang_dr\\public\\index.php')
WARNING - 2026-08-24 07:28:52 --> [DEPRECATED] Passing lowercase HTTP method "get" is deprecated. Use uppercase HTTP method like "GET". in SYSTEMPATH\Router\RouteCollection.php on line 1026.
 1 SYSTEMPATH\Router\RouteCollection.php(1026): trigger_error('Passing lowercase HTTP method "get" is deprecated. Use uppercase HTTP method like "GET".', 16384)
 2 APPPATH\Config\Routes.php(179): CodeIgniter\Router\RouteCollection->match([...], 'upload-dokumen', '\\App\\Controllers\\Kabid\\C_UploadDokumen::index')
 3 SYSTEMPATH\Router\RouteCollection.php(799): CodeIgniter\Router\RouteCollection::{closure:C:\Users\ASUS\Downloads\Projectmagang_dr\Projectmagang_dr\app\Config\Routes.php:153}(Object(CodeIgniter\Router\RouteCollection))
 4 APPPATH\Config\Routes.php(153): CodeIgniter\Router\RouteCollection->group('kabid', [...], Object(Closure))
 5 SYSTEMPATH\Router\RouteCollection.php(339): require('C:\\Users\\ASUS\\Downloads\\Projectmagang_dr\\Projectmagang_dr\\app\\Config\\Routes.php')
 6 SYSTEMPATH\CodeIgniter.php(841): CodeIgniter\Router\RouteCollection->loadRoutes()
 7 SYSTEMPATH\CodeIgniter.php(464): CodeIgniter\CodeIgniter->tryToRouteIt(null)
 8 SYSTEMPATH\CodeIgniter.php(363): CodeIgniter\CodeIgniter->handleRequest(null, Object(Config\Cache), false)
 9 SYSTEMPATH\Boot.php(417): CodeIgniter\CodeIgniter->run()
10 SYSTEMPATH\Boot.php(68): CodeIgniter\Boot::runCodeIgniter(Object(CodeIgniter\CodeIgniter))
11 FCPATH\index.php(59): CodeIgniter\Boot::bootWeb(Object(Config\Paths))
12 SYSTEMPATH\rewrite.php(44): require_once('C:\\Users\\ASUS\\Downloads\\Projectmagang_dr\\Projectmagang_dr\\public\\index.php')
WARNING - 2026-08-24 07:28:52 --> [DEPRECATED] Passing lowercase HTTP method "post" is deprecated. Use uppercase HTTP method like "POST". in SYSTEMPATH\Router\RouteCollection.php on line 1026.
 1 SYSTEMPATH\Router\RouteCollection.php(1026): trigger_error('Passing lowercase HTTP method "post" is deprecated. Use uppercase HTTP method like "POST".', 16384)
 2 APPPATH\Config\Routes.php(179): CodeIgniter\Router\RouteCollection->match([...], 'upload-dokumen', '\\App\\Controllers\\Kabid\\C_UploadDokumen::index')
 3 SYSTEMPATH\Router\RouteCollection.php(799): CodeIgniter\Router\RouteCollection::{closure:C:\Users\ASUS\Downloads\Projectmagang_dr\Projectmagang_dr\app\Config\Routes.php:153}(Object(CodeIgniter\Router\RouteCollection))
 4 APPPATH\Config\Routes.php(153): CodeIgniter\Router\RouteCollection->group('kabid', [...], Object(Closure))
 5 SYSTEMPATH\Router\RouteCollection.php(339): require('C:\\Users\\ASUS\\Downloads\\Projectmagang_dr\\Projectmagang_dr\\app\\Config\\Routes.php')
 6 SYSTEMPATH\CodeIgniter.php(841): CodeIgniter\Router\RouteCollection->loadRoutes()
 7 SYSTEMPATH\CodeIgniter.php(464): CodeIgniter\CodeIgniter->tryToRouteIt(null)
 8 SYSTEMPATH\CodeIgniter.php(363): CodeIgniter\CodeIgniter->handleRequest(null, Object(Config\Cache), false)
 9 SYSTEMPATH\Boot.php(417): CodeIgniter\CodeIgniter->run()
10 SYSTEMPATH\Boot.php(68): CodeIgniter\Boot::runCodeIgniter(Object(CodeIgniter\CodeIgniter))
11 FCPATH\index.php(59): CodeIgniter\Boot::bootWeb(Object(Config\Paths))
12 SYSTEMPATH\rewrite.php(44): require_once('C:\\Users\\ASUS\\Downloads\\Projectmagang_dr\\Projectmagang_dr\\public\\index.php')
DEBUG - 2026-08-24 07:28:53 --> Session: Class initialized using 'CodeIgniter\Session\Handlers\FileHandler' driver.
WARNING - 2026-08-24 07:28:53 --> [DEPRECATED] Passing lowercase HTTP method "get" is deprecated. Use uppercase HTTP method like "GET". in SYSTEMPATH\Router\RouteCollection.php on line 1026.
 1 SYSTEMPATH\Router\RouteCollection.php(1026): trigger_error('Passing lowercase HTTP method "get" is deprecated. Use uppercase HTTP method like "GET".', 16384)
 2 APPPATH\Config\Routes.php(77): CodeIgniter\Router\RouteCollection->match([...], 'logbook', 'C_Logbook::logbook')
 3 SYSTEMPATH\Router\RouteCollection.php(799): CodeIgniter\Router\RouteCollection::{closure:C:\Users\ASUS\Downloads\Projectmagang_dr\Projectmagang_dr\app\Config\Routes.php:59}(Object(CodeIgniter\Router\RouteCollection))
 4 APPPATH\Config\Routes.php(59): CodeIgniter\Router\RouteCollection->group('mahasiswa', [...], Object(Closure))
 5 SYSTEMPATH\Router\RouteCollection.php(339): require('C:\\Users\\ASUS\\Downloads\\Projectmagang_dr\\Projectmagang_dr\\app\\Config\\Routes.php')
 6 SYSTEMPATH\CodeIgniter.php(841): CodeIgniter\Router\RouteCollection->loadRoutes()
 7 SYSTEMPATH\CodeIgniter.php(464): CodeIgniter\CodeIgniter->tryToRouteIt(null)
 8 SYSTEMPATH\CodeIgniter.php(363): CodeIgniter\CodeIgniter->handleRequest(null, Object(Config\Cache), false)
 9 SYSTEMPATH\Boot.php(417): CodeIgniter\CodeIgniter->run()
10 SYSTEMPATH\Boot.php(68): CodeIgniter\Boot::runCodeIgniter(Object(CodeIgniter\CodeIgniter))
11 FCPATH\index.php(59): CodeIgniter\Boot::bootWeb(Object(Config\Paths))
12 SYSTEMPATH\rewrite.php(44): require_once('C:\\Users\\ASUS\\Downloads\\Projectmagang_dr\\Projectmagang_dr\\public\\index.php')
WARNING - 2026-08-24 07:28:53 --> [DEPRECATED] Passing lowercase HTTP method "post" is deprecated. Use uppercase HTTP method like "POST". in SYSTEMPATH\Router\RouteCollection.php on line 1026.
 1 SYSTEMPATH\Router\RouteCollection.php(1026): trigger_error('Passing lowercase HTTP method "post" is deprecated. Use uppercase HTTP method like "POST".', 16384)
 2 APPPATH\Config\Routes.php(77): CodeIgniter\Router\RouteCollection->match([...], 'logbook', 'C_Logbook::logbook')
 3 SYSTEMPATH\Router\RouteCollection.php(799): CodeIgniter\Router\RouteCollection::{closure:C:\Users\ASUS\Downloads\Projectmagang_dr\Projectmagang_dr\app\Config\Routes.php:59}(Object(CodeIgniter\Router\RouteCollection))
 4 APPPATH\Config\Routes.php(59): CodeIgniter\Router\RouteCollection->group('mahasiswa', [...], Object(Closure))
 5 SYSTEMPATH\Router\RouteCollection.php(339): require('C:\\Users\\ASUS\\Downloads\\Projectmagang_dr\\Projectmagang_dr\\app\\Config\\Routes.php')
 6 SYSTEMPATH\CodeIgniter.php(841): CodeIgniter\Router\RouteCollection->loadRoutes()
 7 SYSTEMPATH\CodeIgniter.php(464): CodeIgniter\CodeIgniter->tryToRouteIt(null)
 8 SYSTEMPATH\CodeIgniter.php(363): CodeIgniter\CodeIgniter->handleRequest(null, Object(Config\Cache), false)
 9 SYSTEMPATH\Boot.php(417): CodeIgniter\CodeIgniter->run()
10 SYSTEMPATH\Boot.php(68): CodeIgniter\Boot::runCodeIgniter(Object(CodeIgniter\CodeIgniter))
11 FCPATH\index.php(59): CodeIgniter\Boot::bootWeb(Object(Config\Paths))
12 SYSTEMPATH\rewrite.php(44): require_once('C:\\Users\\ASUS\\Downloads\\Projectmagang_dr\\Projectmagang_dr\\public\\index.php')
WARNING - 2026-08-24 07:28:53 --> [DEPRECATED] Passing lowercase HTTP method "get" is deprecated. Use uppercase HTTP method like "GET". in SYSTEMPATH\Router\RouteCollection.php on line 1026.
 1 SYSTEMPATH\Router\RouteCollection.php(1026): trigger_error('Passing lowercase HTTP method "get" is deprecated. Use uppercase HTTP method like "GET".', 16384)
 2 APPPATH\Config\Routes.php(95): CodeIgniter\Router\RouteCollection->match([...], 'verifikasi', '\\App\\Controllers\\Sekretariat\\C_Verifikasi::index')
 3 SYSTEMPATH\Router\RouteCollection.php(799): CodeIgniter\Router\RouteCollection::{closure:C:\Users\ASUS\Downloads\Projectmagang_dr\Projectmagang_dr\app\Config\Routes.php:89}(Object(CodeIgniter\Router\RouteCollection))
 4 APPPATH\Config\Routes.php(89): CodeIgniter\Router\RouteCollection->group('sekretariat', [...], Object(Closure))
 5 SYSTEMPATH\Router\RouteCollection.php(339): require('C:\\Users\\ASUS\\Downloads\\Projectmagang_dr\\Projectmagang_dr\\app\\Config\\Routes.php')
 6 SYSTEMPATH\CodeIgniter.php(841): CodeIgniter\Router\RouteCollection->loadRoutes()
 7 SYSTEMPATH\CodeIgniter.php(464): CodeIgniter\CodeIgniter->tryToRouteIt(null)
 8 SYSTEMPATH\CodeIgniter.php(363): CodeIgniter\CodeIgniter->handleRequest(null, Object(Config\Cache), false)
 9 SYSTEMPATH\Boot.php(417): CodeIgniter\CodeIgniter->run()
10 SYSTEMPATH\Boot.php(68): CodeIgniter\Boot::runCodeIgniter(Object(CodeIgniter\CodeIgniter))
11 FCPATH\index.php(59): CodeIgniter\Boot::bootWeb(Object(Config\Paths))
12 SYSTEMPATH\rewrite.php(44): require_once('C:\\Users\\ASUS\\Downloads\\Projectmagang_dr\\Projectmagang_dr\\public\\index.php')
WARNING - 2026-08-24 07:28:53 --> [DEPRECATED] Passing lowercase HTTP method "post" is deprecated. Use uppercase HTTP method like "POST". in SYSTEMPATH\Router\RouteCollection.php on line 1026.
 1 SYSTEMPATH\Router\RouteCollection.php(1026): trigger_error('Passing lowercase HTTP method "post" is deprecated. Use uppercase HTTP method like "POST".', 16384)
 2 APPPATH\Config\Routes.php(95): CodeIgniter\Router\RouteCollection->match([...], 'verifikasi', '\\App\\Controllers\\Sekretariat\\C_Verifikasi::index')
 3 SYSTEMPATH\Router\RouteCollection.php(799): CodeIgniter\Router\RouteCollection::{closure:C:\Users\ASUS\Downloads\Projectmagang_dr\Projectmagang_dr\app\Config\Routes.php:89}(Object(CodeIgniter\Router\RouteCollection))
 4 APPPATH\Config\Routes.php(89): CodeIgniter\Router\RouteCollection->group('sekretariat', [...], Object(Closure))
 5 SYSTEMPATH\Router\RouteCollection.php(339): require('C:\\Users\\ASUS\\Downloads\\Projectmagang_dr\\Projectmagang_dr\\app\\Config\\Routes.php')
 6 SYSTEMPATH\CodeIgniter.php(841): CodeIgniter\Router\RouteCollection->loadRoutes()
 7 SYSTEMPATH\CodeIgniter.php(464): CodeIgniter\CodeIgniter->tryToRouteIt(null)
 8 SYSTEMPATH\CodeIgniter.php(363): CodeIgniter\CodeIgniter->handleRequest(null, Object(Config\Cache), false)
 9 SYSTEMPATH\Boot.php(417): CodeIgniter\CodeIgniter->run()
10 SYSTEMPATH\Boot.php(68): CodeIgniter\Boot::runCodeIgniter(Object(CodeIgniter\CodeIgniter))
11 FCPATH\index.php(59): CodeIgniter\Boot::bootWeb(Object(Config\Paths))
12 SYSTEMPATH\rewrite.php(44): require_once('C:\\Users\\ASUS\\Downloads\\Projectmagang_dr\\Projectmagang_dr\\public\\index.php')
WARNING - 2026-08-24 07:28:53 --> [DEPRECATED] Passing lowercase HTTP method "get" is deprecated. Use uppercase HTTP method like "GET". in SYSTEMPATH\Router\RouteCollection.php on line 1026.
 1 SYSTEMPATH\Router\RouteCollection.php(1026): trigger_error('Passing lowercase HTTP method "get" is deprecated. Use uppercase HTTP method like "GET".', 16384)
 2 APPPATH\Config\Routes.php(144): CodeIgniter\Router\RouteCollection->match([...], 'upload-surat-penerimaan', '\\App\\Controllers\\Sekretariat\\C_UploadSuratPenerimaan::index')
 3 SYSTEMPATH\Router\RouteCollection.php(799): CodeIgniter\Router\RouteCollection::{closure:C:\Users\ASUS\Downloads\Projectmagang_dr\Projectmagang_dr\app\Config\Routes.php:89}(Object(CodeIgniter\Router\RouteCollection))
 4 APPPATH\Config\Routes.php(89): CodeIgniter\Router\RouteCollection->group('sekretariat', [...], Object(Closure))
 5 SYSTEMPATH\Router\RouteCollection.php(339): require('C:\\Users\\ASUS\\Downloads\\Projectmagang_dr\\Projectmagang_dr\\app\\Config\\Routes.php')
 6 SYSTEMPATH\CodeIgniter.php(841): CodeIgniter\Router\RouteCollection->loadRoutes()
 7 SYSTEMPATH\CodeIgniter.php(464): CodeIgniter\CodeIgniter->tryToRouteIt(null)
 8 SYSTEMPATH\CodeIgniter.php(363): CodeIgniter\CodeIgniter->handleRequest(null, Object(Config\Cache), false)
 9 SYSTEMPATH\Boot.php(417): CodeIgniter\CodeIgniter->run()
10 SYSTEMPATH\Boot.php(68): CodeIgniter\Boot::runCodeIgniter(Object(CodeIgniter\CodeIgniter))
11 FCPATH\index.php(59): CodeIgniter\Boot::bootWeb(Object(Config\Paths))
12 SYSTEMPATH\rewrite.php(44): require_once('C:\\Users\\ASUS\\Downloads\\Projectmagang_dr\\Projectmagang_dr\\public\\index.php')
WARNING - 2026-08-24 07:28:53 --> [DEPRECATED] Passing lowercase HTTP method "post" is deprecated. Use uppercase HTTP method like "POST". in SYSTEMPATH\Router\RouteCollection.php on line 1026.
 1 SYSTEMPATH\Router\RouteCollection.php(1026): trigger_error('Passing lowercase HTTP method "post" is deprecated. Use uppercase HTTP method like "POST".', 16384)
 2 APPPATH\Config\Routes.php(144): CodeIgniter\Router\RouteCollection->match([...], 'upload-surat-penerimaan', '\\App\\Controllers\\Sekretariat\\C_UploadSuratPenerimaan::index')
 3 SYSTEMPATH\Router\RouteCollection.php(799): CodeIgniter\Router\RouteCollection::{closure:C:\Users\ASUS\Downloads\Projectmagang_dr\Projectmagang_dr\app\Config\Routes.php:89}(Object(CodeIgniter\Router\RouteCollection))
 4 APPPATH\Config\Routes.php(89): CodeIgniter\Router\RouteCollection->group('sekretariat', [...], Object(Closure))
 5 SYSTEMPATH\Router\RouteCollection.php(339): require('C:\\Users\\ASUS\\Downloads\\Projectmagang_dr\\Projectmagang_dr\\app\\Config\\Routes.php')
 6 SYSTEMPATH\CodeIgniter.php(841): CodeIgniter\Router\RouteCollection->loadRoutes()
 7 SYSTEMPATH\CodeIgniter.php(464): CodeIgniter\CodeIgniter->tryToRouteIt(null)
 8 SYSTEMPATH\CodeIgniter.php(363): CodeIgniter\CodeIgniter->handleRequest(null, Object(Config\Cache), false)
 9 SYSTEMPATH\Boot.php(417): CodeIgniter\CodeIgniter->run()
10 SYSTEMPATH\Boot.php(68): CodeIgniter\Boot::runCodeIgniter(Object(CodeIgniter\CodeIgniter))
11 FCPATH\index.php(59): CodeIgniter\Boot::bootWeb(Object(Config\Paths))
12 SYSTEMPATH\rewrite.php(44): require_once('C:\\Users\\ASUS\\Downloads\\Projectmagang_dr\\Projectmagang_dr\\public\\index.php')
WARNING - 2026-08-24 07:28:53 --> [DEPRECATED] Passing lowercase HTTP method "get" is deprecated. Use uppercase HTTP method like "GET". in SYSTEMPATH\Router\RouteCollection.php on line 1026.
 1 SYSTEMPATH\Router\RouteCollection.php(1026): trigger_error('Passing lowercase HTTP method "get" is deprecated. Use uppercase HTTP method like "GET".', 16384)
 2 APPPATH\Config\Routes.php(167): CodeIgniter\Router\RouteCollection->match([...], 'logbook', '\\App\\Controllers\\Kabid\\C_LogbookKabid::index')
 3 SYSTEMPATH\Router\RouteCollection.php(799): CodeIgniter\Router\RouteCollection::{closure:C:\Users\ASUS\Downloads\Projectmagang_dr\Projectmagang_dr\app\Config\Routes.php:153}(Object(CodeIgniter\Router\RouteCollection))
 4 APPPATH\Config\Routes.php(153): CodeIgniter\Router\RouteCollection->group('kabid', [...], Object(Closure))
 5 SYSTEMPATH\Router\RouteCollection.php(339): require('C:\\Users\\ASUS\\Downloads\\Projectmagang_dr\\Projectmagang_dr\\app\\Config\\Routes.php')
 6 SYSTEMPATH\CodeIgniter.php(841): CodeIgniter\Router\RouteCollection->loadRoutes()
 7 SYSTEMPATH\CodeIgniter.php(464): CodeIgniter\CodeIgniter->tryToRouteIt(null)
 8 SYSTEMPATH\CodeIgniter.php(363): CodeIgniter\CodeIgniter->handleRequest(null, Object(Config\Cache), false)
 9 SYSTEMPATH\Boot.php(417): CodeIgniter\CodeIgniter->run()
10 SYSTEMPATH\Boot.php(68): CodeIgniter\Boot::runCodeIgniter(Object(CodeIgniter\CodeIgniter))
11 FCPATH\index.php(59): CodeIgniter\Boot::bootWeb(Object(Config\Paths))
12 SYSTEMPATH\rewrite.php(44): require_once('C:\\Users\\ASUS\\Downloads\\Projectmagang_dr\\Projectmagang_dr\\public\\index.php')
WARNING - 2026-08-24 07:28:53 --> [DEPRECATED] Passing lowercase HTTP method "post" is deprecated. Use uppercase HTTP method like "POST". in SYSTEMPATH\Router\RouteCollection.php on line 1026.
 1 SYSTEMPATH\Router\RouteCollection.php(1026): trigger_error('Passing lowercase HTTP method "post" is deprecated. Use uppercase HTTP method like "POST".', 16384)
 2 APPPATH\Config\Routes.php(167): CodeIgniter\Router\RouteCollection->match([...], 'logbook', '\\App\\Controllers\\Kabid\\C_LogbookKabid::index')
 3 SYSTEMPATH\Router\RouteCollection.php(799): CodeIgniter\Router\RouteCollection::{closure:C:\Users\ASUS\Downloads\Projectmagang_dr\Projectmagang_dr\app\Config\Routes.php:153}(Object(CodeIgniter\Router\RouteCollection))
 4 APPPATH\Config\Routes.php(153): CodeIgniter\Router\RouteCollection->group('kabid', [...], Object(Closure))
 5 SYSTEMPATH\Router\RouteCollection.php(339): require('C:\\Users\\ASUS\\Downloads\\Projectmagang_dr\\Projectmagang_dr\\app\\Config\\Routes.php')
 6 SYSTEMPATH\CodeIgniter.php(841): CodeIgniter\Router\RouteCollection->loadRoutes()
 7 SYSTEMPATH\CodeIgniter.php(464): CodeIgniter\CodeIgniter->tryToRouteIt(null)
 8 SYSTEMPATH\CodeIgniter.php(363): CodeIgniter\CodeIgniter->handleRequest(null, Object(Config\Cache), false)
 9 SYSTEMPATH\Boot.php(417): CodeIgniter\CodeIgniter->run()
10 SYSTEMPATH\Boot.php(68): CodeIgniter\Boot::runCodeIgniter(Object(CodeIgniter\CodeIgniter))
11 FCPATH\index.php(59): CodeIgniter\Boot::bootWeb(Object(Config\Paths))
12 SYSTEMPATH\rewrite.php(44): require_once('C:\\Users\\ASUS\\Downloads\\Projectmagang_dr\\Projectmagang_dr\\public\\index.php')
WARNING - 2026-08-24 07:28:53 --> [DEPRECATED] Passing lowercase HTTP method "get" is deprecated. Use uppercase HTTP method like "GET". in SYSTEMPATH\Router\RouteCollection.php on line 1026.
 1 SYSTEMPATH\Router\RouteCollection.php(1026): trigger_error('Passing lowercase HTTP method "get" is deprecated. Use uppercase HTTP method like "GET".', 16384)
 2 APPPATH\Config\Routes.php(179): CodeIgniter\Router\RouteCollection->match([...], 'upload-dokumen', '\\App\\Controllers\\Kabid\\C_UploadDokumen::index')
 3 SYSTEMPATH\Router\RouteCollection.php(799): CodeIgniter\Router\RouteCollection::{closure:C:\Users\ASUS\Downloads\Projectmagang_dr\Projectmagang_dr\app\Config\Routes.php:153}(Object(CodeIgniter\Router\RouteCollection))
 4 APPPATH\Config\Routes.php(153): CodeIgniter\Router\RouteCollection->group('kabid', [...], Object(Closure))
 5 SYSTEMPATH\Router\RouteCollection.php(339): require('C:\\Users\\ASUS\\Downloads\\Projectmagang_dr\\Projectmagang_dr\\app\\Config\\Routes.php')
 6 SYSTEMPATH\CodeIgniter.php(841): CodeIgniter\Router\RouteCollection->loadRoutes()
 7 SYSTEMPATH\CodeIgniter.php(464): CodeIgniter\CodeIgniter->tryToRouteIt(null)
 8 SYSTEMPATH\CodeIgniter.php(363): CodeIgniter\CodeIgniter->handleRequest(null, Object(Config\Cache), false)
 9 SYSTEMPATH\Boot.php(417): CodeIgniter\CodeIgniter->run()
10 SYSTEMPATH\Boot.php(68): CodeIgniter\Boot::runCodeIgniter(Object(CodeIgniter\CodeIgniter))
11 FCPATH\index.php(59): CodeIgniter\Boot::bootWeb(Object(Config\Paths))
12 SYSTEMPATH\rewrite.php(44): require_once('C:\\Users\\ASUS\\Downloads\\Projectmagang_dr\\Projectmagang_dr\\public\\index.php')
WARNING - 2026-08-24 07:28:53 --> [DEPRECATED] Passing lowercase HTTP method "post" is deprecated. Use uppercase HTTP method like "POST". in SYSTEMPATH\Router\RouteCollection.php on line 1026.
 1 SYSTEMPATH\Router\RouteCollection.php(1026): trigger_error('Passing lowercase HTTP method "post" is deprecated. Use uppercase HTTP method like "POST".', 16384)
 2 APPPATH\Config\Routes.php(179): CodeIgniter\Router\RouteCollection->match([...], 'upload-dokumen', '\\App\\Controllers\\Kabid\\C_UploadDokumen::index')
 3 SYSTEMPATH\Router\RouteCollection.php(799): CodeIgniter\Router\RouteCollection::{closure:C:\Users\ASUS\Downloads\Projectmagang_dr\Projectmagang_dr\app\Config\Routes.php:153}(Object(CodeIgniter\Router\RouteCollection))
 4 APPPATH\Config\Routes.php(153): CodeIgniter\Router\RouteCollection->group('kabid', [...], Object(Closure))
 5 SYSTEMPATH\Router\RouteCollection.php(339): require('C:\\Users\\ASUS\\Downloads\\Projectmagang_dr\\Projectmagang_dr\\app\\Config\\Routes.php')
 6 SYSTEMPATH\CodeIgniter.php(841): CodeIgniter\Router\RouteCollection->loadRoutes()
 7 SYSTEMPATH\CodeIgniter.php(464): CodeIgniter\CodeIgniter->tryToRouteIt(null)
 8 SYSTEMPATH\CodeIgniter.php(363): CodeIgniter\CodeIgniter->handleRequest(null, Object(Config\Cache), false)
 9 SYSTEMPATH\Boot.php(417): CodeIgniter\CodeIgniter->run()
10 SYSTEMPATH\Boot.php(68): CodeIgniter\Boot::runCodeIgniter(Object(CodeIgniter\CodeIgniter))
11 FCPATH\index.php(59): CodeIgniter\Boot::bootWeb(Object(Config\Paths))
12 SYSTEMPATH\rewrite.php(44): require_once('C:\\Users\\ASUS\\Downloads\\Projectmagang_dr\\Projectmagang_dr\\public\\index.php')
DEBUG - 2026-08-24 07:28:53 --> Session: Class initialized using 'CodeIgniter\Session\Handlers\FileHandler' driver.
WARNING - 2026-08-24 07:29:19 --> [DEPRECATED] Passing lowercase HTTP method "get" is deprecated. Use uppercase HTTP method like "GET". in SYSTEMPATH\Router\RouteCollection.php on line 1026.
 1 SYSTEMPATH\Router\RouteCollection.php(1026): trigger_error('Passing lowercase HTTP method "get" is deprecated. Use uppercase HTTP method like "GET".', 16384)
 2 APPPATH\Config\Routes.php(77): CodeIgniter\Router\RouteCollection->match([...], 'logbook', 'C_Logbook::logbook')
 3 SYSTEMPATH\Router\RouteCollection.php(799): CodeIgniter\Router\RouteCollection::{closure:C:\Users\ASUS\Downloads\Projectmagang_dr\Projectmagang_dr\app\Config\Routes.php:59}(Object(CodeIgniter\Router\RouteCollection))
 4 APPPATH\Config\Routes.php(59): CodeIgniter\Router\RouteCollection->group('mahasiswa', [...], Object(Closure))
 5 SYSTEMPATH\Router\RouteCollection.php(339): require('C:\\Users\\ASUS\\Downloads\\Projectmagang_dr\\Projectmagang_dr\\app\\Config\\Routes.php')
 6 SYSTEMPATH\CodeIgniter.php(841): CodeIgniter\Router\RouteCollection->loadRoutes()
 7 SYSTEMPATH\CodeIgniter.php(464): CodeIgniter\CodeIgniter->tryToRouteIt(null)
 8 SYSTEMPATH\CodeIgniter.php(363): CodeIgniter\CodeIgniter->handleRequest(null, Object(Config\Cache), false)
 9 SYSTEMPATH\Boot.php(417): CodeIgniter\CodeIgniter->run()
10 SYSTEMPATH\Boot.php(68): CodeIgniter\Boot::runCodeIgniter(Object(CodeIgniter\CodeIgniter))
11 FCPATH\index.php(59): CodeIgniter\Boot::bootWeb(Object(Config\Paths))
12 SYSTEMPATH\rewrite.php(44): require_once('C:\\Users\\ASUS\\Downloads\\Projectmagang_dr\\Projectmagang_dr\\public\\index.php')
WARNING - 2026-08-24 07:29:19 --> [DEPRECATED] Passing lowercase HTTP method "post" is deprecated. Use uppercase HTTP method like "POST". in SYSTEMPATH\Router\RouteCollection.php on line 1026.
 1 SYSTEMPATH\Router\RouteCollection.php(1026): trigger_error('Passing lowercase HTTP method "post" is deprecated. Use uppercase HTTP method like "POST".', 16384)
 2 APPPATH\Config\Routes.php(77): CodeIgniter\Router\RouteCollection->match([...], 'logbook', 'C_Logbook::logbook')
 3 SYSTEMPATH\Router\RouteCollection.php(799): CodeIgniter\Router\RouteCollection::{closure:C:\Users\ASUS\Downloads\Projectmagang_dr\Projectmagang_dr\app\Config\Routes.php:59}(Object(CodeIgniter\Router\RouteCollection))
 4 APPPATH\Config\Routes.php(59): CodeIgniter\Router\RouteCollection->group('mahasiswa', [...], Object(Closure))
 5 SYSTEMPATH\Router\RouteCollection.php(339): require('C:\\Users\\ASUS\\Downloads\\Projectmagang_dr\\Projectmagang_dr\\app\\Config\\Routes.php')
 6 SYSTEMPATH\CodeIgniter.php(841): CodeIgniter\Router\RouteCollection->loadRoutes()
 7 SYSTEMPATH\CodeIgniter.php(464): CodeIgniter\CodeIgniter->tryToRouteIt(null)
 8 SYSTEMPATH\CodeIgniter.php(363): CodeIgniter\CodeIgniter->handleRequest(null, Object(Config\Cache), false)
 9 SYSTEMPATH\Boot.php(417): CodeIgniter\CodeIgniter->run()
10 SYSTEMPATH\Boot.php(68): CodeIgniter\Boot::runCodeIgniter(Object(CodeIgniter\CodeIgniter))
11 FCPATH\index.php(59): CodeIgniter\Boot::bootWeb(Object(Config\Paths))
12 SYSTEMPATH\rewrite.php(44): require_once('C:\\Users\\ASUS\\Downloads\\Projectmagang_dr\\Projectmagang_dr\\public\\index.php')
WARNING - 2026-08-24 07:29:19 --> [DEPRECATED] Passing lowercase HTTP method "get" is deprecated. Use uppercase HTTP method like "GET". in SYSTEMPATH\Router\RouteCollection.php on line 1026.
 1 SYSTEMPATH\Router\RouteCollection.php(1026): trigger_error('Passing lowercase HTTP method "get" is deprecated. Use uppercase HTTP method like "GET".', 16384)
 2 APPPATH\Config\Routes.php(95): CodeIgniter\Router\RouteCollection->match([...], 'verifikasi', '\\App\\Controllers\\Sekretariat\\C_Verifikasi::index')
 3 SYSTEMPATH\Router\RouteCollection.php(799): CodeIgniter\Router\RouteCollection::{closure:C:\Users\ASUS\Downloads\Projectmagang_dr\Projectmagang_dr\app\Config\Routes.php:89}(Object(CodeIgniter\Router\RouteCollection))
 4 APPPATH\Config\Routes.php(89): CodeIgniter\Router\RouteCollection->group('sekretariat', [...], Object(Closure))
 5 SYSTEMPATH\Router\RouteCollection.php(339): require('C:\\Users\\ASUS\\Downloads\\Projectmagang_dr\\Projectmagang_dr\\app\\Config\\Routes.php')
 6 SYSTEMPATH\CodeIgniter.php(841): CodeIgniter\Router\RouteCollection->loadRoutes()
 7 SYSTEMPATH\CodeIgniter.php(464): CodeIgniter\CodeIgniter->tryToRouteIt(null)
 8 SYSTEMPATH\CodeIgniter.php(363): CodeIgniter\CodeIgniter->handleRequest(null, Object(Config\Cache), false)
 9 SYSTEMPATH\Boot.php(417): CodeIgniter\CodeIgniter->run()
10 SYSTEMPATH\Boot.php(68): CodeIgniter\Boot::runCodeIgniter(Object(CodeIgniter\CodeIgniter))
11 FCPATH\index.php(59): CodeIgniter\Boot::bootWeb(Object(Config\Paths))
12 SYSTEMPATH\rewrite.php(44): require_once('C:\\Users\\ASUS\\Downloads\\Projectmagang_dr\\Projectmagang_dr\\public\\index.php')
WARNING - 2026-08-24 07:29:19 --> [DEPRECATED] Passing lowercase HTTP method "post" is deprecated. Use uppercase HTTP method like "POST". in SYSTEMPATH\Router\RouteCollection.php on line 1026.
 1 SYSTEMPATH\Router\RouteCollection.php(1026): trigger_error('Passing lowercase HTTP method "post" is deprecated. Use uppercase HTTP method like "POST".', 16384)
 2 APPPATH\Config\Routes.php(95): CodeIgniter\Router\RouteCollection->match([...], 'verifikasi', '\\App\\Controllers\\Sekretariat\\C_Verifikasi::index')
 3 SYSTEMPATH\Router\RouteCollection.php(799): CodeIgniter\Router\RouteCollection::{closure:C:\Users\ASUS\Downloads\Projectmagang_dr\Projectmagang_dr\app\Config\Routes.php:89}(Object(CodeIgniter\Router\RouteCollection))
 4 APPPATH\Config\Routes.php(89): CodeIgniter\Router\RouteCollection->group('sekretariat', [...], Object(Closure))
 5 SYSTEMPATH\Router\RouteCollection.php(339): require('C:\\Users\\ASUS\\Downloads\\Projectmagang_dr\\Projectmagang_dr\\app\\Config\\Routes.php')
 6 SYSTEMPATH\CodeIgniter.php(841): CodeIgniter\Router\RouteCollection->loadRoutes()
 7 SYSTEMPATH\CodeIgniter.php(464): CodeIgniter\CodeIgniter->tryToRouteIt(null)
 8 SYSTEMPATH\CodeIgniter.php(363): CodeIgniter\CodeIgniter->handleRequest(null, Object(Config\Cache), false)
 9 SYSTEMPATH\Boot.php(417): CodeIgniter\CodeIgniter->run()
10 SYSTEMPATH\Boot.php(68): CodeIgniter\Boot::runCodeIgniter(Object(CodeIgniter\CodeIgniter))
11 FCPATH\index.php(59): CodeIgniter\Boot::bootWeb(Object(Config\Paths))
12 SYSTEMPATH\rewrite.php(44): require_once('C:\\Users\\ASUS\\Downloads\\Projectmagang_dr\\Projectmagang_dr\\public\\index.php')
WARNING - 2026-08-24 07:29:19 --> [DEPRECATED] Passing lowercase HTTP method "get" is deprecated. Use uppercase HTTP method like "GET". in SYSTEMPATH\Router\RouteCollection.php on line 1026.
 1 SYSTEMPATH\Router\RouteCollection.php(1026): trigger_error('Passing lowercase HTTP method "get" is deprecated. Use uppercase HTTP method like "GET".', 16384)
 2 APPPATH\Config\Routes.php(144): CodeIgniter\Router\RouteCollection->match([...], 'upload-surat-penerimaan', '\\App\\Controllers\\Sekretariat\\C_UploadSuratPenerimaan::index')
 3 SYSTEMPATH\Router\RouteCollection.php(799): CodeIgniter\Router\RouteCollection::{closure:C:\Users\ASUS\Downloads\Projectmagang_dr\Projectmagang_dr\app\Config\Routes.php:89}(Object(CodeIgniter\Router\RouteCollection))
 4 APPPATH\Config\Routes.php(89): CodeIgniter\Router\RouteCollection->group('sekretariat', [...], Object(Closure))
 5 SYSTEMPATH\Router\RouteCollection.php(339): require('C:\\Users\\ASUS\\Downloads\\Projectmagang_dr\\Projectmagang_dr\\app\\Config\\Routes.php')
 6 SYSTEMPATH\CodeIgniter.php(841): CodeIgniter\Router\RouteCollection->loadRoutes()
 7 SYSTEMPATH\CodeIgniter.php(464): CodeIgniter\CodeIgniter->tryToRouteIt(null)
 8 SYSTEMPATH\CodeIgniter.php(363): CodeIgniter\CodeIgniter->handleRequest(null, Object(Config\Cache), false)
 9 SYSTEMPATH\Boot.php(417): CodeIgniter\CodeIgniter->run()
10 SYSTEMPATH\Boot.php(68): CodeIgniter\Boot::runCodeIgniter(Object(CodeIgniter\CodeIgniter))
11 FCPATH\index.php(59): CodeIgniter\Boot::bootWeb(Object(Config\Paths))
12 SYSTEMPATH\rewrite.php(44): require_once('C:\\Users\\ASUS\\Downloads\\Projectmagang_dr\\Projectmagang_dr\\public\\index.php')
WARNING - 2026-08-24 07:29:19 --> [DEPRECATED] Passing lowercase HTTP method "post" is deprecated. Use uppercase HTTP method like "POST". in SYSTEMPATH\Router\RouteCollection.php on line 1026.
 1 SYSTEMPATH\Router\RouteCollection.php(1026): trigger_error('Passing lowercase HTTP method "post" is deprecated. Use uppercase HTTP method like "POST".', 16384)
 2 APPPATH\Config\Routes.php(144): CodeIgniter\Router\RouteCollection->match([...], 'upload-surat-penerimaan', '\\App\\Controllers\\Sekretariat\\C_UploadSuratPenerimaan::index')
 3 SYSTEMPATH\Router\RouteCollection.php(799): CodeIgniter\Router\RouteCollection::{closure:C:\Users\ASUS\Downloads\Projectmagang_dr\Projectmagang_dr\app\Config\Routes.php:89}(Object(CodeIgniter\Router\RouteCollection))
 4 APPPATH\Config\Routes.php(89): CodeIgniter\Router\RouteCollection->group('sekretariat', [...], Object(Closure))
 5 SYSTEMPATH\Router\RouteCollection.php(339): require('C:\\Users\\ASUS\\Downloads\\Projectmagang_dr\\Projectmagang_dr\\app\\Config\\Routes.php')
 6 SYSTEMPATH\CodeIgniter.php(841): CodeIgniter\Router\RouteCollection->loadRoutes()
 7 SYSTEMPATH\CodeIgniter.php(464): CodeIgniter\CodeIgniter->tryToRouteIt(null)
 8 SYSTEMPATH\CodeIgniter.php(363): CodeIgniter\CodeIgniter->handleRequest(null, Object(Config\Cache), false)
 9 SYSTEMPATH\Boot.php(417): CodeIgniter\CodeIgniter->run()
10 SYSTEMPATH\Boot.php(68): CodeIgniter\Boot::runCodeIgniter(Object(CodeIgniter\CodeIgniter))
11 FCPATH\index.php(59): CodeIgniter\Boot::bootWeb(Object(Config\Paths))
12 SYSTEMPATH\rewrite.php(44): require_once('C:\\Users\\ASUS\\Downloads\\Projectmagang_dr\\Projectmagang_dr\\public\\index.php')
WARNING - 2026-08-24 07:29:19 --> [DEPRECATED] Passing lowercase HTTP method "get" is deprecated. Use uppercase HTTP method like "GET". in SYSTEMPATH\Router\RouteCollection.php on line 1026.
 1 SYSTEMPATH\Router\RouteCollection.php(1026): trigger_error('Passing lowercase HTTP method "get" is deprecated. Use uppercase HTTP method like "GET".', 16384)
 2 APPPATH\Config\Routes.php(167): CodeIgniter\Router\RouteCollection->match([...], 'logbook', '\\App\\Controllers\\Kabid\\C_LogbookKabid::index')
 3 SYSTEMPATH\Router\RouteCollection.php(799): CodeIgniter\Router\RouteCollection::{closure:C:\Users\ASUS\Downloads\Projectmagang_dr\Projectmagang_dr\app\Config\Routes.php:153}(Object(CodeIgniter\Router\RouteCollection))
 4 APPPATH\Config\Routes.php(153): CodeIgniter\Router\RouteCollection->group('kabid', [...], Object(Closure))
 5 SYSTEMPATH\Router\RouteCollection.php(339): require('C:\\Users\\ASUS\\Downloads\\Projectmagang_dr\\Projectmagang_dr\\app\\Config\\Routes.php')
 6 SYSTEMPATH\CodeIgniter.php(841): CodeIgniter\Router\RouteCollection->loadRoutes()
 7 SYSTEMPATH\CodeIgniter.php(464): CodeIgniter\CodeIgniter->tryToRouteIt(null)
 8 SYSTEMPATH\CodeIgniter.php(363): CodeIgniter\CodeIgniter->handleRequest(null, Object(Config\Cache), false)
 9 SYSTEMPATH\Boot.php(417): CodeIgniter\CodeIgniter->run()
10 SYSTEMPATH\Boot.php(68): CodeIgniter\Boot::runCodeIgniter(Object(CodeIgniter\CodeIgniter))
11 FCPATH\index.php(59): CodeIgniter\Boot::bootWeb(Object(Config\Paths))
12 SYSTEMPATH\rewrite.php(44): require_once('C:\\Users\\ASUS\\Downloads\\Projectmagang_dr\\Projectmagang_dr\\public\\index.php')
WARNING - 2026-08-24 07:29:19 --> [DEPRECATED] Passing lowercase HTTP method "post" is deprecated. Use uppercase HTTP method like "POST". in SYSTEMPATH\Router\RouteCollection.php on line 1026.
 1 SYSTEMPATH\Router\RouteCollection.php(1026): trigger_error('Passing lowercase HTTP method "post" is deprecated. Use uppercase HTTP method like "POST".', 16384)
 2 APPPATH\Config\Routes.php(167): CodeIgniter\Router\RouteCollection->match([...], 'logbook', '\\App\\Controllers\\Kabid\\C_LogbookKabid::index')
 3 SYSTEMPATH\Router\RouteCollection.php(799): CodeIgniter\Router\RouteCollection::{closure:C:\Users\ASUS\Downloads\Projectmagang_dr\Projectmagang_dr\app\Config\Routes.php:153}(Object(CodeIgniter\Router\RouteCollection))
 4 APPPATH\Config\Routes.php(153): CodeIgniter\Router\RouteCollection->group('kabid', [...], Object(Closure))
 5 SYSTEMPATH\Router\RouteCollection.php(339): require('C:\\Users\\ASUS\\Downloads\\Projectmagang_dr\\Projectmagang_dr\\app\\Config\\Routes.php')
 6 SYSTEMPATH\CodeIgniter.php(841): CodeIgniter\Router\RouteCollection->loadRoutes()
 7 SYSTEMPATH\CodeIgniter.php(464): CodeIgniter\CodeIgniter->tryToRouteIt(null)
 8 SYSTEMPATH\CodeIgniter.php(363): CodeIgniter\CodeIgniter->handleRequest(null, Object(Config\Cache), false)
 9 SYSTEMPATH\Boot.php(417): CodeIgniter\CodeIgniter->run()
10 SYSTEMPATH\Boot.php(68): CodeIgniter\Boot::runCodeIgniter(Object(CodeIgniter\CodeIgniter))
11 FCPATH\index.php(59): CodeIgniter\Boot::bootWeb(Object(Config\Paths))
12 SYSTEMPATH\rewrite.php(44): require_once('C:\\Users\\ASUS\\Downloads\\Projectmagang_dr\\Projectmagang_dr\\public\\index.php')
WARNING - 2026-08-24 07:29:19 --> [DEPRECATED] Passing lowercase HTTP method "get" is deprecated. Use uppercase HTTP method like "GET". in SYSTEMPATH\Router\RouteCollection.php on line 1026.
 1 SYSTEMPATH\Router\RouteCollection.php(1026): trigger_error('Passing lowercase HTTP method "get" is deprecated. Use uppercase HTTP method like "GET".', 16384)
 2 APPPATH\Config\Routes.php(179): CodeIgniter\Router\RouteCollection->match([...], 'upload-dokumen', '\\App\\Controllers\\Kabid\\C_UploadDokumen::index')
 3 SYSTEMPATH\Router\RouteCollection.php(799): CodeIgniter\Router\RouteCollection::{closure:C:\Users\ASUS\Downloads\Projectmagang_dr\Projectmagang_dr\app\Config\Routes.php:153}(Object(CodeIgniter\Router\RouteCollection))
 4 APPPATH\Config\Routes.php(153): CodeIgniter\Router\RouteCollection->group('kabid', [...], Object(Closure))
 5 SYSTEMPATH\Router\RouteCollection.php(339): require('C:\\Users\\ASUS\\Downloads\\Projectmagang_dr\\Projectmagang_dr\\app\\Config\\Routes.php')
 6 SYSTEMPATH\CodeIgniter.php(841): CodeIgniter\Router\RouteCollection->loadRoutes()
 7 SYSTEMPATH\CodeIgniter.php(464): CodeIgniter\CodeIgniter->tryToRouteIt(null)
 8 SYSTEMPATH\CodeIgniter.php(363): CodeIgniter\CodeIgniter->handleRequest(null, Object(Config\Cache), false)
 9 SYSTEMPATH\Boot.php(417): CodeIgniter\CodeIgniter->run()
10 SYSTEMPATH\Boot.php(68): CodeIgniter\Boot::runCodeIgniter(Object(CodeIgniter\CodeIgniter))
11 FCPATH\index.php(59): CodeIgniter\Boot::bootWeb(Object(Config\Paths))
12 SYSTEMPATH\rewrite.php(44): require_once('C:\\Users\\ASUS\\Downloads\\Projectmagang_dr\\Projectmagang_dr\\public\\index.php')
WARNING - 2026-08-24 07:29:19 --> [DEPRECATED] Passing lowercase HTTP method "post" is deprecated. Use uppercase HTTP method like "POST". in SYSTEMPATH\Router\RouteCollection.php on line 1026.
 1 SYSTEMPATH\Router\RouteCollection.php(1026): trigger_error('Passing lowercase HTTP method "post" is deprecated. Use uppercase HTTP method like "POST".', 16384)
 2 APPPATH\Config\Routes.php(179): CodeIgniter\Router\RouteCollection->match([...], 'upload-dokumen', '\\App\\Controllers\\Kabid\\C_UploadDokumen::index')
 3 SYSTEMPATH\Router\RouteCollection.php(799): CodeIgniter\Router\RouteCollection::{closure:C:\Users\ASUS\Downloads\Projectmagang_dr\Projectmagang_dr\app\Config\Routes.php:153}(Object(CodeIgniter\Router\RouteCollection))
 4 APPPATH\Config\Routes.php(153): CodeIgniter\Router\RouteCollection->group('kabid', [...], Object(Closure))
 5 SYSTEMPATH\Router\RouteCollection.php(339): require('C:\\Users\\ASUS\\Downloads\\Projectmagang_dr\\Projectmagang_dr\\app\\Config\\Routes.php')
 6 SYSTEMPATH\CodeIgniter.php(841): CodeIgniter\Router\RouteCollection->loadRoutes()
 7 SYSTEMPATH\CodeIgniter.php(464): CodeIgniter\CodeIgniter->tryToRouteIt(null)
 8 SYSTEMPATH\CodeIgniter.php(363): CodeIgniter\CodeIgniter->handleRequest(null, Object(Config\Cache), false)
 9 SYSTEMPATH\Boot.php(417): CodeIgniter\CodeIgniter->run()
10 SYSTEMPATH\Boot.php(68): CodeIgniter\Boot::runCodeIgniter(Object(CodeIgniter\CodeIgniter))
11 FCPATH\index.php(59): CodeIgniter\Boot::bootWeb(Object(Config\Paths))
12 SYSTEMPATH\rewrite.php(44): require_once('C:\\Users\\ASUS\\Downloads\\Projectmagang_dr\\Projectmagang_dr\\public\\index.php')
DEBUG - 2026-08-24 07:29:20 --> Session: Class initialized using 'CodeIgniter\Session\Handlers\FileHandler' driver.
WARNING - 2026-08-24 07:29:22 --> [DEPRECATED] Passing lowercase HTTP method "get" is deprecated. Use uppercase HTTP method like "GET". in SYSTEMPATH\Router\RouteCollection.php on line 1026.
 1 SYSTEMPATH\Router\RouteCollection.php(1026): trigger_error('Passing lowercase HTTP method "get" is deprecated. Use uppercase HTTP method like "GET".', 16384)
 2 APPPATH\Config\Routes.php(77): CodeIgniter\Router\RouteCollection->match([...], 'logbook', 'C_Logbook::logbook')
 3 SYSTEMPATH\Router\RouteCollection.php(799): CodeIgniter\Router\RouteCollection::{closure:C:\Users\ASUS\Downloads\Projectmagang_dr\Projectmagang_dr\app\Config\Routes.php:59}(Object(CodeIgniter\Router\RouteCollection))
 4 APPPATH\Config\Routes.php(59): CodeIgniter\Router\RouteCollection->group('mahasiswa', [...], Object(Closure))
 5 SYSTEMPATH\Router\RouteCollection.php(339): require('C:\\Users\\ASUS\\Downloads\\Projectmagang_dr\\Projectmagang_dr\\app\\Config\\Routes.php')
 6 SYSTEMPATH\CodeIgniter.php(841): CodeIgniter\Router\RouteCollection->loadRoutes()
 7 SYSTEMPATH\CodeIgniter.php(464): CodeIgniter\CodeIgniter->tryToRouteIt(null)
 8 SYSTEMPATH\CodeIgniter.php(363): CodeIgniter\CodeIgniter->handleRequest(null, Object(Config\Cache), false)
 9 SYSTEMPATH\Boot.php(417): CodeIgniter\CodeIgniter->run()
10 SYSTEMPATH\Boot.php(68): CodeIgniter\Boot::runCodeIgniter(Object(CodeIgniter\CodeIgniter))
11 FCPATH\index.php(59): CodeIgniter\Boot::bootWeb(Object(Config\Paths))
12 SYSTEMPATH\rewrite.php(44): require_once('C:\\Users\\ASUS\\Downloads\\Projectmagang_dr\\Projectmagang_dr\\public\\index.php')
WARNING - 2026-08-24 07:29:22 --> [DEPRECATED] Passing lowercase HTTP method "post" is deprecated. Use uppercase HTTP method like "POST". in SYSTEMPATH\Router\RouteCollection.php on line 1026.
 1 SYSTEMPATH\Router\RouteCollection.php(1026): trigger_error('Passing lowercase HTTP method "post" is deprecated. Use uppercase HTTP method like "POST".', 16384)
 2 APPPATH\Config\Routes.php(77): CodeIgniter\Router\RouteCollection->match([...], 'logbook', 'C_Logbook::logbook')
 3 SYSTEMPATH\Router\RouteCollection.php(799): CodeIgniter\Router\RouteCollection::{closure:C:\Users\ASUS\Downloads\Projectmagang_dr\Projectmagang_dr\app\Config\Routes.php:59}(Object(CodeIgniter\Router\RouteCollection))
 4 APPPATH\Config\Routes.php(59): CodeIgniter\Router\RouteCollection->group('mahasiswa', [...], Object(Closure))
 5 SYSTEMPATH\Router\RouteCollection.php(339): require('C:\\Users\\ASUS\\Downloads\\Projectmagang_dr\\Projectmagang_dr\\app\\Config\\Routes.php')
 6 SYSTEMPATH\CodeIgniter.php(841): CodeIgniter\Router\RouteCollection->loadRoutes()
 7 SYSTEMPATH\CodeIgniter.php(464): CodeIgniter\CodeIgniter->tryToRouteIt(null)
 8 SYSTEMPATH\CodeIgniter.php(363): CodeIgniter\CodeIgniter->handleRequest(null, Object(Config\Cache), false)
 9 SYSTEMPATH\Boot.php(417): CodeIgniter\CodeIgniter->run()
10 SYSTEMPATH\Boot.php(68): CodeIgniter\Boot::runCodeIgniter(Object(CodeIgniter\CodeIgniter))
11 FCPATH\index.php(59): CodeIgniter\Boot::bootWeb(Object(Config\Paths))
12 SYSTEMPATH\rewrite.php(44): require_once('C:\\Users\\ASUS\\Downloads\\Projectmagang_dr\\Projectmagang_dr\\public\\index.php')
WARNING - 2026-08-24 07:29:22 --> [DEPRECATED] Passing lowercase HTTP method "get" is deprecated. Use uppercase HTTP method like "GET". in SYSTEMPATH\Router\RouteCollection.php on line 1026.
 1 SYSTEMPATH\Router\RouteCollection.php(1026): trigger_error('Passing lowercase HTTP method "get" is deprecated. Use uppercase HTTP method like "GET".', 16384)
 2 APPPATH\Config\Routes.php(95): CodeIgniter\Router\RouteCollection->match([...], 'verifikasi', '\\App\\Controllers\\Sekretariat\\C_Verifikasi::index')
 3 SYSTEMPATH\Router\RouteCollection.php(799): CodeIgniter\Router\RouteCollection::{closure:C:\Users\ASUS\Downloads\Projectmagang_dr\Projectmagang_dr\app\Config\Routes.php:89}(Object(CodeIgniter\Router\RouteCollection))
 4 APPPATH\Config\Routes.php(89): CodeIgniter\Router\RouteCollection->group('sekretariat', [...], Object(Closure))
 5 SYSTEMPATH\Router\RouteCollection.php(339): require('C:\\Users\\ASUS\\Downloads\\Projectmagang_dr\\Projectmagang_dr\\app\\Config\\Routes.php')
 6 SYSTEMPATH\CodeIgniter.php(841): CodeIgniter\Router\RouteCollection->loadRoutes()
 7 SYSTEMPATH\CodeIgniter.php(464): CodeIgniter\CodeIgniter->tryToRouteIt(null)
 8 SYSTEMPATH\CodeIgniter.php(363): CodeIgniter\CodeIgniter->handleRequest(null, Object(Config\Cache), false)
 9 SYSTEMPATH\Boot.php(417): CodeIgniter\CodeIgniter->run()
10 SYSTEMPATH\Boot.php(68): CodeIgniter\Boot::runCodeIgniter(Object(CodeIgniter\CodeIgniter))
11 FCPATH\index.php(59): CodeIgniter\Boot::bootWeb(Object(Config\Paths))
12 SYSTEMPATH\rewrite.php(44): require_once('C:\\Users\\ASUS\\Downloads\\Projectmagang_dr\\Projectmagang_dr\\public\\index.php')
WARNING - 2026-08-24 07:29:22 --> [DEPRECATED] Passing lowercase HTTP method "post" is deprecated. Use uppercase HTTP method like "POST". in SYSTEMPATH\Router\RouteCollection.php on line 1026.
 1 SYSTEMPATH\Router\RouteCollection.php(1026): trigger_error('Passing lowercase HTTP method "post" is deprecated. Use uppercase HTTP method like "POST".', 16384)
 2 APPPATH\Config\Routes.php(95): CodeIgniter\Router\RouteCollection->match([...], 'verifikasi', '\\App\\Controllers\\Sekretariat\\C_Verifikasi::index')
 3 SYSTEMPATH\Router\RouteCollection.php(799): CodeIgniter\Router\RouteCollection::{closure:C:\Users\ASUS\Downloads\Projectmagang_dr\Projectmagang_dr\app\Config\Routes.php:89}(Object(CodeIgniter\Router\RouteCollection))
 4 APPPATH\Config\Routes.php(89): CodeIgniter\Router\RouteCollection->group('sekretariat', [...], Object(Closure))
 5 SYSTEMPATH\Router\RouteCollection.php(339): require('C:\\Users\\ASUS\\Downloads\\Projectmagang_dr\\Projectmagang_dr\\app\\Config\\Routes.php')
 6 SYSTEMPATH\CodeIgniter.php(841): CodeIgniter\Router\RouteCollection->loadRoutes()
 7 SYSTEMPATH\CodeIgniter.php(464): CodeIgniter\CodeIgniter->tryToRouteIt(null)
 8 SYSTEMPATH\CodeIgniter.php(363): CodeIgniter\CodeIgniter->handleRequest(null, Object(Config\Cache), false)
 9 SYSTEMPATH\Boot.php(417): CodeIgniter\CodeIgniter->run()
10 SYSTEMPATH\Boot.php(68): CodeIgniter\Boot::runCodeIgniter(Object(CodeIgniter\CodeIgniter))
11 FCPATH\index.php(59): CodeIgniter\Boot::bootWeb(Object(Config\Paths))
12 SYSTEMPATH\rewrite.php(44): require_once('C:\\Users\\ASUS\\Downloads\\Projectmagang_dr\\Projectmagang_dr\\public\\index.php')
WARNING - 2026-08-24 07:29:22 --> [DEPRECATED] Passing lowercase HTTP method "get" is deprecated. Use uppercase HTTP method like "GET". in SYSTEMPATH\Router\RouteCollection.php on line 1026.
 1 SYSTEMPATH\Router\RouteCollection.php(1026): trigger_error('Passing lowercase HTTP method "get" is deprecated. Use uppercase HTTP method like "GET".', 16384)
 2 APPPATH\Config\Routes.php(144): CodeIgniter\Router\RouteCollection->match([...], 'upload-surat-penerimaan', '\\App\\Controllers\\Sekretariat\\C_UploadSuratPenerimaan::index')
 3 SYSTEMPATH\Router\RouteCollection.php(799): CodeIgniter\Router\RouteCollection::{closure:C:\Users\ASUS\Downloads\Projectmagang_dr\Projectmagang_dr\app\Config\Routes.php:89}(Object(CodeIgniter\Router\RouteCollection))
 4 APPPATH\Config\Routes.php(89): CodeIgniter\Router\RouteCollection->group('sekretariat', [...], Object(Closure))
 5 SYSTEMPATH\Router\RouteCollection.php(339): require('C:\\Users\\ASUS\\Downloads\\Projectmagang_dr\\Projectmagang_dr\\app\\Config\\Routes.php')
 6 SYSTEMPATH\CodeIgniter.php(841): CodeIgniter\Router\RouteCollection->loadRoutes()
 7 SYSTEMPATH\CodeIgniter.php(464): CodeIgniter\CodeIgniter->tryToRouteIt(null)
 8 SYSTEMPATH\CodeIgniter.php(363): CodeIgniter\CodeIgniter->handleRequest(null, Object(Config\Cache), false)
 9 SYSTEMPATH\Boot.php(417): CodeIgniter\CodeIgniter->run()
10 SYSTEMPATH\Boot.php(68): CodeIgniter\Boot::runCodeIgniter(Object(CodeIgniter\CodeIgniter))
11 FCPATH\index.php(59): CodeIgniter\Boot::bootWeb(Object(Config\Paths))
12 SYSTEMPATH\rewrite.php(44): require_once('C:\\Users\\ASUS\\Downloads\\Projectmagang_dr\\Projectmagang_dr\\public\\index.php')
WARNING - 2026-08-24 07:29:22 --> [DEPRECATED] Passing lowercase HTTP method "post" is deprecated. Use uppercase HTTP method like "POST". in SYSTEMPATH\Router\RouteCollection.php on line 1026.
 1 SYSTEMPATH\Router\RouteCollection.php(1026): trigger_error('Passing lowercase HTTP method "post" is deprecated. Use uppercase HTTP method like "POST".', 16384)
 2 APPPATH\Config\Routes.php(144): CodeIgniter\Router\RouteCollection->match([...], 'upload-surat-penerimaan', '\\App\\Controllers\\Sekretariat\\C_UploadSuratPenerimaan::index')
 3 SYSTEMPATH\Router\RouteCollection.php(799): CodeIgniter\Router\RouteCollection::{closure:C:\Users\ASUS\Downloads\Projectmagang_dr\Projectmagang_dr\app\Config\Routes.php:89}(Object(CodeIgniter\Router\RouteCollection))
 4 APPPATH\Config\Routes.php(89): CodeIgniter\Router\RouteCollection->group('sekretariat', [...], Object(Closure))
 5 SYSTEMPATH\Router\RouteCollection.php(339): require('C:\\Users\\ASUS\\Downloads\\Projectmagang_dr\\Projectmagang_dr\\app\\Config\\Routes.php')
 6 SYSTEMPATH\CodeIgniter.php(841): CodeIgniter\Router\RouteCollection->loadRoutes()
 7 SYSTEMPATH\CodeIgniter.php(464): CodeIgniter\CodeIgniter->tryToRouteIt(null)
 8 SYSTEMPATH\CodeIgniter.php(363): CodeIgniter\CodeIgniter->handleRequest(null, Object(Config\Cache), false)
 9 SYSTEMPATH\Boot.php(417): CodeIgniter\CodeIgniter->run()
10 SYSTEMPATH\Boot.php(68): CodeIgniter\Boot::runCodeIgniter(Object(CodeIgniter\CodeIgniter))
11 FCPATH\index.php(59): CodeIgniter\Boot::bootWeb(Object(Config\Paths))
12 SYSTEMPATH\rewrite.php(44): require_once('C:\\Users\\ASUS\\Downloads\\Projectmagang_dr\\Projectmagang_dr\\public\\index.php')
WARNING - 2026-08-24 07:29:22 --> [DEPRECATED] Passing lowercase HTTP method "get" is deprecated. Use uppercase HTTP method like "GET". in SYSTEMPATH\Router\RouteCollection.php on line 1026.
 1 SYSTEMPATH\Router\RouteCollection.php(1026): trigger_error('Passing lowercase HTTP method "get" is deprecated. Use uppercase HTTP method like "GET".', 16384)
 2 APPPATH\Config\Routes.php(167): CodeIgniter\Router\RouteCollection->match([...], 'logbook', '\\App\\Controllers\\Kabid\\C_LogbookKabid::index')
 3 SYSTEMPATH\Router\RouteCollection.php(799): CodeIgniter\Router\RouteCollection::{closure:C:\Users\ASUS\Downloads\Projectmagang_dr\Projectmagang_dr\app\Config\Routes.php:153}(Object(CodeIgniter\Router\RouteCollection))
 4 APPPATH\Config\Routes.php(153): CodeIgniter\Router\RouteCollection->group('kabid', [...], Object(Closure))
 5 SYSTEMPATH\Router\RouteCollection.php(339): require('C:\\Users\\ASUS\\Downloads\\Projectmagang_dr\\Projectmagang_dr\\app\\Config\\Routes.php')
 6 SYSTEMPATH\CodeIgniter.php(841): CodeIgniter\Router\RouteCollection->loadRoutes()
 7 SYSTEMPATH\CodeIgniter.php(464): CodeIgniter\CodeIgniter->tryToRouteIt(null)
 8 SYSTEMPATH\CodeIgniter.php(363): CodeIgniter\CodeIgniter->handleRequest(null, Object(Config\Cache), false)
 9 SYSTEMPATH\Boot.php(417): CodeIgniter\CodeIgniter->run()
10 SYSTEMPATH\Boot.php(68): CodeIgniter\Boot::runCodeIgniter(Object(CodeIgniter\CodeIgniter))
11 FCPATH\index.php(59): CodeIgniter\Boot::bootWeb(Object(Config\Paths))
12 SYSTEMPATH\rewrite.php(44): require_once('C:\\Users\\ASUS\\Downloads\\Projectmagang_dr\\Projectmagang_dr\\public\\index.php')
WARNING - 2026-08-24 07:29:22 --> [DEPRECATED] Passing lowercase HTTP method "post" is deprecated. Use uppercase HTTP method like "POST". in SYSTEMPATH\Router\RouteCollection.php on line 1026.
 1 SYSTEMPATH\Router\RouteCollection.php(1026): trigger_error('Passing lowercase HTTP method "post" is deprecated. Use uppercase HTTP method like "POST".', 16384)
 2 APPPATH\Config\Routes.php(167): CodeIgniter\Router\RouteCollection->match([...], 'logbook', '\\App\\Controllers\\Kabid\\C_LogbookKabid::index')
 3 SYSTEMPATH\Router\RouteCollection.php(799): CodeIgniter\Router\RouteCollection::{closure:C:\Users\ASUS\Downloads\Projectmagang_dr\Projectmagang_dr\app\Config\Routes.php:153}(Object(CodeIgniter\Router\RouteCollection))
 4 APPPATH\Config\Routes.php(153): CodeIgniter\Router\RouteCollection->group('kabid', [...], Object(Closure))
 5 SYSTEMPATH\Router\RouteCollection.php(339): require('C:\\Users\\ASUS\\Downloads\\Projectmagang_dr\\Projectmagang_dr\\app\\Config\\Routes.php')
 6 SYSTEMPATH\CodeIgniter.php(841): CodeIgniter\Router\RouteCollection->loadRoutes()
 7 SYSTEMPATH\CodeIgniter.php(464): CodeIgniter\CodeIgniter->tryToRouteIt(null)
 8 SYSTEMPATH\CodeIgniter.php(363): CodeIgniter\CodeIgniter->handleRequest(null, Object(Config\Cache), false)
 9 SYSTEMPATH\Boot.php(417): CodeIgniter\CodeIgniter->run()
10 SYSTEMPATH\Boot.php(68): CodeIgniter\Boot::runCodeIgniter(Object(CodeIgniter\CodeIgniter))
11 FCPATH\index.php(59): CodeIgniter\Boot::bootWeb(Object(Config\Paths))
12 SYSTEMPATH\rewrite.php(44): require_once('C:\\Users\\ASUS\\Downloads\\Projectmagang_dr\\Projectmagang_dr\\public\\index.php')
WARNING - 2026-08-24 07:29:22 --> [DEPRECATED] Passing lowercase HTTP method "get" is deprecated. Use uppercase HTTP method like "GET". in SYSTEMPATH\Router\RouteCollection.php on line 1026.
 1 SYSTEMPATH\Router\RouteCollection.php(1026): trigger_error('Passing lowercase HTTP method "get" is deprecated. Use uppercase HTTP method like "GET".', 16384)
 2 APPPATH\Config\Routes.php(179): CodeIgniter\Router\RouteCollection->match([...], 'upload-dokumen', '\\App\\Controllers\\Kabid\\C_UploadDokumen::index')
 3 SYSTEMPATH\Router\RouteCollection.php(799): CodeIgniter\Router\RouteCollection::{closure:C:\Users\ASUS\Downloads\Projectmagang_dr\Projectmagang_dr\app\Config\Routes.php:153}(Object(CodeIgniter\Router\RouteCollection))
 4 APPPATH\Config\Routes.php(153): CodeIgniter\Router\RouteCollection->group('kabid', [...], Object(Closure))
 5 SYSTEMPATH\Router\RouteCollection.php(339): require('C:\\Users\\ASUS\\Downloads\\Projectmagang_dr\\Projectmagang_dr\\app\\Config\\Routes.php')
 6 SYSTEMPATH\CodeIgniter.php(841): CodeIgniter\Router\RouteCollection->loadRoutes()
 7 SYSTEMPATH\CodeIgniter.php(464): CodeIgniter\CodeIgniter->tryToRouteIt(null)
 8 SYSTEMPATH\CodeIgniter.php(363): CodeIgniter\CodeIgniter->handleRequest(null, Object(Config\Cache), false)
 9 SYSTEMPATH\Boot.php(417): CodeIgniter\CodeIgniter->run()
10 SYSTEMPATH\Boot.php(68): CodeIgniter\Boot::runCodeIgniter(Object(CodeIgniter\CodeIgniter))
11 FCPATH\index.php(59): CodeIgniter\Boot::bootWeb(Object(Config\Paths))
12 SYSTEMPATH\rewrite.php(44): require_once('C:\\Users\\ASUS\\Downloads\\Projectmagang_dr\\Projectmagang_dr\\public\\index.php')
WARNING - 2026-08-24 07:29:22 --> [DEPRECATED] Passing lowercase HTTP method "post" is deprecated. Use uppercase HTTP method like "POST". in SYSTEMPATH\Router\RouteCollection.php on line 1026.
 1 SYSTEMPATH\Router\RouteCollection.php(1026): trigger_error('Passing lowercase HTTP method "post" is deprecated. Use uppercase HTTP method like "POST".', 16384)
 2 APPPATH\Config\Routes.php(179): CodeIgniter\Router\RouteCollection->match([...], 'upload-dokumen', '\\App\\Controllers\\Kabid\\C_UploadDokumen::index')
 3 SYSTEMPATH\Router\RouteCollection.php(799): CodeIgniter\Router\RouteCollection::{closure:C:\Users\ASUS\Downloads\Projectmagang_dr\Projectmagang_dr\app\Config\Routes.php:153}(Object(CodeIgniter\Router\RouteCollection))
 4 APPPATH\Config\Routes.php(153): CodeIgniter\Router\RouteCollection->group('kabid', [...], Object(Closure))
 5 SYSTEMPATH\Router\RouteCollection.php(339): require('C:\\Users\\ASUS\\Downloads\\Projectmagang_dr\\Projectmagang_dr\\app\\Config\\Routes.php')
 6 SYSTEMPATH\CodeIgniter.php(841): CodeIgniter\Router\RouteCollection->loadRoutes()
 7 SYSTEMPATH\CodeIgniter.php(464): CodeIgniter\CodeIgniter->tryToRouteIt(null)
 8 SYSTEMPATH\CodeIgniter.php(363): CodeIgniter\CodeIgniter->handleRequest(null, Object(Config\Cache), false)
 9 SYSTEMPATH\Boot.php(417): CodeIgniter\CodeIgniter->run()
10 SYSTEMPATH\Boot.php(68): CodeIgniter\Boot::runCodeIgniter(Object(CodeIgniter\CodeIgniter))
11 FCPATH\index.php(59): CodeIgniter\Boot::bootWeb(Object(Config\Paths))
12 SYSTEMPATH\rewrite.php(44): require_once('C:\\Users\\ASUS\\Downloads\\Projectmagang_dr\\Projectmagang_dr\\public\\index.php')
DEBUG - 2026-08-24 07:29:22 --> Session: Class initialized using 'CodeIgniter\Session\Handlers\FileHandler' driver.
WARNING - 2026-08-24 07:29:30 --> [DEPRECATED] Passing lowercase HTTP method "get" is deprecated. Use uppercase HTTP method like "GET". in SYSTEMPATH\Router\RouteCollection.php on line 1026.
 1 SYSTEMPATH\Router\RouteCollection.php(1026): trigger_error('Passing lowercase HTTP method "get" is deprecated. Use uppercase HTTP method like "GET".', 16384)
 2 APPPATH\Config\Routes.php(77): CodeIgniter\Router\RouteCollection->match([...], 'logbook', 'C_Logbook::logbook')
 3 SYSTEMPATH\Router\RouteCollection.php(799): CodeIgniter\Router\RouteCollection::{closure:C:\Users\ASUS\Downloads\Projectmagang_dr\Projectmagang_dr\app\Config\Routes.php:59}(Object(CodeIgniter\Router\RouteCollection))
 4 APPPATH\Config\Routes.php(59): CodeIgniter\Router\RouteCollection->group('mahasiswa', [...], Object(Closure))
 5 SYSTEMPATH\Router\RouteCollection.php(339): require('C:\\Users\\ASUS\\Downloads\\Projectmagang_dr\\Projectmagang_dr\\app\\Config\\Routes.php')
 6 SYSTEMPATH\CodeIgniter.php(841): CodeIgniter\Router\RouteCollection->loadRoutes()
 7 SYSTEMPATH\CodeIgniter.php(464): CodeIgniter\CodeIgniter->tryToRouteIt(null)
 8 SYSTEMPATH\CodeIgniter.php(363): CodeIgniter\CodeIgniter->handleRequest(null, Object(Config\Cache), false)
 9 SYSTEMPATH\Boot.php(417): CodeIgniter\CodeIgniter->run()
10 SYSTEMPATH\Boot.php(68): CodeIgniter\Boot::runCodeIgniter(Object(CodeIgniter\CodeIgniter))
11 FCPATH\index.php(59): CodeIgniter\Boot::bootWeb(Object(Config\Paths))
12 SYSTEMPATH\rewrite.php(44): require_once('C:\\Users\\ASUS\\Downloads\\Projectmagang_dr\\Projectmagang_dr\\public\\index.php')
WARNING - 2026-08-24 07:29:30 --> [DEPRECATED] Passing lowercase HTTP method "post" is deprecated. Use uppercase HTTP method like "POST". in SYSTEMPATH\Router\RouteCollection.php on line 1026.
 1 SYSTEMPATH\Router\RouteCollection.php(1026): trigger_error('Passing lowercase HTTP method "post" is deprecated. Use uppercase HTTP method like "POST".', 16384)
 2 APPPATH\Config\Routes.php(77): CodeIgniter\Router\RouteCollection->match([...], 'logbook', 'C_Logbook::logbook')
 3 SYSTEMPATH\Router\RouteCollection.php(799): CodeIgniter\Router\RouteCollection::{closure:C:\Users\ASUS\Downloads\Projectmagang_dr\Projectmagang_dr\app\Config\Routes.php:59}(Object(CodeIgniter\Router\RouteCollection))
 4 APPPATH\Config\Routes.php(59): CodeIgniter\Router\RouteCollection->group('mahasiswa', [...], Object(Closure))
 5 SYSTEMPATH\Router\RouteCollection.php(339): require('C:\\Users\\ASUS\\Downloads\\Projectmagang_dr\\Projectmagang_dr\\app\\Config\\Routes.php')
 6 SYSTEMPATH\CodeIgniter.php(841): CodeIgniter\Router\RouteCollection->loadRoutes()
 7 SYSTEMPATH\CodeIgniter.php(464): CodeIgniter\CodeIgniter->tryToRouteIt(null)
 8 SYSTEMPATH\CodeIgniter.php(363): CodeIgniter\CodeIgniter->handleRequest(null, Object(Config\Cache), false)
 9 SYSTEMPATH\Boot.php(417): CodeIgniter\CodeIgniter->run()
10 SYSTEMPATH\Boot.php(68): CodeIgniter\Boot::runCodeIgniter(Object(CodeIgniter\CodeIgniter))
11 FCPATH\index.php(59): CodeIgniter\Boot::bootWeb(Object(Config\Paths))
12 SYSTEMPATH\rewrite.php(44): require_once('C:\\Users\\ASUS\\Downloads\\Projectmagang_dr\\Projectmagang_dr\\public\\index.php')
WARNING - 2026-08-24 07:29:30 --> [DEPRECATED] Passing lowercase HTTP method "get" is deprecated. Use uppercase HTTP method like "GET". in SYSTEMPATH\Router\RouteCollection.php on line 1026.
 1 SYSTEMPATH\Router\RouteCollection.php(1026): trigger_error('Passing lowercase HTTP method "get" is deprecated. Use uppercase HTTP method like "GET".', 16384)
 2 APPPATH\Config\Routes.php(95): CodeIgniter\Router\RouteCollection->match([...], 'verifikasi', '\\App\\Controllers\\Sekretariat\\C_Verifikasi::index')
 3 SYSTEMPATH\Router\RouteCollection.php(799): CodeIgniter\Router\RouteCollection::{closure:C:\Users\ASUS\Downloads\Projectmagang_dr\Projectmagang_dr\app\Config\Routes.php:89}(Object(CodeIgniter\Router\RouteCollection))
 4 APPPATH\Config\Routes.php(89): CodeIgniter\Router\RouteCollection->group('sekretariat', [...], Object(Closure))
 5 SYSTEMPATH\Router\RouteCollection.php(339): require('C:\\Users\\ASUS\\Downloads\\Projectmagang_dr\\Projectmagang_dr\\app\\Config\\Routes.php')
 6 SYSTEMPATH\CodeIgniter.php(841): CodeIgniter\Router\RouteCollection->loadRoutes()
 7 SYSTEMPATH\CodeIgniter.php(464): CodeIgniter\CodeIgniter->tryToRouteIt(null)
 8 SYSTEMPATH\CodeIgniter.php(363): CodeIgniter\CodeIgniter->handleRequest(null, Object(Config\Cache), false)
 9 SYSTEMPATH\Boot.php(417): CodeIgniter\CodeIgniter->run()
10 SYSTEMPATH\Boot.php(68): CodeIgniter\Boot::runCodeIgniter(Object(CodeIgniter\CodeIgniter))
11 FCPATH\index.php(59): CodeIgniter\Boot::bootWeb(Object(Config\Paths))
12 SYSTEMPATH\rewrite.php(44): require_once('C:\\Users\\ASUS\\Downloads\\Projectmagang_dr\\Projectmagang_dr\\public\\index.php')
WARNING - 2026-08-24 07:29:30 --> [DEPRECATED] Passing lowercase HTTP method "post" is deprecated. Use uppercase HTTP method like "POST". in SYSTEMPATH\Router\RouteCollection.php on line 1026.
 1 SYSTEMPATH\Router\RouteCollection.php(1026): trigger_error('Passing lowercase HTTP method "post" is deprecated. Use uppercase HTTP method like "POST".', 16384)
 2 APPPATH\Config\Routes.php(95): CodeIgniter\Router\RouteCollection->match([...], 'verifikasi', '\\App\\Controllers\\Sekretariat\\C_Verifikasi::index')
 3 SYSTEMPATH\Router\RouteCollection.php(799): CodeIgniter\Router\RouteCollection::{closure:C:\Users\ASUS\Downloads\Projectmagang_dr\Projectmagang_dr\app\Config\Routes.php:89}(Object(CodeIgniter\Router\RouteCollection))
 4 APPPATH\Config\Routes.php(89): CodeIgniter\Router\RouteCollection->group('sekretariat', [...], Object(Closure))
 5 SYSTEMPATH\Router\RouteCollection.php(339): require('C:\\Users\\ASUS\\Downloads\\Projectmagang_dr\\Projectmagang_dr\\app\\Config\\Routes.php')
 6 SYSTEMPATH\CodeIgniter.php(841): CodeIgniter\Router\RouteCollection->loadRoutes()
 7 SYSTEMPATH\CodeIgniter.php(464): CodeIgniter\CodeIgniter->tryToRouteIt(null)
 8 SYSTEMPATH\CodeIgniter.php(363): CodeIgniter\CodeIgniter->handleRequest(null, Object(Config\Cache), false)
 9 SYSTEMPATH\Boot.php(417): CodeIgniter\CodeIgniter->run()
10 SYSTEMPATH\Boot.php(68): CodeIgniter\Boot::runCodeIgniter(Object(CodeIgniter\CodeIgniter))
11 FCPATH\index.php(59): CodeIgniter\Boot::bootWeb(Object(Config\Paths))
12 SYSTEMPATH\rewrite.php(44): require_once('C:\\Users\\ASUS\\Downloads\\Projectmagang_dr\\Projectmagang_dr\\public\\index.php')
WARNING - 2026-08-24 07:29:30 --> [DEPRECATED] Passing lowercase HTTP method "get" is deprecated. Use uppercase HTTP method like "GET". in SYSTEMPATH\Router\RouteCollection.php on line 1026.
 1 SYSTEMPATH\Router\RouteCollection.php(1026): trigger_error('Passing lowercase HTTP method "get" is deprecated. Use uppercase HTTP method like "GET".', 16384)
 2 APPPATH\Config\Routes.php(144): CodeIgniter\Router\RouteCollection->match([...], 'upload-surat-penerimaan', '\\App\\Controllers\\Sekretariat\\C_UploadSuratPenerimaan::index')
 3 SYSTEMPATH\Router\RouteCollection.php(799): CodeIgniter\Router\RouteCollection::{closure:C:\Users\ASUS\Downloads\Projectmagang_dr\Projectmagang_dr\app\Config\Routes.php:89}(Object(CodeIgniter\Router\RouteCollection))
 4 APPPATH\Config\Routes.php(89): CodeIgniter\Router\RouteCollection->group('sekretariat', [...], Object(Closure))
 5 SYSTEMPATH\Router\RouteCollection.php(339): require('C:\\Users\\ASUS\\Downloads\\Projectmagang_dr\\Projectmagang_dr\\app\\Config\\Routes.php')
 6 SYSTEMPATH\CodeIgniter.php(841): CodeIgniter\Router\RouteCollection->loadRoutes()
 7 SYSTEMPATH\CodeIgniter.php(464): CodeIgniter\CodeIgniter->tryToRouteIt(null)
 8 SYSTEMPATH\CodeIgniter.php(363): CodeIgniter\CodeIgniter->handleRequest(null, Object(Config\Cache), false)
 9 SYSTEMPATH\Boot.php(417): CodeIgniter\CodeIgniter->run()
10 SYSTEMPATH\Boot.php(68): CodeIgniter\Boot::runCodeIgniter(Object(CodeIgniter\CodeIgniter))
11 FCPATH\index.php(59): CodeIgniter\Boot::bootWeb(Object(Config\Paths))
12 SYSTEMPATH\rewrite.php(44): require_once('C:\\Users\\ASUS\\Downloads\\Projectmagang_dr\\Projectmagang_dr\\public\\index.php')
WARNING - 2026-08-24 07:29:30 --> [DEPRECATED] Passing lowercase HTTP method "post" is deprecated. Use uppercase HTTP method like "POST". in SYSTEMPATH\Router\RouteCollection.php on line 1026.
 1 SYSTEMPATH\Router\RouteCollection.php(1026): trigger_error('Passing lowercase HTTP method "post" is deprecated. Use uppercase HTTP method like "POST".', 16384)
 2 APPPATH\Config\Routes.php(144): CodeIgniter\Router\RouteCollection->match([...], 'upload-surat-penerimaan', '\\App\\Controllers\\Sekretariat\\C_UploadSuratPenerimaan::index')
 3 SYSTEMPATH\Router\RouteCollection.php(799): CodeIgniter\Router\RouteCollection::{closure:C:\Users\ASUS\Downloads\Projectmagang_dr\Projectmagang_dr\app\Config\Routes.php:89}(Object(CodeIgniter\Router\RouteCollection))
 4 APPPATH\Config\Routes.php(89): CodeIgniter\Router\RouteCollection->group('sekretariat', [...], Object(Closure))
 5 SYSTEMPATH\Router\RouteCollection.php(339): require('C:\\Users\\ASUS\\Downloads\\Projectmagang_dr\\Projectmagang_dr\\app\\Config\\Routes.php')
 6 SYSTEMPATH\CodeIgniter.php(841): CodeIgniter\Router\RouteCollection->loadRoutes()
 7 SYSTEMPATH\CodeIgniter.php(464): CodeIgniter\CodeIgniter->tryToRouteIt(null)
 8 SYSTEMPATH\CodeIgniter.php(363): CodeIgniter\CodeIgniter->handleRequest(null, Object(Config\Cache), false)
 9 SYSTEMPATH\Boot.php(417): CodeIgniter\CodeIgniter->run()
10 SYSTEMPATH\Boot.php(68): CodeIgniter\Boot::runCodeIgniter(Object(CodeIgniter\CodeIgniter))
11 FCPATH\index.php(59): CodeIgniter\Boot::bootWeb(Object(Config\Paths))
12 SYSTEMPATH\rewrite.php(44): require_once('C:\\Users\\ASUS\\Downloads\\Projectmagang_dr\\Projectmagang_dr\\public\\index.php')
WARNING - 2026-08-24 07:29:30 --> [DEPRECATED] Passing lowercase HTTP method "get" is deprecated. Use uppercase HTTP method like "GET". in SYSTEMPATH\Router\RouteCollection.php on line 1026.
 1 SYSTEMPATH\Router\RouteCollection.php(1026): trigger_error('Passing lowercase HTTP method "get" is deprecated. Use uppercase HTTP method like "GET".', 16384)
 2 APPPATH\Config\Routes.php(167): CodeIgniter\Router\RouteCollection->match([...], 'logbook', '\\App\\Controllers\\Kabid\\C_LogbookKabid::index')
 3 SYSTEMPATH\Router\RouteCollection.php(799): CodeIgniter\Router\RouteCollection::{closure:C:\Users\ASUS\Downloads\Projectmagang_dr\Projectmagang_dr\app\Config\Routes.php:153}(Object(CodeIgniter\Router\RouteCollection))
 4 APPPATH\Config\Routes.php(153): CodeIgniter\Router\RouteCollection->group('kabid', [...], Object(Closure))
 5 SYSTEMPATH\Router\RouteCollection.php(339): require('C:\\Users\\ASUS\\Downloads\\Projectmagang_dr\\Projectmagang_dr\\app\\Config\\Routes.php')
 6 SYSTEMPATH\CodeIgniter.php(841): CodeIgniter\Router\RouteCollection->loadRoutes()
 7 SYSTEMPATH\CodeIgniter.php(464): CodeIgniter\CodeIgniter->tryToRouteIt(null)
 8 SYSTEMPATH\CodeIgniter.php(363): CodeIgniter\CodeIgniter->handleRequest(null, Object(Config\Cache), false)
 9 SYSTEMPATH\Boot.php(417): CodeIgniter\CodeIgniter->run()
10 SYSTEMPATH\Boot.php(68): CodeIgniter\Boot::runCodeIgniter(Object(CodeIgniter\CodeIgniter))
11 FCPATH\index.php(59): CodeIgniter\Boot::bootWeb(Object(Config\Paths))
12 SYSTEMPATH\rewrite.php(44): require_once('C:\\Users\\ASUS\\Downloads\\Projectmagang_dr\\Projectmagang_dr\\public\\index.php')
WARNING - 2026-08-24 07:29:30 --> [DEPRECATED] Passing lowercase HTTP method "post" is deprecated. Use uppercase HTTP method like "POST". in SYSTEMPATH\Router\RouteCollection.php on line 1026.
 1 SYSTEMPATH\Router\RouteCollection.php(1026): trigger_error('Passing lowercase HTTP method "post" is deprecated. Use uppercase HTTP method like "POST".', 16384)
 2 APPPATH\Config\Routes.php(167): CodeIgniter\Router\RouteCollection->match([...], 'logbook', '\\App\\Controllers\\Kabid\\C_LogbookKabid::index')
 3 SYSTEMPATH\Router\RouteCollection.php(799): CodeIgniter\Router\RouteCollection::{closure:C:\Users\ASUS\Downloads\Projectmagang_dr\Projectmagang_dr\app\Config\Routes.php:153}(Object(CodeIgniter\Router\RouteCollection))
 4 APPPATH\Config\Routes.php(153): CodeIgniter\Router\RouteCollection->group('kabid', [...], Object(Closure))
 5 SYSTEMPATH\Router\RouteCollection.php(339): require('C:\\Users\\ASUS\\Downloads\\Projectmagang_dr\\Projectmagang_dr\\app\\Config\\Routes.php')
 6 SYSTEMPATH\CodeIgniter.php(841): CodeIgniter\Router\RouteCollection->loadRoutes()
 7 SYSTEMPATH\CodeIgniter.php(464): CodeIgniter\CodeIgniter->tryToRouteIt(null)
 8 SYSTEMPATH\CodeIgniter.php(363): CodeIgniter\CodeIgniter->handleRequest(null, Object(Config\Cache), false)
 9 SYSTEMPATH\Boot.php(417): CodeIgniter\CodeIgniter->run()
10 SYSTEMPATH\Boot.php(68): CodeIgniter\Boot::runCodeIgniter(Object(CodeIgniter\CodeIgniter))
11 FCPATH\index.php(59): CodeIgniter\Boot::bootWeb(Object(Config\Paths))
12 SYSTEMPATH\rewrite.php(44): require_once('C:\\Users\\ASUS\\Downloads\\Projectmagang_dr\\Projectmagang_dr\\public\\index.php')
WARNING - 2026-08-24 07:29:30 --> [DEPRECATED] Passing lowercase HTTP method "get" is deprecated. Use uppercase HTTP method like "GET". in SYSTEMPATH\Router\RouteCollection.php on line 1026.
 1 SYSTEMPATH\Router\RouteCollection.php(1026): trigger_error('Passing lowercase HTTP method "get" is deprecated. Use uppercase HTTP method like "GET".', 16384)
 2 APPPATH\Config\Routes.php(179): CodeIgniter\Router\RouteCollection->match([...], 'upload-dokumen', '\\App\\Controllers\\Kabid\\C_UploadDokumen::index')
 3 SYSTEMPATH\Router\RouteCollection.php(799): CodeIgniter\Router\RouteCollection::{closure:C:\Users\ASUS\Downloads\Projectmagang_dr\Projectmagang_dr\app\Config\Routes.php:153}(Object(CodeIgniter\Router\RouteCollection))
 4 APPPATH\Config\Routes.php(153): CodeIgniter\Router\RouteCollection->group('kabid', [...], Object(Closure))
 5 SYSTEMPATH\Router\RouteCollection.php(339): require('C:\\Users\\ASUS\\Downloads\\Projectmagang_dr\\Projectmagang_dr\\app\\Config\\Routes.php')
 6 SYSTEMPATH\CodeIgniter.php(841): CodeIgniter\Router\RouteCollection->loadRoutes()
 7 SYSTEMPATH\CodeIgniter.php(464): CodeIgniter\CodeIgniter->tryToRouteIt(null)
 8 SYSTEMPATH\CodeIgniter.php(363): CodeIgniter\CodeIgniter->handleRequest(null, Object(Config\Cache), false)
 9 SYSTEMPATH\Boot.php(417): CodeIgniter\CodeIgniter->run()
10 SYSTEMPATH\Boot.php(68): CodeIgniter\Boot::runCodeIgniter(Object(CodeIgniter\CodeIgniter))
11 FCPATH\index.php(59): CodeIgniter\Boot::bootWeb(Object(Config\Paths))
12 SYSTEMPATH\rewrite.php(44): require_once('C:\\Users\\ASUS\\Downloads\\Projectmagang_dr\\Projectmagang_dr\\public\\index.php')
WARNING - 2026-08-24 07:29:30 --> [DEPRECATED] Passing lowercase HTTP method "post" is deprecated. Use uppercase HTTP method like "POST". in SYSTEMPATH\Router\RouteCollection.php on line 1026.
 1 SYSTEMPATH\Router\RouteCollection.php(1026): trigger_error('Passing lowercase HTTP method "post" is deprecated. Use uppercase HTTP method like "POST".', 16384)
 2 APPPATH\Config\Routes.php(179): CodeIgniter\Router\RouteCollection->match([...], 'upload-dokumen', '\\App\\Controllers\\Kabid\\C_UploadDokumen::index')
 3 SYSTEMPATH\Router\RouteCollection.php(799): CodeIgniter\Router\RouteCollection::{closure:C:\Users\ASUS\Downloads\Projectmagang_dr\Projectmagang_dr\app\Config\Routes.php:153}(Object(CodeIgniter\Router\RouteCollection))
 4 APPPATH\Config\Routes.php(153): CodeIgniter\Router\RouteCollection->group('kabid', [...], Object(Closure))
 5 SYSTEMPATH\Router\RouteCollection.php(339): require('C:\\Users\\ASUS\\Downloads\\Projectmagang_dr\\Projectmagang_dr\\app\\Config\\Routes.php')
 6 SYSTEMPATH\CodeIgniter.php(841): CodeIgniter\Router\RouteCollection->loadRoutes()
 7 SYSTEMPATH\CodeIgniter.php(464): CodeIgniter\CodeIgniter->tryToRouteIt(null)
 8 SYSTEMPATH\CodeIgniter.php(363): CodeIgniter\CodeIgniter->handleRequest(null, Object(Config\Cache), false)
 9 SYSTEMPATH\Boot.php(417): CodeIgniter\CodeIgniter->run()
10 SYSTEMPATH\Boot.php(68): CodeIgniter\Boot::runCodeIgniter(Object(CodeIgniter\CodeIgniter))
11 FCPATH\index.php(59): CodeIgniter\Boot::bootWeb(Object(Config\Paths))
12 SYSTEMPATH\rewrite.php(44): require_once('C:\\Users\\ASUS\\Downloads\\Projectmagang_dr\\Projectmagang_dr\\public\\index.php')
DEBUG - 2026-08-24 07:29:30 --> Session: Class initialized using 'CodeIgniter\Session\Handlers\FileHandler' driver.
WARNING - 2026-08-24 07:29:34 --> [DEPRECATED] Passing lowercase HTTP method "get" is deprecated. Use uppercase HTTP method like "GET". in SYSTEMPATH\Router\RouteCollection.php on line 1026.
 1 SYSTEMPATH\Router\RouteCollection.php(1026): trigger_error('Passing lowercase HTTP method "get" is deprecated. Use uppercase HTTP method like "GET".', 16384)
 2 APPPATH\Config\Routes.php(77): CodeIgniter\Router\RouteCollection->match([...], 'logbook', 'C_Logbook::logbook')
 3 SYSTEMPATH\Router\RouteCollection.php(799): CodeIgniter\Router\RouteCollection::{closure:C:\Users\ASUS\Downloads\Projectmagang_dr\Projectmagang_dr\app\Config\Routes.php:59}(Object(CodeIgniter\Router\RouteCollection))
 4 APPPATH\Config\Routes.php(59): CodeIgniter\Router\RouteCollection->group('mahasiswa', [...], Object(Closure))
 5 SYSTEMPATH\Router\RouteCollection.php(339): require('C:\\Users\\ASUS\\Downloads\\Projectmagang_dr\\Projectmagang_dr\\app\\Config\\Routes.php')
 6 SYSTEMPATH\CodeIgniter.php(841): CodeIgniter\Router\RouteCollection->loadRoutes()
 7 SYSTEMPATH\CodeIgniter.php(464): CodeIgniter\CodeIgniter->tryToRouteIt(null)
 8 SYSTEMPATH\CodeIgniter.php(363): CodeIgniter\CodeIgniter->handleRequest(null, Object(Config\Cache), false)
 9 SYSTEMPATH\Boot.php(417): CodeIgniter\CodeIgniter->run()
10 SYSTEMPATH\Boot.php(68): CodeIgniter\Boot::runCodeIgniter(Object(CodeIgniter\CodeIgniter))
11 FCPATH\index.php(59): CodeIgniter\Boot::bootWeb(Object(Config\Paths))
12 SYSTEMPATH\rewrite.php(44): require_once('C:\\Users\\ASUS\\Downloads\\Projectmagang_dr\\Projectmagang_dr\\public\\index.php')
WARNING - 2026-08-24 07:29:34 --> [DEPRECATED] Passing lowercase HTTP method "post" is deprecated. Use uppercase HTTP method like "POST". in SYSTEMPATH\Router\RouteCollection.php on line 1026.
 1 SYSTEMPATH\Router\RouteCollection.php(1026): trigger_error('Passing lowercase HTTP method "post" is deprecated. Use uppercase HTTP method like "POST".', 16384)
 2 APPPATH\Config\Routes.php(77): CodeIgniter\Router\RouteCollection->match([...], 'logbook', 'C_Logbook::logbook')
 3 SYSTEMPATH\Router\RouteCollection.php(799): CodeIgniter\Router\RouteCollection::{closure:C:\Users\ASUS\Downloads\Projectmagang_dr\Projectmagang_dr\app\Config\Routes.php:59}(Object(CodeIgniter\Router\RouteCollection))
 4 APPPATH\Config\Routes.php(59): CodeIgniter\Router\RouteCollection->group('mahasiswa', [...], Object(Closure))
 5 SYSTEMPATH\Router\RouteCollection.php(339): require('C:\\Users\\ASUS\\Downloads\\Projectmagang_dr\\Projectmagang_dr\\app\\Config\\Routes.php')
 6 SYSTEMPATH\CodeIgniter.php(841): CodeIgniter\Router\RouteCollection->loadRoutes()
 7 SYSTEMPATH\CodeIgniter.php(464): CodeIgniter\CodeIgniter->tryToRouteIt(null)
 8 SYSTEMPATH\CodeIgniter.php(363): CodeIgniter\CodeIgniter->handleRequest(null, Object(Config\Cache), false)
 9 SYSTEMPATH\Boot.php(417): CodeIgniter\CodeIgniter->run()
10 SYSTEMPATH\Boot.php(68): CodeIgniter\Boot::runCodeIgniter(Object(CodeIgniter\CodeIgniter))
11 FCPATH\index.php(59): CodeIgniter\Boot::bootWeb(Object(Config\Paths))
12 SYSTEMPATH\rewrite.php(44): require_once('C:\\Users\\ASUS\\Downloads\\Projectmagang_dr\\Projectmagang_dr\\public\\index.php')
WARNING - 2026-08-24 07:29:34 --> [DEPRECATED] Passing lowercase HTTP method "get" is deprecated. Use uppercase HTTP method like "GET". in SYSTEMPATH\Router\RouteCollection.php on line 1026.
 1 SYSTEMPATH\Router\RouteCollection.php(1026): trigger_error('Passing lowercase HTTP method "get" is deprecated. Use uppercase HTTP method like "GET".', 16384)
 2 APPPATH\Config\Routes.php(95): CodeIgniter\Router\RouteCollection->match([...], 'verifikasi', '\\App\\Controllers\\Sekretariat\\C_Verifikasi::index')
 3 SYSTEMPATH\Router\RouteCollection.php(799): CodeIgniter\Router\RouteCollection::{closure:C:\Users\ASUS\Downloads\Projectmagang_dr\Projectmagang_dr\app\Config\Routes.php:89}(Object(CodeIgniter\Router\RouteCollection))
 4 APPPATH\Config\Routes.php(89): CodeIgniter\Router\RouteCollection->group('sekretariat', [...], Object(Closure))
 5 SYSTEMPATH\Router\RouteCollection.php(339): require('C:\\Users\\ASUS\\Downloads\\Projectmagang_dr\\Projectmagang_dr\\app\\Config\\Routes.php')
 6 SYSTEMPATH\CodeIgniter.php(841): CodeIgniter\Router\RouteCollection->loadRoutes()
 7 SYSTEMPATH\CodeIgniter.php(464): CodeIgniter\CodeIgniter->tryToRouteIt(null)
 8 SYSTEMPATH\CodeIgniter.php(363): CodeIgniter\CodeIgniter->handleRequest(null, Object(Config\Cache), false)
 9 SYSTEMPATH\Boot.php(417): CodeIgniter\CodeIgniter->run()
10 SYSTEMPATH\Boot.php(68): CodeIgniter\Boot::runCodeIgniter(Object(CodeIgniter\CodeIgniter))
11 FCPATH\index.php(59): CodeIgniter\Boot::bootWeb(Object(Config\Paths))
12 SYSTEMPATH\rewrite.php(44): require_once('C:\\Users\\ASUS\\Downloads\\Projectmagang_dr\\Projectmagang_dr\\public\\index.php')
WARNING - 2026-08-24 07:29:34 --> [DEPRECATED] Passing lowercase HTTP method "post" is deprecated. Use uppercase HTTP method like "POST". in SYSTEMPATH\Router\RouteCollection.php on line 1026.
 1 SYSTEMPATH\Router\RouteCollection.php(1026): trigger_error('Passing lowercase HTTP method "post" is deprecated. Use uppercase HTTP method like "POST".', 16384)
 2 APPPATH\Config\Routes.php(95): CodeIgniter\Router\RouteCollection->match([...], 'verifikasi', '\\App\\Controllers\\Sekretariat\\C_Verifikasi::index')
 3 SYSTEMPATH\Router\RouteCollection.php(799): CodeIgniter\Router\RouteCollection::{closure:C:\Users\ASUS\Downloads\Projectmagang_dr\Projectmagang_dr\app\Config\Routes.php:89}(Object(CodeIgniter\Router\RouteCollection))
 4 APPPATH\Config\Routes.php(89): CodeIgniter\Router\RouteCollection->group('sekretariat', [...], Object(Closure))
 5 SYSTEMPATH\Router\RouteCollection.php(339): require('C:\\Users\\ASUS\\Downloads\\Projectmagang_dr\\Projectmagang_dr\\app\\Config\\Routes.php')
 6 SYSTEMPATH\CodeIgniter.php(841): CodeIgniter\Router\RouteCollection->loadRoutes()
 7 SYSTEMPATH\CodeIgniter.php(464): CodeIgniter\CodeIgniter->tryToRouteIt(null)
 8 SYSTEMPATH\CodeIgniter.php(363): CodeIgniter\CodeIgniter->handleRequest(null, Object(Config\Cache), false)
 9 SYSTEMPATH\Boot.php(417): CodeIgniter\CodeIgniter->run()
10 SYSTEMPATH\Boot.php(68): CodeIgniter\Boot::runCodeIgniter(Object(CodeIgniter\CodeIgniter))
11 FCPATH\index.php(59): CodeIgniter\Boot::bootWeb(Object(Config\Paths))
12 SYSTEMPATH\rewrite.php(44): require_once('C:\\Users\\ASUS\\Downloads\\Projectmagang_dr\\Projectmagang_dr\\public\\index.php')
WARNING - 2026-08-24 07:29:34 --> [DEPRECATED] Passing lowercase HTTP method "get" is deprecated. Use uppercase HTTP method like "GET". in SYSTEMPATH\Router\RouteCollection.php on line 1026.
 1 SYSTEMPATH\Router\RouteCollection.php(1026): trigger_error('Passing lowercase HTTP method "get" is deprecated. Use uppercase HTTP method like "GET".', 16384)
 2 APPPATH\Config\Routes.php(144): CodeIgniter\Router\RouteCollection->match([...], 'upload-surat-penerimaan', '\\App\\Controllers\\Sekretariat\\C_UploadSuratPenerimaan::index')
 3 SYSTEMPATH\Router\RouteCollection.php(799): CodeIgniter\Router\RouteCollection::{closure:C:\Users\ASUS\Downloads\Projectmagang_dr\Projectmagang_dr\app\Config\Routes.php:89}(Object(CodeIgniter\Router\RouteCollection))
 4 APPPATH\Config\Routes.php(89): CodeIgniter\Router\RouteCollection->group('sekretariat', [...], Object(Closure))
 5 SYSTEMPATH\Router\RouteCollection.php(339): require('C:\\Users\\ASUS\\Downloads\\Projectmagang_dr\\Projectmagang_dr\\app\\Config\\Routes.php')
 6 SYSTEMPATH\CodeIgniter.php(841): CodeIgniter\Router\RouteCollection->loadRoutes()
 7 SYSTEMPATH\CodeIgniter.php(464): CodeIgniter\CodeIgniter->tryToRouteIt(null)
 8 SYSTEMPATH\CodeIgniter.php(363): CodeIgniter\CodeIgniter->handleRequest(null, Object(Config\Cache), false)
 9 SYSTEMPATH\Boot.php(417): CodeIgniter\CodeIgniter->run()
10 SYSTEMPATH\Boot.php(68): CodeIgniter\Boot::runCodeIgniter(Object(CodeIgniter\CodeIgniter))
11 FCPATH\index.php(59): CodeIgniter\Boot::bootWeb(Object(Config\Paths))
12 SYSTEMPATH\rewrite.php(44): require_once('C:\\Users\\ASUS\\Downloads\\Projectmagang_dr\\Projectmagang_dr\\public\\index.php')
WARNING - 2026-08-24 07:29:34 --> [DEPRECATED] Passing lowercase HTTP method "post" is deprecated. Use uppercase HTTP method like "POST". in SYSTEMPATH\Router\RouteCollection.php on line 1026.
 1 SYSTEMPATH\Router\RouteCollection.php(1026): trigger_error('Passing lowercase HTTP method "post" is deprecated. Use uppercase HTTP method like "POST".', 16384)
 2 APPPATH\Config\Routes.php(144): CodeIgniter\Router\RouteCollection->match([...], 'upload-surat-penerimaan', '\\App\\Controllers\\Sekretariat\\C_UploadSuratPenerimaan::index')
 3 SYSTEMPATH\Router\RouteCollection.php(799): CodeIgniter\Router\RouteCollection::{closure:C:\Users\ASUS\Downloads\Projectmagang_dr\Projectmagang_dr\app\Config\Routes.php:89}(Object(CodeIgniter\Router\RouteCollection))
 4 APPPATH\Config\Routes.php(89): CodeIgniter\Router\RouteCollection->group('sekretariat', [...], Object(Closure))
 5 SYSTEMPATH\Router\RouteCollection.php(339): require('C:\\Users\\ASUS\\Downloads\\Projectmagang_dr\\Projectmagang_dr\\app\\Config\\Routes.php')
 6 SYSTEMPATH\CodeIgniter.php(841): CodeIgniter\Router\RouteCollection->loadRoutes()
 7 SYSTEMPATH\CodeIgniter.php(464): CodeIgniter\CodeIgniter->tryToRouteIt(null)
 8 SYSTEMPATH\CodeIgniter.php(363): CodeIgniter\CodeIgniter->handleRequest(null, Object(Config\Cache), false)
 9 SYSTEMPATH\Boot.php(417): CodeIgniter\CodeIgniter->run()
10 SYSTEMPATH\Boot.php(68): CodeIgniter\Boot::runCodeIgniter(Object(CodeIgniter\CodeIgniter))
11 FCPATH\index.php(59): CodeIgniter\Boot::bootWeb(Object(Config\Paths))
12 SYSTEMPATH\rewrite.php(44): require_once('C:\\Users\\ASUS\\Downloads\\Projectmagang_dr\\Projectmagang_dr\\public\\index.php')
WARNING - 2026-08-24 07:29:34 --> [DEPRECATED] Passing lowercase HTTP method "get" is deprecated. Use uppercase HTTP method like "GET". in SYSTEMPATH\Router\RouteCollection.php on line 1026.
 1 SYSTEMPATH\Router\RouteCollection.php(1026): trigger_error('Passing lowercase HTTP method "get" is deprecated. Use uppercase HTTP method like "GET".', 16384)
 2 APPPATH\Config\Routes.php(167): CodeIgniter\Router\RouteCollection->match([...], 'logbook', '\\App\\Controllers\\Kabid\\C_LogbookKabid::index')
 3 SYSTEMPATH\Router\RouteCollection.php(799): CodeIgniter\Router\RouteCollection::{closure:C:\Users\ASUS\Downloads\Projectmagang_dr\Projectmagang_dr\app\Config\Routes.php:153}(Object(CodeIgniter\Router\RouteCollection))
 4 APPPATH\Config\Routes.php(153): CodeIgniter\Router\RouteCollection->group('kabid', [...], Object(Closure))
 5 SYSTEMPATH\Router\RouteCollection.php(339): require('C:\\Users\\ASUS\\Downloads\\Projectmagang_dr\\Projectmagang_dr\\app\\Config\\Routes.php')
 6 SYSTEMPATH\CodeIgniter.php(841): CodeIgniter\Router\RouteCollection->loadRoutes()
 7 SYSTEMPATH\CodeIgniter.php(464): CodeIgniter\CodeIgniter->tryToRouteIt(null)
 8 SYSTEMPATH\CodeIgniter.php(363): CodeIgniter\CodeIgniter->handleRequest(null, Object(Config\Cache), false)
 9 SYSTEMPATH\Boot.php(417): CodeIgniter\CodeIgniter->run()
10 SYSTEMPATH\Boot.php(68): CodeIgniter\Boot::runCodeIgniter(Object(CodeIgniter\CodeIgniter))
11 FCPATH\index.php(59): CodeIgniter\Boot::bootWeb(Object(Config\Paths))
12 SYSTEMPATH\rewrite.php(44): require_once('C:\\Users\\ASUS\\Downloads\\Projectmagang_dr\\Projectmagang_dr\\public\\index.php')
WARNING - 2026-08-24 07:29:34 --> [DEPRECATED] Passing lowercase HTTP method "post" is deprecated. Use uppercase HTTP method like "POST". in SYSTEMPATH\Router\RouteCollection.php on line 1026.
 1 SYSTEMPATH\Router\RouteCollection.php(1026): trigger_error('Passing lowercase HTTP method "post" is deprecated. Use uppercase HTTP method like "POST".', 16384)
 2 APPPATH\Config\Routes.php(167): CodeIgniter\Router\RouteCollection->match([...], 'logbook', '\\App\\Controllers\\Kabid\\C_LogbookKabid::index')
 3 SYSTEMPATH\Router\RouteCollection.php(799): CodeIgniter\Router\RouteCollection::{closure:C:\Users\ASUS\Downloads\Projectmagang_dr\Projectmagang_dr\app\Config\Routes.php:153}(Object(CodeIgniter\Router\RouteCollection))
 4 APPPATH\Config\Routes.php(153): CodeIgniter\Router\RouteCollection->group('kabid', [...], Object(Closure))
 5 SYSTEMPATH\Router\RouteCollection.php(339): require('C:\\Users\\ASUS\\Downloads\\Projectmagang_dr\\Projectmagang_dr\\app\\Config\\Routes.php')
 6 SYSTEMPATH\CodeIgniter.php(841): CodeIgniter\Router\RouteCollection->loadRoutes()
 7 SYSTEMPATH\CodeIgniter.php(464): CodeIgniter\CodeIgniter->tryToRouteIt(null)
 8 SYSTEMPATH\CodeIgniter.php(363): CodeIgniter\CodeIgniter->handleRequest(null, Object(Config\Cache), false)
 9 SYSTEMPATH\Boot.php(417): CodeIgniter\CodeIgniter->run()
10 SYSTEMPATH\Boot.php(68): CodeIgniter\Boot::runCodeIgniter(Object(CodeIgniter\CodeIgniter))
11 FCPATH\index.php(59): CodeIgniter\Boot::bootWeb(Object(Config\Paths))
12 SYSTEMPATH\rewrite.php(44): require_once('C:\\Users\\ASUS\\Downloads\\Projectmagang_dr\\Projectmagang_dr\\public\\index.php')
WARNING - 2026-08-24 07:29:34 --> [DEPRECATED] Passing lowercase HTTP method "get" is deprecated. Use uppercase HTTP method like "GET". in SYSTEMPATH\Router\RouteCollection.php on line 1026.
 1 SYSTEMPATH\Router\RouteCollection.php(1026): trigger_error('Passing lowercase HTTP method "get" is deprecated. Use uppercase HTTP method like "GET".', 16384)
 2 APPPATH\Config\Routes.php(179): CodeIgniter\Router\RouteCollection->match([...], 'upload-dokumen', '\\App\\Controllers\\Kabid\\C_UploadDokumen::index')
 3 SYSTEMPATH\Router\RouteCollection.php(799): CodeIgniter\Router\RouteCollection::{closure:C:\Users\ASUS\Downloads\Projectmagang_dr\Projectmagang_dr\app\Config\Routes.php:153}(Object(CodeIgniter\Router\RouteCollection))
 4 APPPATH\Config\Routes.php(153): CodeIgniter\Router\RouteCollection->group('kabid', [...], Object(Closure))
 5 SYSTEMPATH\Router\RouteCollection.php(339): require('C:\\Users\\ASUS\\Downloads\\Projectmagang_dr\\Projectmagang_dr\\app\\Config\\Routes.php')
 6 SYSTEMPATH\CodeIgniter.php(841): CodeIgniter\Router\RouteCollection->loadRoutes()
 7 SYSTEMPATH\CodeIgniter.php(464): CodeIgniter\CodeIgniter->tryToRouteIt(null)
 8 SYSTEMPATH\CodeIgniter.php(363): CodeIgniter\CodeIgniter->handleRequest(null, Object(Config\Cache), false)
 9 SYSTEMPATH\Boot.php(417): CodeIgniter\CodeIgniter->run()
10 SYSTEMPATH\Boot.php(68): CodeIgniter\Boot::runCodeIgniter(Object(CodeIgniter\CodeIgniter))
11 FCPATH\index.php(59): CodeIgniter\Boot::bootWeb(Object(Config\Paths))
12 SYSTEMPATH\rewrite.php(44): require_once('C:\\Users\\ASUS\\Downloads\\Projectmagang_dr\\Projectmagang_dr\\public\\index.php')
WARNING - 2026-08-24 07:29:34 --> [DEPRECATED] Passing lowercase HTTP method "post" is deprecated. Use uppercase HTTP method like "POST". in SYSTEMPATH\Router\RouteCollection.php on line 1026.
 1 SYSTEMPATH\Router\RouteCollection.php(1026): trigger_error('Passing lowercase HTTP method "post" is deprecated. Use uppercase HTTP method like "POST".', 16384)
 2 APPPATH\Config\Routes.php(179): CodeIgniter\Router\RouteCollection->match([...], 'upload-dokumen', '\\App\\Controllers\\Kabid\\C_UploadDokumen::index')
 3 SYSTEMPATH\Router\RouteCollection.php(799): CodeIgniter\Router\RouteCollection::{closure:C:\Users\ASUS\Downloads\Projectmagang_dr\Projectmagang_dr\app\Config\Routes.php:153}(Object(CodeIgniter\Router\RouteCollection))
 4 APPPATH\Config\Routes.php(153): CodeIgniter\Router\RouteCollection->group('kabid', [...], Object(Closure))
 5 SYSTEMPATH\Router\RouteCollection.php(339): require('C:\\Users\\ASUS\\Downloads\\Projectmagang_dr\\Projectmagang_dr\\app\\Config\\Routes.php')
 6 SYSTEMPATH\CodeIgniter.php(841): CodeIgniter\Router\RouteCollection->loadRoutes()
 7 SYSTEMPATH\CodeIgniter.php(464): CodeIgniter\CodeIgniter->tryToRouteIt(null)
 8 SYSTEMPATH\CodeIgniter.php(363): CodeIgniter\CodeIgniter->handleRequest(null, Object(Config\Cache), false)
 9 SYSTEMPATH\Boot.php(417): CodeIgniter\CodeIgniter->run()
10 SYSTEMPATH\Boot.php(68): CodeIgniter\Boot::runCodeIgniter(Object(CodeIgniter\CodeIgniter))
11 FCPATH\index.php(59): CodeIgniter\Boot::bootWeb(Object(Config\Paths))
12 SYSTEMPATH\rewrite.php(44): require_once('C:\\Users\\ASUS\\Downloads\\Projectmagang_dr\\Projectmagang_dr\\public\\index.php')
DEBUG - 2026-08-24 07:29:34 --> Session: Class initialized using 'CodeIgniter\Session\Handlers\FileHandler' driver.
WARNING - 2026-08-24 07:29:35 --> [DEPRECATED] Passing lowercase HTTP method "get" is deprecated. Use uppercase HTTP method like "GET". in SYSTEMPATH\Router\RouteCollection.php on line 1026.
 1 SYSTEMPATH\Router\RouteCollection.php(1026): trigger_error('Passing lowercase HTTP method "get" is deprecated. Use uppercase HTTP method like "GET".', 16384)
 2 APPPATH\Config\Routes.php(77): CodeIgniter\Router\RouteCollection->match([...], 'logbook', 'C_Logbook::logbook')
 3 SYSTEMPATH\Router\RouteCollection.php(799): CodeIgniter\Router\RouteCollection::{closure:C:\Users\ASUS\Downloads\Projectmagang_dr\Projectmagang_dr\app\Config\Routes.php:59}(Object(CodeIgniter\Router\RouteCollection))
 4 APPPATH\Config\Routes.php(59): CodeIgniter\Router\RouteCollection->group('mahasiswa', [...], Object(Closure))
 5 SYSTEMPATH\Router\RouteCollection.php(339): require('C:\\Users\\ASUS\\Downloads\\Projectmagang_dr\\Projectmagang_dr\\app\\Config\\Routes.php')
 6 SYSTEMPATH\CodeIgniter.php(841): CodeIgniter\Router\RouteCollection->loadRoutes()
 7 SYSTEMPATH\CodeIgniter.php(464): CodeIgniter\CodeIgniter->tryToRouteIt(null)
 8 SYSTEMPATH\CodeIgniter.php(363): CodeIgniter\CodeIgniter->handleRequest(null, Object(Config\Cache), false)
 9 SYSTEMPATH\Boot.php(417): CodeIgniter\CodeIgniter->run()
10 SYSTEMPATH\Boot.php(68): CodeIgniter\Boot::runCodeIgniter(Object(CodeIgniter\CodeIgniter))
11 FCPATH\index.php(59): CodeIgniter\Boot::bootWeb(Object(Config\Paths))
12 SYSTEMPATH\rewrite.php(44): require_once('C:\\Users\\ASUS\\Downloads\\Projectmagang_dr\\Projectmagang_dr\\public\\index.php')
WARNING - 2026-08-24 07:29:35 --> [DEPRECATED] Passing lowercase HTTP method "post" is deprecated. Use uppercase HTTP method like "POST". in SYSTEMPATH\Router\RouteCollection.php on line 1026.
 1 SYSTEMPATH\Router\RouteCollection.php(1026): trigger_error('Passing lowercase HTTP method "post" is deprecated. Use uppercase HTTP method like "POST".', 16384)
 2 APPPATH\Config\Routes.php(77): CodeIgniter\Router\RouteCollection->match([...], 'logbook', 'C_Logbook::logbook')
 3 SYSTEMPATH\Router\RouteCollection.php(799): CodeIgniter\Router\RouteCollection::{closure:C:\Users\ASUS\Downloads\Projectmagang_dr\Projectmagang_dr\app\Config\Routes.php:59}(Object(CodeIgniter\Router\RouteCollection))
 4 APPPATH\Config\Routes.php(59): CodeIgniter\Router\RouteCollection->group('mahasiswa', [...], Object(Closure))
 5 SYSTEMPATH\Router\RouteCollection.php(339): require('C:\\Users\\ASUS\\Downloads\\Projectmagang_dr\\Projectmagang_dr\\app\\Config\\Routes.php')
 6 SYSTEMPATH\CodeIgniter.php(841): CodeIgniter\Router\RouteCollection->loadRoutes()
 7 SYSTEMPATH\CodeIgniter.php(464): CodeIgniter\CodeIgniter->tryToRouteIt(null)
 8 SYSTEMPATH\CodeIgniter.php(363): CodeIgniter\CodeIgniter->handleRequest(null, Object(Config\Cache), false)
 9 SYSTEMPATH\Boot.php(417): CodeIgniter\CodeIgniter->run()
10 SYSTEMPATH\Boot.php(68): CodeIgniter\Boot::runCodeIgniter(Object(CodeIgniter\CodeIgniter))
11 FCPATH\index.php(59): CodeIgniter\Boot::bootWeb(Object(Config\Paths))
12 SYSTEMPATH\rewrite.php(44): require_once('C:\\Users\\ASUS\\Downloads\\Projectmagang_dr\\Projectmagang_dr\\public\\index.php')
WARNING - 2026-08-24 07:29:35 --> [DEPRECATED] Passing lowercase HTTP method "get" is deprecated. Use uppercase HTTP method like "GET". in SYSTEMPATH\Router\RouteCollection.php on line 1026.
 1 SYSTEMPATH\Router\RouteCollection.php(1026): trigger_error('Passing lowercase HTTP method "get" is deprecated. Use uppercase HTTP method like "GET".', 16384)
 2 APPPATH\Config\Routes.php(95): CodeIgniter\Router\RouteCollection->match([...], 'verifikasi', '\\App\\Controllers\\Sekretariat\\C_Verifikasi::index')
 3 SYSTEMPATH\Router\RouteCollection.php(799): CodeIgniter\Router\RouteCollection::{closure:C:\Users\ASUS\Downloads\Projectmagang_dr\Projectmagang_dr\app\Config\Routes.php:89}(Object(CodeIgniter\Router\RouteCollection))
 4 APPPATH\Config\Routes.php(89): CodeIgniter\Router\RouteCollection->group('sekretariat', [...], Object(Closure))
 5 SYSTEMPATH\Router\RouteCollection.php(339): require('C:\\Users\\ASUS\\Downloads\\Projectmagang_dr\\Projectmagang_dr\\app\\Config\\Routes.php')
 6 SYSTEMPATH\CodeIgniter.php(841): CodeIgniter\Router\RouteCollection->loadRoutes()
 7 SYSTEMPATH\CodeIgniter.php(464): CodeIgniter\CodeIgniter->tryToRouteIt(null)
 8 SYSTEMPATH\CodeIgniter.php(363): CodeIgniter\CodeIgniter->handleRequest(null, Object(Config\Cache), false)
 9 SYSTEMPATH\Boot.php(417): CodeIgniter\CodeIgniter->run()
10 SYSTEMPATH\Boot.php(68): CodeIgniter\Boot::runCodeIgniter(Object(CodeIgniter\CodeIgniter))
11 FCPATH\index.php(59): CodeIgniter\Boot::bootWeb(Object(Config\Paths))
12 SYSTEMPATH\rewrite.php(44): require_once('C:\\Users\\ASUS\\Downloads\\Projectmagang_dr\\Projectmagang_dr\\public\\index.php')
WARNING - 2026-08-24 07:29:35 --> [DEPRECATED] Passing lowercase HTTP method "post" is deprecated. Use uppercase HTTP method like "POST". in SYSTEMPATH\Router\RouteCollection.php on line 1026.
 1 SYSTEMPATH\Router\RouteCollection.php(1026): trigger_error('Passing lowercase HTTP method "post" is deprecated. Use uppercase HTTP method like "POST".', 16384)
 2 APPPATH\Config\Routes.php(95): CodeIgniter\Router\RouteCollection->match([...], 'verifikasi', '\\App\\Controllers\\Sekretariat\\C_Verifikasi::index')
 3 SYSTEMPATH\Router\RouteCollection.php(799): CodeIgniter\Router\RouteCollection::{closure:C:\Users\ASUS\Downloads\Projectmagang_dr\Projectmagang_dr\app\Config\Routes.php:89}(Object(CodeIgniter\Router\RouteCollection))
 4 APPPATH\Config\Routes.php(89): CodeIgniter\Router\RouteCollection->group('sekretariat', [...], Object(Closure))
 5 SYSTEMPATH\Router\RouteCollection.php(339): require('C:\\Users\\ASUS\\Downloads\\Projectmagang_dr\\Projectmagang_dr\\app\\Config\\Routes.php')
 6 SYSTEMPATH\CodeIgniter.php(841): CodeIgniter\Router\RouteCollection->loadRoutes()
 7 SYSTEMPATH\CodeIgniter.php(464): CodeIgniter\CodeIgniter->tryToRouteIt(null)
 8 SYSTEMPATH\CodeIgniter.php(363): CodeIgniter\CodeIgniter->handleRequest(null, Object(Config\Cache), false)
 9 SYSTEMPATH\Boot.php(417): CodeIgniter\CodeIgniter->run()
10 SYSTEMPATH\Boot.php(68): CodeIgniter\Boot::runCodeIgniter(Object(CodeIgniter\CodeIgniter))
11 FCPATH\index.php(59): CodeIgniter\Boot::bootWeb(Object(Config\Paths))
12 SYSTEMPATH\rewrite.php(44): require_once('C:\\Users\\ASUS\\Downloads\\Projectmagang_dr\\Projectmagang_dr\\public\\index.php')
WARNING - 2026-08-24 07:29:35 --> [DEPRECATED] Passing lowercase HTTP method "get" is deprecated. Use uppercase HTTP method like "GET". in SYSTEMPATH\Router\RouteCollection.php on line 1026.
 1 SYSTEMPATH\Router\RouteCollection.php(1026): trigger_error('Passing lowercase HTTP method "get" is deprecated. Use uppercase HTTP method like "GET".', 16384)
 2 APPPATH\Config\Routes.php(144): CodeIgniter\Router\RouteCollection->match([...], 'upload-surat-penerimaan', '\\App\\Controllers\\Sekretariat\\C_UploadSuratPenerimaan::index')
 3 SYSTEMPATH\Router\RouteCollection.php(799): CodeIgniter\Router\RouteCollection::{closure:C:\Users\ASUS\Downloads\Projectmagang_dr\Projectmagang_dr\app\Config\Routes.php:89}(Object(CodeIgniter\Router\RouteCollection))
 4 APPPATH\Config\Routes.php(89): CodeIgniter\Router\RouteCollection->group('sekretariat', [...], Object(Closure))
 5 SYSTEMPATH\Router\RouteCollection.php(339): require('C:\\Users\\ASUS\\Downloads\\Projectmagang_dr\\Projectmagang_dr\\app\\Config\\Routes.php')
 6 SYSTEMPATH\CodeIgniter.php(841): CodeIgniter\Router\RouteCollection->loadRoutes()
 7 SYSTEMPATH\CodeIgniter.php(464): CodeIgniter\CodeIgniter->tryToRouteIt(null)
 8 SYSTEMPATH\CodeIgniter.php(363): CodeIgniter\CodeIgniter->handleRequest(null, Object(Config\Cache), false)
 9 SYSTEMPATH\Boot.php(417): CodeIgniter\CodeIgniter->run()
10 SYSTEMPATH\Boot.php(68): CodeIgniter\Boot::runCodeIgniter(Object(CodeIgniter\CodeIgniter))
11 FCPATH\index.php(59): CodeIgniter\Boot::bootWeb(Object(Config\Paths))
12 SYSTEMPATH\rewrite.php(44): require_once('C:\\Users\\ASUS\\Downloads\\Projectmagang_dr\\Projectmagang_dr\\public\\index.php')
WARNING - 2026-08-24 07:29:35 --> [DEPRECATED] Passing lowercase HTTP method "post" is deprecated. Use uppercase HTTP method like "POST". in SYSTEMPATH\Router\RouteCollection.php on line 1026.
 1 SYSTEMPATH\Router\RouteCollection.php(1026): trigger_error('Passing lowercase HTTP method "post" is deprecated. Use uppercase HTTP method like "POST".', 16384)
 2 APPPATH\Config\Routes.php(144): CodeIgniter\Router\RouteCollection->match([...], 'upload-surat-penerimaan', '\\App\\Controllers\\Sekretariat\\C_UploadSuratPenerimaan::index')
 3 SYSTEMPATH\Router\RouteCollection.php(799): CodeIgniter\Router\RouteCollection::{closure:C:\Users\ASUS\Downloads\Projectmagang_dr\Projectmagang_dr\app\Config\Routes.php:89}(Object(CodeIgniter\Router\RouteCollection))
 4 APPPATH\Config\Routes.php(89): CodeIgniter\Router\RouteCollection->group('sekretariat', [...], Object(Closure))
 5 SYSTEMPATH\Router\RouteCollection.php(339): require('C:\\Users\\ASUS\\Downloads\\Projectmagang_dr\\Projectmagang_dr\\app\\Config\\Routes.php')
 6 SYSTEMPATH\CodeIgniter.php(841): CodeIgniter\Router\RouteCollection->loadRoutes()
 7 SYSTEMPATH\CodeIgniter.php(464): CodeIgniter\CodeIgniter->tryToRouteIt(null)
 8 SYSTEMPATH\CodeIgniter.php(363): CodeIgniter\CodeIgniter->handleRequest(null, Object(Config\Cache), false)
 9 SYSTEMPATH\Boot.php(417): CodeIgniter\CodeIgniter->run()
10 SYSTEMPATH\Boot.php(68): CodeIgniter\Boot::runCodeIgniter(Object(CodeIgniter\CodeIgniter))
11 FCPATH\index.php(59): CodeIgniter\Boot::bootWeb(Object(Config\Paths))
12 SYSTEMPATH\rewrite.php(44): require_once('C:\\Users\\ASUS\\Downloads\\Projectmagang_dr\\Projectmagang_dr\\public\\index.php')
WARNING - 2026-08-24 07:29:35 --> [DEPRECATED] Passing lowercase HTTP method "get" is deprecated. Use uppercase HTTP method like "GET". in SYSTEMPATH\Router\RouteCollection.php on line 1026.
 1 SYSTEMPATH\Router\RouteCollection.php(1026): trigger_error('Passing lowercase HTTP method "get" is deprecated. Use uppercase HTTP method like "GET".', 16384)
 2 APPPATH\Config\Routes.php(167): CodeIgniter\Router\RouteCollection->match([...], 'logbook', '\\App\\Controllers\\Kabid\\C_LogbookKabid::index')
 3 SYSTEMPATH\Router\RouteCollection.php(799): CodeIgniter\Router\RouteCollection::{closure:C:\Users\ASUS\Downloads\Projectmagang_dr\Projectmagang_dr\app\Config\Routes.php:153}(Object(CodeIgniter\Router\RouteCollection))
 4 APPPATH\Config\Routes.php(153): CodeIgniter\Router\RouteCollection->group('kabid', [...], Object(Closure))
 5 SYSTEMPATH\Router\RouteCollection.php(339): require('C:\\Users\\ASUS\\Downloads\\Projectmagang_dr\\Projectmagang_dr\\app\\Config\\Routes.php')
 6 SYSTEMPATH\CodeIgniter.php(841): CodeIgniter\Router\RouteCollection->loadRoutes()
 7 SYSTEMPATH\CodeIgniter.php(464): CodeIgniter\CodeIgniter->tryToRouteIt(null)
 8 SYSTEMPATH\CodeIgniter.php(363): CodeIgniter\CodeIgniter->handleRequest(null, Object(Config\Cache), false)
 9 SYSTEMPATH\Boot.php(417): CodeIgniter\CodeIgniter->run()
10 SYSTEMPATH\Boot.php(68): CodeIgniter\Boot::runCodeIgniter(Object(CodeIgniter\CodeIgniter))
11 FCPATH\index.php(59): CodeIgniter\Boot::bootWeb(Object(Config\Paths))
12 SYSTEMPATH\rewrite.php(44): require_once('C:\\Users\\ASUS\\Downloads\\Projectmagang_dr\\Projectmagang_dr\\public\\index.php')
WARNING - 2026-08-24 07:29:35 --> [DEPRECATED] Passing lowercase HTTP method "post" is deprecated. Use uppercase HTTP method like "POST". in SYSTEMPATH\Router\RouteCollection.php on line 1026.
 1 SYSTEMPATH\Router\RouteCollection.php(1026): trigger_error('Passing lowercase HTTP method "post" is deprecated. Use uppercase HTTP method like "POST".', 16384)
 2 APPPATH\Config\Routes.php(167): CodeIgniter\Router\RouteCollection->match([...], 'logbook', '\\App\\Controllers\\Kabid\\C_LogbookKabid::index')
 3 SYSTEMPATH\Router\RouteCollection.php(799): CodeIgniter\Router\RouteCollection::{closure:C:\Users\ASUS\Downloads\Projectmagang_dr\Projectmagang_dr\app\Config\Routes.php:153}(Object(CodeIgniter\Router\RouteCollection))
 4 APPPATH\Config\Routes.php(153): CodeIgniter\Router\RouteCollection->group('kabid', [...], Object(Closure))
 5 SYSTEMPATH\Router\RouteCollection.php(339): require('C:\\Users\\ASUS\\Downloads\\Projectmagang_dr\\Projectmagang_dr\\app\\Config\\Routes.php')
 6 SYSTEMPATH\CodeIgniter.php(841): CodeIgniter\Router\RouteCollection->loadRoutes()
 7 SYSTEMPATH\CodeIgniter.php(464): CodeIgniter\CodeIgniter->tryToRouteIt(null)
 8 SYSTEMPATH\CodeIgniter.php(363): CodeIgniter\CodeIgniter->handleRequest(null, Object(Config\Cache), false)
 9 SYSTEMPATH\Boot.php(417): CodeIgniter\CodeIgniter->run()
10 SYSTEMPATH\Boot.php(68): CodeIgniter\Boot::runCodeIgniter(Object(CodeIgniter\CodeIgniter))
11 FCPATH\index.php(59): CodeIgniter\Boot::bootWeb(Object(Config\Paths))
12 SYSTEMPATH\rewrite.php(44): require_once('C:\\Users\\ASUS\\Downloads\\Projectmagang_dr\\Projectmagang_dr\\public\\index.php')
WARNING - 2026-08-24 07:29:35 --> [DEPRECATED] Passing lowercase HTTP method "get" is deprecated. Use uppercase HTTP method like "GET". in SYSTEMPATH\Router\RouteCollection.php on line 1026.
 1 SYSTEMPATH\Router\RouteCollection.php(1026): trigger_error('Passing lowercase HTTP method "get" is deprecated. Use uppercase HTTP method like "GET".', 16384)
 2 APPPATH\Config\Routes.php(179): CodeIgniter\Router\RouteCollection->match([...], 'upload-dokumen', '\\App\\Controllers\\Kabid\\C_UploadDokumen::index')
 3 SYSTEMPATH\Router\RouteCollection.php(799): CodeIgniter\Router\RouteCollection::{closure:C:\Users\ASUS\Downloads\Projectmagang_dr\Projectmagang_dr\app\Config\Routes.php:153}(Object(CodeIgniter\Router\RouteCollection))
 4 APPPATH\Config\Routes.php(153): CodeIgniter\Router\RouteCollection->group('kabid', [...], Object(Closure))
 5 SYSTEMPATH\Router\RouteCollection.php(339): require('C:\\Users\\ASUS\\Downloads\\Projectmagang_dr\\Projectmagang_dr\\app\\Config\\Routes.php')
 6 SYSTEMPATH\CodeIgniter.php(841): CodeIgniter\Router\RouteCollection->loadRoutes()
 7 SYSTEMPATH\CodeIgniter.php(464): CodeIgniter\CodeIgniter->tryToRouteIt(null)
 8 SYSTEMPATH\CodeIgniter.php(363): CodeIgniter\CodeIgniter->handleRequest(null, Object(Config\Cache), false)
 9 SYSTEMPATH\Boot.php(417): CodeIgniter\CodeIgniter->run()
10 SYSTEMPATH\Boot.php(68): CodeIgniter\Boot::runCodeIgniter(Object(CodeIgniter\CodeIgniter))
11 FCPATH\index.php(59): CodeIgniter\Boot::bootWeb(Object(Config\Paths))
12 SYSTEMPATH\rewrite.php(44): require_once('C:\\Users\\ASUS\\Downloads\\Projectmagang_dr\\Projectmagang_dr\\public\\index.php')
WARNING - 2026-08-24 07:29:35 --> [DEPRECATED] Passing lowercase HTTP method "post" is deprecated. Use uppercase HTTP method like "POST". in SYSTEMPATH\Router\RouteCollection.php on line 1026.
 1 SYSTEMPATH\Router\RouteCollection.php(1026): trigger_error('Passing lowercase HTTP method "post" is deprecated. Use uppercase HTTP method like "POST".', 16384)
 2 APPPATH\Config\Routes.php(179): CodeIgniter\Router\RouteCollection->match([...], 'upload-dokumen', '\\App\\Controllers\\Kabid\\C_UploadDokumen::index')
 3 SYSTEMPATH\Router\RouteCollection.php(799): CodeIgniter\Router\RouteCollection::{closure:C:\Users\ASUS\Downloads\Projectmagang_dr\Projectmagang_dr\app\Config\Routes.php:153}(Object(CodeIgniter\Router\RouteCollection))
 4 APPPATH\Config\Routes.php(153): CodeIgniter\Router\RouteCollection->group('kabid', [...], Object(Closure))
 5 SYSTEMPATH\Router\RouteCollection.php(339): require('C:\\Users\\ASUS\\Downloads\\Projectmagang_dr\\Projectmagang_dr\\app\\Config\\Routes.php')
 6 SYSTEMPATH\CodeIgniter.php(841): CodeIgniter\Router\RouteCollection->loadRoutes()
 7 SYSTEMPATH\CodeIgniter.php(464): CodeIgniter\CodeIgniter->tryToRouteIt(null)
 8 SYSTEMPATH\CodeIgniter.php(363): CodeIgniter\CodeIgniter->handleRequest(null, Object(Config\Cache), false)
 9 SYSTEMPATH\Boot.php(417): CodeIgniter\CodeIgniter->run()
10 SYSTEMPATH\Boot.php(68): CodeIgniter\Boot::runCodeIgniter(Object(CodeIgniter\CodeIgniter))
11 FCPATH\index.php(59): CodeIgniter\Boot::bootWeb(Object(Config\Paths))
12 SYSTEMPATH\rewrite.php(44): require_once('C:\\Users\\ASUS\\Downloads\\Projectmagang_dr\\Projectmagang_dr\\public\\index.php')
DEBUG - 2026-08-24 07:29:36 --> Session: Class initialized using 'CodeIgniter\Session\Handlers\FileHandler' driver.
WARNING - 2026-08-24 07:29:41 --> [DEPRECATED] Passing lowercase HTTP method "get" is deprecated. Use uppercase HTTP method like "GET". in SYSTEMPATH\Router\RouteCollection.php on line 1026.
 1 SYSTEMPATH\Router\RouteCollection.php(1026): trigger_error('Passing lowercase HTTP method "get" is deprecated. Use uppercase HTTP method like "GET".', 16384)
 2 APPPATH\Config\Routes.php(77): CodeIgniter\Router\RouteCollection->match([...], 'logbook', 'C_Logbook::logbook')
 3 SYSTEMPATH\Router\RouteCollection.php(799): CodeIgniter\Router\RouteCollection::{closure:C:\Users\ASUS\Downloads\Projectmagang_dr\Projectmagang_dr\app\Config\Routes.php:59}(Object(CodeIgniter\Router\RouteCollection))
 4 APPPATH\Config\Routes.php(59): CodeIgniter\Router\RouteCollection->group('mahasiswa', [...], Object(Closure))
 5 SYSTEMPATH\Router\RouteCollection.php(339): require('C:\\Users\\ASUS\\Downloads\\Projectmagang_dr\\Projectmagang_dr\\app\\Config\\Routes.php')
 6 SYSTEMPATH\CodeIgniter.php(841): CodeIgniter\Router\RouteCollection->loadRoutes()
 7 SYSTEMPATH\CodeIgniter.php(464): CodeIgniter\CodeIgniter->tryToRouteIt(null)
 8 SYSTEMPATH\CodeIgniter.php(363): CodeIgniter\CodeIgniter->handleRequest(null, Object(Config\Cache), false)
 9 SYSTEMPATH\Boot.php(417): CodeIgniter\CodeIgniter->run()
10 SYSTEMPATH\Boot.php(68): CodeIgniter\Boot::runCodeIgniter(Object(CodeIgniter\CodeIgniter))
11 FCPATH\index.php(59): CodeIgniter\Boot::bootWeb(Object(Config\Paths))
12 SYSTEMPATH\rewrite.php(44): require_once('C:\\Users\\ASUS\\Downloads\\Projectmagang_dr\\Projectmagang_dr\\public\\index.php')
WARNING - 2026-08-24 07:29:41 --> [DEPRECATED] Passing lowercase HTTP method "post" is deprecated. Use uppercase HTTP method like "POST". in SYSTEMPATH\Router\RouteCollection.php on line 1026.
 1 SYSTEMPATH\Router\RouteCollection.php(1026): trigger_error('Passing lowercase HTTP method "post" is deprecated. Use uppercase HTTP method like "POST".', 16384)
 2 APPPATH\Config\Routes.php(77): CodeIgniter\Router\RouteCollection->match([...], 'logbook', 'C_Logbook::logbook')
 3 SYSTEMPATH\Router\RouteCollection.php(799): CodeIgniter\Router\RouteCollection::{closure:C:\Users\ASUS\Downloads\Projectmagang_dr\Projectmagang_dr\app\Config\Routes.php:59}(Object(CodeIgniter\Router\RouteCollection))
 4 APPPATH\Config\Routes.php(59): CodeIgniter\Router\RouteCollection->group('mahasiswa', [...], Object(Closure))
 5 SYSTEMPATH\Router\RouteCollection.php(339): require('C:\\Users\\ASUS\\Downloads\\Projectmagang_dr\\Projectmagang_dr\\app\\Config\\Routes.php')
 6 SYSTEMPATH\CodeIgniter.php(841): CodeIgniter\Router\RouteCollection->loadRoutes()
 7 SYSTEMPATH\CodeIgniter.php(464): CodeIgniter\CodeIgniter->tryToRouteIt(null)
 8 SYSTEMPATH\CodeIgniter.php(363): CodeIgniter\CodeIgniter->handleRequest(null, Object(Config\Cache), false)
 9 SYSTEMPATH\Boot.php(417): CodeIgniter\CodeIgniter->run()
10 SYSTEMPATH\Boot.php(68): CodeIgniter\Boot::runCodeIgniter(Object(CodeIgniter\CodeIgniter))
11 FCPATH\index.php(59): CodeIgniter\Boot::bootWeb(Object(Config\Paths))
12 SYSTEMPATH\rewrite.php(44): require_once('C:\\Users\\ASUS\\Downloads\\Projectmagang_dr\\Projectmagang_dr\\public\\index.php')
WARNING - 2026-08-24 07:29:41 --> [DEPRECATED] Passing lowercase HTTP method "get" is deprecated. Use uppercase HTTP method like "GET". in SYSTEMPATH\Router\RouteCollection.php on line 1026.
 1 SYSTEMPATH\Router\RouteCollection.php(1026): trigger_error('Passing lowercase HTTP method "get" is deprecated. Use uppercase HTTP method like "GET".', 16384)
 2 APPPATH\Config\Routes.php(95): CodeIgniter\Router\RouteCollection->match([...], 'verifikasi', '\\App\\Controllers\\Sekretariat\\C_Verifikasi::index')
 3 SYSTEMPATH\Router\RouteCollection.php(799): CodeIgniter\Router\RouteCollection::{closure:C:\Users\ASUS\Downloads\Projectmagang_dr\Projectmagang_dr\app\Config\Routes.php:89}(Object(CodeIgniter\Router\RouteCollection))
 4 APPPATH\Config\Routes.php(89): CodeIgniter\Router\RouteCollection->group('sekretariat', [...], Object(Closure))
 5 SYSTEMPATH\Router\RouteCollection.php(339): require('C:\\Users\\ASUS\\Downloads\\Projectmagang_dr\\Projectmagang_dr\\app\\Config\\Routes.php')
 6 SYSTEMPATH\CodeIgniter.php(841): CodeIgniter\Router\RouteCollection->loadRoutes()
 7 SYSTEMPATH\CodeIgniter.php(464): CodeIgniter\CodeIgniter->tryToRouteIt(null)
 8 SYSTEMPATH\CodeIgniter.php(363): CodeIgniter\CodeIgniter->handleRequest(null, Object(Config\Cache), false)
 9 SYSTEMPATH\Boot.php(417): CodeIgniter\CodeIgniter->run()
10 SYSTEMPATH\Boot.php(68): CodeIgniter\Boot::runCodeIgniter(Object(CodeIgniter\CodeIgniter))
11 FCPATH\index.php(59): CodeIgniter\Boot::bootWeb(Object(Config\Paths))
12 SYSTEMPATH\rewrite.php(44): require_once('C:\\Users\\ASUS\\Downloads\\Projectmagang_dr\\Projectmagang_dr\\public\\index.php')
WARNING - 2026-08-24 07:29:41 --> [DEPRECATED] Passing lowercase HTTP method "post" is deprecated. Use uppercase HTTP method like "POST". in SYSTEMPATH\Router\RouteCollection.php on line 1026.
 1 SYSTEMPATH\Router\RouteCollection.php(1026): trigger_error('Passing lowercase HTTP method "post" is deprecated. Use uppercase HTTP method like "POST".', 16384)
 2 APPPATH\Config\Routes.php(95): CodeIgniter\Router\RouteCollection->match([...], 'verifikasi', '\\App\\Controllers\\Sekretariat\\C_Verifikasi::index')
 3 SYSTEMPATH\Router\RouteCollection.php(799): CodeIgniter\Router\RouteCollection::{closure:C:\Users\ASUS\Downloads\Projectmagang_dr\Projectmagang_dr\app\Config\Routes.php:89}(Object(CodeIgniter\Router\RouteCollection))
 4 APPPATH\Config\Routes.php(89): CodeIgniter\Router\RouteCollection->group('sekretariat', [...], Object(Closure))
 5 SYSTEMPATH\Router\RouteCollection.php(339): require('C:\\Users\\ASUS\\Downloads\\Projectmagang_dr\\Projectmagang_dr\\app\\Config\\Routes.php')
 6 SYSTEMPATH\CodeIgniter.php(841): CodeIgniter\Router\RouteCollection->loadRoutes()
 7 SYSTEMPATH\CodeIgniter.php(464): CodeIgniter\CodeIgniter->tryToRouteIt(null)
 8 SYSTEMPATH\CodeIgniter.php(363): CodeIgniter\CodeIgniter->handleRequest(null, Object(Config\Cache), false)
 9 SYSTEMPATH\Boot.php(417): CodeIgniter\CodeIgniter->run()
10 SYSTEMPATH\Boot.php(68): CodeIgniter\Boot::runCodeIgniter(Object(CodeIgniter\CodeIgniter))
11 FCPATH\index.php(59): CodeIgniter\Boot::bootWeb(Object(Config\Paths))
12 SYSTEMPATH\rewrite.php(44): require_once('C:\\Users\\ASUS\\Downloads\\Projectmagang_dr\\Projectmagang_dr\\public\\index.php')
WARNING - 2026-08-24 07:29:41 --> [DEPRECATED] Passing lowercase HTTP method "get" is deprecated. Use uppercase HTTP method like "GET". in SYSTEMPATH\Router\RouteCollection.php on line 1026.
 1 SYSTEMPATH\Router\RouteCollection.php(1026): trigger_error('Passing lowercase HTTP method "get" is deprecated. Use uppercase HTTP method like "GET".', 16384)
 2 APPPATH\Config\Routes.php(144): CodeIgniter\Router\RouteCollection->match([...], 'upload-surat-penerimaan', '\\App\\Controllers\\Sekretariat\\C_UploadSuratPenerimaan::index')
 3 SYSTEMPATH\Router\RouteCollection.php(799): CodeIgniter\Router\RouteCollection::{closure:C:\Users\ASUS\Downloads\Projectmagang_dr\Projectmagang_dr\app\Config\Routes.php:89}(Object(CodeIgniter\Router\RouteCollection))
 4 APPPATH\Config\Routes.php(89): CodeIgniter\Router\RouteCollection->group('sekretariat', [...], Object(Closure))
 5 SYSTEMPATH\Router\RouteCollection.php(339): require('C:\\Users\\ASUS\\Downloads\\Projectmagang_dr\\Projectmagang_dr\\app\\Config\\Routes.php')
 6 SYSTEMPATH\CodeIgniter.php(841): CodeIgniter\Router\RouteCollection->loadRoutes()
 7 SYSTEMPATH\CodeIgniter.php(464): CodeIgniter\CodeIgniter->tryToRouteIt(null)
 8 SYSTEMPATH\CodeIgniter.php(363): CodeIgniter\CodeIgniter->handleRequest(null, Object(Config\Cache), false)
 9 SYSTEMPATH\Boot.php(417): CodeIgniter\CodeIgniter->run()
10 SYSTEMPATH\Boot.php(68): CodeIgniter\Boot::runCodeIgniter(Object(CodeIgniter\CodeIgniter))
11 FCPATH\index.php(59): CodeIgniter\Boot::bootWeb(Object(Config\Paths))
12 SYSTEMPATH\rewrite.php(44): require_once('C:\\Users\\ASUS\\Downloads\\Projectmagang_dr\\Projectmagang_dr\\public\\index.php')
WARNING - 2026-08-24 07:29:41 --> [DEPRECATED] Passing lowercase HTTP method "post" is deprecated. Use uppercase HTTP method like "POST". in SYSTEMPATH\Router\RouteCollection.php on line 1026.
 1 SYSTEMPATH\Router\RouteCollection.php(1026): trigger_error('Passing lowercase HTTP method "post" is deprecated. Use uppercase HTTP method like "POST".', 16384)
 2 APPPATH\Config\Routes.php(144): CodeIgniter\Router\RouteCollection->match([...], 'upload-surat-penerimaan', '\\App\\Controllers\\Sekretariat\\C_UploadSuratPenerimaan::index')
 3 SYSTEMPATH\Router\RouteCollection.php(799): CodeIgniter\Router\RouteCollection::{closure:C:\Users\ASUS\Downloads\Projectmagang_dr\Projectmagang_dr\app\Config\Routes.php:89}(Object(CodeIgniter\Router\RouteCollection))
 4 APPPATH\Config\Routes.php(89): CodeIgniter\Router\RouteCollection->group('sekretariat', [...], Object(Closure))
 5 SYSTEMPATH\Router\RouteCollection.php(339): require('C:\\Users\\ASUS\\Downloads\\Projectmagang_dr\\Projectmagang_dr\\app\\Config\\Routes.php')
 6 SYSTEMPATH\CodeIgniter.php(841): CodeIgniter\Router\RouteCollection->loadRoutes()
 7 SYSTEMPATH\CodeIgniter.php(464): CodeIgniter\CodeIgniter->tryToRouteIt(null)
 8 SYSTEMPATH\CodeIgniter.php(363): CodeIgniter\CodeIgniter->handleRequest(null, Object(Config\Cache), false)
 9 SYSTEMPATH\Boot.php(417): CodeIgniter\CodeIgniter->run()
10 SYSTEMPATH\Boot.php(68): CodeIgniter\Boot::runCodeIgniter(Object(CodeIgniter\CodeIgniter))
11 FCPATH\index.php(59): CodeIgniter\Boot::bootWeb(Object(Config\Paths))
12 SYSTEMPATH\rewrite.php(44): require_once('C:\\Users\\ASUS\\Downloads\\Projectmagang_dr\\Projectmagang_dr\\public\\index.php')
WARNING - 2026-08-24 07:29:42 --> [DEPRECATED] Passing lowercase HTTP method "get" is deprecated. Use uppercase HTTP method like "GET". in SYSTEMPATH\Router\RouteCollection.php on line 1026.
 1 SYSTEMPATH\Router\RouteCollection.php(1026): trigger_error('Passing lowercase HTTP method "get" is deprecated. Use uppercase HTTP method like "GET".', 16384)
 2 APPPATH\Config\Routes.php(167): CodeIgniter\Router\RouteCollection->match([...], 'logbook', '\\App\\Controllers\\Kabid\\C_LogbookKabid::index')
 3 SYSTEMPATH\Router\RouteCollection.php(799): CodeIgniter\Router\RouteCollection::{closure:C:\Users\ASUS\Downloads\Projectmagang_dr\Projectmagang_dr\app\Config\Routes.php:153}(Object(CodeIgniter\Router\RouteCollection))
 4 APPPATH\Config\Routes.php(153): CodeIgniter\Router\RouteCollection->group('kabid', [...], Object(Closure))
 5 SYSTEMPATH\Router\RouteCollection.php(339): require('C:\\Users\\ASUS\\Downloads\\Projectmagang_dr\\Projectmagang_dr\\app\\Config\\Routes.php')
 6 SYSTEMPATH\CodeIgniter.php(841): CodeIgniter\Router\RouteCollection->loadRoutes()
 7 SYSTEMPATH\CodeIgniter.php(464): CodeIgniter\CodeIgniter->tryToRouteIt(null)
 8 SYSTEMPATH\CodeIgniter.php(363): CodeIgniter\CodeIgniter->handleRequest(null, Object(Config\Cache), false)
 9 SYSTEMPATH\Boot.php(417): CodeIgniter\CodeIgniter->run()
10 SYSTEMPATH\Boot.php(68): CodeIgniter\Boot::runCodeIgniter(Object(CodeIgniter\CodeIgniter))
11 FCPATH\index.php(59): CodeIgniter\Boot::bootWeb(Object(Config\Paths))
12 SYSTEMPATH\rewrite.php(44): require_once('C:\\Users\\ASUS\\Downloads\\Projectmagang_dr\\Projectmagang_dr\\public\\index.php')
WARNING - 2026-08-24 07:29:42 --> [DEPRECATED] Passing lowercase HTTP method "post" is deprecated. Use uppercase HTTP method like "POST". in SYSTEMPATH\Router\RouteCollection.php on line 1026.
 1 SYSTEMPATH\Router\RouteCollection.php(1026): trigger_error('Passing lowercase HTTP method "post" is deprecated. Use uppercase HTTP method like "POST".', 16384)
 2 APPPATH\Config\Routes.php(167): CodeIgniter\Router\RouteCollection->match([...], 'logbook', '\\App\\Controllers\\Kabid\\C_LogbookKabid::index')
 3 SYSTEMPATH\Router\RouteCollection.php(799): CodeIgniter\Router\RouteCollection::{closure:C:\Users\ASUS\Downloads\Projectmagang_dr\Projectmagang_dr\app\Config\Routes.php:153}(Object(CodeIgniter\Router\RouteCollection))
 4 APPPATH\Config\Routes.php(153): CodeIgniter\Router\RouteCollection->group('kabid', [...], Object(Closure))
 5 SYSTEMPATH\Router\RouteCollection.php(339): require('C:\\Users\\ASUS\\Downloads\\Projectmagang_dr\\Projectmagang_dr\\app\\Config\\Routes.php')
 6 SYSTEMPATH\CodeIgniter.php(841): CodeIgniter\Router\RouteCollection->loadRoutes()
 7 SYSTEMPATH\CodeIgniter.php(464): CodeIgniter\CodeIgniter->tryToRouteIt(null)
 8 SYSTEMPATH\CodeIgniter.php(363): CodeIgniter\CodeIgniter->handleRequest(null, Object(Config\Cache), false)
 9 SYSTEMPATH\Boot.php(417): CodeIgniter\CodeIgniter->run()
10 SYSTEMPATH\Boot.php(68): CodeIgniter\Boot::runCodeIgniter(Object(CodeIgniter\CodeIgniter))
11 FCPATH\index.php(59): CodeIgniter\Boot::bootWeb(Object(Config\Paths))
12 SYSTEMPATH\rewrite.php(44): require_once('C:\\Users\\ASUS\\Downloads\\Projectmagang_dr\\Projectmagang_dr\\public\\index.php')
WARNING - 2026-08-24 07:29:42 --> [DEPRECATED] Passing lowercase HTTP method "get" is deprecated. Use uppercase HTTP method like "GET". in SYSTEMPATH\Router\RouteCollection.php on line 1026.
 1 SYSTEMPATH\Router\RouteCollection.php(1026): trigger_error('Passing lowercase HTTP method "get" is deprecated. Use uppercase HTTP method like "GET".', 16384)
 2 APPPATH\Config\Routes.php(179): CodeIgniter\Router\RouteCollection->match([...], 'upload-dokumen', '\\App\\Controllers\\Kabid\\C_UploadDokumen::index')
 3 SYSTEMPATH\Router\RouteCollection.php(799): CodeIgniter\Router\RouteCollection::{closure:C:\Users\ASUS\Downloads\Projectmagang_dr\Projectmagang_dr\app\Config\Routes.php:153}(Object(CodeIgniter\Router\RouteCollection))
 4 APPPATH\Config\Routes.php(153): CodeIgniter\Router\RouteCollection->group('kabid', [...], Object(Closure))
 5 SYSTEMPATH\Router\RouteCollection.php(339): require('C:\\Users\\ASUS\\Downloads\\Projectmagang_dr\\Projectmagang_dr\\app\\Config\\Routes.php')
 6 SYSTEMPATH\CodeIgniter.php(841): CodeIgniter\Router\RouteCollection->loadRoutes()
 7 SYSTEMPATH\CodeIgniter.php(464): CodeIgniter\CodeIgniter->tryToRouteIt(null)
 8 SYSTEMPATH\CodeIgniter.php(363): CodeIgniter\CodeIgniter->handleRequest(null, Object(Config\Cache), false)
 9 SYSTEMPATH\Boot.php(417): CodeIgniter\CodeIgniter->run()
10 SYSTEMPATH\Boot.php(68): CodeIgniter\Boot::runCodeIgniter(Object(CodeIgniter\CodeIgniter))
11 FCPATH\index.php(59): CodeIgniter\Boot::bootWeb(Object(Config\Paths))
12 SYSTEMPATH\rewrite.php(44): require_once('C:\\Users\\ASUS\\Downloads\\Projectmagang_dr\\Projectmagang_dr\\public\\index.php')
WARNING - 2026-08-24 07:29:42 --> [DEPRECATED] Passing lowercase HTTP method "post" is deprecated. Use uppercase HTTP method like "POST". in SYSTEMPATH\Router\RouteCollection.php on line 1026.
 1 SYSTEMPATH\Router\RouteCollection.php(1026): trigger_error('Passing lowercase HTTP method "post" is deprecated. Use uppercase HTTP method like "POST".', 16384)
 2 APPPATH\Config\Routes.php(179): CodeIgniter\Router\RouteCollection->match([...], 'upload-dokumen', '\\App\\Controllers\\Kabid\\C_UploadDokumen::index')
 3 SYSTEMPATH\Router\RouteCollection.php(799): CodeIgniter\Router\RouteCollection::{closure:C:\Users\ASUS\Downloads\Projectmagang_dr\Projectmagang_dr\app\Config\Routes.php:153}(Object(CodeIgniter\Router\RouteCollection))
 4 APPPATH\Config\Routes.php(153): CodeIgniter\Router\RouteCollection->group('kabid', [...], Object(Closure))
 5 SYSTEMPATH\Router\RouteCollection.php(339): require('C:\\Users\\ASUS\\Downloads\\Projectmagang_dr\\Projectmagang_dr\\app\\Config\\Routes.php')
 6 SYSTEMPATH\CodeIgniter.php(841): CodeIgniter\Router\RouteCollection->loadRoutes()
 7 SYSTEMPATH\CodeIgniter.php(464): CodeIgniter\CodeIgniter->tryToRouteIt(null)
 8 SYSTEMPATH\CodeIgniter.php(363): CodeIgniter\CodeIgniter->handleRequest(null, Object(Config\Cache), false)
 9 SYSTEMPATH\Boot.php(417): CodeIgniter\CodeIgniter->run()
10 SYSTEMPATH\Boot.php(68): CodeIgniter\Boot::runCodeIgniter(Object(CodeIgniter\CodeIgniter))
11 FCPATH\index.php(59): CodeIgniter\Boot::bootWeb(Object(Config\Paths))
12 SYSTEMPATH\rewrite.php(44): require_once('C:\\Users\\ASUS\\Downloads\\Projectmagang_dr\\Projectmagang_dr\\public\\index.php')
DEBUG - 2026-08-24 07:29:42 --> Session: Class initialized using 'CodeIgniter\Session\Handlers\FileHandler' driver.
WARNING - 2026-08-24 07:29:43 --> [DEPRECATED] Passing lowercase HTTP method "get" is deprecated. Use uppercase HTTP method like "GET". in SYSTEMPATH\Router\RouteCollection.php on line 1026.
 1 SYSTEMPATH\Router\RouteCollection.php(1026): trigger_error('Passing lowercase HTTP method "get" is deprecated. Use uppercase HTTP method like "GET".', 16384)
 2 APPPATH\Config\Routes.php(77): CodeIgniter\Router\RouteCollection->match([...], 'logbook', 'C_Logbook::logbook')
 3 SYSTEMPATH\Router\RouteCollection.php(799): CodeIgniter\Router\RouteCollection::{closure:C:\Users\ASUS\Downloads\Projectmagang_dr\Projectmagang_dr\app\Config\Routes.php:59}(Object(CodeIgniter\Router\RouteCollection))
 4 APPPATH\Config\Routes.php(59): CodeIgniter\Router\RouteCollection->group('mahasiswa', [...], Object(Closure))
 5 SYSTEMPATH\Router\RouteCollection.php(339): require('C:\\Users\\ASUS\\Downloads\\Projectmagang_dr\\Projectmagang_dr\\app\\Config\\Routes.php')
 6 SYSTEMPATH\CodeIgniter.php(841): CodeIgniter\Router\RouteCollection->loadRoutes()
 7 SYSTEMPATH\CodeIgniter.php(464): CodeIgniter\CodeIgniter->tryToRouteIt(null)
 8 SYSTEMPATH\CodeIgniter.php(363): CodeIgniter\CodeIgniter->handleRequest(null, Object(Config\Cache), false)
 9 SYSTEMPATH\Boot.php(417): CodeIgniter\CodeIgniter->run()
10 SYSTEMPATH\Boot.php(68): CodeIgniter\Boot::runCodeIgniter(Object(CodeIgniter\CodeIgniter))
11 FCPATH\index.php(59): CodeIgniter\Boot::bootWeb(Object(Config\Paths))
12 SYSTEMPATH\rewrite.php(44): require_once('C:\\Users\\ASUS\\Downloads\\Projectmagang_dr\\Projectmagang_dr\\public\\index.php')
WARNING - 2026-08-24 07:29:43 --> [DEPRECATED] Passing lowercase HTTP method "post" is deprecated. Use uppercase HTTP method like "POST". in SYSTEMPATH\Router\RouteCollection.php on line 1026.
 1 SYSTEMPATH\Router\RouteCollection.php(1026): trigger_error('Passing lowercase HTTP method "post" is deprecated. Use uppercase HTTP method like "POST".', 16384)
 2 APPPATH\Config\Routes.php(77): CodeIgniter\Router\RouteCollection->match([...], 'logbook', 'C_Logbook::logbook')
 3 SYSTEMPATH\Router\RouteCollection.php(799): CodeIgniter\Router\RouteCollection::{closure:C:\Users\ASUS\Downloads\Projectmagang_dr\Projectmagang_dr\app\Config\Routes.php:59}(Object(CodeIgniter\Router\RouteCollection))
 4 APPPATH\Config\Routes.php(59): CodeIgniter\Router\RouteCollection->group('mahasiswa', [...], Object(Closure))
 5 SYSTEMPATH\Router\RouteCollection.php(339): require('C:\\Users\\ASUS\\Downloads\\Projectmagang_dr\\Projectmagang_dr\\app\\Config\\Routes.php')
 6 SYSTEMPATH\CodeIgniter.php(841): CodeIgniter\Router\RouteCollection->loadRoutes()
 7 SYSTEMPATH\CodeIgniter.php(464): CodeIgniter\CodeIgniter->tryToRouteIt(null)
 8 SYSTEMPATH\CodeIgniter.php(363): CodeIgniter\CodeIgniter->handleRequest(null, Object(Config\Cache), false)
 9 SYSTEMPATH\Boot.php(417): CodeIgniter\CodeIgniter->run()
10 SYSTEMPATH\Boot.php(68): CodeIgniter\Boot::runCodeIgniter(Object(CodeIgniter\CodeIgniter))
11 FCPATH\index.php(59): CodeIgniter\Boot::bootWeb(Object(Config\Paths))
12 SYSTEMPATH\rewrite.php(44): require_once('C:\\Users\\ASUS\\Downloads\\Projectmagang_dr\\Projectmagang_dr\\public\\index.php')
WARNING - 2026-08-24 07:29:43 --> [DEPRECATED] Passing lowercase HTTP method "get" is deprecated. Use uppercase HTTP method like "GET". in SYSTEMPATH\Router\RouteCollection.php on line 1026.
 1 SYSTEMPATH\Router\RouteCollection.php(1026): trigger_error('Passing lowercase HTTP method "get" is deprecated. Use uppercase HTTP method like "GET".', 16384)
 2 APPPATH\Config\Routes.php(95): CodeIgniter\Router\RouteCollection->match([...], 'verifikasi', '\\App\\Controllers\\Sekretariat\\C_Verifikasi::index')
 3 SYSTEMPATH\Router\RouteCollection.php(799): CodeIgniter\Router\RouteCollection::{closure:C:\Users\ASUS\Downloads\Projectmagang_dr\Projectmagang_dr\app\Config\Routes.php:89}(Object(CodeIgniter\Router\RouteCollection))
 4 APPPATH\Config\Routes.php(89): CodeIgniter\Router\RouteCollection->group('sekretariat', [...], Object(Closure))
 5 SYSTEMPATH\Router\RouteCollection.php(339): require('C:\\Users\\ASUS\\Downloads\\Projectmagang_dr\\Projectmagang_dr\\app\\Config\\Routes.php')
 6 SYSTEMPATH\CodeIgniter.php(841): CodeIgniter\Router\RouteCollection->loadRoutes()
 7 SYSTEMPATH\CodeIgniter.php(464): CodeIgniter\CodeIgniter->tryToRouteIt(null)
 8 SYSTEMPATH\CodeIgniter.php(363): CodeIgniter\CodeIgniter->handleRequest(null, Object(Config\Cache), false)
 9 SYSTEMPATH\Boot.php(417): CodeIgniter\CodeIgniter->run()
10 SYSTEMPATH\Boot.php(68): CodeIgniter\Boot::runCodeIgniter(Object(CodeIgniter\CodeIgniter))
11 FCPATH\index.php(59): CodeIgniter\Boot::bootWeb(Object(Config\Paths))
12 SYSTEMPATH\rewrite.php(44): require_once('C:\\Users\\ASUS\\Downloads\\Projectmagang_dr\\Projectmagang_dr\\public\\index.php')
WARNING - 2026-08-24 07:29:44 --> [DEPRECATED] Passing lowercase HTTP method "post" is deprecated. Use uppercase HTTP method like "POST". in SYSTEMPATH\Router\RouteCollection.php on line 1026.
 1 SYSTEMPATH\Router\RouteCollection.php(1026): trigger_error('Passing lowercase HTTP method "post" is deprecated. Use uppercase HTTP method like "POST".', 16384)
 2 APPPATH\Config\Routes.php(95): CodeIgniter\Router\RouteCollection->match([...], 'verifikasi', '\\App\\Controllers\\Sekretariat\\C_Verifikasi::index')
 3 SYSTEMPATH\Router\RouteCollection.php(799): CodeIgniter\Router\RouteCollection::{closure:C:\Users\ASUS\Downloads\Projectmagang_dr\Projectmagang_dr\app\Config\Routes.php:89}(Object(CodeIgniter\Router\RouteCollection))
 4 APPPATH\Config\Routes.php(89): CodeIgniter\Router\RouteCollection->group('sekretariat', [...], Object(Closure))
 5 SYSTEMPATH\Router\RouteCollection.php(339): require('C:\\Users\\ASUS\\Downloads\\Projectmagang_dr\\Projectmagang_dr\\app\\Config\\Routes.php')
 6 SYSTEMPATH\CodeIgniter.php(841): CodeIgniter\Router\RouteCollection->loadRoutes()
 7 SYSTEMPATH\CodeIgniter.php(464): CodeIgniter\CodeIgniter->tryToRouteIt(null)
 8 SYSTEMPATH\CodeIgniter.php(363): CodeIgniter\CodeIgniter->handleRequest(null, Object(Config\Cache), false)
 9 SYSTEMPATH\Boot.php(417): CodeIgniter\CodeIgniter->run()
10 SYSTEMPATH\Boot.php(68): CodeIgniter\Boot::runCodeIgniter(Object(CodeIgniter\CodeIgniter))
11 FCPATH\index.php(59): CodeIgniter\Boot::bootWeb(Object(Config\Paths))
12 SYSTEMPATH\rewrite.php(44): require_once('C:\\Users\\ASUS\\Downloads\\Projectmagang_dr\\Projectmagang_dr\\public\\index.php')
WARNING - 2026-08-24 07:29:44 --> [DEPRECATED] Passing lowercase HTTP method "get" is deprecated. Use uppercase HTTP method like "GET". in SYSTEMPATH\Router\RouteCollection.php on line 1026.
 1 SYSTEMPATH\Router\RouteCollection.php(1026): trigger_error('Passing lowercase HTTP method "get" is deprecated. Use uppercase HTTP method like "GET".', 16384)
 2 APPPATH\Config\Routes.php(144): CodeIgniter\Router\RouteCollection->match([...], 'upload-surat-penerimaan', '\\App\\Controllers\\Sekretariat\\C_UploadSuratPenerimaan::index')
 3 SYSTEMPATH\Router\RouteCollection.php(799): CodeIgniter\Router\RouteCollection::{closure:C:\Users\ASUS\Downloads\Projectmagang_dr\Projectmagang_dr\app\Config\Routes.php:89}(Object(CodeIgniter\Router\RouteCollection))
 4 APPPATH\Config\Routes.php(89): CodeIgniter\Router\RouteCollection->group('sekretariat', [...], Object(Closure))
 5 SYSTEMPATH\Router\RouteCollection.php(339): require('C:\\Users\\ASUS\\Downloads\\Projectmagang_dr\\Projectmagang_dr\\app\\Config\\Routes.php')
 6 SYSTEMPATH\CodeIgniter.php(841): CodeIgniter\Router\RouteCollection->loadRoutes()
 7 SYSTEMPATH\CodeIgniter.php(464): CodeIgniter\CodeIgniter->tryToRouteIt(null)
 8 SYSTEMPATH\CodeIgniter.php(363): CodeIgniter\CodeIgniter->handleRequest(null, Object(Config\Cache), false)
 9 SYSTEMPATH\Boot.php(417): CodeIgniter\CodeIgniter->run()
10 SYSTEMPATH\Boot.php(68): CodeIgniter\Boot::runCodeIgniter(Object(CodeIgniter\CodeIgniter))
11 FCPATH\index.php(59): CodeIgniter\Boot::bootWeb(Object(Config\Paths))
12 SYSTEMPATH\rewrite.php(44): require_once('C:\\Users\\ASUS\\Downloads\\Projectmagang_dr\\Projectmagang_dr\\public\\index.php')
WARNING - 2026-08-24 07:29:44 --> [DEPRECATED] Passing lowercase HTTP method "post" is deprecated. Use uppercase HTTP method like "POST". in SYSTEMPATH\Router\RouteCollection.php on line 1026.
 1 SYSTEMPATH\Router\RouteCollection.php(1026): trigger_error('Passing lowercase HTTP method "post" is deprecated. Use uppercase HTTP method like "POST".', 16384)
 2 APPPATH\Config\Routes.php(144): CodeIgniter\Router\RouteCollection->match([...], 'upload-surat-penerimaan', '\\App\\Controllers\\Sekretariat\\C_UploadSuratPenerimaan::index')
 3 SYSTEMPATH\Router\RouteCollection.php(799): CodeIgniter\Router\RouteCollection::{closure:C:\Users\ASUS\Downloads\Projectmagang_dr\Projectmagang_dr\app\Config\Routes.php:89}(Object(CodeIgniter\Router\RouteCollection))
 4 APPPATH\Config\Routes.php(89): CodeIgniter\Router\RouteCollection->group('sekretariat', [...], Object(Closure))
 5 SYSTEMPATH\Router\RouteCollection.php(339): require('C:\\Users\\ASUS\\Downloads\\Projectmagang_dr\\Projectmagang_dr\\app\\Config\\Routes.php')
 6 SYSTEMPATH\CodeIgniter.php(841): CodeIgniter\Router\RouteCollection->loadRoutes()
 7 SYSTEMPATH\CodeIgniter.php(464): CodeIgniter\CodeIgniter->tryToRouteIt(null)
 8 SYSTEMPATH\CodeIgniter.php(363): CodeIgniter\CodeIgniter->handleRequest(null, Object(Config\Cache), false)
 9 SYSTEMPATH\Boot.php(417): CodeIgniter\CodeIgniter->run()
10 SYSTEMPATH\Boot.php(68): CodeIgniter\Boot::runCodeIgniter(Object(CodeIgniter\CodeIgniter))
11 FCPATH\index.php(59): CodeIgniter\Boot::bootWeb(Object(Config\Paths))
12 SYSTEMPATH\rewrite.php(44): require_once('C:\\Users\\ASUS\\Downloads\\Projectmagang_dr\\Projectmagang_dr\\public\\index.php')
WARNING - 2026-08-24 07:29:44 --> [DEPRECATED] Passing lowercase HTTP method "get" is deprecated. Use uppercase HTTP method like "GET". in SYSTEMPATH\Router\RouteCollection.php on line 1026.
 1 SYSTEMPATH\Router\RouteCollection.php(1026): trigger_error('Passing lowercase HTTP method "get" is deprecated. Use uppercase HTTP method like "GET".', 16384)
 2 APPPATH\Config\Routes.php(167): CodeIgniter\Router\RouteCollection->match([...], 'logbook', '\\App\\Controllers\\Kabid\\C_LogbookKabid::index')
 3 SYSTEMPATH\Router\RouteCollection.php(799): CodeIgniter\Router\RouteCollection::{closure:C:\Users\ASUS\Downloads\Projectmagang_dr\Projectmagang_dr\app\Config\Routes.php:153}(Object(CodeIgniter\Router\RouteCollection))
 4 APPPATH\Config\Routes.php(153): CodeIgniter\Router\RouteCollection->group('kabid', [...], Object(Closure))
 5 SYSTEMPATH\Router\RouteCollection.php(339): require('C:\\Users\\ASUS\\Downloads\\Projectmagang_dr\\Projectmagang_dr\\app\\Config\\Routes.php')
 6 SYSTEMPATH\CodeIgniter.php(841): CodeIgniter\Router\RouteCollection->loadRoutes()
 7 SYSTEMPATH\CodeIgniter.php(464): CodeIgniter\CodeIgniter->tryToRouteIt(null)
 8 SYSTEMPATH\CodeIgniter.php(363): CodeIgniter\CodeIgniter->handleRequest(null, Object(Config\Cache), false)
 9 SYSTEMPATH\Boot.php(417): CodeIgniter\CodeIgniter->run()
10 SYSTEMPATH\Boot.php(68): CodeIgniter\Boot::runCodeIgniter(Object(CodeIgniter\CodeIgniter))
11 FCPATH\index.php(59): CodeIgniter\Boot::bootWeb(Object(Config\Paths))
12 SYSTEMPATH\rewrite.php(44): require_once('C:\\Users\\ASUS\\Downloads\\Projectmagang_dr\\Projectmagang_dr\\public\\index.php')
WARNING - 2026-08-24 07:29:44 --> [DEPRECATED] Passing lowercase HTTP method "post" is deprecated. Use uppercase HTTP method like "POST". in SYSTEMPATH\Router\RouteCollection.php on line 1026.
 1 SYSTEMPATH\Router\RouteCollection.php(1026): trigger_error('Passing lowercase HTTP method "post" is deprecated. Use uppercase HTTP method like "POST".', 16384)
 2 APPPATH\Config\Routes.php(167): CodeIgniter\Router\RouteCollection->match([...], 'logbook', '\\App\\Controllers\\Kabid\\C_LogbookKabid::index')
 3 SYSTEMPATH\Router\RouteCollection.php(799): CodeIgniter\Router\RouteCollection::{closure:C:\Users\ASUS\Downloads\Projectmagang_dr\Projectmagang_dr\app\Config\Routes.php:153}(Object(CodeIgniter\Router\RouteCollection))
 4 APPPATH\Config\Routes.php(153): CodeIgniter\Router\RouteCollection->group('kabid', [...], Object(Closure))
 5 SYSTEMPATH\Router\RouteCollection.php(339): require('C:\\Users\\ASUS\\Downloads\\Projectmagang_dr\\Projectmagang_dr\\app\\Config\\Routes.php')
 6 SYSTEMPATH\CodeIgniter.php(841): CodeIgniter\Router\RouteCollection->loadRoutes()
 7 SYSTEMPATH\CodeIgniter.php(464): CodeIgniter\CodeIgniter->tryToRouteIt(null)
 8 SYSTEMPATH\CodeIgniter.php(363): CodeIgniter\CodeIgniter->handleRequest(null, Object(Config\Cache), false)
 9 SYSTEMPATH\Boot.php(417): CodeIgniter\CodeIgniter->run()
10 SYSTEMPATH\Boot.php(68): CodeIgniter\Boot::runCodeIgniter(Object(CodeIgniter\CodeIgniter))
11 FCPATH\index.php(59): CodeIgniter\Boot::bootWeb(Object(Config\Paths))
12 SYSTEMPATH\rewrite.php(44): require_once('C:\\Users\\ASUS\\Downloads\\Projectmagang_dr\\Projectmagang_dr\\public\\index.php')
WARNING - 2026-08-24 07:29:44 --> [DEPRECATED] Passing lowercase HTTP method "get" is deprecated. Use uppercase HTTP method like "GET". in SYSTEMPATH\Router\RouteCollection.php on line 1026.
 1 SYSTEMPATH\Router\RouteCollection.php(1026): trigger_error('Passing lowercase HTTP method "get" is deprecated. Use uppercase HTTP method like "GET".', 16384)
 2 APPPATH\Config\Routes.php(179): CodeIgniter\Router\RouteCollection->match([...], 'upload-dokumen', '\\App\\Controllers\\Kabid\\C_UploadDokumen::index')
 3 SYSTEMPATH\Router\RouteCollection.php(799): CodeIgniter\Router\RouteCollection::{closure:C:\Users\ASUS\Downloads\Projectmagang_dr\Projectmagang_dr\app\Config\Routes.php:153}(Object(CodeIgniter\Router\RouteCollection))
 4 APPPATH\Config\Routes.php(153): CodeIgniter\Router\RouteCollection->group('kabid', [...], Object(Closure))
 5 SYSTEMPATH\Router\RouteCollection.php(339): require('C:\\Users\\ASUS\\Downloads\\Projectmagang_dr\\Projectmagang_dr\\app\\Config\\Routes.php')
 6 SYSTEMPATH\CodeIgniter.php(841): CodeIgniter\Router\RouteCollection->loadRoutes()
 7 SYSTEMPATH\CodeIgniter.php(464): CodeIgniter\CodeIgniter->tryToRouteIt(null)
 8 SYSTEMPATH\CodeIgniter.php(363): CodeIgniter\CodeIgniter->handleRequest(null, Object(Config\Cache), false)
 9 SYSTEMPATH\Boot.php(417): CodeIgniter\CodeIgniter->run()
10 SYSTEMPATH\Boot.php(68): CodeIgniter\Boot::runCodeIgniter(Object(CodeIgniter\CodeIgniter))
11 FCPATH\index.php(59): CodeIgniter\Boot::bootWeb(Object(Config\Paths))
12 SYSTEMPATH\rewrite.php(44): require_once('C:\\Users\\ASUS\\Downloads\\Projectmagang_dr\\Projectmagang_dr\\public\\index.php')
WARNING - 2026-08-24 07:29:44 --> [DEPRECATED] Passing lowercase HTTP method "post" is deprecated. Use uppercase HTTP method like "POST". in SYSTEMPATH\Router\RouteCollection.php on line 1026.
 1 SYSTEMPATH\Router\RouteCollection.php(1026): trigger_error('Passing lowercase HTTP method "post" is deprecated. Use uppercase HTTP method like "POST".', 16384)
 2 APPPATH\Config\Routes.php(179): CodeIgniter\Router\RouteCollection->match([...], 'upload-dokumen', '\\App\\Controllers\\Kabid\\C_UploadDokumen::index')
 3 SYSTEMPATH\Router\RouteCollection.php(799): CodeIgniter\Router\RouteCollection::{closure:C:\Users\ASUS\Downloads\Projectmagang_dr\Projectmagang_dr\app\Config\Routes.php:153}(Object(CodeIgniter\Router\RouteCollection))
 4 APPPATH\Config\Routes.php(153): CodeIgniter\Router\RouteCollection->group('kabid', [...], Object(Closure))
 5 SYSTEMPATH\Router\RouteCollection.php(339): require('C:\\Users\\ASUS\\Downloads\\Projectmagang_dr\\Projectmagang_dr\\app\\Config\\Routes.php')
 6 SYSTEMPATH\CodeIgniter.php(841): CodeIgniter\Router\RouteCollection->loadRoutes()
 7 SYSTEMPATH\CodeIgniter.php(464): CodeIgniter\CodeIgniter->tryToRouteIt(null)
 8 SYSTEMPATH\CodeIgniter.php(363): CodeIgniter\CodeIgniter->handleRequest(null, Object(Config\Cache), false)
 9 SYSTEMPATH\Boot.php(417): CodeIgniter\CodeIgniter->run()
10 SYSTEMPATH\Boot.php(68): CodeIgniter\Boot::runCodeIgniter(Object(CodeIgniter\CodeIgniter))
11 FCPATH\index.php(59): CodeIgniter\Boot::bootWeb(Object(Config\Paths))
12 SYSTEMPATH\rewrite.php(44): require_once('C:\\Users\\ASUS\\Downloads\\Projectmagang_dr\\Projectmagang_dr\\public\\index.php')
DEBUG - 2026-08-24 07:29:44 --> Session: Class initialized using 'CodeIgniter\Session\Handlers\FileHandler' driver.
WARNING - 2026-08-24 07:29:48 --> [DEPRECATED] Passing lowercase HTTP method "get" is deprecated. Use uppercase HTTP method like "GET". in SYSTEMPATH\Router\RouteCollection.php on line 1026.
 1 SYSTEMPATH\Router\RouteCollection.php(1026): trigger_error('Passing lowercase HTTP method "get" is deprecated. Use uppercase HTTP method like "GET".', 16384)
 2 APPPATH\Config\Routes.php(77): CodeIgniter\Router\RouteCollection->match([...], 'logbook', 'C_Logbook::logbook')
 3 SYSTEMPATH\Router\RouteCollection.php(799): CodeIgniter\Router\RouteCollection::{closure:C:\Users\ASUS\Downloads\Projectmagang_dr\Projectmagang_dr\app\Config\Routes.php:59}(Object(CodeIgniter\Router\RouteCollection))
 4 APPPATH\Config\Routes.php(59): CodeIgniter\Router\RouteCollection->group('mahasiswa', [...], Object(Closure))
 5 SYSTEMPATH\Router\RouteCollection.php(339): require('C:\\Users\\ASUS\\Downloads\\Projectmagang_dr\\Projectmagang_dr\\app\\Config\\Routes.php')
 6 SYSTEMPATH\CodeIgniter.php(841): CodeIgniter\Router\RouteCollection->loadRoutes()
 7 SYSTEMPATH\CodeIgniter.php(464): CodeIgniter\CodeIgniter->tryToRouteIt(null)
 8 SYSTEMPATH\CodeIgniter.php(363): CodeIgniter\CodeIgniter->handleRequest(null, Object(Config\Cache), false)
 9 SYSTEMPATH\Boot.php(417): CodeIgniter\CodeIgniter->run()
10 SYSTEMPATH\Boot.php(68): CodeIgniter\Boot::runCodeIgniter(Object(CodeIgniter\CodeIgniter))
11 FCPATH\index.php(59): CodeIgniter\Boot::bootWeb(Object(Config\Paths))
12 SYSTEMPATH\rewrite.php(44): require_once('C:\\Users\\ASUS\\Downloads\\Projectmagang_dr\\Projectmagang_dr\\public\\index.php')
WARNING - 2026-08-24 07:29:48 --> [DEPRECATED] Passing lowercase HTTP method "post" is deprecated. Use uppercase HTTP method like "POST". in SYSTEMPATH\Router\RouteCollection.php on line 1026.
 1 SYSTEMPATH\Router\RouteCollection.php(1026): trigger_error('Passing lowercase HTTP method "post" is deprecated. Use uppercase HTTP method like "POST".', 16384)
 2 APPPATH\Config\Routes.php(77): CodeIgniter\Router\RouteCollection->match([...], 'logbook', 'C_Logbook::logbook')
 3 SYSTEMPATH\Router\RouteCollection.php(799): CodeIgniter\Router\RouteCollection::{closure:C:\Users\ASUS\Downloads\Projectmagang_dr\Projectmagang_dr\app\Config\Routes.php:59}(Object(CodeIgniter\Router\RouteCollection))
 4 APPPATH\Config\Routes.php(59): CodeIgniter\Router\RouteCollection->group('mahasiswa', [...], Object(Closure))
 5 SYSTEMPATH\Router\RouteCollection.php(339): require('C:\\Users\\ASUS\\Downloads\\Projectmagang_dr\\Projectmagang_dr\\app\\Config\\Routes.php')
 6 SYSTEMPATH\CodeIgniter.php(841): CodeIgniter\Router\RouteCollection->loadRoutes()
 7 SYSTEMPATH\CodeIgniter.php(464): CodeIgniter\CodeIgniter->tryToRouteIt(null)
 8 SYSTEMPATH\CodeIgniter.php(363): CodeIgniter\CodeIgniter->handleRequest(null, Object(Config\Cache), false)
 9 SYSTEMPATH\Boot.php(417): CodeIgniter\CodeIgniter->run()
10 SYSTEMPATH\Boot.php(68): CodeIgniter\Boot::runCodeIgniter(Object(CodeIgniter\CodeIgniter))
11 FCPATH\index.php(59): CodeIgniter\Boot::bootWeb(Object(Config\Paths))
12 SYSTEMPATH\rewrite.php(44): require_once('C:\\Users\\ASUS\\Downloads\\Projectmagang_dr\\Projectmagang_dr\\public\\index.php')
WARNING - 2026-08-24 07:29:48 --> [DEPRECATED] Passing lowercase HTTP method "get" is deprecated. Use uppercase HTTP method like "GET". in SYSTEMPATH\Router\RouteCollection.php on line 1026.
 1 SYSTEMPATH\Router\RouteCollection.php(1026): trigger_error('Passing lowercase HTTP method "get" is deprecated. Use uppercase HTTP method like "GET".', 16384)
 2 APPPATH\Config\Routes.php(95): CodeIgniter\Router\RouteCollection->match([...], 'verifikasi', '\\App\\Controllers\\Sekretariat\\C_Verifikasi::index')
 3 SYSTEMPATH\Router\RouteCollection.php(799): CodeIgniter\Router\RouteCollection::{closure:C:\Users\ASUS\Downloads\Projectmagang_dr\Projectmagang_dr\app\Config\Routes.php:89}(Object(CodeIgniter\Router\RouteCollection))
 4 APPPATH\Config\Routes.php(89): CodeIgniter\Router\RouteCollection->group('sekretariat', [...], Object(Closure))
 5 SYSTEMPATH\Router\RouteCollection.php(339): require('C:\\Users\\ASUS\\Downloads\\Projectmagang_dr\\Projectmagang_dr\\app\\Config\\Routes.php')
 6 SYSTEMPATH\CodeIgniter.php(841): CodeIgniter\Router\RouteCollection->loadRoutes()
 7 SYSTEMPATH\CodeIgniter.php(464): CodeIgniter\CodeIgniter->tryToRouteIt(null)
 8 SYSTEMPATH\CodeIgniter.php(363): CodeIgniter\CodeIgniter->handleRequest(null, Object(Config\Cache), false)
 9 SYSTEMPATH\Boot.php(417): CodeIgniter\CodeIgniter->run()
10 SYSTEMPATH\Boot.php(68): CodeIgniter\Boot::runCodeIgniter(Object(CodeIgniter\CodeIgniter))
11 FCPATH\index.php(59): CodeIgniter\Boot::bootWeb(Object(Config\Paths))
12 SYSTEMPATH\rewrite.php(44): require_once('C:\\Users\\ASUS\\Downloads\\Projectmagang_dr\\Projectmagang_dr\\public\\index.php')
WARNING - 2026-08-24 07:29:48 --> [DEPRECATED] Passing lowercase HTTP method "post" is deprecated. Use uppercase HTTP method like "POST". in SYSTEMPATH\Router\RouteCollection.php on line 1026.
 1 SYSTEMPATH\Router\RouteCollection.php(1026): trigger_error('Passing lowercase HTTP method "post" is deprecated. Use uppercase HTTP method like "POST".', 16384)
 2 APPPATH\Config\Routes.php(95): CodeIgniter\Router\RouteCollection->match([...], 'verifikasi', '\\App\\Controllers\\Sekretariat\\C_Verifikasi::index')
 3 SYSTEMPATH\Router\RouteCollection.php(799): CodeIgniter\Router\RouteCollection::{closure:C:\Users\ASUS\Downloads\Projectmagang_dr\Projectmagang_dr\app\Config\Routes.php:89}(Object(CodeIgniter\Router\RouteCollection))
 4 APPPATH\Config\Routes.php(89): CodeIgniter\Router\RouteCollection->group('sekretariat', [...], Object(Closure))
 5 SYSTEMPATH\Router\RouteCollection.php(339): require('C:\\Users\\ASUS\\Downloads\\Projectmagang_dr\\Projectmagang_dr\\app\\Config\\Routes.php')
 6 SYSTEMPATH\CodeIgniter.php(841): CodeIgniter\Router\RouteCollection->loadRoutes()
 7 SYSTEMPATH\CodeIgniter.php(464): CodeIgniter\CodeIgniter->tryToRouteIt(null)
 8 SYSTEMPATH\CodeIgniter.php(363): CodeIgniter\CodeIgniter->handleRequest(null, Object(Config\Cache), false)
 9 SYSTEMPATH\Boot.php(417): CodeIgniter\CodeIgniter->run()
10 SYSTEMPATH\Boot.php(68): CodeIgniter\Boot::runCodeIgniter(Object(CodeIgniter\CodeIgniter))
11 FCPATH\index.php(59): CodeIgniter\Boot::bootWeb(Object(Config\Paths))
12 SYSTEMPATH\rewrite.php(44): require_once('C:\\Users\\ASUS\\Downloads\\Projectmagang_dr\\Projectmagang_dr\\public\\index.php')
WARNING - 2026-08-24 07:29:48 --> [DEPRECATED] Passing lowercase HTTP method "get" is deprecated. Use uppercase HTTP method like "GET". in SYSTEMPATH\Router\RouteCollection.php on line 1026.
 1 SYSTEMPATH\Router\RouteCollection.php(1026): trigger_error('Passing lowercase HTTP method "get" is deprecated. Use uppercase HTTP method like "GET".', 16384)
 2 APPPATH\Config\Routes.php(144): CodeIgniter\Router\RouteCollection->match([...], 'upload-surat-penerimaan', '\\App\\Controllers\\Sekretariat\\C_UploadSuratPenerimaan::index')
 3 SYSTEMPATH\Router\RouteCollection.php(799): CodeIgniter\Router\RouteCollection::{closure:C:\Users\ASUS\Downloads\Projectmagang_dr\Projectmagang_dr\app\Config\Routes.php:89}(Object(CodeIgniter\Router\RouteCollection))
 4 APPPATH\Config\Routes.php(89): CodeIgniter\Router\RouteCollection->group('sekretariat', [...], Object(Closure))
 5 SYSTEMPATH\Router\RouteCollection.php(339): require('C:\\Users\\ASUS\\Downloads\\Projectmagang_dr\\Projectmagang_dr\\app\\Config\\Routes.php')
 6 SYSTEMPATH\CodeIgniter.php(841): CodeIgniter\Router\RouteCollection->loadRoutes()
 7 SYSTEMPATH\CodeIgniter.php(464): CodeIgniter\CodeIgniter->tryToRouteIt(null)
 8 SYSTEMPATH\CodeIgniter.php(363): CodeIgniter\CodeIgniter->handleRequest(null, Object(Config\Cache), false)
 9 SYSTEMPATH\Boot.php(417): CodeIgniter\CodeIgniter->run()
10 SYSTEMPATH\Boot.php(68): CodeIgniter\Boot::runCodeIgniter(Object(CodeIgniter\CodeIgniter))
11 FCPATH\index.php(59): CodeIgniter\Boot::bootWeb(Object(Config\Paths))
12 SYSTEMPATH\rewrite.php(44): require_once('C:\\Users\\ASUS\\Downloads\\Projectmagang_dr\\Projectmagang_dr\\public\\index.php')
WARNING - 2026-08-24 07:29:49 --> [DEPRECATED] Passing lowercase HTTP method "post" is deprecated. Use uppercase HTTP method like "POST". in SYSTEMPATH\Router\RouteCollection.php on line 1026.
 1 SYSTEMPATH\Router\RouteCollection.php(1026): trigger_error('Passing lowercase HTTP method "post" is deprecated. Use uppercase HTTP method like "POST".', 16384)
 2 APPPATH\Config\Routes.php(144): CodeIgniter\Router\RouteCollection->match([...], 'upload-surat-penerimaan', '\\App\\Controllers\\Sekretariat\\C_UploadSuratPenerimaan::index')
 3 SYSTEMPATH\Router\RouteCollection.php(799): CodeIgniter\Router\RouteCollection::{closure:C:\Users\ASUS\Downloads\Projectmagang_dr\Projectmagang_dr\app\Config\Routes.php:89}(Object(CodeIgniter\Router\RouteCollection))
 4 APPPATH\Config\Routes.php(89): CodeIgniter\Router\RouteCollection->group('sekretariat', [...], Object(Closure))
 5 SYSTEMPATH\Router\RouteCollection.php(339): require('C:\\Users\\ASUS\\Downloads\\Projectmagang_dr\\Projectmagang_dr\\app\\Config\\Routes.php')
 6 SYSTEMPATH\CodeIgniter.php(841): CodeIgniter\Router\RouteCollection->loadRoutes()
 7 SYSTEMPATH\CodeIgniter.php(464): CodeIgniter\CodeIgniter->tryToRouteIt(null)
 8 SYSTEMPATH\CodeIgniter.php(363): CodeIgniter\CodeIgniter->handleRequest(null, Object(Config\Cache), false)
 9 SYSTEMPATH\Boot.php(417): CodeIgniter\CodeIgniter->run()
10 SYSTEMPATH\Boot.php(68): CodeIgniter\Boot::runCodeIgniter(Object(CodeIgniter\CodeIgniter))
11 FCPATH\index.php(59): CodeIgniter\Boot::bootWeb(Object(Config\Paths))
12 SYSTEMPATH\rewrite.php(44): require_once('C:\\Users\\ASUS\\Downloads\\Projectmagang_dr\\Projectmagang_dr\\public\\index.php')
WARNING - 2026-08-24 07:29:49 --> [DEPRECATED] Passing lowercase HTTP method "get" is deprecated. Use uppercase HTTP method like "GET". in SYSTEMPATH\Router\RouteCollection.php on line 1026.
 1 SYSTEMPATH\Router\RouteCollection.php(1026): trigger_error('Passing lowercase HTTP method "get" is deprecated. Use uppercase HTTP method like "GET".', 16384)
 2 APPPATH\Config\Routes.php(167): CodeIgniter\Router\RouteCollection->match([...], 'logbook', '\\App\\Controllers\\Kabid\\C_LogbookKabid::index')
 3 SYSTEMPATH\Router\RouteCollection.php(799): CodeIgniter\Router\RouteCollection::{closure:C:\Users\ASUS\Downloads\Projectmagang_dr\Projectmagang_dr\app\Config\Routes.php:153}(Object(CodeIgniter\Router\RouteCollection))
 4 APPPATH\Config\Routes.php(153): CodeIgniter\Router\RouteCollection->group('kabid', [...], Object(Closure))
 5 SYSTEMPATH\Router\RouteCollection.php(339): require('C:\\Users\\ASUS\\Downloads\\Projectmagang_dr\\Projectmagang_dr\\app\\Config\\Routes.php')
 6 SYSTEMPATH\CodeIgniter.php(841): CodeIgniter\Router\RouteCollection->loadRoutes()
 7 SYSTEMPATH\CodeIgniter.php(464): CodeIgniter\CodeIgniter->tryToRouteIt(null)
 8 SYSTEMPATH\CodeIgniter.php(363): CodeIgniter\CodeIgniter->handleRequest(null, Object(Config\Cache), false)
 9 SYSTEMPATH\Boot.php(417): CodeIgniter\CodeIgniter->run()
10 SYSTEMPATH\Boot.php(68): CodeIgniter\Boot::runCodeIgniter(Object(CodeIgniter\CodeIgniter))
11 FCPATH\index.php(59): CodeIgniter\Boot::bootWeb(Object(Config\Paths))
12 SYSTEMPATH\rewrite.php(44): require_once('C:\\Users\\ASUS\\Downloads\\Projectmagang_dr\\Projectmagang_dr\\public\\index.php')
WARNING - 2026-08-24 07:29:49 --> [DEPRECATED] Passing lowercase HTTP method "post" is deprecated. Use uppercase HTTP method like "POST". in SYSTEMPATH\Router\RouteCollection.php on line 1026.
 1 SYSTEMPATH\Router\RouteCollection.php(1026): trigger_error('Passing lowercase HTTP method "post" is deprecated. Use uppercase HTTP method like "POST".', 16384)
 2 APPPATH\Config\Routes.php(167): CodeIgniter\Router\RouteCollection->match([...], 'logbook', '\\App\\Controllers\\Kabid\\C_LogbookKabid::index')
 3 SYSTEMPATH\Router\RouteCollection.php(799): CodeIgniter\Router\RouteCollection::{closure:C:\Users\ASUS\Downloads\Projectmagang_dr\Projectmagang_dr\app\Config\Routes.php:153}(Object(CodeIgniter\Router\RouteCollection))
 4 APPPATH\Config\Routes.php(153): CodeIgniter\Router\RouteCollection->group('kabid', [...], Object(Closure))
 5 SYSTEMPATH\Router\RouteCollection.php(339): require('C:\\Users\\ASUS\\Downloads\\Projectmagang_dr\\Projectmagang_dr\\app\\Config\\Routes.php')
 6 SYSTEMPATH\CodeIgniter.php(841): CodeIgniter\Router\RouteCollection->loadRoutes()
 7 SYSTEMPATH\CodeIgniter.php(464): CodeIgniter\CodeIgniter->tryToRouteIt(null)
 8 SYSTEMPATH\CodeIgniter.php(363): CodeIgniter\CodeIgniter->handleRequest(null, Object(Config\Cache), false)
 9 SYSTEMPATH\Boot.php(417): CodeIgniter\CodeIgniter->run()
10 SYSTEMPATH\Boot.php(68): CodeIgniter\Boot::runCodeIgniter(Object(CodeIgniter\CodeIgniter))
11 FCPATH\index.php(59): CodeIgniter\Boot::bootWeb(Object(Config\Paths))
12 SYSTEMPATH\rewrite.php(44): require_once('C:\\Users\\ASUS\\Downloads\\Projectmagang_dr\\Projectmagang_dr\\public\\index.php')
WARNING - 2026-08-24 07:29:49 --> [DEPRECATED] Passing lowercase HTTP method "get" is deprecated. Use uppercase HTTP method like "GET". in SYSTEMPATH\Router\RouteCollection.php on line 1026.
 1 SYSTEMPATH\Router\RouteCollection.php(1026): trigger_error('Passing lowercase HTTP method "get" is deprecated. Use uppercase HTTP method like "GET".', 16384)
 2 APPPATH\Config\Routes.php(179): CodeIgniter\Router\RouteCollection->match([...], 'upload-dokumen', '\\App\\Controllers\\Kabid\\C_UploadDokumen::index')
 3 SYSTEMPATH\Router\RouteCollection.php(799): CodeIgniter\Router\RouteCollection::{closure:C:\Users\ASUS\Downloads\Projectmagang_dr\Projectmagang_dr\app\Config\Routes.php:153}(Object(CodeIgniter\Router\RouteCollection))
 4 APPPATH\Config\Routes.php(153): CodeIgniter\Router\RouteCollection->group('kabid', [...], Object(Closure))
 5 SYSTEMPATH\Router\RouteCollection.php(339): require('C:\\Users\\ASUS\\Downloads\\Projectmagang_dr\\Projectmagang_dr\\app\\Config\\Routes.php')
 6 SYSTEMPATH\CodeIgniter.php(841): CodeIgniter\Router\RouteCollection->loadRoutes()
 7 SYSTEMPATH\CodeIgniter.php(464): CodeIgniter\CodeIgniter->tryToRouteIt(null)
 8 SYSTEMPATH\CodeIgniter.php(363): CodeIgniter\CodeIgniter->handleRequest(null, Object(Config\Cache), false)
 9 SYSTEMPATH\Boot.php(417): CodeIgniter\CodeIgniter->run()
10 SYSTEMPATH\Boot.php(68): CodeIgniter\Boot::runCodeIgniter(Object(CodeIgniter\CodeIgniter))
11 FCPATH\index.php(59): CodeIgniter\Boot::bootWeb(Object(Config\Paths))
12 SYSTEMPATH\rewrite.php(44): require_once('C:\\Users\\ASUS\\Downloads\\Projectmagang_dr\\Projectmagang_dr\\public\\index.php')
WARNING - 2026-08-24 07:29:49 --> [DEPRECATED] Passing lowercase HTTP method "post" is deprecated. Use uppercase HTTP method like "POST". in SYSTEMPATH\Router\RouteCollection.php on line 1026.
 1 SYSTEMPATH\Router\RouteCollection.php(1026): trigger_error('Passing lowercase HTTP method "post" is deprecated. Use uppercase HTTP method like "POST".', 16384)
 2 APPPATH\Config\Routes.php(179): CodeIgniter\Router\RouteCollection->match([...], 'upload-dokumen', '\\App\\Controllers\\Kabid\\C_UploadDokumen::index')
 3 SYSTEMPATH\Router\RouteCollection.php(799): CodeIgniter\Router\RouteCollection::{closure:C:\Users\ASUS\Downloads\Projectmagang_dr\Projectmagang_dr\app\Config\Routes.php:153}(Object(CodeIgniter\Router\RouteCollection))
 4 APPPATH\Config\Routes.php(153): CodeIgniter\Router\RouteCollection->group('kabid', [...], Object(Closure))
 5 SYSTEMPATH\Router\RouteCollection.php(339): require('C:\\Users\\ASUS\\Downloads\\Projectmagang_dr\\Projectmagang_dr\\app\\Config\\Routes.php')
 6 SYSTEMPATH\CodeIgniter.php(841): CodeIgniter\Router\RouteCollection->loadRoutes()
 7 SYSTEMPATH\CodeIgniter.php(464): CodeIgniter\CodeIgniter->tryToRouteIt(null)
 8 SYSTEMPATH\CodeIgniter.php(363): CodeIgniter\CodeIgniter->handleRequest(null, Object(Config\Cache), false)
 9 SYSTEMPATH\Boot.php(417): CodeIgniter\CodeIgniter->run()
10 SYSTEMPATH\Boot.php(68): CodeIgniter\Boot::runCodeIgniter(Object(CodeIgniter\CodeIgniter))
11 FCPATH\index.php(59): CodeIgniter\Boot::bootWeb(Object(Config\Paths))
12 SYSTEMPATH\rewrite.php(44): require_once('C:\\Users\\ASUS\\Downloads\\Projectmagang_dr\\Projectmagang_dr\\public\\index.php')
DEBUG - 2026-08-24 07:29:49 --> Session: Class initialized using 'CodeIgniter\Session\Handlers\FileHandler' driver.
