DEBUG - 2026-07-01 01:08:59 --> Session: Class initialized using 'CodeIgniter\Session\Handlers\FileHandler' driver.
DEBUG - 2026-07-01 01:09:07 --> Session: Class initialized using 'CodeIgniter\Session\Handlers\FileHandler' driver.
DEBUG - 2026-07-01 01:09:07 --> Session: Class initialized using 'CodeIgniter\Session\Handlers\FileHandler' driver.
DEBUG - 2026-07-01 01:09:26 --> Session: Class initialized using 'CodeIgniter\Session\Handlers\FileHandler' driver.
DEBUG - 2026-07-01 01:09:54 --> Session: Class initialized using 'CodeIgniter\Session\Handlers\FileHandler' driver.
DEBUG - 2026-07-01 01:10:01 --> Session: Class initialized using 'CodeIgniter\Session\Handlers\FileHandler' driver.
DEBUG - 2026-07-01 01:10:01 --> Session: Class initialized using 'CodeIgniter\Session\Handlers\FileHandler' driver.
DEBUG - 2026-07-01 01:10:49 --> Session: Class initialized using 'CodeIgniter\Session\Handlers\FileHandler' driver.
DEBUG - 2026-07-01 01:10:50 --> Session: Class initialized using 'CodeIgniter\Session\Handlers\FileHandler' driver.
DEBUG - 2026-07-01 01:10:57 --> Session: Class initialized using 'CodeIgniter\Session\Handlers\FileHandler' driver.
DEBUG - 2026-07-01 01:10:58 --> Session: Class initialized using 'CodeIgniter\Session\Handlers\FileHandler' driver.
DEBUG - 2026-07-01 01:11:07 --> Session: Class initialized using 'CodeIgniter\Session\Handlers\FileHandler' driver.
DEBUG - 2026-07-01 01:11:07 --> Session: Class initialized using 'CodeIgniter\Session\Handlers\FileHandler' driver.
DEBUG - 2026-07-01 01:11:25 --> Session: Class initialized using 'CodeIgniter\Session\Handlers\FileHandler' driver.
DEBUG - 2026-07-01 01:11:25 --> Session: Class initialized using 'CodeIgniter\Session\Handlers\FileHandler' driver.
DEBUG - 2026-07-01 01:11:28 --> Session: Class initialized using 'CodeIgniter\Session\Handlers\FileHandler' driver.
DEBUG - 2026-07-01 01:11:29 --> Session: Class initialized using 'CodeIgniter\Session\Handlers\FileHandler' driver.
DEBUG - 2026-07-01 01:11:35 --> Session: Class initialized using 'CodeIgniter\Session\Handlers\FileHandler' driver.
DEBUG - 2026-07-01 01:11:35 --> Session: Class initialized using 'CodeIgniter\Session\Handlers\FileHandler' driver.
DEBUG - 2026-07-01 01:12:34 --> Session: Class initialized using 'CodeIgniter\Session\Handlers\FileHandler' driver.
DEBUG - 2026-07-01 01:12:34 --> Session: Class initialized using 'CodeIgniter\Session\Handlers\FileHandler' driver.
DEBUG - 2026-07-01 01:22:52 --> Session: Class initialized using 'CodeIgniter\Session\Handlers\FileHandler' driver.
DEBUG - 2026-07-01 01:22:52 --> Session: Class initialized using 'CodeIgniter\Session\Handlers\FileHandler' driver.
DEBUG - 2026-07-01 01:22:54 --> Session: Class initialized using 'CodeIgniter\Session\Handlers\FileHandler' driver.
DEBUG - 2026-07-01 01:22:55 --> Session: Class initialized using 'CodeIgniter\Session\Handlers\FileHandler' driver.
DEBUG - 2026-07-01 01:23:18 --> Session: Class initialized using 'CodeIgniter\Session\Handlers\FileHandler' driver.
DEBUG - 2026-07-01 01:23:29 --> Session: Class initialized using 'CodeIgniter\Session\Handlers\FileHandler' driver.
DEBUG - 2026-07-01 01:23:29 --> Session: Class initialized using 'CodeIgniter\Session\Handlers\FileHandler' driver.
DEBUG - 2026-07-01 01:23:37 --> Session: Class initialized using 'CodeIgniter\Session\Handlers\FileHandler' driver.
DEBUG - 2026-07-01 01:23:39 --> Session: Class initialized using 'CodeIgniter\Session\Handlers\FileHandler' driver.
DEBUG - 2026-07-01 01:23:47 --> Session: Class initialized using 'CodeIgniter\Session\Handlers\FileHandler' driver.
DEBUG - 2026-07-01 01:24:16 --> Session: Class initialized using 'CodeIgniter\Session\Handlers\FileHandler' driver.
DEBUG - 2026-07-01 01:24:55 --> Session: Class initialized using 'CodeIgniter\Session\Handlers\FileHandler' driver.
DEBUG - 2026-07-01 01:24:56 --> Session: Class initialized using 'CodeIgniter\Session\Handlers\FileHandler' driver.
DEBUG - 2026-07-01 01:32:44 --> Session: Class initialized using 'CodeIgniter\Session\Handlers\FileHandler' driver.
DEBUG - 2026-07-01 01:34:07 --> Session: Class initialized using 'CodeIgniter\Session\Handlers\FileHandler' driver.
DEBUG - 2026-07-01 01:34:07 --> Session: Class initialized using 'CodeIgniter\Session\Handlers\FileHandler' driver.
DEBUG - 2026-07-01 01:34:47 --> Session: Class initialized using 'CodeIgniter\Session\Handlers\FileHandler' driver.
DEBUG - 2026-07-01 01:34:47 --> Session: Class initialized using 'CodeIgniter\Session\Handlers\FileHandler' driver.
DEBUG - 2026-07-01 01:34:51 --> Session: Class initialized using 'CodeIgniter\Session\Handlers\FileHandler' driver.
DEBUG - 2026-07-01 01:34:54 --> Session: Class initialized using 'CodeIgniter\Session\Handlers\FileHandler' driver.
DEBUG - 2026-07-01 01:44:46 --> Session: Class initialized using 'CodeIgniter\Session\Handlers\FileHandler' driver.
DEBUG - 2026-07-01 01:44:46 --> Session: Class initialized using 'CodeIgniter\Session\Handlers\FileHandler' driver.
DEBUG - 2026-07-01 01:44:50 --> Session: Class initialized using 'CodeIgniter\Session\Handlers\FileHandler' driver.
DEBUG - 2026-07-01 01:45:20 --> Session: Class initialized using 'CodeIgniter\Session\Handlers\FileHandler' driver.
DEBUG - 2026-07-01 01:45:20 --> Session: Class initialized using 'CodeIgniter\Session\Handlers\FileHandler' driver.
DEBUG - 2026-07-01 01:45:24 --> Session: Class initialized using 'CodeIgniter\Session\Handlers\FileHandler' driver.
DEBUG - 2026-07-01 03:28:32 --> Session: Class initialized using 'CodeIgniter\Session\Handlers\FileHandler' driver.
DEBUG - 2026-07-01 03:33:56 --> Session: Class initialized using 'CodeIgniter\Session\Handlers\FileHandler' driver.
DEBUG - 2026-07-01 03:35:25 --> Session: Class initialized using 'CodeIgniter\Session\Handlers\FileHandler' driver.
DEBUG - 2026-07-01 03:35:25 --> Session: Class initialized using 'CodeIgniter\Session\Handlers\FileHandler' driver.
ERROR - 2026-07-01 03:35:53 --> Cannot add or update a child row: a foreign key constraint fails (`db_elayanan_akademik_kominfo`.`m_mahasiswa`, CONSTRAINT `m_mahasiswa_id_instansi_mahasiswa_foreign` FOREIGN KEY (`id_instansi_mahasiswa`) REFERENCES `t_instansi_mahasiswa` (`id_instansi_mahas)
in SYSTEMPATH\Database\MySQLi\Connection.php on line 300.
 1 SYSTEMPATH\Database\MySQLi\Connection.php(300): mysqli->query('INSERT INTO `m_mahasiswa` (`nim`, `nama_mahasiswa`, `jenis_kelamin`, `tgl_lahir`, `alamat`, `rt`, `rw`, `kelurahan`, `kecamatan`, `provinsi`, `no_telp`, `email`, `id_instansi_mahasiswa`, `created_at`, `updated_at`) VALUES (\'1020\', \'dwiwowo\', \'L\', \'1997-01-08\', \'Jl. Prof Dr Soepomo\', \'01\', \'04\', \'Buaran Indah\', \'Tangerang\', \'Banten\', \'081218501063\', \'dwiwowo@gmail.com\', 1, \'2026-07-01 03:35:53\', \'2026-07-01 03:35:53\')', 0)
 2 SYSTEMPATH\Database\BaseConnection.php(908): CodeIgniter\Database\MySQLi\Connection->execute('INSERT INTO `m_mahasiswa` (`nim`, `nama_mahasiswa`, `jenis_kelamin`, `tgl_lahir`, `alamat`, `rt`, `rw`, `kelurahan`, `kecamatan`, `provinsi`, `no_telp`, `email`, `id_instansi_mahasiswa`, `created_at`, `updated_at`) VALUES (\'1020\', \'dwiwowo\', \'L\', \'1997-01-08\', \'Jl. Prof Dr Soepomo\', \'01\', \'04\', \'Buaran Indah\', \'Tangerang\', \'Banten\', \'081218501063\', \'dwiwowo@gmail.com\', 1, \'2026-07-01 03:35:53\', \'2026-07-01 03:35:53\')')
 3 SYSTEMPATH\Database\BaseConnection.php(825): CodeIgniter\Database\BaseConnection->simpleQuery('INSERT INTO `m_mahasiswa` (`nim`, `nama_mahasiswa`, `jenis_kelamin`, `tgl_lahir`, `alamat`, `rt`, `rw`, `kelurahan`, `kecamatan`, `provinsi`, `no_telp`, `email`, `id_instansi_mahasiswa`, `created_at`, `updated_at`) VALUES (\'1020\', \'dwiwowo\', \'L\', \'1997-01-08\', \'Jl. Prof Dr Soepomo\', \'01\', \'04\', \'Buaran Indah\', \'Tangerang\', \'Banten\', \'081218501063\', \'dwiwowo@gmail.com\', 1, \'2026-07-01 03:35:53\', \'2026-07-01 03:35:53\')')
 4 SYSTEMPATH\Database\BaseBuilder.php(2343): CodeIgniter\Database\BaseConnection->query('INSERT INTO `m_mahasiswa` (`nim`, `nama_mahasiswa`, `jenis_kelamin`, `tgl_lahir`, `alamat`, `rt`, `rw`, `kelurahan`, `kecamatan`, `provinsi`, `no_telp`, `email`, `id_instansi_mahasiswa`, `created_at`, `updated_at`) VALUES (:nim:, :nama_mahasiswa:, :jenis_kelamin:, :tgl_lahir:, :alamat:, :rt:, :rw:, :kelurahan:, :kecamatan:, :provinsi:, :no_telp:, :email:, :id_instansi_mahasiswa:, :created_at:, :updated_at:)', [...], false)
 5 SYSTEMPATH\Model.php(357): CodeIgniter\Database\BaseBuilder->insert()
 6 SYSTEMPATH\BaseModel.php(899): CodeIgniter\Model->doInsert([...])
 7 SYSTEMPATH\Model.php(670): CodeIgniter\BaseModel->insert([...], true)
 8 APPPATH\Controllers\AuthController.php(69): CodeIgniter\Model->insert([...])
 9 SYSTEMPATH\CodeIgniter.php(974): App\Controllers\AuthController->processRegister()
10 SYSTEMPATH\CodeIgniter.php(520): CodeIgniter\CodeIgniter->runController(Object(App\Controllers\AuthController))
11 SYSTEMPATH\CodeIgniter.php(363): CodeIgniter\CodeIgniter->handleRequest(null, Object(Config\Cache), false)
12 SYSTEMPATH\Boot.php(417): CodeIgniter\CodeIgniter->run()
13 SYSTEMPATH\Boot.php(68): CodeIgniter\Boot::runCodeIgniter(Object(CodeIgniter\CodeIgniter))
14 FCPATH\index.php(59): CodeIgniter\Boot::bootWeb(Object(Config\Paths))
15 SYSTEMPATH\rewrite.php(44): require_once('C:\\Users\\lenovo\\Downloads\\Projectmagang\\public\\index.php')
ERROR - 2026-07-01 03:35:54 --> Cannot add or update a child row: a foreign key constraint fails (`db_elayanan_akademik_kominfo`.`m_user_mahasiswa`, CONSTRAINT `m_user_mahasiswa_id_mahasiswa_foreign` FOREIGN KEY (`id_mahasiswa`) REFERENCES `m_mahasiswa` (`id_mahasiswa`) ON DELETE CASCADE O)
in SYSTEMPATH\Database\MySQLi\Connection.php on line 300.
 1 SYSTEMPATH\Database\MySQLi\Connection.php(300): mysqli->query('INSERT INTO `m_user_mahasiswa` (`id_mahasiswa`, `username`, `password`, `status`, `created_at`, `updated_at`) VALUES (0, \'dwiwowo\', \'$2y$10$AGIFYTUzelvuZigmsRoocu4O0Mt6.x.6xzYgiF74Rj61Keb1XTQGa\', \'AKTIF\', \'2026-07-01 03:35:54\', \'2026-07-01 03:35:54\')', 0)
 2 SYSTEMPATH\Database\BaseConnection.php(908): CodeIgniter\Database\MySQLi\Connection->execute('INSERT INTO `m_user_mahasiswa` (`id_mahasiswa`, `username`, `password`, `status`, `created_at`, `updated_at`) VALUES (0, \'dwiwowo\', \'$2y$10$AGIFYTUzelvuZigmsRoocu4O0Mt6.x.6xzYgiF74Rj61Keb1XTQGa\', \'AKTIF\', \'2026-07-01 03:35:54\', \'2026-07-01 03:35:54\')')
 3 SYSTEMPATH\Database\BaseConnection.php(825): CodeIgniter\Database\BaseConnection->simpleQuery('INSERT INTO `m_user_mahasiswa` (`id_mahasiswa`, `username`, `password`, `status`, `created_at`, `updated_at`) VALUES (0, \'dwiwowo\', \'$2y$10$AGIFYTUzelvuZigmsRoocu4O0Mt6.x.6xzYgiF74Rj61Keb1XTQGa\', \'AKTIF\', \'2026-07-01 03:35:54\', \'2026-07-01 03:35:54\')')
 4 SYSTEMPATH\Database\BaseBuilder.php(2343): CodeIgniter\Database\BaseConnection->query('INSERT INTO `m_user_mahasiswa` (`id_mahasiswa`, `username`, `password`, `status`, `created_at`, `updated_at`) VALUES (:id_mahasiswa:, :username:, :password:, :status:, :created_at:, :updated_at:)', [...], false)
 5 SYSTEMPATH\Model.php(357): CodeIgniter\Database\BaseBuilder->insert()
 6 SYSTEMPATH\BaseModel.php(899): CodeIgniter\Model->doInsert([...])
 7 SYSTEMPATH\Model.php(670): CodeIgniter\BaseModel->insert([...], true)
 8 APPPATH\Controllers\AuthController.php(83): CodeIgniter\Model->insert([...])
 9 SYSTEMPATH\CodeIgniter.php(974): App\Controllers\AuthController->processRegister()
10 SYSTEMPATH\CodeIgniter.php(520): CodeIgniter\CodeIgniter->runController(Object(App\Controllers\AuthController))
11 SYSTEMPATH\CodeIgniter.php(363): CodeIgniter\CodeIgniter->handleRequest(null, Object(Config\Cache), false)
12 SYSTEMPATH\Boot.php(417): CodeIgniter\CodeIgniter->run()
13 SYSTEMPATH\Boot.php(68): CodeIgniter\Boot::runCodeIgniter(Object(CodeIgniter\CodeIgniter))
14 FCPATH\index.php(59): CodeIgniter\Boot::bootWeb(Object(Config\Paths))
15 SYSTEMPATH\rewrite.php(44): require_once('C:\\Users\\lenovo\\Downloads\\Projectmagang\\public\\index.php')
DEBUG - 2026-07-01 03:35:54 --> Session: Class initialized using 'CodeIgniter\Session\Handlers\FileHandler' driver.
DEBUG - 2026-07-01 03:35:54 --> Session: Class initialized using 'CodeIgniter\Session\Handlers\FileHandler' driver.
ERROR - 2026-07-01 03:36:14 --> Cannot add or update a child row: a foreign key constraint fails (`db_elayanan_akademik_kominfo`.`m_mahasiswa`, CONSTRAINT `m_mahasiswa_id_instansi_mahasiswa_foreign` FOREIGN KEY (`id_instansi_mahasiswa`) REFERENCES `t_instansi_mahasiswa` (`id_instansi_mahas)
in SYSTEMPATH\Database\MySQLi\Connection.php on line 300.
 1 SYSTEMPATH\Database\MySQLi\Connection.php(300): mysqli->query('INSERT INTO `m_mahasiswa` (`nim`, `nama_mahasiswa`, `jenis_kelamin`, `tgl_lahir`, `alamat`, `rt`, `rw`, `kelurahan`, `kecamatan`, `provinsi`, `no_telp`, `email`, `id_instansi_mahasiswa`, `created_at`, `updated_at`) VALUES (\'1020\', \'dwiwowo\', \'L\', \'1997-01-08\', \'Jl. Prof Dr Soepomo\', \'01\', \'04\', \'Buaran Indah\', \'Tangerang\', \'Banten\', \'081218501063\', \'dwiwowo@gmail.com\', 1, \'2026-07-01 03:36:14\', \'2026-07-01 03:36:14\')', 0)
 2 SYSTEMPATH\Database\BaseConnection.php(908): CodeIgniter\Database\MySQLi\Connection->execute('INSERT INTO `m_mahasiswa` (`nim`, `nama_mahasiswa`, `jenis_kelamin`, `tgl_lahir`, `alamat`, `rt`, `rw`, `kelurahan`, `kecamatan`, `provinsi`, `no_telp`, `email`, `id_instansi_mahasiswa`, `created_at`, `updated_at`) VALUES (\'1020\', \'dwiwowo\', \'L\', \'1997-01-08\', \'Jl. Prof Dr Soepomo\', \'01\', \'04\', \'Buaran Indah\', \'Tangerang\', \'Banten\', \'081218501063\', \'dwiwowo@gmail.com\', 1, \'2026-07-01 03:36:14\', \'2026-07-01 03:36:14\')')
 3 SYSTEMPATH\Database\BaseConnection.php(825): CodeIgniter\Database\BaseConnection->simpleQuery('INSERT INTO `m_mahasiswa` (`nim`, `nama_mahasiswa`, `jenis_kelamin`, `tgl_lahir`, `alamat`, `rt`, `rw`, `kelurahan`, `kecamatan`, `provinsi`, `no_telp`, `email`, `id_instansi_mahasiswa`, `created_at`, `updated_at`) VALUES (\'1020\', \'dwiwowo\', \'L\', \'1997-01-08\', \'Jl. Prof Dr Soepomo\', \'01\', \'04\', \'Buaran Indah\', \'Tangerang\', \'Banten\', \'081218501063\', \'dwiwowo@gmail.com\', 1, \'2026-07-01 03:36:14\', \'2026-07-01 03:36:14\')')
 4 SYSTEMPATH\Database\BaseBuilder.php(2343): CodeIgniter\Database\BaseConnection->query('INSERT INTO `m_mahasiswa` (`nim`, `nama_mahasiswa`, `jenis_kelamin`, `tgl_lahir`, `alamat`, `rt`, `rw`, `kelurahan`, `kecamatan`, `provinsi`, `no_telp`, `email`, `id_instansi_mahasiswa`, `created_at`, `updated_at`) VALUES (:nim:, :nama_mahasiswa:, :jenis_kelamin:, :tgl_lahir:, :alamat:, :rt:, :rw:, :kelurahan:, :kecamatan:, :provinsi:, :no_telp:, :email:, :id_instansi_mahasiswa:, :created_at:, :updated_at:)', [...], false)
 5 SYSTEMPATH\Model.php(357): CodeIgniter\Database\BaseBuilder->insert()
 6 SYSTEMPATH\BaseModel.php(899): CodeIgniter\Model->doInsert([...])
 7 SYSTEMPATH\Model.php(670): CodeIgniter\BaseModel->insert([...], true)
 8 APPPATH\Controllers\AuthController.php(69): CodeIgniter\Model->insert([...])
 9 SYSTEMPATH\CodeIgniter.php(974): App\Controllers\AuthController->processRegister()
10 SYSTEMPATH\CodeIgniter.php(520): CodeIgniter\CodeIgniter->runController(Object(App\Controllers\AuthController))
11 SYSTEMPATH\CodeIgniter.php(363): CodeIgniter\CodeIgniter->handleRequest(null, Object(Config\Cache), false)
12 SYSTEMPATH\Boot.php(417): CodeIgniter\CodeIgniter->run()
13 SYSTEMPATH\Boot.php(68): CodeIgniter\Boot::runCodeIgniter(Object(CodeIgniter\CodeIgniter))
14 FCPATH\index.php(59): CodeIgniter\Boot::bootWeb(Object(Config\Paths))
15 SYSTEMPATH\rewrite.php(44): require_once('C:\\Users\\lenovo\\Downloads\\Projectmagang\\public\\index.php')
ERROR - 2026-07-01 03:36:14 --> Cannot add or update a child row: a foreign key constraint fails (`db_elayanan_akademik_kominfo`.`m_user_mahasiswa`, CONSTRAINT `m_user_mahasiswa_id_mahasiswa_foreign` FOREIGN KEY (`id_mahasiswa`) REFERENCES `m_mahasiswa` (`id_mahasiswa`) ON DELETE CASCADE O)
in SYSTEMPATH\Database\MySQLi\Connection.php on line 300.
 1 SYSTEMPATH\Database\MySQLi\Connection.php(300): mysqli->query('INSERT INTO `m_user_mahasiswa` (`id_mahasiswa`, `username`, `password`, `status`, `created_at`, `updated_at`) VALUES (0, \'dwiwowo\', \'$2y$10$b/mz82Ih5y095D3NlV4HiuZUkPM0ierkMeOGzzB/Ct97tAnczmzzC\', \'AKTIF\', \'2026-07-01 03:36:14\', \'2026-07-01 03:36:14\')', 0)
 2 SYSTEMPATH\Database\BaseConnection.php(908): CodeIgniter\Database\MySQLi\Connection->execute('INSERT INTO `m_user_mahasiswa` (`id_mahasiswa`, `username`, `password`, `status`, `created_at`, `updated_at`) VALUES (0, \'dwiwowo\', \'$2y$10$b/mz82Ih5y095D3NlV4HiuZUkPM0ierkMeOGzzB/Ct97tAnczmzzC\', \'AKTIF\', \'2026-07-01 03:36:14\', \'2026-07-01 03:36:14\')')
 3 SYSTEMPATH\Database\BaseConnection.php(825): CodeIgniter\Database\BaseConnection->simpleQuery('INSERT INTO `m_user_mahasiswa` (`id_mahasiswa`, `username`, `password`, `status`, `created_at`, `updated_at`) VALUES (0, \'dwiwowo\', \'$2y$10$b/mz82Ih5y095D3NlV4HiuZUkPM0ierkMeOGzzB/Ct97tAnczmzzC\', \'AKTIF\', \'2026-07-01 03:36:14\', \'2026-07-01 03:36:14\')')
 4 SYSTEMPATH\Database\BaseBuilder.php(2343): CodeIgniter\Database\BaseConnection->query('INSERT INTO `m_user_mahasiswa` (`id_mahasiswa`, `username`, `password`, `status`, `created_at`, `updated_at`) VALUES (:id_mahasiswa:, :username:, :password:, :status:, :created_at:, :updated_at:)', [...], false)
 5 SYSTEMPATH\Model.php(357): CodeIgniter\Database\BaseBuilder->insert()
 6 SYSTEMPATH\BaseModel.php(899): CodeIgniter\Model->doInsert([...])
 7 SYSTEMPATH\Model.php(670): CodeIgniter\BaseModel->insert([...], true)
 8 APPPATH\Controllers\AuthController.php(83): CodeIgniter\Model->insert([...])
 9 SYSTEMPATH\CodeIgniter.php(974): App\Controllers\AuthController->processRegister()
10 SYSTEMPATH\CodeIgniter.php(520): CodeIgniter\CodeIgniter->runController(Object(App\Controllers\AuthController))
11 SYSTEMPATH\CodeIgniter.php(363): CodeIgniter\CodeIgniter->handleRequest(null, Object(Config\Cache), false)
12 SYSTEMPATH\Boot.php(417): CodeIgniter\CodeIgniter->run()
13 SYSTEMPATH\Boot.php(68): CodeIgniter\Boot::runCodeIgniter(Object(CodeIgniter\CodeIgniter))
14 FCPATH\index.php(59): CodeIgniter\Boot::bootWeb(Object(Config\Paths))
15 SYSTEMPATH\rewrite.php(44): require_once('C:\\Users\\lenovo\\Downloads\\Projectmagang\\public\\index.php')
DEBUG - 2026-07-01 03:36:14 --> Session: Class initialized using 'CodeIgniter\Session\Handlers\FileHandler' driver.
DEBUG - 2026-07-01 03:36:14 --> Session: Class initialized using 'CodeIgniter\Session\Handlers\FileHandler' driver.
DEBUG - 2026-07-01 03:36:54 --> Session: Class initialized using 'CodeIgniter\Session\Handlers\FileHandler' driver.
ERROR - 2026-07-01 03:38:41 --> Cannot add or update a child row: a foreign key constraint fails (`db_elayanan_akademik_kominfo`.`m_mahasiswa`, CONSTRAINT `m_mahasiswa_id_instansi_mahasiswa_foreign` FOREIGN KEY (`id_instansi_mahasiswa`) REFERENCES `t_instansi_mahasiswa` (`id_instansi_mahas)
in SYSTEMPATH\Database\MySQLi\Connection.php on line 300.
 1 SYSTEMPATH\Database\MySQLi\Connection.php(300): mysqli->query('INSERT INTO `m_mahasiswa` (`nim`, `nama_mahasiswa`, `jenis_kelamin`, `tgl_lahir`, `alamat`, `rt`, `rw`, `kelurahan`, `kecamatan`, `provinsi`, `no_telp`, `email`, `id_instansi_mahasiswa`, `created_at`, `updated_at`) VALUES (\'102042330030\', \'dwiwowoanjay\', \'L\', \'2026-07-01\', \'jl aihjidjiww\', \'01\', \'04\', \'Buaran Indah\', \'Tangerang\', \'Banten\', \'081218501063\', \'dwiwowo@gmail.com\', 1, \'2026-07-01 03:38:41\', \'2026-07-01 03:38:41\')', 0)
 2 SYSTEMPATH\Database\BaseConnection.php(908): CodeIgniter\Database\MySQLi\Connection->execute('INSERT INTO `m_mahasiswa` (`nim`, `nama_mahasiswa`, `jenis_kelamin`, `tgl_lahir`, `alamat`, `rt`, `rw`, `kelurahan`, `kecamatan`, `provinsi`, `no_telp`, `email`, `id_instansi_mahasiswa`, `created_at`, `updated_at`) VALUES (\'102042330030\', \'dwiwowoanjay\', \'L\', \'2026-07-01\', \'jl aihjidjiww\', \'01\', \'04\', \'Buaran Indah\', \'Tangerang\', \'Banten\', \'081218501063\', \'dwiwowo@gmail.com\', 1, \'2026-07-01 03:38:41\', \'2026-07-01 03:38:41\')')
 3 SYSTEMPATH\Database\BaseConnection.php(825): CodeIgniter\Database\BaseConnection->simpleQuery('INSERT INTO `m_mahasiswa` (`nim`, `nama_mahasiswa`, `jenis_kelamin`, `tgl_lahir`, `alamat`, `rt`, `rw`, `kelurahan`, `kecamatan`, `provinsi`, `no_telp`, `email`, `id_instansi_mahasiswa`, `created_at`, `updated_at`) VALUES (\'102042330030\', \'dwiwowoanjay\', \'L\', \'2026-07-01\', \'jl aihjidjiww\', \'01\', \'04\', \'Buaran Indah\', \'Tangerang\', \'Banten\', \'081218501063\', \'dwiwowo@gmail.com\', 1, \'2026-07-01 03:38:41\', \'2026-07-01 03:38:41\')')
 4 SYSTEMPATH\Database\BaseBuilder.php(2343): CodeIgniter\Database\BaseConnection->query('INSERT INTO `m_mahasiswa` (`nim`, `nama_mahasiswa`, `jenis_kelamin`, `tgl_lahir`, `alamat`, `rt`, `rw`, `kelurahan`, `kecamatan`, `provinsi`, `no_telp`, `email`, `id_instansi_mahasiswa`, `created_at`, `updated_at`) VALUES (:nim:, :nama_mahasiswa:, :jenis_kelamin:, :tgl_lahir:, :alamat:, :rt:, :rw:, :kelurahan:, :kecamatan:, :provinsi:, :no_telp:, :email:, :id_instansi_mahasiswa:, :created_at:, :updated_at:)', [...], false)
 5 SYSTEMPATH\Model.php(357): CodeIgniter\Database\BaseBuilder->insert()
 6 SYSTEMPATH\BaseModel.php(899): CodeIgniter\Model->doInsert([...])
 7 SYSTEMPATH\Model.php(670): CodeIgniter\BaseModel->insert([...], true)
 8 APPPATH\Controllers\AuthController.php(69): CodeIgniter\Model->insert([...])
 9 SYSTEMPATH\CodeIgniter.php(974): App\Controllers\AuthController->processRegister()
10 SYSTEMPATH\CodeIgniter.php(520): CodeIgniter\CodeIgniter->runController(Object(App\Controllers\AuthController))
11 SYSTEMPATH\CodeIgniter.php(363): CodeIgniter\CodeIgniter->handleRequest(null, Object(Config\Cache), false)
12 SYSTEMPATH\Boot.php(417): CodeIgniter\CodeIgniter->run()
13 SYSTEMPATH\Boot.php(68): CodeIgniter\Boot::runCodeIgniter(Object(CodeIgniter\CodeIgniter))
14 FCPATH\index.php(59): CodeIgniter\Boot::bootWeb(Object(Config\Paths))
15 SYSTEMPATH\rewrite.php(44): require_once('C:\\Users\\lenovo\\Downloads\\Projectmagang\\public\\index.php')
ERROR - 2026-07-01 03:38:41 --> Cannot add or update a child row: a foreign key constraint fails (`db_elayanan_akademik_kominfo`.`m_user_mahasiswa`, CONSTRAINT `m_user_mahasiswa_id_mahasiswa_foreign` FOREIGN KEY (`id_mahasiswa`) REFERENCES `m_mahasiswa` (`id_mahasiswa`) ON DELETE CASCADE O)
in SYSTEMPATH\Database\MySQLi\Connection.php on line 300.
 1 SYSTEMPATH\Database\MySQLi\Connection.php(300): mysqli->query('INSERT INTO `m_user_mahasiswa` (`id_mahasiswa`, `username`, `password`, `status`, `created_at`, `updated_at`) VALUES (0, \'dwiwowo\', \'$2y$10$ZTO6Xa3knPaONQ27cX6greYKmkTsmUeGeAWAkSb6QSsXiXQnNJViO\', \'AKTIF\', \'2026-07-01 03:38:41\', \'2026-07-01 03:38:41\')', 0)
 2 SYSTEMPATH\Database\BaseConnection.php(908): CodeIgniter\Database\MySQLi\Connection->execute('INSERT INTO `m_user_mahasiswa` (`id_mahasiswa`, `username`, `password`, `status`, `created_at`, `updated_at`) VALUES (0, \'dwiwowo\', \'$2y$10$ZTO6Xa3knPaONQ27cX6greYKmkTsmUeGeAWAkSb6QSsXiXQnNJViO\', \'AKTIF\', \'2026-07-01 03:38:41\', \'2026-07-01 03:38:41\')')
 3 SYSTEMPATH\Database\BaseConnection.php(825): CodeIgniter\Database\BaseConnection->simpleQuery('INSERT INTO `m_user_mahasiswa` (`id_mahasiswa`, `username`, `password`, `status`, `created_at`, `updated_at`) VALUES (0, \'dwiwowo\', \'$2y$10$ZTO6Xa3knPaONQ27cX6greYKmkTsmUeGeAWAkSb6QSsXiXQnNJViO\', \'AKTIF\', \'2026-07-01 03:38:41\', \'2026-07-01 03:38:41\')')
 4 SYSTEMPATH\Database\BaseBuilder.php(2343): CodeIgniter\Database\BaseConnection->query('INSERT INTO `m_user_mahasiswa` (`id_mahasiswa`, `username`, `password`, `status`, `created_at`, `updated_at`) VALUES (:id_mahasiswa:, :username:, :password:, :status:, :created_at:, :updated_at:)', [...], false)
 5 SYSTEMPATH\Model.php(357): CodeIgniter\Database\BaseBuilder->insert()
 6 SYSTEMPATH\BaseModel.php(899): CodeIgniter\Model->doInsert([...])
 7 SYSTEMPATH\Model.php(670): CodeIgniter\BaseModel->insert([...], true)
 8 APPPATH\Controllers\AuthController.php(83): CodeIgniter\Model->insert([...])
 9 SYSTEMPATH\CodeIgniter.php(974): App\Controllers\AuthController->processRegister()
10 SYSTEMPATH\CodeIgniter.php(520): CodeIgniter\CodeIgniter->runController(Object(App\Controllers\AuthController))
11 SYSTEMPATH\CodeIgniter.php(363): CodeIgniter\CodeIgniter->handleRequest(null, Object(Config\Cache), false)
12 SYSTEMPATH\Boot.php(417): CodeIgniter\CodeIgniter->run()
13 SYSTEMPATH\Boot.php(68): CodeIgniter\Boot::runCodeIgniter(Object(CodeIgniter\CodeIgniter))
14 FCPATH\index.php(59): CodeIgniter\Boot::bootWeb(Object(Config\Paths))
15 SYSTEMPATH\rewrite.php(44): require_once('C:\\Users\\lenovo\\Downloads\\Projectmagang\\public\\index.php')
DEBUG - 2026-07-01 03:38:41 --> Session: Class initialized using 'CodeIgniter\Session\Handlers\FileHandler' driver.
DEBUG - 2026-07-01 03:38:41 --> Session: Class initialized using 'CodeIgniter\Session\Handlers\FileHandler' driver.
DEBUG - 2026-07-01 03:38:47 --> Session: Class initialized using 'CodeIgniter\Session\Handlers\FileHandler' driver.
DEBUG - 2026-07-01 03:39:02 --> Session: Class initialized using 'CodeIgniter\Session\Handlers\FileHandler' driver.
ERROR - 2026-07-01 03:40:55 --> Cannot add or update a child row: a foreign key constraint fails (`db_elayanan_akademik_kominfo`.`m_mahasiswa`, CONSTRAINT `m_mahasiswa_id_instansi_mahasiswa_foreign` FOREIGN KEY (`id_instansi_mahasiswa`) REFERENCES `t_instansi_mahasiswa` (`id_instansi_mahas)
in SYSTEMPATH\Database\MySQLi\Connection.php on line 300.
 1 SYSTEMPATH\Database\MySQLi\Connection.php(300): mysqli->query('INSERT INTO `m_mahasiswa` (`nim`, `nama_mahasiswa`, `jenis_kelamin`, `tgl_lahir`, `alamat`, `rt`, `rw`, `kelurahan`, `kecamatan`, `provinsi`, `no_telp`, `email`, `id_instansi_mahasiswa`, `created_at`, `updated_at`) VALUES (\'102042330030\', \'wijaksana putra\', \'L\', \'2026-07-01\', \'Jl. prof dr soepomo raya\', \'01\', \'\', \'\', \'Tangerang\', \'Banten\', \'081218501063\', \'abijaksana87@gmail.com\', 1, \'2026-07-01 03:40:55\', \'2026-07-01 03:40:55\')', 0)
 2 SYSTEMPATH\Database\BaseConnection.php(908): CodeIgniter\Database\MySQLi\Connection->execute('INSERT INTO `m_mahasiswa` (`nim`, `nama_mahasiswa`, `jenis_kelamin`, `tgl_lahir`, `alamat`, `rt`, `rw`, `kelurahan`, `kecamatan`, `provinsi`, `no_telp`, `email`, `id_instansi_mahasiswa`, `created_at`, `updated_at`) VALUES (\'102042330030\', \'wijaksana putra\', \'L\', \'2026-07-01\', \'Jl. prof dr soepomo raya\', \'01\', \'\', \'\', \'Tangerang\', \'Banten\', \'081218501063\', \'abijaksana87@gmail.com\', 1, \'2026-07-01 03:40:55\', \'2026-07-01 03:40:55\')')
 3 SYSTEMPATH\Database\BaseConnection.php(825): CodeIgniter\Database\BaseConnection->simpleQuery('INSERT INTO `m_mahasiswa` (`nim`, `nama_mahasiswa`, `jenis_kelamin`, `tgl_lahir`, `alamat`, `rt`, `rw`, `kelurahan`, `kecamatan`, `provinsi`, `no_telp`, `email`, `id_instansi_mahasiswa`, `created_at`, `updated_at`) VALUES (\'102042330030\', \'wijaksana putra\', \'L\', \'2026-07-01\', \'Jl. prof dr soepomo raya\', \'01\', \'\', \'\', \'Tangerang\', \'Banten\', \'081218501063\', \'abijaksana87@gmail.com\', 1, \'2026-07-01 03:40:55\', \'2026-07-01 03:40:55\')')
 4 SYSTEMPATH\Database\BaseBuilder.php(2343): CodeIgniter\Database\BaseConnection->query('INSERT INTO `m_mahasiswa` (`nim`, `nama_mahasiswa`, `jenis_kelamin`, `tgl_lahir`, `alamat`, `rt`, `rw`, `kelurahan`, `kecamatan`, `provinsi`, `no_telp`, `email`, `id_instansi_mahasiswa`, `created_at`, `updated_at`) VALUES (:nim:, :nama_mahasiswa:, :jenis_kelamin:, :tgl_lahir:, :alamat:, :rt:, :rw:, :kelurahan:, :kecamatan:, :provinsi:, :no_telp:, :email:, :id_instansi_mahasiswa:, :created_at:, :updated_at:)', [...], false)
 5 SYSTEMPATH\Model.php(357): CodeIgniter\Database\BaseBuilder->insert()
 6 SYSTEMPATH\BaseModel.php(899): CodeIgniter\Model->doInsert([...])
 7 SYSTEMPATH\Model.php(670): CodeIgniter\BaseModel->insert([...], true)
 8 APPPATH\Controllers\AuthController.php(69): CodeIgniter\Model->insert([...])
 9 SYSTEMPATH\CodeIgniter.php(974): App\Controllers\AuthController->processRegister()
10 SYSTEMPATH\CodeIgniter.php(520): CodeIgniter\CodeIgniter->runController(Object(App\Controllers\AuthController))
11 SYSTEMPATH\CodeIgniter.php(363): CodeIgniter\CodeIgniter->handleRequest(null, Object(Config\Cache), false)
12 SYSTEMPATH\Boot.php(417): CodeIgniter\CodeIgniter->run()
13 SYSTEMPATH\Boot.php(68): CodeIgniter\Boot::runCodeIgniter(Object(CodeIgniter\CodeIgniter))
14 FCPATH\index.php(59): CodeIgniter\Boot::bootWeb(Object(Config\Paths))
15 SYSTEMPATH\rewrite.php(44): require_once('C:\\Users\\lenovo\\Downloads\\Projectmagang\\public\\index.php')
ERROR - 2026-07-01 03:40:55 --> Cannot add or update a child row: a foreign key constraint fails (`db_elayanan_akademik_kominfo`.`m_user_mahasiswa`, CONSTRAINT `m_user_mahasiswa_id_mahasiswa_foreign` FOREIGN KEY (`id_mahasiswa`) REFERENCES `m_mahasiswa` (`id_mahasiswa`) ON DELETE CASCADE O)
in SYSTEMPATH\Database\MySQLi\Connection.php on line 300.
 1 SYSTEMPATH\Database\MySQLi\Connection.php(300): mysqli->query('INSERT INTO `m_user_mahasiswa` (`id_mahasiswa`, `username`, `password`, `status`, `created_at`, `updated_at`) VALUES (0, \'wijaksana\', \'$2y$10$Gc4p1iYgtuD1tqOEabFWI.KotDMvt9e7Goc582vaYDyE5SMJDFm6W\', \'AKTIF\', \'2026-07-01 03:40:55\', \'2026-07-01 03:40:55\')', 0)
 2 SYSTEMPATH\Database\BaseConnection.php(908): CodeIgniter\Database\MySQLi\Connection->execute('INSERT INTO `m_user_mahasiswa` (`id_mahasiswa`, `username`, `password`, `status`, `created_at`, `updated_at`) VALUES (0, \'wijaksana\', \'$2y$10$Gc4p1iYgtuD1tqOEabFWI.KotDMvt9e7Goc582vaYDyE5SMJDFm6W\', \'AKTIF\', \'2026-07-01 03:40:55\', \'2026-07-01 03:40:55\')')
 3 SYSTEMPATH\Database\BaseConnection.php(825): CodeIgniter\Database\BaseConnection->simpleQuery('INSERT INTO `m_user_mahasiswa` (`id_mahasiswa`, `username`, `password`, `status`, `created_at`, `updated_at`) VALUES (0, \'wijaksana\', \'$2y$10$Gc4p1iYgtuD1tqOEabFWI.KotDMvt9e7Goc582vaYDyE5SMJDFm6W\', \'AKTIF\', \'2026-07-01 03:40:55\', \'2026-07-01 03:40:55\')')
 4 SYSTEMPATH\Database\BaseBuilder.php(2343): CodeIgniter\Database\BaseConnection->query('INSERT INTO `m_user_mahasiswa` (`id_mahasiswa`, `username`, `password`, `status`, `created_at`, `updated_at`) VALUES (:id_mahasiswa:, :username:, :password:, :status:, :created_at:, :updated_at:)', [...], false)
 5 SYSTEMPATH\Model.php(357): CodeIgniter\Database\BaseBuilder->insert()
 6 SYSTEMPATH\BaseModel.php(899): CodeIgniter\Model->doInsert([...])
 7 SYSTEMPATH\Model.php(670): CodeIgniter\BaseModel->insert([...], true)
 8 APPPATH\Controllers\AuthController.php(83): CodeIgniter\Model->insert([...])
 9 SYSTEMPATH\CodeIgniter.php(974): App\Controllers\AuthController->processRegister()
10 SYSTEMPATH\CodeIgniter.php(520): CodeIgniter\CodeIgniter->runController(Object(App\Controllers\AuthController))
11 SYSTEMPATH\CodeIgniter.php(363): CodeIgniter\CodeIgniter->handleRequest(null, Object(Config\Cache), false)
12 SYSTEMPATH\Boot.php(417): CodeIgniter\CodeIgniter->run()
13 SYSTEMPATH\Boot.php(68): CodeIgniter\Boot::runCodeIgniter(Object(CodeIgniter\CodeIgniter))
14 FCPATH\index.php(59): CodeIgniter\Boot::bootWeb(Object(Config\Paths))
15 SYSTEMPATH\rewrite.php(44): require_once('C:\\Users\\lenovo\\Downloads\\Projectmagang\\public\\index.php')
DEBUG - 2026-07-01 03:40:55 --> Session: Class initialized using 'CodeIgniter\Session\Handlers\FileHandler' driver.
DEBUG - 2026-07-01 03:40:56 --> Session: Class initialized using 'CodeIgniter\Session\Handlers\FileHandler' driver.
ERROR - 2026-07-01 03:44:10 --> Cannot add or update a child row: a foreign key constraint fails (`db_elayanan_akademik_kominfo`.`m_mahasiswa`, CONSTRAINT `m_mahasiswa_id_instansi_mahasiswa_foreign` FOREIGN KEY (`id_instansi_mahasiswa`) REFERENCES `t_instansi_mahasiswa` (`id_instansi_mahas)
in SYSTEMPATH\Database\MySQLi\Connection.php on line 300.
 1 SYSTEMPATH\Database\MySQLi\Connection.php(300): mysqli->query('INSERT INTO `m_mahasiswa` (`nim`, `nama_mahasiswa`, `jenis_kelamin`, `tgl_lahir`, `alamat`, `rt`, `rw`, `kelurahan`, `kecamatan`, `provinsi`, `no_telp`, `email`, `id_instansi_mahasiswa`, `created_at`, `updated_at`) VALUES (\'102042330030\', \'wijaksana putra\', \'L\', \'2004-12-10\', \'Jl. prof dr soepomo raya\', \'01\', \'\', \'\', \'Tangerang\', \'Banten\', \'081218501063\', \'abijaksana87@gmail.com\', 1, \'2026-07-01 03:44:10\', \'2026-07-01 03:44:10\')', 0)
 2 SYSTEMPATH\Database\BaseConnection.php(908): CodeIgniter\Database\MySQLi\Connection->execute('INSERT INTO `m_mahasiswa` (`nim`, `nama_mahasiswa`, `jenis_kelamin`, `tgl_lahir`, `alamat`, `rt`, `rw`, `kelurahan`, `kecamatan`, `provinsi`, `no_telp`, `email`, `id_instansi_mahasiswa`, `created_at`, `updated_at`) VALUES (\'102042330030\', \'wijaksana putra\', \'L\', \'2004-12-10\', \'Jl. prof dr soepomo raya\', \'01\', \'\', \'\', \'Tangerang\', \'Banten\', \'081218501063\', \'abijaksana87@gmail.com\', 1, \'2026-07-01 03:44:10\', \'2026-07-01 03:44:10\')')
 3 SYSTEMPATH\Database\BaseConnection.php(825): CodeIgniter\Database\BaseConnection->simpleQuery('INSERT INTO `m_mahasiswa` (`nim`, `nama_mahasiswa`, `jenis_kelamin`, `tgl_lahir`, `alamat`, `rt`, `rw`, `kelurahan`, `kecamatan`, `provinsi`, `no_telp`, `email`, `id_instansi_mahasiswa`, `created_at`, `updated_at`) VALUES (\'102042330030\', \'wijaksana putra\', \'L\', \'2004-12-10\', \'Jl. prof dr soepomo raya\', \'01\', \'\', \'\', \'Tangerang\', \'Banten\', \'081218501063\', \'abijaksana87@gmail.com\', 1, \'2026-07-01 03:44:10\', \'2026-07-01 03:44:10\')')
 4 SYSTEMPATH\Database\BaseBuilder.php(2343): CodeIgniter\Database\BaseConnection->query('INSERT INTO `m_mahasiswa` (`nim`, `nama_mahasiswa`, `jenis_kelamin`, `tgl_lahir`, `alamat`, `rt`, `rw`, `kelurahan`, `kecamatan`, `provinsi`, `no_telp`, `email`, `id_instansi_mahasiswa`, `created_at`, `updated_at`) VALUES (:nim:, :nama_mahasiswa:, :jenis_kelamin:, :tgl_lahir:, :alamat:, :rt:, :rw:, :kelurahan:, :kecamatan:, :provinsi:, :no_telp:, :email:, :id_instansi_mahasiswa:, :created_at:, :updated_at:)', [...], false)
 5 SYSTEMPATH\Model.php(357): CodeIgniter\Database\BaseBuilder->insert()
 6 SYSTEMPATH\BaseModel.php(899): CodeIgniter\Model->doInsert([...])
 7 SYSTEMPATH\Model.php(670): CodeIgniter\BaseModel->insert([...], true)
 8 APPPATH\Controllers\AuthController.php(69): CodeIgniter\Model->insert([...])
 9 SYSTEMPATH\CodeIgniter.php(974): App\Controllers\AuthController->processRegister()
10 SYSTEMPATH\CodeIgniter.php(520): CodeIgniter\CodeIgniter->runController(Object(App\Controllers\AuthController))
11 SYSTEMPATH\CodeIgniter.php(363): CodeIgniter\CodeIgniter->handleRequest(null, Object(Config\Cache), false)
12 SYSTEMPATH\Boot.php(417): CodeIgniter\CodeIgniter->run()
13 SYSTEMPATH\Boot.php(68): CodeIgniter\Boot::runCodeIgniter(Object(CodeIgniter\CodeIgniter))
14 FCPATH\index.php(59): CodeIgniter\Boot::bootWeb(Object(Config\Paths))
15 SYSTEMPATH\rewrite.php(44): require_once('C:\\Users\\lenovo\\Downloads\\Projectmagang\\public\\index.php')
ERROR - 2026-07-01 03:44:10 --> Cannot add or update a child row: a foreign key constraint fails (`db_elayanan_akademik_kominfo`.`m_user_mahasiswa`, CONSTRAINT `m_user_mahasiswa_id_mahasiswa_foreign` FOREIGN KEY (`id_mahasiswa`) REFERENCES `m_mahasiswa` (`id_mahasiswa`) ON DELETE CASCADE O)
in SYSTEMPATH\Database\MySQLi\Connection.php on line 300.
 1 SYSTEMPATH\Database\MySQLi\Connection.php(300): mysqli->query('INSERT INTO `m_user_mahasiswa` (`id_mahasiswa`, `username`, `password`, `status`, `created_at`, `updated_at`) VALUES (0, \'wijaksana\', \'$2y$10$jl9DiXFFgRHtQGu3ZwhJYuilH7BPM8OJPJ1YzcV6BnVN0YWRvicfC\', \'AKTIF\', \'2026-07-01 03:44:10\', \'2026-07-01 03:44:10\')', 0)
 2 SYSTEMPATH\Database\BaseConnection.php(908): CodeIgniter\Database\MySQLi\Connection->execute('INSERT INTO `m_user_mahasiswa` (`id_mahasiswa`, `username`, `password`, `status`, `created_at`, `updated_at`) VALUES (0, \'wijaksana\', \'$2y$10$jl9DiXFFgRHtQGu3ZwhJYuilH7BPM8OJPJ1YzcV6BnVN0YWRvicfC\', \'AKTIF\', \'2026-07-01 03:44:10\', \'2026-07-01 03:44:10\')')
 3 SYSTEMPATH\Database\BaseConnection.php(825): CodeIgniter\Database\BaseConnection->simpleQuery('INSERT INTO `m_user_mahasiswa` (`id_mahasiswa`, `username`, `password`, `status`, `created_at`, `updated_at`) VALUES (0, \'wijaksana\', \'$2y$10$jl9DiXFFgRHtQGu3ZwhJYuilH7BPM8OJPJ1YzcV6BnVN0YWRvicfC\', \'AKTIF\', \'2026-07-01 03:44:10\', \'2026-07-01 03:44:10\')')
 4 SYSTEMPATH\Database\BaseBuilder.php(2343): CodeIgniter\Database\BaseConnection->query('INSERT INTO `m_user_mahasiswa` (`id_mahasiswa`, `username`, `password`, `status`, `created_at`, `updated_at`) VALUES (:id_mahasiswa:, :username:, :password:, :status:, :created_at:, :updated_at:)', [...], false)
 5 SYSTEMPATH\Model.php(357): CodeIgniter\Database\BaseBuilder->insert()
 6 SYSTEMPATH\BaseModel.php(899): CodeIgniter\Model->doInsert([...])
 7 SYSTEMPATH\Model.php(670): CodeIgniter\BaseModel->insert([...], true)
 8 APPPATH\Controllers\AuthController.php(83): CodeIgniter\Model->insert([...])
 9 SYSTEMPATH\CodeIgniter.php(974): App\Controllers\AuthController->processRegister()
10 SYSTEMPATH\CodeIgniter.php(520): CodeIgniter\CodeIgniter->runController(Object(App\Controllers\AuthController))
11 SYSTEMPATH\CodeIgniter.php(363): CodeIgniter\CodeIgniter->handleRequest(null, Object(Config\Cache), false)
12 SYSTEMPATH\Boot.php(417): CodeIgniter\CodeIgniter->run()
13 SYSTEMPATH\Boot.php(68): CodeIgniter\Boot::runCodeIgniter(Object(CodeIgniter\CodeIgniter))
14 FCPATH\index.php(59): CodeIgniter\Boot::bootWeb(Object(Config\Paths))
15 SYSTEMPATH\rewrite.php(44): require_once('C:\\Users\\lenovo\\Downloads\\Projectmagang\\public\\index.php')
DEBUG - 2026-07-01 03:44:10 --> Session: Class initialized using 'CodeIgniter\Session\Handlers\FileHandler' driver.
DEBUG - 2026-07-01 03:44:10 --> Session: Class initialized using 'CodeIgniter\Session\Handlers\FileHandler' driver.
DEBUG - 2026-07-01 03:45:11 --> Session: Class initialized using 'CodeIgniter\Session\Handlers\FileHandler' driver.
ERROR - 2026-07-01 03:46:08 --> Cannot add or update a child row: a foreign key constraint fails (`db_elayanan_akademik_kominfo`.`m_mahasiswa`, CONSTRAINT `m_mahasiswa_id_instansi_mahasiswa_foreign` FOREIGN KEY (`id_instansi_mahasiswa`) REFERENCES `t_instansi_mahasiswa` (`id_instansi_mahas)
in SYSTEMPATH\Database\MySQLi\Connection.php on line 300.
 1 SYSTEMPATH\Database\MySQLi\Connection.php(300): mysqli->query('INSERT INTO `m_mahasiswa` (`nim`, `nama_mahasiswa`, `jenis_kelamin`, `tgl_lahir`, `alamat`, `rt`, `rw`, `kelurahan`, `kecamatan`, `provinsi`, `no_telp`, `email`, `id_instansi_mahasiswa`, `created_at`, `updated_at`) VALUES (\'102042330030\', \'wijaksana putra\', \'L\', \'2002-07-09\', \'Jl. prof dr soepomo\', \'01\', \'04\', \'Buaran Indah\', \'Tangerang\', \'Banten\', \'081218501063\', \'abijaksana87@gmail.com\', 1, \'2026-07-01 03:46:08\', \'2026-07-01 03:46:08\')', 0)
 2 SYSTEMPATH\Database\BaseConnection.php(908): CodeIgniter\Database\MySQLi\Connection->execute('INSERT INTO `m_mahasiswa` (`nim`, `nama_mahasiswa`, `jenis_kelamin`, `tgl_lahir`, `alamat`, `rt`, `rw`, `kelurahan`, `kecamatan`, `provinsi`, `no_telp`, `email`, `id_instansi_mahasiswa`, `created_at`, `updated_at`) VALUES (\'102042330030\', \'wijaksana putra\', \'L\', \'2002-07-09\', \'Jl. prof dr soepomo\', \'01\', \'04\', \'Buaran Indah\', \'Tangerang\', \'Banten\', \'081218501063\', \'abijaksana87@gmail.com\', 1, \'2026-07-01 03:46:08\', \'2026-07-01 03:46:08\')')
 3 SYSTEMPATH\Database\BaseConnection.php(825): CodeIgniter\Database\BaseConnection->simpleQuery('INSERT INTO `m_mahasiswa` (`nim`, `nama_mahasiswa`, `jenis_kelamin`, `tgl_lahir`, `alamat`, `rt`, `rw`, `kelurahan`, `kecamatan`, `provinsi`, `no_telp`, `email`, `id_instansi_mahasiswa`, `created_at`, `updated_at`) VALUES (\'102042330030\', \'wijaksana putra\', \'L\', \'2002-07-09\', \'Jl. prof dr soepomo\', \'01\', \'04\', \'Buaran Indah\', \'Tangerang\', \'Banten\', \'081218501063\', \'abijaksana87@gmail.com\', 1, \'2026-07-01 03:46:08\', \'2026-07-01 03:46:08\')')
 4 SYSTEMPATH\Database\BaseBuilder.php(2343): CodeIgniter\Database\BaseConnection->query('INSERT INTO `m_mahasiswa` (`nim`, `nama_mahasiswa`, `jenis_kelamin`, `tgl_lahir`, `alamat`, `rt`, `rw`, `kelurahan`, `kecamatan`, `provinsi`, `no_telp`, `email`, `id_instansi_mahasiswa`, `created_at`, `updated_at`) VALUES (:nim:, :nama_mahasiswa:, :jenis_kelamin:, :tgl_lahir:, :alamat:, :rt:, :rw:, :kelurahan:, :kecamatan:, :provinsi:, :no_telp:, :email:, :id_instansi_mahasiswa:, :created_at:, :updated_at:)', [...], false)
 5 SYSTEMPATH\Model.php(357): CodeIgniter\Database\BaseBuilder->insert()
 6 SYSTEMPATH\BaseModel.php(899): CodeIgniter\Model->doInsert([...])
 7 SYSTEMPATH\Model.php(670): CodeIgniter\BaseModel->insert([...], true)
 8 APPPATH\Controllers\AuthController.php(69): CodeIgniter\Model->insert([...])
 9 SYSTEMPATH\CodeIgniter.php(974): App\Controllers\AuthController->processRegister()
10 SYSTEMPATH\CodeIgniter.php(520): CodeIgniter\CodeIgniter->runController(Object(App\Controllers\AuthController))
11 SYSTEMPATH\CodeIgniter.php(363): CodeIgniter\CodeIgniter->handleRequest(null, Object(Config\Cache), false)
12 SYSTEMPATH\Boot.php(417): CodeIgniter\CodeIgniter->run()
13 SYSTEMPATH\Boot.php(68): CodeIgniter\Boot::runCodeIgniter(Object(CodeIgniter\CodeIgniter))
14 FCPATH\index.php(59): CodeIgniter\Boot::bootWeb(Object(Config\Paths))
15 SYSTEMPATH\rewrite.php(44): require_once('C:\\Users\\lenovo\\Downloads\\Projectmagang\\public\\index.php')
ERROR - 2026-07-01 03:46:08 --> Cannot add or update a child row: a foreign key constraint fails (`db_elayanan_akademik_kominfo`.`m_user_mahasiswa`, CONSTRAINT `m_user_mahasiswa_id_mahasiswa_foreign` FOREIGN KEY (`id_mahasiswa`) REFERENCES `m_mahasiswa` (`id_mahasiswa`) ON DELETE CASCADE O)
in SYSTEMPATH\Database\MySQLi\Connection.php on line 300.
 1 SYSTEMPATH\Database\MySQLi\Connection.php(300): mysqli->query('INSERT INTO `m_user_mahasiswa` (`id_mahasiswa`, `username`, `password`, `status`, `created_at`, `updated_at`) VALUES (0, \'wijaksana\', \'$2y$10$seJdP8bZwhaICMyVZvL66.D5Hfbr8bxsmhyc5nMPF2g.m5wx0EoDm\', \'AKTIF\', \'2026-07-01 03:46:08\', \'2026-07-01 03:46:08\')', 0)
 2 SYSTEMPATH\Database\BaseConnection.php(908): CodeIgniter\Database\MySQLi\Connection->execute('INSERT INTO `m_user_mahasiswa` (`id_mahasiswa`, `username`, `password`, `status`, `created_at`, `updated_at`) VALUES (0, \'wijaksana\', \'$2y$10$seJdP8bZwhaICMyVZvL66.D5Hfbr8bxsmhyc5nMPF2g.m5wx0EoDm\', \'AKTIF\', \'2026-07-01 03:46:08\', \'2026-07-01 03:46:08\')')
 3 SYSTEMPATH\Database\BaseConnection.php(825): CodeIgniter\Database\BaseConnection->simpleQuery('INSERT INTO `m_user_mahasiswa` (`id_mahasiswa`, `username`, `password`, `status`, `created_at`, `updated_at`) VALUES (0, \'wijaksana\', \'$2y$10$seJdP8bZwhaICMyVZvL66.D5Hfbr8bxsmhyc5nMPF2g.m5wx0EoDm\', \'AKTIF\', \'2026-07-01 03:46:08\', \'2026-07-01 03:46:08\')')
 4 SYSTEMPATH\Database\BaseBuilder.php(2343): CodeIgniter\Database\BaseConnection->query('INSERT INTO `m_user_mahasiswa` (`id_mahasiswa`, `username`, `password`, `status`, `created_at`, `updated_at`) VALUES (:id_mahasiswa:, :username:, :password:, :status:, :created_at:, :updated_at:)', [...], false)
 5 SYSTEMPATH\Model.php(357): CodeIgniter\Database\BaseBuilder->insert()
 6 SYSTEMPATH\BaseModel.php(899): CodeIgniter\Model->doInsert([...])
 7 SYSTEMPATH\Model.php(670): CodeIgniter\BaseModel->insert([...], true)
 8 APPPATH\Controllers\AuthController.php(83): CodeIgniter\Model->insert([...])
 9 SYSTEMPATH\CodeIgniter.php(974): App\Controllers\AuthController->processRegister()
10 SYSTEMPATH\CodeIgniter.php(520): CodeIgniter\CodeIgniter->runController(Object(App\Controllers\AuthController))
11 SYSTEMPATH\CodeIgniter.php(363): CodeIgniter\CodeIgniter->handleRequest(null, Object(Config\Cache), false)
12 SYSTEMPATH\Boot.php(417): CodeIgniter\CodeIgniter->run()
13 SYSTEMPATH\Boot.php(68): CodeIgniter\Boot::runCodeIgniter(Object(CodeIgniter\CodeIgniter))
14 FCPATH\index.php(59): CodeIgniter\Boot::bootWeb(Object(Config\Paths))
15 SYSTEMPATH\rewrite.php(44): require_once('C:\\Users\\lenovo\\Downloads\\Projectmagang\\public\\index.php')
DEBUG - 2026-07-01 03:46:08 --> Session: Class initialized using 'CodeIgniter\Session\Handlers\FileHandler' driver.
DEBUG - 2026-07-01 03:46:09 --> Session: Class initialized using 'CodeIgniter\Session\Handlers\FileHandler' driver.
DEBUG - 2026-07-01 03:48:00 --> Session: Class initialized using 'CodeIgniter\Session\Handlers\FileHandler' driver.
ERROR - 2026-07-01 03:48:48 --> Cannot add or update a child row: a foreign key constraint fails (`db_elayanan_akademik_kominfo`.`m_mahasiswa`, CONSTRAINT `m_mahasiswa_id_instansi_mahasiswa_foreign` FOREIGN KEY (`id_instansi_mahasiswa`) REFERENCES `t_instansi_mahasiswa` (`id_instansi_mahas)
in SYSTEMPATH\Database\MySQLi\Connection.php on line 300.
 1 SYSTEMPATH\Database\MySQLi\Connection.php(300): mysqli->query('INSERT INTO `m_mahasiswa` (`nim`, `nama_mahasiswa`, `jenis_kelamin`, `tgl_lahir`, `alamat`, `rt`, `rw`, `kelurahan`, `kecamatan`, `provinsi`, `no_telp`, `email`, `id_instansi_mahasiswa`, `created_at`, `updated_at`) VALUES (\'102042330030\', \'wijaksana putra\', \'L\', \'2005-07-07\', \'Jl. Prof Dr. Soepomo Raya\', \'01\', \'04\', \'Buaran Indah\', \'Tangerang\', \'Banten\', \'081218501063\', \'abijaksana87@gmail.com\', 1, \'2026-07-01 03:48:48\', \'2026-07-01 03:48:48\')', 0)
 2 SYSTEMPATH\Database\BaseConnection.php(908): CodeIgniter\Database\MySQLi\Connection->execute('INSERT INTO `m_mahasiswa` (`nim`, `nama_mahasiswa`, `jenis_kelamin`, `tgl_lahir`, `alamat`, `rt`, `rw`, `kelurahan`, `kecamatan`, `provinsi`, `no_telp`, `email`, `id_instansi_mahasiswa`, `created_at`, `updated_at`) VALUES (\'102042330030\', \'wijaksana putra\', \'L\', \'2005-07-07\', \'Jl. Prof Dr. Soepomo Raya\', \'01\', \'04\', \'Buaran Indah\', \'Tangerang\', \'Banten\', \'081218501063\', \'abijaksana87@gmail.com\', 1, \'2026-07-01 03:48:48\', \'2026-07-01 03:48:48\')')
 3 SYSTEMPATH\Database\BaseConnection.php(825): CodeIgniter\Database\BaseConnection->simpleQuery('INSERT INTO `m_mahasiswa` (`nim`, `nama_mahasiswa`, `jenis_kelamin`, `tgl_lahir`, `alamat`, `rt`, `rw`, `kelurahan`, `kecamatan`, `provinsi`, `no_telp`, `email`, `id_instansi_mahasiswa`, `created_at`, `updated_at`) VALUES (\'102042330030\', \'wijaksana putra\', \'L\', \'2005-07-07\', \'Jl. Prof Dr. Soepomo Raya\', \'01\', \'04\', \'Buaran Indah\', \'Tangerang\', \'Banten\', \'081218501063\', \'abijaksana87@gmail.com\', 1, \'2026-07-01 03:48:48\', \'2026-07-01 03:48:48\')')
 4 SYSTEMPATH\Database\BaseBuilder.php(2343): CodeIgniter\Database\BaseConnection->query('INSERT INTO `m_mahasiswa` (`nim`, `nama_mahasiswa`, `jenis_kelamin`, `tgl_lahir`, `alamat`, `rt`, `rw`, `kelurahan`, `kecamatan`, `provinsi`, `no_telp`, `email`, `id_instansi_mahasiswa`, `created_at`, `updated_at`) VALUES (:nim:, :nama_mahasiswa:, :jenis_kelamin:, :tgl_lahir:, :alamat:, :rt:, :rw:, :kelurahan:, :kecamatan:, :provinsi:, :no_telp:, :email:, :id_instansi_mahasiswa:, :created_at:, :updated_at:)', [...], false)
 5 SYSTEMPATH\Model.php(357): CodeIgniter\Database\BaseBuilder->insert()
 6 SYSTEMPATH\BaseModel.php(899): CodeIgniter\Model->doInsert([...])
 7 SYSTEMPATH\Model.php(670): CodeIgniter\BaseModel->insert([...], true)
 8 APPPATH\Controllers\AuthController.php(70): CodeIgniter\Model->insert([...])
 9 SYSTEMPATH\CodeIgniter.php(974): App\Controllers\AuthController->processRegister()
10 SYSTEMPATH\CodeIgniter.php(520): CodeIgniter\CodeIgniter->runController(Object(App\Controllers\AuthController))
11 SYSTEMPATH\CodeIgniter.php(363): CodeIgniter\CodeIgniter->handleRequest(null, Object(Config\Cache), false)
12 SYSTEMPATH\Boot.php(417): CodeIgniter\CodeIgniter->run()
13 SYSTEMPATH\Boot.php(68): CodeIgniter\Boot::runCodeIgniter(Object(CodeIgniter\CodeIgniter))
14 FCPATH\index.php(59): CodeIgniter\Boot::bootWeb(Object(Config\Paths))
15 SYSTEMPATH\rewrite.php(44): require_once('C:\\Users\\lenovo\\Downloads\\Projectmagang\\public\\index.php')
ERROR - 2026-07-01 03:48:48 --> Cannot add or update a child row: a foreign key constraint fails (`db_elayanan_akademik_kominfo`.`m_user_mahasiswa`, CONSTRAINT `m_user_mahasiswa_id_mahasiswa_foreign` FOREIGN KEY (`id_mahasiswa`) REFERENCES `m_mahasiswa` (`id_mahasiswa`) ON DELETE CASCADE O)
in SYSTEMPATH\Database\MySQLi\Connection.php on line 300.
 1 SYSTEMPATH\Database\MySQLi\Connection.php(300): mysqli->query('INSERT INTO `m_user_mahasiswa` (`id_mahasiswa`, `username`, `password`, `status`, `created_at`, `updated_at`) VALUES (0, \'wijaksana\', \'$2y$10$wiHM/WVChGHmilgsDnaXYeD.fht51j7Bu7G84ua4dlMBpzj/QcPKW\', \'AKTIF\', \'2026-07-01 03:48:48\', \'2026-07-01 03:48:48\')', 0)
 2 SYSTEMPATH\Database\BaseConnection.php(908): CodeIgniter\Database\MySQLi\Connection->execute('INSERT INTO `m_user_mahasiswa` (`id_mahasiswa`, `username`, `password`, `status`, `created_at`, `updated_at`) VALUES (0, \'wijaksana\', \'$2y$10$wiHM/WVChGHmilgsDnaXYeD.fht51j7Bu7G84ua4dlMBpzj/QcPKW\', \'AKTIF\', \'2026-07-01 03:48:48\', \'2026-07-01 03:48:48\')')
 3 SYSTEMPATH\Database\BaseConnection.php(825): CodeIgniter\Database\BaseConnection->simpleQuery('INSERT INTO `m_user_mahasiswa` (`id_mahasiswa`, `username`, `password`, `status`, `created_at`, `updated_at`) VALUES (0, \'wijaksana\', \'$2y$10$wiHM/WVChGHmilgsDnaXYeD.fht51j7Bu7G84ua4dlMBpzj/QcPKW\', \'AKTIF\', \'2026-07-01 03:48:48\', \'2026-07-01 03:48:48\')')
 4 SYSTEMPATH\Database\BaseBuilder.php(2343): CodeIgniter\Database\BaseConnection->query('INSERT INTO `m_user_mahasiswa` (`id_mahasiswa`, `username`, `password`, `status`, `created_at`, `updated_at`) VALUES (:id_mahasiswa:, :username:, :password:, :status:, :created_at:, :updated_at:)', [...], false)
 5 SYSTEMPATH\Model.php(357): CodeIgniter\Database\BaseBuilder->insert()
 6 SYSTEMPATH\BaseModel.php(899): CodeIgniter\Model->doInsert([...])
 7 SYSTEMPATH\Model.php(670): CodeIgniter\BaseModel->insert([...], true)
 8 APPPATH\Controllers\AuthController.php(84): CodeIgniter\Model->insert([...])
 9 SYSTEMPATH\CodeIgniter.php(974): App\Controllers\AuthController->processRegister()
10 SYSTEMPATH\CodeIgniter.php(520): CodeIgniter\CodeIgniter->runController(Object(App\Controllers\AuthController))
11 SYSTEMPATH\CodeIgniter.php(363): CodeIgniter\CodeIgniter->handleRequest(null, Object(Config\Cache), false)
12 SYSTEMPATH\Boot.php(417): CodeIgniter\CodeIgniter->run()
13 SYSTEMPATH\Boot.php(68): CodeIgniter\Boot::runCodeIgniter(Object(CodeIgniter\CodeIgniter))
14 FCPATH\index.php(59): CodeIgniter\Boot::bootWeb(Object(Config\Paths))
15 SYSTEMPATH\rewrite.php(44): require_once('C:\\Users\\lenovo\\Downloads\\Projectmagang\\public\\index.php')
DEBUG - 2026-07-01 03:48:48 --> Session: Class initialized using 'CodeIgniter\Session\Handlers\FileHandler' driver.
DEBUG - 2026-07-01 03:48:49 --> Session: Class initialized using 'CodeIgniter\Session\Handlers\FileHandler' driver.
DEBUG - 2026-07-01 03:55:38 --> Session: Class initialized using 'CodeIgniter\Session\Handlers\FileHandler' driver.
ERROR - 2026-07-01 03:56:28 --> Cannot add or update a child row: a foreign key constraint fails (`db_elayanan_akademik_kominfo`.`m_mahasiswa`, CONSTRAINT `m_mahasiswa_id_instansi_mahasiswa_foreign` FOREIGN KEY (`id_instansi_mahasiswa`) REFERENCES `t_instansi_mahasiswa` (`id_instansi_mahas)
in SYSTEMPATH\Database\MySQLi\Connection.php on line 300.
 1 SYSTEMPATH\Database\MySQLi\Connection.php(300): mysqli->query('INSERT INTO `m_mahasiswa` (`nim`, `nama_mahasiswa`, `jenis_kelamin`, `tgl_lahir`, `alamat`, `rt`, `rw`, `kelurahan`, `kecamatan`, `provinsi`, `no_telp`, `email`, `id_instansi_mahasiswa`, `created_at`, `updated_at`) VALUES (\'102042330030\', \'wijaksana putra\', \'L\', \'2008-01-09\', \'JL darmawan no 5\', \'\', \'04\', \'Buaran Indah\', \'Tangerang\', \'Banten\', \'081218501063\', \'abijaksana87@gmail.com\', 1, \'2026-07-01 03:56:28\', \'2026-07-01 03:56:28\')', 0)
 2 SYSTEMPATH\Database\BaseConnection.php(908): CodeIgniter\Database\MySQLi\Connection->execute('INSERT INTO `m_mahasiswa` (`nim`, `nama_mahasiswa`, `jenis_kelamin`, `tgl_lahir`, `alamat`, `rt`, `rw`, `kelurahan`, `kecamatan`, `provinsi`, `no_telp`, `email`, `id_instansi_mahasiswa`, `created_at`, `updated_at`) VALUES (\'102042330030\', \'wijaksana putra\', \'L\', \'2008-01-09\', \'JL darmawan no 5\', \'\', \'04\', \'Buaran Indah\', \'Tangerang\', \'Banten\', \'081218501063\', \'abijaksana87@gmail.com\', 1, \'2026-07-01 03:56:28\', \'2026-07-01 03:56:28\')')
 3 SYSTEMPATH\Database\BaseConnection.php(825): CodeIgniter\Database\BaseConnection->simpleQuery('INSERT INTO `m_mahasiswa` (`nim`, `nama_mahasiswa`, `jenis_kelamin`, `tgl_lahir`, `alamat`, `rt`, `rw`, `kelurahan`, `kecamatan`, `provinsi`, `no_telp`, `email`, `id_instansi_mahasiswa`, `created_at`, `updated_at`) VALUES (\'102042330030\', \'wijaksana putra\', \'L\', \'2008-01-09\', \'JL darmawan no 5\', \'\', \'04\', \'Buaran Indah\', \'Tangerang\', \'Banten\', \'081218501063\', \'abijaksana87@gmail.com\', 1, \'2026-07-01 03:56:28\', \'2026-07-01 03:56:28\')')
 4 SYSTEMPATH\Database\BaseBuilder.php(2343): CodeIgniter\Database\BaseConnection->query('INSERT INTO `m_mahasiswa` (`nim`, `nama_mahasiswa`, `jenis_kelamin`, `tgl_lahir`, `alamat`, `rt`, `rw`, `kelurahan`, `kecamatan`, `provinsi`, `no_telp`, `email`, `id_instansi_mahasiswa`, `created_at`, `updated_at`) VALUES (:nim:, :nama_mahasiswa:, :jenis_kelamin:, :tgl_lahir:, :alamat:, :rt:, :rw:, :kelurahan:, :kecamatan:, :provinsi:, :no_telp:, :email:, :id_instansi_mahasiswa:, :created_at:, :updated_at:)', [...], false)
 5 SYSTEMPATH\Model.php(357): CodeIgniter\Database\BaseBuilder->insert()
 6 SYSTEMPATH\BaseModel.php(899): CodeIgniter\Model->doInsert([...])
 7 SYSTEMPATH\Model.php(670): CodeIgniter\BaseModel->insert([...], true)
 8 APPPATH\Controllers\AuthController.php(69): CodeIgniter\Model->insert([...])
 9 SYSTEMPATH\CodeIgniter.php(974): App\Controllers\AuthController->processRegister()
10 SYSTEMPATH\CodeIgniter.php(520): CodeIgniter\CodeIgniter->runController(Object(App\Controllers\AuthController))
11 SYSTEMPATH\CodeIgniter.php(363): CodeIgniter\CodeIgniter->handleRequest(null, Object(Config\Cache), false)
12 SYSTEMPATH\Boot.php(417): CodeIgniter\CodeIgniter->run()
13 SYSTEMPATH\Boot.php(68): CodeIgniter\Boot::runCodeIgniter(Object(CodeIgniter\CodeIgniter))
14 FCPATH\index.php(59): CodeIgniter\Boot::bootWeb(Object(Config\Paths))
15 SYSTEMPATH\rewrite.php(44): require_once('C:\\Users\\lenovo\\Downloads\\Projectmagang\\public\\index.php')
ERROR - 2026-07-01 03:56:28 --> Cannot add or update a child row: a foreign key constraint fails (`db_elayanan_akademik_kominfo`.`m_user_mahasiswa`, CONSTRAINT `m_user_mahasiswa_id_mahasiswa_foreign` FOREIGN KEY (`id_mahasiswa`) REFERENCES `m_mahasiswa` (`id_mahasiswa`) ON DELETE CASCADE O)
in SYSTEMPATH\Database\MySQLi\Connection.php on line 300.
 1 SYSTEMPATH\Database\MySQLi\Connection.php(300): mysqli->query('INSERT INTO `m_user_mahasiswa` (`id_mahasiswa`, `username`, `password`, `status`, `created_at`, `updated_at`) VALUES (0, \'wijaksana\', \'$2y$10$WaBhEMlY8YR.cDMwD64NMeKD3Q43P9NW23gJyr6EltYe28lp37H8e\', \'AKTIF\', \'2026-07-01 03:56:28\', \'2026-07-01 03:56:28\')', 0)
 2 SYSTEMPATH\Database\BaseConnection.php(908): CodeIgniter\Database\MySQLi\Connection->execute('INSERT INTO `m_user_mahasiswa` (`id_mahasiswa`, `username`, `password`, `status`, `created_at`, `updated_at`) VALUES (0, \'wijaksana\', \'$2y$10$WaBhEMlY8YR.cDMwD64NMeKD3Q43P9NW23gJyr6EltYe28lp37H8e\', \'AKTIF\', \'2026-07-01 03:56:28\', \'2026-07-01 03:56:28\')')
 3 SYSTEMPATH\Database\BaseConnection.php(825): CodeIgniter\Database\BaseConnection->simpleQuery('INSERT INTO `m_user_mahasiswa` (`id_mahasiswa`, `username`, `password`, `status`, `created_at`, `updated_at`) VALUES (0, \'wijaksana\', \'$2y$10$WaBhEMlY8YR.cDMwD64NMeKD3Q43P9NW23gJyr6EltYe28lp37H8e\', \'AKTIF\', \'2026-07-01 03:56:28\', \'2026-07-01 03:56:28\')')
 4 SYSTEMPATH\Database\BaseBuilder.php(2343): CodeIgniter\Database\BaseConnection->query('INSERT INTO `m_user_mahasiswa` (`id_mahasiswa`, `username`, `password`, `status`, `created_at`, `updated_at`) VALUES (:id_mahasiswa:, :username:, :password:, :status:, :created_at:, :updated_at:)', [...], false)
 5 SYSTEMPATH\Model.php(357): CodeIgniter\Database\BaseBuilder->insert()
 6 SYSTEMPATH\BaseModel.php(899): CodeIgniter\Model->doInsert([...])
 7 SYSTEMPATH\Model.php(670): CodeIgniter\BaseModel->insert([...], true)
 8 APPPATH\Controllers\AuthController.php(83): CodeIgniter\Model->insert([...])
 9 SYSTEMPATH\CodeIgniter.php(974): App\Controllers\AuthController->processRegister()
10 SYSTEMPATH\CodeIgniter.php(520): CodeIgniter\CodeIgniter->runController(Object(App\Controllers\AuthController))
11 SYSTEMPATH\CodeIgniter.php(363): CodeIgniter\CodeIgniter->handleRequest(null, Object(Config\Cache), false)
12 SYSTEMPATH\Boot.php(417): CodeIgniter\CodeIgniter->run()
13 SYSTEMPATH\Boot.php(68): CodeIgniter\Boot::runCodeIgniter(Object(CodeIgniter\CodeIgniter))
14 FCPATH\index.php(59): CodeIgniter\Boot::bootWeb(Object(Config\Paths))
15 SYSTEMPATH\rewrite.php(44): require_once('C:\\Users\\lenovo\\Downloads\\Projectmagang\\public\\index.php')
DEBUG - 2026-07-01 03:56:29 --> Session: Class initialized using 'CodeIgniter\Session\Handlers\FileHandler' driver.
DEBUG - 2026-07-01 03:56:29 --> Session: Class initialized using 'CodeIgniter\Session\Handlers\FileHandler' driver.
DEBUG - 2026-07-01 03:59:21 --> Session: Class initialized using 'CodeIgniter\Session\Handlers\FileHandler' driver.
ERROR - 2026-07-01 04:00:07 --> Cannot add or update a child row: a foreign key constraint fails (`db_elayanan_akademik_kominfo`.`m_mahasiswa`, CONSTRAINT `m_mahasiswa_id_instansi_mahasiswa_foreign` FOREIGN KEY (`id_instansi_mahasiswa`) REFERENCES `t_instansi_mahasiswa` (`id_instansi_mahas)
in SYSTEMPATH\Database\MySQLi\Connection.php on line 300.
 1 SYSTEMPATH\Database\MySQLi\Connection.php(300): mysqli->query('INSERT INTO `m_mahasiswa` (`nim`, `nama_mahasiswa`, `jenis_kelamin`, `tgl_lahir`, `alamat`, `rt`, `rw`, `kelurahan`, `kecamatan`, `provinsi`, `no_telp`, `email`, `id_instansi_mahasiswa`, `created_at`, `updated_at`) VALUES (\'102042330030\', \'wijaksana putra\', \'L\', \'2006-02-01\', \'Jalan raya basoaids\', \'01\', \'04\', \'Buaran Indah\', \'Tangerang\', \'Banten\', \'081218501063\', \'abijaksana87@gmail.com\', 1, \'2026-07-01 04:00:07\', \'2026-07-01 04:00:07\')', 0)
 2 SYSTEMPATH\Database\BaseConnection.php(908): CodeIgniter\Database\MySQLi\Connection->execute('INSERT INTO `m_mahasiswa` (`nim`, `nama_mahasiswa`, `jenis_kelamin`, `tgl_lahir`, `alamat`, `rt`, `rw`, `kelurahan`, `kecamatan`, `provinsi`, `no_telp`, `email`, `id_instansi_mahasiswa`, `created_at`, `updated_at`) VALUES (\'102042330030\', \'wijaksana putra\', \'L\', \'2006-02-01\', \'Jalan raya basoaids\', \'01\', \'04\', \'Buaran Indah\', \'Tangerang\', \'Banten\', \'081218501063\', \'abijaksana87@gmail.com\', 1, \'2026-07-01 04:00:07\', \'2026-07-01 04:00:07\')')
 3 SYSTEMPATH\Database\BaseConnection.php(825): CodeIgniter\Database\BaseConnection->simpleQuery('INSERT INTO `m_mahasiswa` (`nim`, `nama_mahasiswa`, `jenis_kelamin`, `tgl_lahir`, `alamat`, `rt`, `rw`, `kelurahan`, `kecamatan`, `provinsi`, `no_telp`, `email`, `id_instansi_mahasiswa`, `created_at`, `updated_at`) VALUES (\'102042330030\', \'wijaksana putra\', \'L\', \'2006-02-01\', \'Jalan raya basoaids\', \'01\', \'04\', \'Buaran Indah\', \'Tangerang\', \'Banten\', \'081218501063\', \'abijaksana87@gmail.com\', 1, \'2026-07-01 04:00:07\', \'2026-07-01 04:00:07\')')
 4 SYSTEMPATH\Database\BaseBuilder.php(2343): CodeIgniter\Database\BaseConnection->query('INSERT INTO `m_mahasiswa` (`nim`, `nama_mahasiswa`, `jenis_kelamin`, `tgl_lahir`, `alamat`, `rt`, `rw`, `kelurahan`, `kecamatan`, `provinsi`, `no_telp`, `email`, `id_instansi_mahasiswa`, `created_at`, `updated_at`) VALUES (:nim:, :nama_mahasiswa:, :jenis_kelamin:, :tgl_lahir:, :alamat:, :rt:, :rw:, :kelurahan:, :kecamatan:, :provinsi:, :no_telp:, :email:, :id_instansi_mahasiswa:, :created_at:, :updated_at:)', [...], false)
 5 SYSTEMPATH\Model.php(357): CodeIgniter\Database\BaseBuilder->insert()
 6 SYSTEMPATH\BaseModel.php(899): CodeIgniter\Model->doInsert([...])
 7 SYSTEMPATH\Model.php(670): CodeIgniter\BaseModel->insert([...], true)
 8 APPPATH\Controllers\AuthController.php(69): CodeIgniter\Model->insert([...])
 9 SYSTEMPATH\CodeIgniter.php(974): App\Controllers\AuthController->processRegister()
10 SYSTEMPATH\CodeIgniter.php(520): CodeIgniter\CodeIgniter->runController(Object(App\Controllers\AuthController))
11 SYSTEMPATH\CodeIgniter.php(363): CodeIgniter\CodeIgniter->handleRequest(null, Object(Config\Cache), false)
12 SYSTEMPATH\Boot.php(417): CodeIgniter\CodeIgniter->run()
13 SYSTEMPATH\Boot.php(68): CodeIgniter\Boot::runCodeIgniter(Object(CodeIgniter\CodeIgniter))
14 FCPATH\index.php(59): CodeIgniter\Boot::bootWeb(Object(Config\Paths))
15 SYSTEMPATH\rewrite.php(44): require_once('C:\\Users\\lenovo\\Downloads\\Projectmagang\\public\\index.php')
ERROR - 2026-07-01 04:00:07 --> Cannot add or update a child row: a foreign key constraint fails (`db_elayanan_akademik_kominfo`.`m_user_mahasiswa`, CONSTRAINT `m_user_mahasiswa_id_mahasiswa_foreign` FOREIGN KEY (`id_mahasiswa`) REFERENCES `m_mahasiswa` (`id_mahasiswa`) ON DELETE CASCADE O)
in SYSTEMPATH\Database\MySQLi\Connection.php on line 300.
 1 SYSTEMPATH\Database\MySQLi\Connection.php(300): mysqli->query('INSERT INTO `m_user_mahasiswa` (`id_mahasiswa`, `username`, `password`, `status`, `created_at`, `updated_at`) VALUES (0, \'wijaksana\', \'$2y$10$wST2F3j6FUpRZf4dtJAZ/eKKR2qjnOfXm.Oaq3q5bVrzIzFBq5qfS\', \'AKTIF\', \'2026-07-01 04:00:07\', \'2026-07-01 04:00:07\')', 0)
 2 SYSTEMPATH\Database\BaseConnection.php(908): CodeIgniter\Database\MySQLi\Connection->execute('INSERT INTO `m_user_mahasiswa` (`id_mahasiswa`, `username`, `password`, `status`, `created_at`, `updated_at`) VALUES (0, \'wijaksana\', \'$2y$10$wST2F3j6FUpRZf4dtJAZ/eKKR2qjnOfXm.Oaq3q5bVrzIzFBq5qfS\', \'AKTIF\', \'2026-07-01 04:00:07\', \'2026-07-01 04:00:07\')')
 3 SYSTEMPATH\Database\BaseConnection.php(825): CodeIgniter\Database\BaseConnection->simpleQuery('INSERT INTO `m_user_mahasiswa` (`id_mahasiswa`, `username`, `password`, `status`, `created_at`, `updated_at`) VALUES (0, \'wijaksana\', \'$2y$10$wST2F3j6FUpRZf4dtJAZ/eKKR2qjnOfXm.Oaq3q5bVrzIzFBq5qfS\', \'AKTIF\', \'2026-07-01 04:00:07\', \'2026-07-01 04:00:07\')')
 4 SYSTEMPATH\Database\BaseBuilder.php(2343): CodeIgniter\Database\BaseConnection->query('INSERT INTO `m_user_mahasiswa` (`id_mahasiswa`, `username`, `password`, `status`, `created_at`, `updated_at`) VALUES (:id_mahasiswa:, :username:, :password:, :status:, :created_at:, :updated_at:)', [...], false)
 5 SYSTEMPATH\Model.php(357): CodeIgniter\Database\BaseBuilder->insert()
 6 SYSTEMPATH\BaseModel.php(899): CodeIgniter\Model->doInsert([...])
 7 SYSTEMPATH\Model.php(670): CodeIgniter\BaseModel->insert([...], true)
 8 APPPATH\Controllers\AuthController.php(83): CodeIgniter\Model->insert([...])
 9 SYSTEMPATH\CodeIgniter.php(974): App\Controllers\AuthController->processRegister()
10 SYSTEMPATH\CodeIgniter.php(520): CodeIgniter\CodeIgniter->runController(Object(App\Controllers\AuthController))
11 SYSTEMPATH\CodeIgniter.php(363): CodeIgniter\CodeIgniter->handleRequest(null, Object(Config\Cache), false)
12 SYSTEMPATH\Boot.php(417): CodeIgniter\CodeIgniter->run()
13 SYSTEMPATH\Boot.php(68): CodeIgniter\Boot::runCodeIgniter(Object(CodeIgniter\CodeIgniter))
14 FCPATH\index.php(59): CodeIgniter\Boot::bootWeb(Object(Config\Paths))
15 SYSTEMPATH\rewrite.php(44): require_once('C:\\Users\\lenovo\\Downloads\\Projectmagang\\public\\index.php')
DEBUG - 2026-07-01 04:00:07 --> Session: Class initialized using 'CodeIgniter\Session\Handlers\FileHandler' driver.
DEBUG - 2026-07-01 04:00:07 --> Session: Class initialized using 'CodeIgniter\Session\Handlers\FileHandler' driver.
DEBUG - 2026-07-01 04:05:29 --> Session: Class initialized using 'CodeIgniter\Session\Handlers\FileHandler' driver.
DEBUG - 2026-07-01 04:05:40 --> Session: Class initialized using 'CodeIgniter\Session\Handlers\FileHandler' driver.
DEBUG - 2026-07-01 04:06:12 --> Session: Class initialized using 'CodeIgniter\Session\Handlers\FileHandler' driver.
DEBUG - 2026-07-01 04:32:59 --> Session: Class initialized using 'CodeIgniter\Session\Handlers\FileHandler' driver.
DEBUG - 2026-07-01 04:39:32 --> Session: Class initialized using 'CodeIgniter\Session\Handlers\FileHandler' driver.
DEBUG - 2026-07-01 04:39:43 --> Session: Class initialized using 'CodeIgniter\Session\Handlers\FileHandler' driver.
DEBUG - 2026-07-01 04:39:44 --> Session: Class initialized using 'CodeIgniter\Session\Handlers\FileHandler' driver.
DEBUG - 2026-07-01 04:39:59 --> Session: Class initialized using 'CodeIgniter\Session\Handlers\FileHandler' driver.
DEBUG - 2026-07-01 04:39:59 --> Session: Class initialized using 'CodeIgniter\Session\Handlers\FileHandler' driver.
DEBUG - 2026-07-01 04:40:04 --> Session: Class initialized using 'CodeIgniter\Session\Handlers\FileHandler' driver.
DEBUG - 2026-07-01 04:40:18 --> Session: Class initialized using 'CodeIgniter\Session\Handlers\FileHandler' driver.
DEBUG - 2026-07-01 04:40:19 --> Session: Class initialized using 'CodeIgniter\Session\Handlers\FileHandler' driver.
DEBUG - 2026-07-01 04:43:06 --> Session: Class initialized using 'CodeIgniter\Session\Handlers\FileHandler' driver.
DEBUG - 2026-07-01 04:43:30 --> Session: Class initialized using 'CodeIgniter\Session\Handlers\FileHandler' driver.
DEBUG - 2026-07-01 04:43:30 --> Session: Class initialized using 'CodeIgniter\Session\Handlers\FileHandler' driver.
DEBUG - 2026-07-01 04:54:14 --> Session: Class initialized using 'CodeIgniter\Session\Handlers\FileHandler' driver.
DEBUG - 2026-07-01 04:54:20 --> Session: Class initialized using 'CodeIgniter\Session\Handlers\FileHandler' driver.
DEBUG - 2026-07-01 04:54:20 --> Session: Class initialized using 'CodeIgniter\Session\Handlers\FileHandler' driver.
DEBUG - 2026-07-01 04:54:27 --> Session: Class initialized using 'CodeIgniter\Session\Handlers\FileHandler' driver.
DEBUG - 2026-07-01 05:00:56 --> Session: Class initialized using 'CodeIgniter\Session\Handlers\FileHandler' driver.
DEBUG - 2026-07-01 05:12:17 --> Session: Class initialized using 'CodeIgniter\Session\Handlers\FileHandler' driver.
DEBUG - 2026-07-01 05:14:35 --> Session: Class initialized using 'CodeIgniter\Session\Handlers\FileHandler' driver.
DEBUG - 2026-07-01 05:17:13 --> Session: Class initialized using 'CodeIgniter\Session\Handlers\FileHandler' driver.
DEBUG - 2026-07-01 05:17:15 --> Session: Class initialized using 'CodeIgniter\Session\Handlers\FileHandler' driver.
DEBUG - 2026-07-01 05:24:54 --> Session: Class initialized using 'CodeIgniter\Session\Handlers\FileHandler' driver.
DEBUG - 2026-07-01 05:25:29 --> Session: Class initialized using 'CodeIgniter\Session\Handlers\FileHandler' driver.
DEBUG - 2026-07-01 05:26:53 --> Session: Class initialized using 'CodeIgniter\Session\Handlers\FileHandler' driver.
DEBUG - 2026-07-01 05:31:34 --> Session: Class initialized using 'CodeIgniter\Session\Handlers\FileHandler' driver.
DEBUG - 2026-07-01 05:31:40 --> Session: Class initialized using 'CodeIgniter\Session\Handlers\FileHandler' driver.
DEBUG - 2026-07-01 05:48:31 --> Session: Class initialized using 'CodeIgniter\Session\Handlers\FileHandler' driver.
DEBUG - 2026-07-01 05:50:33 --> Session: Class initialized using 'CodeIgniter\Session\Handlers\FileHandler' driver.
ERROR - 2026-07-01 05:50:33 --> Cannot add or update a child row: a foreign key constraint fails (`db_elayanan_akademik_kominfo`.`t_permohonan_magang`, CONSTRAINT `t_permohonan_magang_id_jenis_permohonan_foreign` FOREIGN KEY (`id_jenis_permohonan`) REFERENCES `m_jenis_permohonan` (`id_jeni)
in SYSTEMPATH\Database\MySQLi\Connection.php on line 300.
 1 SYSTEMPATH\Database\MySQLi\Connection.php(300): mysqli->query('INSERT INTO `t_permohonan_magang` (`id_mahasiswa`, `id_instansi_mahasiswa`, `id_jenis_permohonan`, `deskripsi_keahlian`, `deskripsi_magang`, `tgl_mulai`, `tgl_selesai`, `posting_data`, `created_at`, `updated_at`) VALUES (1, 1, \'3\', \'Yapping\', \'Mmebuat website \', \'2026-07-01\', \'2026-08-31\', \'kirim\', \'2026-07-01 05:50:33\', \'2026-07-01 05:50:33\')', 0)
 2 SYSTEMPATH\Database\BaseConnection.php(908): CodeIgniter\Database\MySQLi\Connection->execute('INSERT INTO `t_permohonan_magang` (`id_mahasiswa`, `id_instansi_mahasiswa`, `id_jenis_permohonan`, `deskripsi_keahlian`, `deskripsi_magang`, `tgl_mulai`, `tgl_selesai`, `posting_data`, `created_at`, `updated_at`) VALUES (1, 1, \'3\', \'Yapping\', \'Mmebuat website \', \'2026-07-01\', \'2026-08-31\', \'kirim\', \'2026-07-01 05:50:33\', \'2026-07-01 05:50:33\')')
 3 SYSTEMPATH\Database\BaseConnection.php(825): CodeIgniter\Database\BaseConnection->simpleQuery('INSERT INTO `t_permohonan_magang` (`id_mahasiswa`, `id_instansi_mahasiswa`, `id_jenis_permohonan`, `deskripsi_keahlian`, `deskripsi_magang`, `tgl_mulai`, `tgl_selesai`, `posting_data`, `created_at`, `updated_at`) VALUES (1, 1, \'3\', \'Yapping\', \'Mmebuat website \', \'2026-07-01\', \'2026-08-31\', \'kirim\', \'2026-07-01 05:50:33\', \'2026-07-01 05:50:33\')')
 4 SYSTEMPATH\Database\BaseBuilder.php(2343): CodeIgniter\Database\BaseConnection->query('INSERT INTO `t_permohonan_magang` (`id_mahasiswa`, `id_instansi_mahasiswa`, `id_jenis_permohonan`, `deskripsi_keahlian`, `deskripsi_magang`, `tgl_mulai`, `tgl_selesai`, `posting_data`, `created_at`, `updated_at`) VALUES (:id_mahasiswa:, :id_instansi_mahasiswa:, :id_jenis_permohonan:, :deskripsi_keahlian:, :deskripsi_magang:, :tgl_mulai:, :tgl_selesai:, :posting_data:, :created_at:, :updated_at:)', [...], false)
 5 SYSTEMPATH\Model.php(357): CodeIgniter\Database\BaseBuilder->insert()
 6 SYSTEMPATH\BaseModel.php(899): CodeIgniter\Model->doInsert([...])
 7 SYSTEMPATH\Model.php(670): CodeIgniter\BaseModel->insert([...], true)
 8 APPPATH\Controllers\MahasiswaController.php(71): CodeIgniter\Model->insert([...])
 9 SYSTEMPATH\CodeIgniter.php(974): App\Controllers\MahasiswaController->simpanPermohonan()
10 SYSTEMPATH\CodeIgniter.php(520): CodeIgniter\CodeIgniter->runController(Object(App\Controllers\MahasiswaController))
11 SYSTEMPATH\CodeIgniter.php(363): CodeIgniter\CodeIgniter->handleRequest(null, Object(Config\Cache), false)
12 SYSTEMPATH\Boot.php(417): CodeIgniter\CodeIgniter->run()
13 SYSTEMPATH\Boot.php(68): CodeIgniter\Boot::runCodeIgniter(Object(CodeIgniter\CodeIgniter))
14 FCPATH\index.php(59): CodeIgniter\Boot::bootWeb(Object(Config\Paths))
15 SYSTEMPATH\rewrite.php(44): require_once('C:\\Users\\lenovo\\Downloads\\Projectmagang\\public\\index.php')
CRITICAL - 2026-07-01 05:50:33 --> CodeIgniter\Database\Exceptions\DatabaseException: Cannot add or update a child row: a foreign key constraint fails (`db_elayanan_akademik_kominfo`.`t_permohonan_magang`, CONSTRAINT `t_permohonan_magang_id_jenis_permohonan_foreign` FOREIGN KEY (`id_jenis_permohonan`) REFERENCES `m_jenis_permohonan` (`id_jeni)
[Method: POST, Route: mahasiswa/permohonan/simpan]
in SYSTEMPATH\Database\BaseConnection.php on line 863.
 1 SYSTEMPATH\Database\BaseBuilder.php(2343): CodeIgniter\Database\BaseConnection->query('INSERT INTO `t_permohonan_magang` (`id_mahasiswa`, `id_instansi_mahasiswa`, `id_jenis_permohonan`, `deskripsi_keahlian`, `deskripsi_magang`, `tgl_mulai`, `tgl_selesai`, `posting_data`, `created_at`, `updated_at`) VALUES (:id_mahasiswa:, :id_instansi_mahasiswa:, :id_jenis_permohonan:, :deskripsi_keahlian:, :deskripsi_magang:, :tgl_mulai:, :tgl_selesai:, :posting_data:, :created_at:, :updated_at:)', [...], false)
 2 SYSTEMPATH\Model.php(357): CodeIgniter\Database\BaseBuilder->insert()
 3 SYSTEMPATH\BaseModel.php(899): CodeIgniter\Model->doInsert([...])
 4 SYSTEMPATH\Model.php(670): CodeIgniter\BaseModel->insert([...], true)
 5 APPPATH\Controllers\MahasiswaController.php(71): CodeIgniter\Model->insert([...])
 6 SYSTEMPATH\CodeIgniter.php(974): App\Controllers\MahasiswaController->simpanPermohonan()
 7 SYSTEMPATH\CodeIgniter.php(520): CodeIgniter\CodeIgniter->runController(Object(App\Controllers\MahasiswaController))
 8 SYSTEMPATH\CodeIgniter.php(363): CodeIgniter\CodeIgniter->handleRequest(null, Object(Config\Cache), false)
 9 SYSTEMPATH\Boot.php(417): CodeIgniter\CodeIgniter->run()
10 SYSTEMPATH\Boot.php(68): CodeIgniter\Boot::runCodeIgniter(Object(CodeIgniter\CodeIgniter))
11 FCPATH\index.php(59): CodeIgniter\Boot::bootWeb(Object(Config\Paths))
12 SYSTEMPATH\rewrite.php(44): require_once('C:\\Users\\lenovo\\Downloads\\Projectmagang\\public\\index.php')
CRITICAL - 2026-07-01 05:50:33 --> [Caused by] CodeIgniter\Database\Exceptions\DatabaseException: Cannot add or update a child row: a foreign key constraint fails (`db_elayanan_akademik_kominfo`.`t_permohonan_magang`, CONSTRAINT `t_permohonan_magang_id_jenis_permohonan_foreign` FOREIGN KEY (`id_jenis_permohonan`) REFERENCES `m_jenis_permohonan` (`id_jeni)
in SYSTEMPATH\Database\MySQLi\Connection.php on line 310.
 1 SYSTEMPATH\Database\BaseConnection.php(908): CodeIgniter\Database\MySQLi\Connection->execute('INSERT INTO `t_permohonan_magang` (`id_mahasiswa`, `id_instansi_mahasiswa`, `id_jenis_permohonan`, `deskripsi_keahlian`, `deskripsi_magang`, `tgl_mulai`, `tgl_selesai`, `posting_data`, `created_at`, `updated_at`) VALUES (1, 1, \'3\', \'Yapping\', \'Mmebuat website \', \'2026-07-01\', \'2026-08-31\', \'kirim\', \'2026-07-01 05:50:33\', \'2026-07-01 05:50:33\')')
 2 SYSTEMPATH\Database\BaseConnection.php(825): CodeIgniter\Database\BaseConnection->simpleQuery('INSERT INTO `t_permohonan_magang` (`id_mahasiswa`, `id_instansi_mahasiswa`, `id_jenis_permohonan`, `deskripsi_keahlian`, `deskripsi_magang`, `tgl_mulai`, `tgl_selesai`, `posting_data`, `created_at`, `updated_at`) VALUES (1, 1, \'3\', \'Yapping\', \'Mmebuat website \', \'2026-07-01\', \'2026-08-31\', \'kirim\', \'2026-07-01 05:50:33\', \'2026-07-01 05:50:33\')')
 3 SYSTEMPATH\Database\BaseBuilder.php(2343): CodeIgniter\Database\BaseConnection->query('INSERT INTO `t_permohonan_magang` (`id_mahasiswa`, `id_instansi_mahasiswa`, `id_jenis_permohonan`, `deskripsi_keahlian`, `deskripsi_magang`, `tgl_mulai`, `tgl_selesai`, `posting_data`, `created_at`, `updated_at`) VALUES (:id_mahasiswa:, :id_instansi_mahasiswa:, :id_jenis_permohonan:, :deskripsi_keahlian:, :deskripsi_magang:, :tgl_mulai:, :tgl_selesai:, :posting_data:, :created_at:, :updated_at:)', [...], false)
 4 SYSTEMPATH\Model.php(357): CodeIgniter\Database\BaseBuilder->insert()
 5 SYSTEMPATH\BaseModel.php(899): CodeIgniter\Model->doInsert([...])
 6 SYSTEMPATH\Model.php(670): CodeIgniter\BaseModel->insert([...], true)
 7 APPPATH\Controllers\MahasiswaController.php(71): CodeIgniter\Model->insert([...])
 8 SYSTEMPATH\CodeIgniter.php(974): App\Controllers\MahasiswaController->simpanPermohonan()
 9 SYSTEMPATH\CodeIgniter.php(520): CodeIgniter\CodeIgniter->runController(Object(App\Controllers\MahasiswaController))
10 SYSTEMPATH\CodeIgniter.php(363): CodeIgniter\CodeIgniter->handleRequest(null, Object(Config\Cache), false)
11 SYSTEMPATH\Boot.php(417): CodeIgniter\CodeIgniter->run()
12 SYSTEMPATH\Boot.php(68): CodeIgniter\Boot::runCodeIgniter(Object(CodeIgniter\CodeIgniter))
13 FCPATH\index.php(59): CodeIgniter\Boot::bootWeb(Object(Config\Paths))
14 SYSTEMPATH\rewrite.php(44): require_once('C:\\Users\\lenovo\\Downloads\\Projectmagang\\public\\index.php')
CRITICAL - 2026-07-01 05:50:33 --> [Caused by] mysqli_sql_exception: Cannot add or update a child row: a foreign key constraint fails (`db_elayanan_akademik_kominfo`.`t_permohonan_magang`, CONSTRAINT `t_permohonan_magang_id_jenis_permohonan_foreign` FOREIGN KEY (`id_jenis_permohonan`) REFERENCES `m_jenis_permohonan` (`id_jeni)
in SYSTEMPATH\Database\MySQLi\Connection.php on line 300.
 1 SYSTEMPATH\Database\MySQLi\Connection.php(300): mysqli->query('INSERT INTO `t_permohonan_magang` (`id_mahasiswa`, `id_instansi_mahasiswa`, `id_jenis_permohonan`, `deskripsi_keahlian`, `deskripsi_magang`, `tgl_mulai`, `tgl_selesai`, `posting_data`, `created_at`, `updated_at`) VALUES (1, 1, \'3\', \'Yapping\', \'Mmebuat website \', \'2026-07-01\', \'2026-08-31\', \'kirim\', \'2026-07-01 05:50:33\', \'2026-07-01 05:50:33\')', 0)
 2 SYSTEMPATH\Database\BaseConnection.php(908): CodeIgniter\Database\MySQLi\Connection->execute('INSERT INTO `t_permohonan_magang` (`id_mahasiswa`, `id_instansi_mahasiswa`, `id_jenis_permohonan`, `deskripsi_keahlian`, `deskripsi_magang`, `tgl_mulai`, `tgl_selesai`, `posting_data`, `created_at`, `updated_at`) VALUES (1, 1, \'3\', \'Yapping\', \'Mmebuat website \', \'2026-07-01\', \'2026-08-31\', \'kirim\', \'2026-07-01 05:50:33\', \'2026-07-01 05:50:33\')')
 3 SYSTEMPATH\Database\BaseConnection.php(825): CodeIgniter\Database\BaseConnection->simpleQuery('INSERT INTO `t_permohonan_magang` (`id_mahasiswa`, `id_instansi_mahasiswa`, `id_jenis_permohonan`, `deskripsi_keahlian`, `deskripsi_magang`, `tgl_mulai`, `tgl_selesai`, `posting_data`, `created_at`, `updated_at`) VALUES (1, 1, \'3\', \'Yapping\', \'Mmebuat website \', \'2026-07-01\', \'2026-08-31\', \'kirim\', \'2026-07-01 05:50:33\', \'2026-07-01 05:50:33\')')
 4 SYSTEMPATH\Database\BaseBuilder.php(2343): CodeIgniter\Database\BaseConnection->query('INSERT INTO `t_permohonan_magang` (`id_mahasiswa`, `id_instansi_mahasiswa`, `id_jenis_permohonan`, `deskripsi_keahlian`, `deskripsi_magang`, `tgl_mulai`, `tgl_selesai`, `posting_data`, `created_at`, `updated_at`) VALUES (:id_mahasiswa:, :id_instansi_mahasiswa:, :id_jenis_permohonan:, :deskripsi_keahlian:, :deskripsi_magang:, :tgl_mulai:, :tgl_selesai:, :posting_data:, :created_at:, :updated_at:)', [...], false)
 5 SYSTEMPATH\Model.php(357): CodeIgniter\Database\BaseBuilder->insert()
 6 SYSTEMPATH\BaseModel.php(899): CodeIgniter\Model->doInsert([...])
 7 SYSTEMPATH\Model.php(670): CodeIgniter\BaseModel->insert([...], true)
 8 APPPATH\Controllers\MahasiswaController.php(71): CodeIgniter\Model->insert([...])
 9 SYSTEMPATH\CodeIgniter.php(974): App\Controllers\MahasiswaController->simpanPermohonan()
10 SYSTEMPATH\CodeIgniter.php(520): CodeIgniter\CodeIgniter->runController(Object(App\Controllers\MahasiswaController))
11 SYSTEMPATH\CodeIgniter.php(363): CodeIgniter\CodeIgniter->handleRequest(null, Object(Config\Cache), false)
12 SYSTEMPATH\Boot.php(417): CodeIgniter\CodeIgniter->run()
13 SYSTEMPATH\Boot.php(68): CodeIgniter\Boot::runCodeIgniter(Object(CodeIgniter\CodeIgniter))
14 FCPATH\index.php(59): CodeIgniter\Boot::bootWeb(Object(Config\Paths))
15 SYSTEMPATH\rewrite.php(44): require_once('C:\\Users\\lenovo\\Downloads\\Projectmagang\\public\\index.php')
DEBUG - 2026-07-01 05:54:21 --> Session: Class initialized using 'CodeIgniter\Session\Handlers\FileHandler' driver.
DEBUG - 2026-07-01 05:54:22 --> Session: Class initialized using 'CodeIgniter\Session\Handlers\FileHandler' driver.
DEBUG - 2026-07-01 05:56:37 --> Session: Class initialized using 'CodeIgniter\Session\Handlers\FileHandler' driver.
DEBUG - 2026-07-01 05:58:57 --> Session: Class initialized using 'CodeIgniter\Session\Handlers\FileHandler' driver.
DEBUG - 2026-07-01 05:58:57 --> Session: Class initialized using 'CodeIgniter\Session\Handlers\FileHandler' driver.
DEBUG - 2026-07-01 06:20:39 --> Session: Class initialized using 'CodeIgniter\Session\Handlers\FileHandler' driver.
DEBUG - 2026-07-01 06:20:46 --> Session: Class initialized using 'CodeIgniter\Session\Handlers\FileHandler' driver.
DEBUG - 2026-07-01 06:22:02 --> Session: Class initialized using 'CodeIgniter\Session\Handlers\FileHandler' driver.
DEBUG - 2026-07-01 06:22:05 --> Session: Class initialized using 'CodeIgniter\Session\Handlers\FileHandler' driver.
DEBUG - 2026-07-01 06:22:06 --> Session: Class initialized using 'CodeIgniter\Session\Handlers\FileHandler' driver.
DEBUG - 2026-07-01 06:22:08 --> Session: Class initialized using 'CodeIgniter\Session\Handlers\FileHandler' driver.
DEBUG - 2026-07-01 06:27:16 --> Session: Class initialized using 'CodeIgniter\Session\Handlers\FileHandler' driver.
DEBUG - 2026-07-01 06:27:19 --> Session: Class initialized using 'CodeIgniter\Session\Handlers\FileHandler' driver.
DEBUG - 2026-07-01 06:29:05 --> Session: Class initialized using 'CodeIgniter\Session\Handlers\FileHandler' driver.
DEBUG - 2026-07-01 06:29:07 --> Session: Class initialized using 'CodeIgniter\Session\Handlers\FileHandler' driver.
DEBUG - 2026-07-01 06:40:50 --> Session: Class initialized using 'CodeIgniter\Session\Handlers\FileHandler' driver.
DEBUG - 2026-07-01 06:41:09 --> Session: Class initialized using 'CodeIgniter\Session\Handlers\FileHandler' driver.
DEBUG - 2026-07-01 06:41:20 --> Session: Class initialized using 'CodeIgniter\Session\Handlers\FileHandler' driver.
DEBUG - 2026-07-01 06:41:40 --> Session: Class initialized using 'CodeIgniter\Session\Handlers\FileHandler' driver.
DEBUG - 2026-07-01 06:41:43 --> Session: Class initialized using 'CodeIgniter\Session\Handlers\FileHandler' driver.
DEBUG - 2026-07-01 06:44:01 --> Session: Class initialized using 'CodeIgniter\Session\Handlers\FileHandler' driver.
DEBUG - 2026-07-01 06:44:06 --> Session: Class initialized using 'CodeIgniter\Session\Handlers\FileHandler' driver.
DEBUG - 2026-07-01 06:48:46 --> Session: Class initialized using 'CodeIgniter\Session\Handlers\FileHandler' driver.
DEBUG - 2026-07-01 06:48:49 --> Session: Class initialized using 'CodeIgniter\Session\Handlers\FileHandler' driver.
DEBUG - 2026-07-01 06:49:08 --> Session: Class initialized using 'CodeIgniter\Session\Handlers\FileHandler' driver.
DEBUG - 2026-07-01 06:49:09 --> Session: Class initialized using 'CodeIgniter\Session\Handlers\FileHandler' driver.
DEBUG - 2026-07-01 06:49:11 --> Session: Class initialized using 'CodeIgniter\Session\Handlers\FileHandler' driver.
DEBUG - 2026-07-01 06:52:17 --> Session: Class initialized using 'CodeIgniter\Session\Handlers\FileHandler' driver.
DEBUG - 2026-07-01 06:52:19 --> Session: Class initialized using 'CodeIgniter\Session\Handlers\FileHandler' driver.
DEBUG - 2026-07-01 06:52:21 --> Session: Class initialized using 'CodeIgniter\Session\Handlers\FileHandler' driver.
DEBUG - 2026-07-01 06:52:23 --> Session: Class initialized using 'CodeIgniter\Session\Handlers\FileHandler' driver.
DEBUG - 2026-07-01 06:52:25 --> Session: Class initialized using 'CodeIgniter\Session\Handlers\FileHandler' driver.
DEBUG - 2026-07-01 06:52:27 --> Session: Class initialized using 'CodeIgniter\Session\Handlers\FileHandler' driver.
DEBUG - 2026-07-01 06:52:28 --> Session: Class initialized using 'CodeIgniter\Session\Handlers\FileHandler' driver.
DEBUG - 2026-07-01 06:52:30 --> Session: Class initialized using 'CodeIgniter\Session\Handlers\FileHandler' driver.
DEBUG - 2026-07-01 06:52:35 --> Session: Class initialized using 'CodeIgniter\Session\Handlers\FileHandler' driver.
DEBUG - 2026-07-01 06:52:37 --> Session: Class initialized using 'CodeIgniter\Session\Handlers\FileHandler' driver.
DEBUG - 2026-07-01 06:52:39 --> Session: Class initialized using 'CodeIgniter\Session\Handlers\FileHandler' driver.
DEBUG - 2026-07-01 06:52:41 --> Session: Class initialized using 'CodeIgniter\Session\Handlers\FileHandler' driver.
DEBUG - 2026-07-01 06:52:42 --> Session: Class initialized using 'CodeIgniter\Session\Handlers\FileHandler' driver.
DEBUG - 2026-07-01 06:52:44 --> Session: Class initialized using 'CodeIgniter\Session\Handlers\FileHandler' driver.
DEBUG - 2026-07-01 06:52:45 --> Session: Class initialized using 'CodeIgniter\Session\Handlers\FileHandler' driver.
DEBUG - 2026-07-01 06:52:46 --> Session: Class initialized using 'CodeIgniter\Session\Handlers\FileHandler' driver.
DEBUG - 2026-07-01 06:52:47 --> Session: Class initialized using 'CodeIgniter\Session\Handlers\FileHandler' driver.
DEBUG - 2026-07-01 06:52:49 --> Session: Class initialized using 'CodeIgniter\Session\Handlers\FileHandler' driver.
DEBUG - 2026-07-01 06:52:49 --> Session: Class initialized using 'CodeIgniter\Session\Handlers\FileHandler' driver.
DEBUG - 2026-07-01 06:52:54 --> Session: Class initialized using 'CodeIgniter\Session\Handlers\FileHandler' driver.
DEBUG - 2026-07-01 06:52:55 --> Session: Class initialized using 'CodeIgniter\Session\Handlers\FileHandler' driver.
DEBUG - 2026-07-01 06:52:56 --> Session: Class initialized using 'CodeIgniter\Session\Handlers\FileHandler' driver.
DEBUG - 2026-07-01 06:52:57 --> Session: Class initialized using 'CodeIgniter\Session\Handlers\FileHandler' driver.
DEBUG - 2026-07-01 06:52:58 --> Session: Class initialized using 'CodeIgniter\Session\Handlers\FileHandler' driver.
DEBUG - 2026-07-01 06:53:00 --> Session: Class initialized using 'CodeIgniter\Session\Handlers\FileHandler' driver.
DEBUG - 2026-07-01 06:53:01 --> Session: Class initialized using 'CodeIgniter\Session\Handlers\FileHandler' driver.
DEBUG - 2026-07-01 06:53:02 --> Session: Class initialized using 'CodeIgniter\Session\Handlers\FileHandler' driver.
DEBUG - 2026-07-01 06:53:03 --> Session: Class initialized using 'CodeIgniter\Session\Handlers\FileHandler' driver.
DEBUG - 2026-07-01 06:53:04 --> Session: Class initialized using 'CodeIgniter\Session\Handlers\FileHandler' driver.
DEBUG - 2026-07-01 06:53:06 --> Session: Class initialized using 'CodeIgniter\Session\Handlers\FileHandler' driver.
DEBUG - 2026-07-01 06:53:07 --> Session: Class initialized using 'CodeIgniter\Session\Handlers\FileHandler' driver.
DEBUG - 2026-07-01 06:53:09 --> Session: Class initialized using 'CodeIgniter\Session\Handlers\FileHandler' driver.
DEBUG - 2026-07-01 06:53:11 --> Session: Class initialized using 'CodeIgniter\Session\Handlers\FileHandler' driver.
DEBUG - 2026-07-01 06:53:12 --> Session: Class initialized using 'CodeIgniter\Session\Handlers\FileHandler' driver.
DEBUG - 2026-07-01 06:53:14 --> Session: Class initialized using 'CodeIgniter\Session\Handlers\FileHandler' driver.
DEBUG - 2026-07-01 06:53:16 --> Session: Class initialized using 'CodeIgniter\Session\Handlers\FileHandler' driver.
DEBUG - 2026-07-01 06:53:17 --> Session: Class initialized using 'CodeIgniter\Session\Handlers\FileHandler' driver.
DEBUG - 2026-07-01 06:53:18 --> Session: Class initialized using 'CodeIgniter\Session\Handlers\FileHandler' driver.
DEBUG - 2026-07-01 06:53:26 --> Session: Class initialized using 'CodeIgniter\Session\Handlers\FileHandler' driver.
DEBUG - 2026-07-01 06:53:27 --> Session: Class initialized using 'CodeIgniter\Session\Handlers\FileHandler' driver.
DEBUG - 2026-07-01 06:53:28 --> Session: Class initialized using 'CodeIgniter\Session\Handlers\FileHandler' driver.
DEBUG - 2026-07-01 06:53:29 --> Session: Class initialized using 'CodeIgniter\Session\Handlers\FileHandler' driver.
DEBUG - 2026-07-01 06:53:31 --> Session: Class initialized using 'CodeIgniter\Session\Handlers\FileHandler' driver.
DEBUG - 2026-07-01 06:53:34 --> Session: Class initialized using 'CodeIgniter\Session\Handlers\FileHandler' driver.
DEBUG - 2026-07-01 06:53:34 --> Session: Class initialized using 'CodeIgniter\Session\Handlers\FileHandler' driver.
DEBUG - 2026-07-01 06:54:18 --> Session: Class initialized using 'CodeIgniter\Session\Handlers\FileHandler' driver.
DEBUG - 2026-07-01 07:04:07 --> Session: Class initialized using 'CodeIgniter\Session\Handlers\FileHandler' driver.
ERROR - 2026-07-01 07:04:47 --> Unknown column 'updated_at' in 'field list'
in SYSTEMPATH\Database\MySQLi\Connection.php on line 300.
 1 SYSTEMPATH\Database\MySQLi\Connection.php(300): mysqli->query('INSERT INTO `t_logbook_magang` (`id_penempatan_magang`, `tgl_logbook`, `logbook_magang`, `disetujui_oleh`, `file_tanda_tangan`, `tgl_disetujui`, `created_at`, `updated_at`) VALUES (1, \'2026-07-01\', \'Mmebuat tampilan dashboard\', NULL, NULL, NULL, \'2026-07-01 07:04:47\', \'2026-07-01 07:04:47\')', 0)
 2 SYSTEMPATH\Database\BaseConnection.php(908): CodeIgniter\Database\MySQLi\Connection->execute('INSERT INTO `t_logbook_magang` (`id_penempatan_magang`, `tgl_logbook`, `logbook_magang`, `disetujui_oleh`, `file_tanda_tangan`, `tgl_disetujui`, `created_at`, `updated_at`) VALUES (1, \'2026-07-01\', \'Mmebuat tampilan dashboard\', NULL, NULL, NULL, \'2026-07-01 07:04:47\', \'2026-07-01 07:04:47\')')
 3 SYSTEMPATH\Database\BaseConnection.php(825): CodeIgniter\Database\BaseConnection->simpleQuery('INSERT INTO `t_logbook_magang` (`id_penempatan_magang`, `tgl_logbook`, `logbook_magang`, `disetujui_oleh`, `file_tanda_tangan`, `tgl_disetujui`, `created_at`, `updated_at`) VALUES (1, \'2026-07-01\', \'Mmebuat tampilan dashboard\', NULL, NULL, NULL, \'2026-07-01 07:04:47\', \'2026-07-01 07:04:47\')')
 4 SYSTEMPATH\Database\BaseBuilder.php(2343): CodeIgniter\Database\BaseConnection->query('INSERT INTO `t_logbook_magang` (`id_penempatan_magang`, `tgl_logbook`, `logbook_magang`, `disetujui_oleh`, `file_tanda_tangan`, `tgl_disetujui`, `created_at`, `updated_at`) VALUES (:id_penempatan_magang:, :tgl_logbook:, :logbook_magang:, :disetujui_oleh:, :file_tanda_tangan:, :tgl_disetujui:, :created_at:, :updated_at:)', [...], false)
 5 SYSTEMPATH\Model.php(357): CodeIgniter\Database\BaseBuilder->insert()
 6 SYSTEMPATH\BaseModel.php(899): CodeIgniter\Model->doInsert([...])
 7 SYSTEMPATH\Model.php(670): CodeIgniter\BaseModel->insert([...], true)
 8 APPPATH\Controllers\MahasiswaController.php(138): CodeIgniter\Model->insert([...])
 9 SYSTEMPATH\CodeIgniter.php(974): App\Controllers\MahasiswaController->simpanLogbook()
10 SYSTEMPATH\CodeIgniter.php(520): CodeIgniter\CodeIgniter->runController(Object(App\Controllers\MahasiswaController))
11 SYSTEMPATH\CodeIgniter.php(363): CodeIgniter\CodeIgniter->handleRequest(null, Object(Config\Cache), false)
12 SYSTEMPATH\Boot.php(417): CodeIgniter\CodeIgniter->run()
13 SYSTEMPATH\Boot.php(68): CodeIgniter\Boot::runCodeIgniter(Object(CodeIgniter\CodeIgniter))
14 FCPATH\index.php(59): CodeIgniter\Boot::bootWeb(Object(Config\Paths))
15 SYSTEMPATH\rewrite.php(44): require_once('C:\\Users\\lenovo\\Downloads\\Projectmagang\\public\\index.php')
CRITICAL - 2026-07-01 07:04:47 --> CodeIgniter\Database\Exceptions\DatabaseException: Unknown column 'updated_at' in 'field list'
[Method: POST, Route: mahasiswa/logbook/simpan]
in SYSTEMPATH\Database\BaseConnection.php on line 863.
 1 SYSTEMPATH\Database\BaseBuilder.php(2343): CodeIgniter\Database\BaseConnection->query('INSERT INTO `t_logbook_magang` (`id_penempatan_magang`, `tgl_logbook`, `logbook_magang`, `disetujui_oleh`, `file_tanda_tangan`, `tgl_disetujui`, `created_at`, `updated_at`) VALUES (:id_penempatan_magang:, :tgl_logbook:, :logbook_magang:, :disetujui_oleh:, :file_tanda_tangan:, :tgl_disetujui:, :created_at:, :updated_at:)', [...], false)
 2 SYSTEMPATH\Model.php(357): CodeIgniter\Database\BaseBuilder->insert()
 3 SYSTEMPATH\BaseModel.php(899): CodeIgniter\Model->doInsert([...])
 4 SYSTEMPATH\Model.php(670): CodeIgniter\BaseModel->insert([...], true)
 5 APPPATH\Controllers\MahasiswaController.php(138): CodeIgniter\Model->insert([...])
 6 SYSTEMPATH\CodeIgniter.php(974): App\Controllers\MahasiswaController->simpanLogbook()
 7 SYSTEMPATH\CodeIgniter.php(520): CodeIgniter\CodeIgniter->runController(Object(App\Controllers\MahasiswaController))
 8 SYSTEMPATH\CodeIgniter.php(363): CodeIgniter\CodeIgniter->handleRequest(null, Object(Config\Cache), false)
 9 SYSTEMPATH\Boot.php(417): CodeIgniter\CodeIgniter->run()
10 SYSTEMPATH\Boot.php(68): CodeIgniter\Boot::runCodeIgniter(Object(CodeIgniter\CodeIgniter))
11 FCPATH\index.php(59): CodeIgniter\Boot::bootWeb(Object(Config\Paths))
12 SYSTEMPATH\rewrite.php(44): require_once('C:\\Users\\lenovo\\Downloads\\Projectmagang\\public\\index.php')
CRITICAL - 2026-07-01 07:04:47 --> [Caused by] CodeIgniter\Database\Exceptions\DatabaseException: Unknown column 'updated_at' in 'field list'
in SYSTEMPATH\Database\MySQLi\Connection.php on line 310.
 1 SYSTEMPATH\Database\BaseConnection.php(908): CodeIgniter\Database\MySQLi\Connection->execute('INSERT INTO `t_logbook_magang` (`id_penempatan_magang`, `tgl_logbook`, `logbook_magang`, `disetujui_oleh`, `file_tanda_tangan`, `tgl_disetujui`, `created_at`, `updated_at`) VALUES (1, \'2026-07-01\', \'Mmebuat tampilan dashboard\', NULL, NULL, NULL, \'2026-07-01 07:04:47\', \'2026-07-01 07:04:47\')')
 2 SYSTEMPATH\Database\BaseConnection.php(825): CodeIgniter\Database\BaseConnection->simpleQuery('INSERT INTO `t_logbook_magang` (`id_penempatan_magang`, `tgl_logbook`, `logbook_magang`, `disetujui_oleh`, `file_tanda_tangan`, `tgl_disetujui`, `created_at`, `updated_at`) VALUES (1, \'2026-07-01\', \'Mmebuat tampilan dashboard\', NULL, NULL, NULL, \'2026-07-01 07:04:47\', \'2026-07-01 07:04:47\')')
 3 SYSTEMPATH\Database\BaseBuilder.php(2343): CodeIgniter\Database\BaseConnection->query('INSERT INTO `t_logbook_magang` (`id_penempatan_magang`, `tgl_logbook`, `logbook_magang`, `disetujui_oleh`, `file_tanda_tangan`, `tgl_disetujui`, `created_at`, `updated_at`) VALUES (:id_penempatan_magang:, :tgl_logbook:, :logbook_magang:, :disetujui_oleh:, :file_tanda_tangan:, :tgl_disetujui:, :created_at:, :updated_at:)', [...], false)
 4 SYSTEMPATH\Model.php(357): CodeIgniter\Database\BaseBuilder->insert()
 5 SYSTEMPATH\BaseModel.php(899): CodeIgniter\Model->doInsert([...])
 6 SYSTEMPATH\Model.php(670): CodeIgniter\BaseModel->insert([...], true)
 7 APPPATH\Controllers\MahasiswaController.php(138): CodeIgniter\Model->insert([...])
 8 SYSTEMPATH\CodeIgniter.php(974): App\Controllers\MahasiswaController->simpanLogbook()
 9 SYSTEMPATH\CodeIgniter.php(520): CodeIgniter\CodeIgniter->runController(Object(App\Controllers\MahasiswaController))
10 SYSTEMPATH\CodeIgniter.php(363): CodeIgniter\CodeIgniter->handleRequest(null, Object(Config\Cache), false)
11 SYSTEMPATH\Boot.php(417): CodeIgniter\CodeIgniter->run()
12 SYSTEMPATH\Boot.php(68): CodeIgniter\Boot::runCodeIgniter(Object(CodeIgniter\CodeIgniter))
13 FCPATH\index.php(59): CodeIgniter\Boot::bootWeb(Object(Config\Paths))
14 SYSTEMPATH\rewrite.php(44): require_once('C:\\Users\\lenovo\\Downloads\\Projectmagang\\public\\index.php')
CRITICAL - 2026-07-01 07:04:47 --> [Caused by] mysqli_sql_exception: Unknown column 'updated_at' in 'field list'
in SYSTEMPATH\Database\MySQLi\Connection.php on line 300.
 1 SYSTEMPATH\Database\MySQLi\Connection.php(300): mysqli->query('INSERT INTO `t_logbook_magang` (`id_penempatan_magang`, `tgl_logbook`, `logbook_magang`, `disetujui_oleh`, `file_tanda_tangan`, `tgl_disetujui`, `created_at`, `updated_at`) VALUES (1, \'2026-07-01\', \'Mmebuat tampilan dashboard\', NULL, NULL, NULL, \'2026-07-01 07:04:47\', \'2026-07-01 07:04:47\')', 0)
 2 SYSTEMPATH\Database\BaseConnection.php(908): CodeIgniter\Database\MySQLi\Connection->execute('INSERT INTO `t_logbook_magang` (`id_penempatan_magang`, `tgl_logbook`, `logbook_magang`, `disetujui_oleh`, `file_tanda_tangan`, `tgl_disetujui`, `created_at`, `updated_at`) VALUES (1, \'2026-07-01\', \'Mmebuat tampilan dashboard\', NULL, NULL, NULL, \'2026-07-01 07:04:47\', \'2026-07-01 07:04:47\')')
 3 SYSTEMPATH\Database\BaseConnection.php(825): CodeIgniter\Database\BaseConnection->simpleQuery('INSERT INTO `t_logbook_magang` (`id_penempatan_magang`, `tgl_logbook`, `logbook_magang`, `disetujui_oleh`, `file_tanda_tangan`, `tgl_disetujui`, `created_at`, `updated_at`) VALUES (1, \'2026-07-01\', \'Mmebuat tampilan dashboard\', NULL, NULL, NULL, \'2026-07-01 07:04:47\', \'2026-07-01 07:04:47\')')
 4 SYSTEMPATH\Database\BaseBuilder.php(2343): CodeIgniter\Database\BaseConnection->query('INSERT INTO `t_logbook_magang` (`id_penempatan_magang`, `tgl_logbook`, `logbook_magang`, `disetujui_oleh`, `file_tanda_tangan`, `tgl_disetujui`, `created_at`, `updated_at`) VALUES (:id_penempatan_magang:, :tgl_logbook:, :logbook_magang:, :disetujui_oleh:, :file_tanda_tangan:, :tgl_disetujui:, :created_at:, :updated_at:)', [...], false)
 5 SYSTEMPATH\Model.php(357): CodeIgniter\Database\BaseBuilder->insert()
 6 SYSTEMPATH\BaseModel.php(899): CodeIgniter\Model->doInsert([...])
 7 SYSTEMPATH\Model.php(670): CodeIgniter\BaseModel->insert([...], true)
 8 APPPATH\Controllers\MahasiswaController.php(138): CodeIgniter\Model->insert([...])
 9 SYSTEMPATH\CodeIgniter.php(974): App\Controllers\MahasiswaController->simpanLogbook()
10 SYSTEMPATH\CodeIgniter.php(520): CodeIgniter\CodeIgniter->runController(Object(App\Controllers\MahasiswaController))
11 SYSTEMPATH\CodeIgniter.php(363): CodeIgniter\CodeIgniter->handleRequest(null, Object(Config\Cache), false)
12 SYSTEMPATH\Boot.php(417): CodeIgniter\CodeIgniter->run()
13 SYSTEMPATH\Boot.php(68): CodeIgniter\Boot::runCodeIgniter(Object(CodeIgniter\CodeIgniter))
14 FCPATH\index.php(59): CodeIgniter\Boot::bootWeb(Object(Config\Paths))
15 SYSTEMPATH\rewrite.php(44): require_once('C:\\Users\\lenovo\\Downloads\\Projectmagang\\public\\index.php')
DEBUG - 2026-07-01 07:11:57 --> Session: Class initialized using 'CodeIgniter\Session\Handlers\FileHandler' driver.
ERROR - 2026-07-01 07:12:28 --> Cannot add or update a child row: a foreign key constraint fails (`db_elayanan_akademik_kominfo`.`t_logbook_magang`, CONSTRAINT `t_logbook_magang_id_penempatan_magang_foreign` FOREIGN KEY (`id_penempatan_magang`) REFERENCES `t_penempatan_magang` (`id_penempa)
in SYSTEMPATH\Database\MySQLi\Connection.php on line 300.
 1 SYSTEMPATH\Database\MySQLi\Connection.php(300): mysqli->query('INSERT INTO `t_logbook_magang` (`id_penempatan_magang`, `tgl_logbook`, `logbook_magang`, `disetujui_oleh`, `file_tanda_tangan`, `tgl_disetujui`) VALUES (1, \'2026-07-01\', \'Membuat tampilan apk\', NULL, NULL, NULL)', 0)
 2 SYSTEMPATH\Database\BaseConnection.php(908): CodeIgniter\Database\MySQLi\Connection->execute('INSERT INTO `t_logbook_magang` (`id_penempatan_magang`, `tgl_logbook`, `logbook_magang`, `disetujui_oleh`, `file_tanda_tangan`, `tgl_disetujui`) VALUES (1, \'2026-07-01\', \'Membuat tampilan apk\', NULL, NULL, NULL)')
 3 SYSTEMPATH\Database\BaseConnection.php(825): CodeIgniter\Database\BaseConnection->simpleQuery('INSERT INTO `t_logbook_magang` (`id_penempatan_magang`, `tgl_logbook`, `logbook_magang`, `disetujui_oleh`, `file_tanda_tangan`, `tgl_disetujui`) VALUES (1, \'2026-07-01\', \'Membuat tampilan apk\', NULL, NULL, NULL)')
 4 SYSTEMPATH\Database\BaseBuilder.php(2343): CodeIgniter\Database\BaseConnection->query('INSERT INTO `t_logbook_magang` (`id_penempatan_magang`, `tgl_logbook`, `logbook_magang`, `disetujui_oleh`, `file_tanda_tangan`, `tgl_disetujui`) VALUES (:id_penempatan_magang:, :tgl_logbook:, :logbook_magang:, :disetujui_oleh:, :file_tanda_tangan:, :tgl_disetujui:)', [...], false)
 5 SYSTEMPATH\Model.php(357): CodeIgniter\Database\BaseBuilder->insert()
 6 SYSTEMPATH\BaseModel.php(899): CodeIgniter\Model->doInsert([...])
 7 SYSTEMPATH\Model.php(670): CodeIgniter\BaseModel->insert([...], true)
 8 APPPATH\Controllers\MahasiswaController.php(138): CodeIgniter\Model->insert([...])
 9 SYSTEMPATH\CodeIgniter.php(974): App\Controllers\MahasiswaController->simpanLogbook()
10 SYSTEMPATH\CodeIgniter.php(520): CodeIgniter\CodeIgniter->runController(Object(App\Controllers\MahasiswaController))
11 SYSTEMPATH\CodeIgniter.php(363): CodeIgniter\CodeIgniter->handleRequest(null, Object(Config\Cache), false)
12 SYSTEMPATH\Boot.php(417): CodeIgniter\CodeIgniter->run()
13 SYSTEMPATH\Boot.php(68): CodeIgniter\Boot::runCodeIgniter(Object(CodeIgniter\CodeIgniter))
14 FCPATH\index.php(59): CodeIgniter\Boot::bootWeb(Object(Config\Paths))
15 SYSTEMPATH\rewrite.php(44): require_once('C:\\Users\\lenovo\\Downloads\\Projectmagang\\public\\index.php')
CRITICAL - 2026-07-01 07:12:28 --> CodeIgniter\Database\Exceptions\DatabaseException: Cannot add or update a child row: a foreign key constraint fails (`db_elayanan_akademik_kominfo`.`t_logbook_magang`, CONSTRAINT `t_logbook_magang_id_penempatan_magang_foreign` FOREIGN KEY (`id_penempatan_magang`) REFERENCES `t_penempatan_magang` (`id_penempa)
[Method: POST, Route: mahasiswa/logbook/simpan]
in SYSTEMPATH\Database\BaseConnection.php on line 863.
 1 SYSTEMPATH\Database\BaseBuilder.php(2343): CodeIgniter\Database\BaseConnection->query('INSERT INTO `t_logbook_magang` (`id_penempatan_magang`, `tgl_logbook`, `logbook_magang`, `disetujui_oleh`, `file_tanda_tangan`, `tgl_disetujui`) VALUES (:id_penempatan_magang:, :tgl_logbook:, :logbook_magang:, :disetujui_oleh:, :file_tanda_tangan:, :tgl_disetujui:)', [...], false)
 2 SYSTEMPATH\Model.php(357): CodeIgniter\Database\BaseBuilder->insert()
 3 SYSTEMPATH\BaseModel.php(899): CodeIgniter\Model->doInsert([...])
 4 SYSTEMPATH\Model.php(670): CodeIgniter\BaseModel->insert([...], true)
 5 APPPATH\Controllers\MahasiswaController.php(138): CodeIgniter\Model->insert([...])
 6 SYSTEMPATH\CodeIgniter.php(974): App\Controllers\MahasiswaController->simpanLogbook()
 7 SYSTEMPATH\CodeIgniter.php(520): CodeIgniter\CodeIgniter->runController(Object(App\Controllers\MahasiswaController))
 8 SYSTEMPATH\CodeIgniter.php(363): CodeIgniter\CodeIgniter->handleRequest(null, Object(Config\Cache), false)
 9 SYSTEMPATH\Boot.php(417): CodeIgniter\CodeIgniter->run()
10 SYSTEMPATH\Boot.php(68): CodeIgniter\Boot::runCodeIgniter(Object(CodeIgniter\CodeIgniter))
11 FCPATH\index.php(59): CodeIgniter\Boot::bootWeb(Object(Config\Paths))
12 SYSTEMPATH\rewrite.php(44): require_once('C:\\Users\\lenovo\\Downloads\\Projectmagang\\public\\index.php')
CRITICAL - 2026-07-01 07:12:28 --> [Caused by] CodeIgniter\Database\Exceptions\DatabaseException: Cannot add or update a child row: a foreign key constraint fails (`db_elayanan_akademik_kominfo`.`t_logbook_magang`, CONSTRAINT `t_logbook_magang_id_penempatan_magang_foreign` FOREIGN KEY (`id_penempatan_magang`) REFERENCES `t_penempatan_magang` (`id_penempa)
in SYSTEMPATH\Database\MySQLi\Connection.php on line 310.
 1 SYSTEMPATH\Database\BaseConnection.php(908): CodeIgniter\Database\MySQLi\Connection->execute('INSERT INTO `t_logbook_magang` (`id_penempatan_magang`, `tgl_logbook`, `logbook_magang`, `disetujui_oleh`, `file_tanda_tangan`, `tgl_disetujui`) VALUES (1, \'2026-07-01\', \'Membuat tampilan apk\', NULL, NULL, NULL)')
 2 SYSTEMPATH\Database\BaseConnection.php(825): CodeIgniter\Database\BaseConnection->simpleQuery('INSERT INTO `t_logbook_magang` (`id_penempatan_magang`, `tgl_logbook`, `logbook_magang`, `disetujui_oleh`, `file_tanda_tangan`, `tgl_disetujui`) VALUES (1, \'2026-07-01\', \'Membuat tampilan apk\', NULL, NULL, NULL)')
 3 SYSTEMPATH\Database\BaseBuilder.php(2343): CodeIgniter\Database\BaseConnection->query('INSERT INTO `t_logbook_magang` (`id_penempatan_magang`, `tgl_logbook`, `logbook_magang`, `disetujui_oleh`, `file_tanda_tangan`, `tgl_disetujui`) VALUES (:id_penempatan_magang:, :tgl_logbook:, :logbook_magang:, :disetujui_oleh:, :file_tanda_tangan:, :tgl_disetujui:)', [...], false)
 4 SYSTEMPATH\Model.php(357): CodeIgniter\Database\BaseBuilder->insert()
 5 SYSTEMPATH\BaseModel.php(899): CodeIgniter\Model->doInsert([...])
 6 SYSTEMPATH\Model.php(670): CodeIgniter\BaseModel->insert([...], true)
 7 APPPATH\Controllers\MahasiswaController.php(138): CodeIgniter\Model->insert([...])
 8 SYSTEMPATH\CodeIgniter.php(974): App\Controllers\MahasiswaController->simpanLogbook()
 9 SYSTEMPATH\CodeIgniter.php(520): CodeIgniter\CodeIgniter->runController(Object(App\Controllers\MahasiswaController))
10 SYSTEMPATH\CodeIgniter.php(363): CodeIgniter\CodeIgniter->handleRequest(null, Object(Config\Cache), false)
11 SYSTEMPATH\Boot.php(417): CodeIgniter\CodeIgniter->run()
12 SYSTEMPATH\Boot.php(68): CodeIgniter\Boot::runCodeIgniter(Object(CodeIgniter\CodeIgniter))
13 FCPATH\index.php(59): CodeIgniter\Boot::bootWeb(Object(Config\Paths))
14 SYSTEMPATH\rewrite.php(44): require_once('C:\\Users\\lenovo\\Downloads\\Projectmagang\\public\\index.php')
CRITICAL - 2026-07-01 07:12:28 --> [Caused by] mysqli_sql_exception: Cannot add or update a child row: a foreign key constraint fails (`db_elayanan_akademik_kominfo`.`t_logbook_magang`, CONSTRAINT `t_logbook_magang_id_penempatan_magang_foreign` FOREIGN KEY (`id_penempatan_magang`) REFERENCES `t_penempatan_magang` (`id_penempa)
in SYSTEMPATH\Database\MySQLi\Connection.php on line 300.
 1 SYSTEMPATH\Database\MySQLi\Connection.php(300): mysqli->query('INSERT INTO `t_logbook_magang` (`id_penempatan_magang`, `tgl_logbook`, `logbook_magang`, `disetujui_oleh`, `file_tanda_tangan`, `tgl_disetujui`) VALUES (1, \'2026-07-01\', \'Membuat tampilan apk\', NULL, NULL, NULL)', 0)
 2 SYSTEMPATH\Database\BaseConnection.php(908): CodeIgniter\Database\MySQLi\Connection->execute('INSERT INTO `t_logbook_magang` (`id_penempatan_magang`, `tgl_logbook`, `logbook_magang`, `disetujui_oleh`, `file_tanda_tangan`, `tgl_disetujui`) VALUES (1, \'2026-07-01\', \'Membuat tampilan apk\', NULL, NULL, NULL)')
 3 SYSTEMPATH\Database\BaseConnection.php(825): CodeIgniter\Database\BaseConnection->simpleQuery('INSERT INTO `t_logbook_magang` (`id_penempatan_magang`, `tgl_logbook`, `logbook_magang`, `disetujui_oleh`, `file_tanda_tangan`, `tgl_disetujui`) VALUES (1, \'2026-07-01\', \'Membuat tampilan apk\', NULL, NULL, NULL)')
 4 SYSTEMPATH\Database\BaseBuilder.php(2343): CodeIgniter\Database\BaseConnection->query('INSERT INTO `t_logbook_magang` (`id_penempatan_magang`, `tgl_logbook`, `logbook_magang`, `disetujui_oleh`, `file_tanda_tangan`, `tgl_disetujui`) VALUES (:id_penempatan_magang:, :tgl_logbook:, :logbook_magang:, :disetujui_oleh:, :file_tanda_tangan:, :tgl_disetujui:)', [...], false)
 5 SYSTEMPATH\Model.php(357): CodeIgniter\Database\BaseBuilder->insert()
 6 SYSTEMPATH\BaseModel.php(899): CodeIgniter\Model->doInsert([...])
 7 SYSTEMPATH\Model.php(670): CodeIgniter\BaseModel->insert([...], true)
 8 APPPATH\Controllers\MahasiswaController.php(138): CodeIgniter\Model->insert([...])
 9 SYSTEMPATH\CodeIgniter.php(974): App\Controllers\MahasiswaController->simpanLogbook()
10 SYSTEMPATH\CodeIgniter.php(520): CodeIgniter\CodeIgniter->runController(Object(App\Controllers\MahasiswaController))
11 SYSTEMPATH\CodeIgniter.php(363): CodeIgniter\CodeIgniter->handleRequest(null, Object(Config\Cache), false)
12 SYSTEMPATH\Boot.php(417): CodeIgniter\CodeIgniter->run()
13 SYSTEMPATH\Boot.php(68): CodeIgniter\Boot::runCodeIgniter(Object(CodeIgniter\CodeIgniter))
14 FCPATH\index.php(59): CodeIgniter\Boot::bootWeb(Object(Config\Paths))
15 SYSTEMPATH\rewrite.php(44): require_once('C:\\Users\\lenovo\\Downloads\\Projectmagang\\public\\index.php')
DEBUG - 2026-07-01 07:12:40 --> Session: Class initialized using 'CodeIgniter\Session\Handlers\FileHandler' driver.
DEBUG - 2026-07-01 07:14:05 --> Session: Class initialized using 'CodeIgniter\Session\Handlers\FileHandler' driver.
ERROR - 2026-07-01 07:14:14 --> Cannot add or update a child row: a foreign key constraint fails (`db_elayanan_akademik_kominfo`.`t_logbook_magang`, CONSTRAINT `t_logbook_magang_id_penempatan_magang_foreign` FOREIGN KEY (`id_penempatan_magang`) REFERENCES `t_penempatan_magang` (`id_penempa)
in SYSTEMPATH\Database\MySQLi\Connection.php on line 300.
 1 SYSTEMPATH\Database\MySQLi\Connection.php(300): mysqli->query('INSERT INTO `t_logbook_magang` (`id_penempatan_magang`, `tgl_logbook`, `logbook_magang`, `disetujui_oleh`, `file_tanda_tangan`, `tgl_disetujui`) VALUES (1, \'2026-07-01\', \'Mmebuat tampilan apk\', NULL, NULL, NULL)', 0)
 2 SYSTEMPATH\Database\BaseConnection.php(908): CodeIgniter\Database\MySQLi\Connection->execute('INSERT INTO `t_logbook_magang` (`id_penempatan_magang`, `tgl_logbook`, `logbook_magang`, `disetujui_oleh`, `file_tanda_tangan`, `tgl_disetujui`) VALUES (1, \'2026-07-01\', \'Mmebuat tampilan apk\', NULL, NULL, NULL)')
 3 SYSTEMPATH\Database\BaseConnection.php(825): CodeIgniter\Database\BaseConnection->simpleQuery('INSERT INTO `t_logbook_magang` (`id_penempatan_magang`, `tgl_logbook`, `logbook_magang`, `disetujui_oleh`, `file_tanda_tangan`, `tgl_disetujui`) VALUES (1, \'2026-07-01\', \'Mmebuat tampilan apk\', NULL, NULL, NULL)')
 4 SYSTEMPATH\Database\BaseBuilder.php(2343): CodeIgniter\Database\BaseConnection->query('INSERT INTO `t_logbook_magang` (`id_penempatan_magang`, `tgl_logbook`, `logbook_magang`, `disetujui_oleh`, `file_tanda_tangan`, `tgl_disetujui`) VALUES (:id_penempatan_magang:, :tgl_logbook:, :logbook_magang:, :disetujui_oleh:, :file_tanda_tangan:, :tgl_disetujui:)', [...], false)
 5 SYSTEMPATH\Model.php(357): CodeIgniter\Database\BaseBuilder->insert()
 6 SYSTEMPATH\BaseModel.php(899): CodeIgniter\Model->doInsert([...])
 7 SYSTEMPATH\Model.php(670): CodeIgniter\BaseModel->insert([...], true)
 8 APPPATH\Controllers\MahasiswaController.php(141): CodeIgniter\Model->insert([...])
 9 SYSTEMPATH\CodeIgniter.php(974): App\Controllers\MahasiswaController->simpanLogbook()
10 SYSTEMPATH\CodeIgniter.php(520): CodeIgniter\CodeIgniter->runController(Object(App\Controllers\MahasiswaController))
11 SYSTEMPATH\CodeIgniter.php(363): CodeIgniter\CodeIgniter->handleRequest(null, Object(Config\Cache), false)
12 SYSTEMPATH\Boot.php(417): CodeIgniter\CodeIgniter->run()
13 SYSTEMPATH\Boot.php(68): CodeIgniter\Boot::runCodeIgniter(Object(CodeIgniter\CodeIgniter))
14 FCPATH\index.php(59): CodeIgniter\Boot::bootWeb(Object(Config\Paths))
15 SYSTEMPATH\rewrite.php(44): require_once('C:\\Users\\lenovo\\Downloads\\Projectmagang\\public\\index.php')
CRITICAL - 2026-07-01 07:14:14 --> CodeIgniter\Database\Exceptions\DatabaseException: Cannot add or update a child row: a foreign key constraint fails (`db_elayanan_akademik_kominfo`.`t_logbook_magang`, CONSTRAINT `t_logbook_magang_id_penempatan_magang_foreign` FOREIGN KEY (`id_penempatan_magang`) REFERENCES `t_penempatan_magang` (`id_penempa)
[Method: POST, Route: mahasiswa/logbook/simpan]
in SYSTEMPATH\Database\BaseConnection.php on line 863.
 1 SYSTEMPATH\Database\BaseBuilder.php(2343): CodeIgniter\Database\BaseConnection->query('INSERT INTO `t_logbook_magang` (`id_penempatan_magang`, `tgl_logbook`, `logbook_magang`, `disetujui_oleh`, `file_tanda_tangan`, `tgl_disetujui`) VALUES (:id_penempatan_magang:, :tgl_logbook:, :logbook_magang:, :disetujui_oleh:, :file_tanda_tangan:, :tgl_disetujui:)', [...], false)
 2 SYSTEMPATH\Model.php(357): CodeIgniter\Database\BaseBuilder->insert()
 3 SYSTEMPATH\BaseModel.php(899): CodeIgniter\Model->doInsert([...])
 4 SYSTEMPATH\Model.php(670): CodeIgniter\BaseModel->insert([...], true)
 5 APPPATH\Controllers\MahasiswaController.php(141): CodeIgniter\Model->insert([...])
 6 SYSTEMPATH\CodeIgniter.php(974): App\Controllers\MahasiswaController->simpanLogbook()
 7 SYSTEMPATH\CodeIgniter.php(520): CodeIgniter\CodeIgniter->runController(Object(App\Controllers\MahasiswaController))
 8 SYSTEMPATH\CodeIgniter.php(363): CodeIgniter\CodeIgniter->handleRequest(null, Object(Config\Cache), false)
 9 SYSTEMPATH\Boot.php(417): CodeIgniter\CodeIgniter->run()
10 SYSTEMPATH\Boot.php(68): CodeIgniter\Boot::runCodeIgniter(Object(CodeIgniter\CodeIgniter))
11 FCPATH\index.php(59): CodeIgniter\Boot::bootWeb(Object(Config\Paths))
12 SYSTEMPATH\rewrite.php(44): require_once('C:\\Users\\lenovo\\Downloads\\Projectmagang\\public\\index.php')
CRITICAL - 2026-07-01 07:14:14 --> [Caused by] CodeIgniter\Database\Exceptions\DatabaseException: Cannot add or update a child row: a foreign key constraint fails (`db_elayanan_akademik_kominfo`.`t_logbook_magang`, CONSTRAINT `t_logbook_magang_id_penempatan_magang_foreign` FOREIGN KEY (`id_penempatan_magang`) REFERENCES `t_penempatan_magang` (`id_penempa)
in SYSTEMPATH\Database\MySQLi\Connection.php on line 310.
 1 SYSTEMPATH\Database\BaseConnection.php(908): CodeIgniter\Database\MySQLi\Connection->execute('INSERT INTO `t_logbook_magang` (`id_penempatan_magang`, `tgl_logbook`, `logbook_magang`, `disetujui_oleh`, `file_tanda_tangan`, `tgl_disetujui`) VALUES (1, \'2026-07-01\', \'Mmebuat tampilan apk\', NULL, NULL, NULL)')
 2 SYSTEMPATH\Database\BaseConnection.php(825): CodeIgniter\Database\BaseConnection->simpleQuery('INSERT INTO `t_logbook_magang` (`id_penempatan_magang`, `tgl_logbook`, `logbook_magang`, `disetujui_oleh`, `file_tanda_tangan`, `tgl_disetujui`) VALUES (1, \'2026-07-01\', \'Mmebuat tampilan apk\', NULL, NULL, NULL)')
 3 SYSTEMPATH\Database\BaseBuilder.php(2343): CodeIgniter\Database\BaseConnection->query('INSERT INTO `t_logbook_magang` (`id_penempatan_magang`, `tgl_logbook`, `logbook_magang`, `disetujui_oleh`, `file_tanda_tangan`, `tgl_disetujui`) VALUES (:id_penempatan_magang:, :tgl_logbook:, :logbook_magang:, :disetujui_oleh:, :file_tanda_tangan:, :tgl_disetujui:)', [...], false)
 4 SYSTEMPATH\Model.php(357): CodeIgniter\Database\BaseBuilder->insert()
 5 SYSTEMPATH\BaseModel.php(899): CodeIgniter\Model->doInsert([...])
 6 SYSTEMPATH\Model.php(670): CodeIgniter\BaseModel->insert([...], true)
 7 APPPATH\Controllers\MahasiswaController.php(141): CodeIgniter\Model->insert([...])
 8 SYSTEMPATH\CodeIgniter.php(974): App\Controllers\MahasiswaController->simpanLogbook()
 9 SYSTEMPATH\CodeIgniter.php(520): CodeIgniter\CodeIgniter->runController(Object(App\Controllers\MahasiswaController))
10 SYSTEMPATH\CodeIgniter.php(363): CodeIgniter\CodeIgniter->handleRequest(null, Object(Config\Cache), false)
11 SYSTEMPATH\Boot.php(417): CodeIgniter\CodeIgniter->run()
12 SYSTEMPATH\Boot.php(68): CodeIgniter\Boot::runCodeIgniter(Object(CodeIgniter\CodeIgniter))
13 FCPATH\index.php(59): CodeIgniter\Boot::bootWeb(Object(Config\Paths))
14 SYSTEMPATH\rewrite.php(44): require_once('C:\\Users\\lenovo\\Downloads\\Projectmagang\\public\\index.php')
CRITICAL - 2026-07-01 07:14:14 --> [Caused by] mysqli_sql_exception: Cannot add or update a child row: a foreign key constraint fails (`db_elayanan_akademik_kominfo`.`t_logbook_magang`, CONSTRAINT `t_logbook_magang_id_penempatan_magang_foreign` FOREIGN KEY (`id_penempatan_magang`) REFERENCES `t_penempatan_magang` (`id_penempa)
in SYSTEMPATH\Database\MySQLi\Connection.php on line 300.
 1 SYSTEMPATH\Database\MySQLi\Connection.php(300): mysqli->query('INSERT INTO `t_logbook_magang` (`id_penempatan_magang`, `tgl_logbook`, `logbook_magang`, `disetujui_oleh`, `file_tanda_tangan`, `tgl_disetujui`) VALUES (1, \'2026-07-01\', \'Mmebuat tampilan apk\', NULL, NULL, NULL)', 0)
 2 SYSTEMPATH\Database\BaseConnection.php(908): CodeIgniter\Database\MySQLi\Connection->execute('INSERT INTO `t_logbook_magang` (`id_penempatan_magang`, `tgl_logbook`, `logbook_magang`, `disetujui_oleh`, `file_tanda_tangan`, `tgl_disetujui`) VALUES (1, \'2026-07-01\', \'Mmebuat tampilan apk\', NULL, NULL, NULL)')
 3 SYSTEMPATH\Database\BaseConnection.php(825): CodeIgniter\Database\BaseConnection->simpleQuery('INSERT INTO `t_logbook_magang` (`id_penempatan_magang`, `tgl_logbook`, `logbook_magang`, `disetujui_oleh`, `file_tanda_tangan`, `tgl_disetujui`) VALUES (1, \'2026-07-01\', \'Mmebuat tampilan apk\', NULL, NULL, NULL)')
 4 SYSTEMPATH\Database\BaseBuilder.php(2343): CodeIgniter\Database\BaseConnection->query('INSERT INTO `t_logbook_magang` (`id_penempatan_magang`, `tgl_logbook`, `logbook_magang`, `disetujui_oleh`, `file_tanda_tangan`, `tgl_disetujui`) VALUES (:id_penempatan_magang:, :tgl_logbook:, :logbook_magang:, :disetujui_oleh:, :file_tanda_tangan:, :tgl_disetujui:)', [...], false)
 5 SYSTEMPATH\Model.php(357): CodeIgniter\Database\BaseBuilder->insert()
 6 SYSTEMPATH\BaseModel.php(899): CodeIgniter\Model->doInsert([...])
 7 SYSTEMPATH\Model.php(670): CodeIgniter\BaseModel->insert([...], true)
 8 APPPATH\Controllers\MahasiswaController.php(141): CodeIgniter\Model->insert([...])
 9 SYSTEMPATH\CodeIgniter.php(974): App\Controllers\MahasiswaController->simpanLogbook()
10 SYSTEMPATH\CodeIgniter.php(520): CodeIgniter\CodeIgniter->runController(Object(App\Controllers\MahasiswaController))
11 SYSTEMPATH\CodeIgniter.php(363): CodeIgniter\CodeIgniter->handleRequest(null, Object(Config\Cache), false)
12 SYSTEMPATH\Boot.php(417): CodeIgniter\CodeIgniter->run()
13 SYSTEMPATH\Boot.php(68): CodeIgniter\Boot::runCodeIgniter(Object(CodeIgniter\CodeIgniter))
14 FCPATH\index.php(59): CodeIgniter\Boot::bootWeb(Object(Config\Paths))
15 SYSTEMPATH\rewrite.php(44): require_once('C:\\Users\\lenovo\\Downloads\\Projectmagang\\public\\index.php')
DEBUG - 2026-07-01 07:18:15 --> Session: Class initialized using 'CodeIgniter\Session\Handlers\FileHandler' driver.
ERROR - 2026-07-01 07:18:24 --> Cannot add or update a child row: a foreign key constraint fails (`db_elayanan_akademik_kominfo`.`t_logbook_magang`, CONSTRAINT `t_logbook_magang_id_penempatan_magang_foreign` FOREIGN KEY (`id_penempatan_magang`) REFERENCES `t_penempatan_magang` (`id_penempa)
in SYSTEMPATH\Database\MySQLi\Connection.php on line 300.
 1 SYSTEMPATH\Database\MySQLi\Connection.php(300): mysqli->query('INSERT INTO `t_logbook_magang` (`id_penempatan_magang`, `tgl_logbook`, `logbook_magang`, `disetujui_oleh`, `file_tanda_tangan`, `tgl_disetujui`, `updated_by`, `created_at`) VALUES (1, \'2026-07-01\', \'Mmebuat tampilan apk\', NULL, NULL, NULL, NULL, \'2026-07-01 07:18:24\')', 0)
 2 SYSTEMPATH\Database\BaseConnection.php(908): CodeIgniter\Database\MySQLi\Connection->execute('INSERT INTO `t_logbook_magang` (`id_penempatan_magang`, `tgl_logbook`, `logbook_magang`, `disetujui_oleh`, `file_tanda_tangan`, `tgl_disetujui`, `updated_by`, `created_at`) VALUES (1, \'2026-07-01\', \'Mmebuat tampilan apk\', NULL, NULL, NULL, NULL, \'2026-07-01 07:18:24\')')
 3 SYSTEMPATH\Database\BaseConnection.php(825): CodeIgniter\Database\BaseConnection->simpleQuery('INSERT INTO `t_logbook_magang` (`id_penempatan_magang`, `tgl_logbook`, `logbook_magang`, `disetujui_oleh`, `file_tanda_tangan`, `tgl_disetujui`, `updated_by`, `created_at`) VALUES (1, \'2026-07-01\', \'Mmebuat tampilan apk\', NULL, NULL, NULL, NULL, \'2026-07-01 07:18:24\')')
 4 SYSTEMPATH\Database\BaseBuilder.php(2343): CodeIgniter\Database\BaseConnection->query('INSERT INTO `t_logbook_magang` (`id_penempatan_magang`, `tgl_logbook`, `logbook_magang`, `disetujui_oleh`, `file_tanda_tangan`, `tgl_disetujui`, `updated_by`, `created_at`) VALUES (:id_penempatan_magang:, :tgl_logbook:, :logbook_magang:, :disetujui_oleh:, :file_tanda_tangan:, :tgl_disetujui:, :updated_by:, :created_at:)', [...], false)
 5 SYSTEMPATH\Model.php(357): CodeIgniter\Database\BaseBuilder->insert()
 6 SYSTEMPATH\BaseModel.php(899): CodeIgniter\Model->doInsert([...])
 7 SYSTEMPATH\Model.php(670): CodeIgniter\BaseModel->insert([...], true)
 8 APPPATH\Controllers\MahasiswaController.php(137): CodeIgniter\Model->insert([...])
 9 SYSTEMPATH\CodeIgniter.php(974): App\Controllers\MahasiswaController->simpanLogbook()
10 SYSTEMPATH\CodeIgniter.php(520): CodeIgniter\CodeIgniter->runController(Object(App\Controllers\MahasiswaController))
11 SYSTEMPATH\CodeIgniter.php(363): CodeIgniter\CodeIgniter->handleRequest(null, Object(Config\Cache), false)
12 SYSTEMPATH\Boot.php(417): CodeIgniter\CodeIgniter->run()
13 SYSTEMPATH\Boot.php(68): CodeIgniter\Boot::runCodeIgniter(Object(CodeIgniter\CodeIgniter))
14 FCPATH\index.php(59): CodeIgniter\Boot::bootWeb(Object(Config\Paths))
15 SYSTEMPATH\rewrite.php(44): require_once('C:\\Users\\lenovo\\Downloads\\Projectmagang\\public\\index.php')
CRITICAL - 2026-07-01 07:18:24 --> CodeIgniter\Database\Exceptions\DatabaseException: Cannot add or update a child row: a foreign key constraint fails (`db_elayanan_akademik_kominfo`.`t_logbook_magang`, CONSTRAINT `t_logbook_magang_id_penempatan_magang_foreign` FOREIGN KEY (`id_penempatan_magang`) REFERENCES `t_penempatan_magang` (`id_penempa)
[Method: POST, Route: mahasiswa/logbook/simpan]
in SYSTEMPATH\Database\BaseConnection.php on line 863.
 1 SYSTEMPATH\Database\BaseBuilder.php(2343): CodeIgniter\Database\BaseConnection->query('INSERT INTO `t_logbook_magang` (`id_penempatan_magang`, `tgl_logbook`, `logbook_magang`, `disetujui_oleh`, `file_tanda_tangan`, `tgl_disetujui`, `updated_by`, `created_at`) VALUES (:id_penempatan_magang:, :tgl_logbook:, :logbook_magang:, :disetujui_oleh:, :file_tanda_tangan:, :tgl_disetujui:, :updated_by:, :created_at:)', [...], false)
 2 SYSTEMPATH\Model.php(357): CodeIgniter\Database\BaseBuilder->insert()
 3 SYSTEMPATH\BaseModel.php(899): CodeIgniter\Model->doInsert([...])
 4 SYSTEMPATH\Model.php(670): CodeIgniter\BaseModel->insert([...], true)
 5 APPPATH\Controllers\MahasiswaController.php(137): CodeIgniter\Model->insert([...])
 6 SYSTEMPATH\CodeIgniter.php(974): App\Controllers\MahasiswaController->simpanLogbook()
 7 SYSTEMPATH\CodeIgniter.php(520): CodeIgniter\CodeIgniter->runController(Object(App\Controllers\MahasiswaController))
 8 SYSTEMPATH\CodeIgniter.php(363): CodeIgniter\CodeIgniter->handleRequest(null, Object(Config\Cache), false)
 9 SYSTEMPATH\Boot.php(417): CodeIgniter\CodeIgniter->run()
10 SYSTEMPATH\Boot.php(68): CodeIgniter\Boot::runCodeIgniter(Object(CodeIgniter\CodeIgniter))
11 FCPATH\index.php(59): CodeIgniter\Boot::bootWeb(Object(Config\Paths))
12 SYSTEMPATH\rewrite.php(44): require_once('C:\\Users\\lenovo\\Downloads\\Projectmagang\\public\\index.php')
CRITICAL - 2026-07-01 07:18:24 --> [Caused by] CodeIgniter\Database\Exceptions\DatabaseException: Cannot add or update a child row: a foreign key constraint fails (`db_elayanan_akademik_kominfo`.`t_logbook_magang`, CONSTRAINT `t_logbook_magang_id_penempatan_magang_foreign` FOREIGN KEY (`id_penempatan_magang`) REFERENCES `t_penempatan_magang` (`id_penempa)
in SYSTEMPATH\Database\MySQLi\Connection.php on line 310.
 1 SYSTEMPATH\Database\BaseConnection.php(908): CodeIgniter\Database\MySQLi\Connection->execute('INSERT INTO `t_logbook_magang` (`id_penempatan_magang`, `tgl_logbook`, `logbook_magang`, `disetujui_oleh`, `file_tanda_tangan`, `tgl_disetujui`, `updated_by`, `created_at`) VALUES (1, \'2026-07-01\', \'Mmebuat tampilan apk\', NULL, NULL, NULL, NULL, \'2026-07-01 07:18:24\')')
 2 SYSTEMPATH\Database\BaseConnection.php(825): CodeIgniter\Database\BaseConnection->simpleQuery('INSERT INTO `t_logbook_magang` (`id_penempatan_magang`, `tgl_logbook`, `logbook_magang`, `disetujui_oleh`, `file_tanda_tangan`, `tgl_disetujui`, `updated_by`, `created_at`) VALUES (1, \'2026-07-01\', \'Mmebuat tampilan apk\', NULL, NULL, NULL, NULL, \'2026-07-01 07:18:24\')')
 3 SYSTEMPATH\Database\BaseBuilder.php(2343): CodeIgniter\Database\BaseConnection->query('INSERT INTO `t_logbook_magang` (`id_penempatan_magang`, `tgl_logbook`, `logbook_magang`, `disetujui_oleh`, `file_tanda_tangan`, `tgl_disetujui`, `updated_by`, `created_at`) VALUES (:id_penempatan_magang:, :tgl_logbook:, :logbook_magang:, :disetujui_oleh:, :file_tanda_tangan:, :tgl_disetujui:, :updated_by:, :created_at:)', [...], false)
 4 SYSTEMPATH\Model.php(357): CodeIgniter\Database\BaseBuilder->insert()
 5 SYSTEMPATH\BaseModel.php(899): CodeIgniter\Model->doInsert([...])
 6 SYSTEMPATH\Model.php(670): CodeIgniter\BaseModel->insert([...], true)
 7 APPPATH\Controllers\MahasiswaController.php(137): CodeIgniter\Model->insert([...])
 8 SYSTEMPATH\CodeIgniter.php(974): App\Controllers\MahasiswaController->simpanLogbook()
 9 SYSTEMPATH\CodeIgniter.php(520): CodeIgniter\CodeIgniter->runController(Object(App\Controllers\MahasiswaController))
10 SYSTEMPATH\CodeIgniter.php(363): CodeIgniter\CodeIgniter->handleRequest(null, Object(Config\Cache), false)
11 SYSTEMPATH\Boot.php(417): CodeIgniter\CodeIgniter->run()
12 SYSTEMPATH\Boot.php(68): CodeIgniter\Boot::runCodeIgniter(Object(CodeIgniter\CodeIgniter))
13 FCPATH\index.php(59): CodeIgniter\Boot::bootWeb(Object(Config\Paths))
14 SYSTEMPATH\rewrite.php(44): require_once('C:\\Users\\lenovo\\Downloads\\Projectmagang\\public\\index.php')
CRITICAL - 2026-07-01 07:18:24 --> [Caused by] mysqli_sql_exception: Cannot add or update a child row: a foreign key constraint fails (`db_elayanan_akademik_kominfo`.`t_logbook_magang`, CONSTRAINT `t_logbook_magang_id_penempatan_magang_foreign` FOREIGN KEY (`id_penempatan_magang`) REFERENCES `t_penempatan_magang` (`id_penempa)
in SYSTEMPATH\Database\MySQLi\Connection.php on line 300.
 1 SYSTEMPATH\Database\MySQLi\Connection.php(300): mysqli->query('INSERT INTO `t_logbook_magang` (`id_penempatan_magang`, `tgl_logbook`, `logbook_magang`, `disetujui_oleh`, `file_tanda_tangan`, `tgl_disetujui`, `updated_by`, `created_at`) VALUES (1, \'2026-07-01\', \'Mmebuat tampilan apk\', NULL, NULL, NULL, NULL, \'2026-07-01 07:18:24\')', 0)
 2 SYSTEMPATH\Database\BaseConnection.php(908): CodeIgniter\Database\MySQLi\Connection->execute('INSERT INTO `t_logbook_magang` (`id_penempatan_magang`, `tgl_logbook`, `logbook_magang`, `disetujui_oleh`, `file_tanda_tangan`, `tgl_disetujui`, `updated_by`, `created_at`) VALUES (1, \'2026-07-01\', \'Mmebuat tampilan apk\', NULL, NULL, NULL, NULL, \'2026-07-01 07:18:24\')')
 3 SYSTEMPATH\Database\BaseConnection.php(825): CodeIgniter\Database\BaseConnection->simpleQuery('INSERT INTO `t_logbook_magang` (`id_penempatan_magang`, `tgl_logbook`, `logbook_magang`, `disetujui_oleh`, `file_tanda_tangan`, `tgl_disetujui`, `updated_by`, `created_at`) VALUES (1, \'2026-07-01\', \'Mmebuat tampilan apk\', NULL, NULL, NULL, NULL, \'2026-07-01 07:18:24\')')
 4 SYSTEMPATH\Database\BaseBuilder.php(2343): CodeIgniter\Database\BaseConnection->query('INSERT INTO `t_logbook_magang` (`id_penempatan_magang`, `tgl_logbook`, `logbook_magang`, `disetujui_oleh`, `file_tanda_tangan`, `tgl_disetujui`, `updated_by`, `created_at`) VALUES (:id_penempatan_magang:, :tgl_logbook:, :logbook_magang:, :disetujui_oleh:, :file_tanda_tangan:, :tgl_disetujui:, :updated_by:, :created_at:)', [...], false)
 5 SYSTEMPATH\Model.php(357): CodeIgniter\Database\BaseBuilder->insert()
 6 SYSTEMPATH\BaseModel.php(899): CodeIgniter\Model->doInsert([...])
 7 SYSTEMPATH\Model.php(670): CodeIgniter\BaseModel->insert([...], true)
 8 APPPATH\Controllers\MahasiswaController.php(137): CodeIgniter\Model->insert([...])
 9 SYSTEMPATH\CodeIgniter.php(974): App\Controllers\MahasiswaController->simpanLogbook()
10 SYSTEMPATH\CodeIgniter.php(520): CodeIgniter\CodeIgniter->runController(Object(App\Controllers\MahasiswaController))
11 SYSTEMPATH\CodeIgniter.php(363): CodeIgniter\CodeIgniter->handleRequest(null, Object(Config\Cache), false)
12 SYSTEMPATH\Boot.php(417): CodeIgniter\CodeIgniter->run()
13 SYSTEMPATH\Boot.php(68): CodeIgniter\Boot::runCodeIgniter(Object(CodeIgniter\CodeIgniter))
14 FCPATH\index.php(59): CodeIgniter\Boot::bootWeb(Object(Config\Paths))
15 SYSTEMPATH\rewrite.php(44): require_once('C:\\Users\\lenovo\\Downloads\\Projectmagang\\public\\index.php')
DEBUG - 2026-07-01 07:23:20 --> Session: Class initialized using 'CodeIgniter\Session\Handlers\FileHandler' driver.
DEBUG - 2026-07-01 07:24:59 --> Session: Class initialized using 'CodeIgniter\Session\Handlers\FileHandler' driver.
DEBUG - 2026-07-01 07:25:22 --> Session: Class initialized using 'CodeIgniter\Session\Handlers\FileHandler' driver.
DEBUG - 2026-07-01 07:25:22 --> Session: Class initialized using 'CodeIgniter\Session\Handlers\FileHandler' driver.
DEBUG - 2026-07-01 07:25:37 --> Session: Class initialized using 'CodeIgniter\Session\Handlers\FileHandler' driver.
DEBUG - 2026-07-01 07:32:08 --> Session: Class initialized using 'CodeIgniter\Session\Handlers\FileHandler' driver.
DEBUG - 2026-07-01 07:32:43 --> Session: Class initialized using 'CodeIgniter\Session\Handlers\FileHandler' driver.
DEBUG - 2026-07-01 07:33:56 --> Session: Class initialized using 'CodeIgniter\Session\Handlers\FileHandler' driver.
DEBUG - 2026-07-01 07:35:30 --> Session: Class initialized using 'CodeIgniter\Session\Handlers\FileHandler' driver.
DEBUG - 2026-07-01 07:35:31 --> Session: Class initialized using 'CodeIgniter\Session\Handlers\FileHandler' driver.
DEBUG - 2026-07-01 07:35:54 --> Session: Class initialized using 'CodeIgniter\Session\Handlers\FileHandler' driver.
DEBUG - 2026-07-01 07:35:57 --> Session: Class initialized using 'CodeIgniter\Session\Handlers\FileHandler' driver.
DEBUG - 2026-07-01 07:35:58 --> Session: Class initialized using 'CodeIgniter\Session\Handlers\FileHandler' driver.
DEBUG - 2026-07-01 07:36:00 --> Session: Class initialized using 'CodeIgniter\Session\Handlers\FileHandler' driver.
DEBUG - 2026-07-01 07:36:01 --> Session: Class initialized using 'CodeIgniter\Session\Handlers\FileHandler' driver.
DEBUG - 2026-07-01 07:37:35 --> Session: Class initialized using 'CodeIgniter\Session\Handlers\FileHandler' driver.
DEBUG - 2026-07-01 07:37:36 --> Session: Class initialized using 'CodeIgniter\Session\Handlers\FileHandler' driver.
DEBUG - 2026-07-01 07:37:47 --> Session: Class initialized using 'CodeIgniter\Session\Handlers\FileHandler' driver.
DEBUG - 2026-07-01 07:37:49 --> Session: Class initialized using 'CodeIgniter\Session\Handlers\FileHandler' driver.
DEBUG - 2026-07-01 07:37:56 --> Session: Class initialized using 'CodeIgniter\Session\Handlers\FileHandler' driver.
DEBUG - 2026-07-01 07:42:29 --> Session: Class initialized using 'CodeIgniter\Session\Handlers\FileHandler' driver.
DEBUG - 2026-07-01 07:42:32 --> Session: Class initialized using 'CodeIgniter\Session\Handlers\FileHandler' driver.
DEBUG - 2026-07-01 07:42:33 --> Session: Class initialized using 'CodeIgniter\Session\Handlers\FileHandler' driver.
DEBUG - 2026-07-01 07:42:34 --> Session: Class initialized using 'CodeIgniter\Session\Handlers\FileHandler' driver.
DEBUG - 2026-07-01 07:42:37 --> Session: Class initialized using 'CodeIgniter\Session\Handlers\FileHandler' driver.
DEBUG - 2026-07-01 07:42:38 --> Session: Class initialized using 'CodeIgniter\Session\Handlers\FileHandler' driver.
DEBUG - 2026-07-01 07:42:44 --> Session: Class initialized using 'CodeIgniter\Session\Handlers\FileHandler' driver.
DEBUG - 2026-07-01 07:42:46 --> Session: Class initialized using 'CodeIgniter\Session\Handlers\FileHandler' driver.
DEBUG - 2026-07-01 07:42:47 --> Session: Class initialized using 'CodeIgniter\Session\Handlers\FileHandler' driver.
DEBUG - 2026-07-01 07:42:48 --> Session: Class initialized using 'CodeIgniter\Session\Handlers\FileHandler' driver.
DEBUG - 2026-07-01 07:42:50 --> Session: Class initialized using 'CodeIgniter\Session\Handlers\FileHandler' driver.
DEBUG - 2026-07-01 07:42:51 --> Session: Class initialized using 'CodeIgniter\Session\Handlers\FileHandler' driver.
DEBUG - 2026-07-01 07:42:52 --> Session: Class initialized using 'CodeIgniter\Session\Handlers\FileHandler' driver.
DEBUG - 2026-07-01 07:42:54 --> Session: Class initialized using 'CodeIgniter\Session\Handlers\FileHandler' driver.
DEBUG - 2026-07-01 07:42:56 --> Session: Class initialized using 'CodeIgniter\Session\Handlers\FileHandler' driver.
DEBUG - 2026-07-01 07:43:00 --> Session: Class initialized using 'CodeIgniter\Session\Handlers\FileHandler' driver.
DEBUG - 2026-07-01 07:43:02 --> Session: Class initialized using 'CodeIgniter\Session\Handlers\FileHandler' driver.
DEBUG - 2026-07-01 07:43:04 --> Session: Class initialized using 'CodeIgniter\Session\Handlers\FileHandler' driver.
DEBUG - 2026-07-01 07:43:05 --> Session: Class initialized using 'CodeIgniter\Session\Handlers\FileHandler' driver.
DEBUG - 2026-07-01 07:43:06 --> Session: Class initialized using 'CodeIgniter\Session\Handlers\FileHandler' driver.
DEBUG - 2026-07-01 07:43:07 --> Session: Class initialized using 'CodeIgniter\Session\Handlers\FileHandler' driver.
DEBUG - 2026-07-01 07:43:09 --> Session: Class initialized using 'CodeIgniter\Session\Handlers\FileHandler' driver.
DEBUG - 2026-07-01 07:43:11 --> Session: Class initialized using 'CodeIgniter\Session\Handlers\FileHandler' driver.
DEBUG - 2026-07-01 07:45:27 --> Session: Class initialized using 'CodeIgniter\Session\Handlers\FileHandler' driver.
DEBUG - 2026-07-01 07:46:09 --> Session: Class initialized using 'CodeIgniter\Session\Handlers\FileHandler' driver.
DEBUG - 2026-07-01 07:46:12 --> Session: Class initialized using 'CodeIgniter\Session\Handlers\FileHandler' driver.
DEBUG - 2026-07-01 07:46:13 --> Session: Class initialized using 'CodeIgniter\Session\Handlers\FileHandler' driver.
DEBUG - 2026-07-01 07:46:14 --> Session: Class initialized using 'CodeIgniter\Session\Handlers\FileHandler' driver.
DEBUG - 2026-07-01 07:46:18 --> Session: Class initialized using 'CodeIgniter\Session\Handlers\FileHandler' driver.
DEBUG - 2026-07-01 07:46:20 --> Session: Class initialized using 'CodeIgniter\Session\Handlers\FileHandler' driver.
DEBUG - 2026-07-01 07:46:21 --> Session: Class initialized using 'CodeIgniter\Session\Handlers\FileHandler' driver.
DEBUG - 2026-07-01 07:46:23 --> Session: Class initialized using 'CodeIgniter\Session\Handlers\FileHandler' driver.
DEBUG - 2026-07-01 07:46:34 --> Session: Class initialized using 'CodeIgniter\Session\Handlers\FileHandler' driver.
DEBUG - 2026-07-01 07:46:36 --> Session: Class initialized using 'CodeIgniter\Session\Handlers\FileHandler' driver.
DEBUG - 2026-07-01 08:00:29 --> Session: Class initialized using 'CodeIgniter\Session\Handlers\FileHandler' driver.
DEBUG - 2026-07-01 08:00:43 --> Session: Class initialized using 'CodeIgniter\Session\Handlers\FileHandler' driver.
DEBUG - 2026-07-01 08:00:44 --> Session: Class initialized using 'CodeIgniter\Session\Handlers\FileHandler' driver.
DEBUG - 2026-07-01 08:00:46 --> Session: Class initialized using 'CodeIgniter\Session\Handlers\FileHandler' driver.
DEBUG - 2026-07-01 08:00:48 --> Session: Class initialized using 'CodeIgniter\Session\Handlers\FileHandler' driver.
DEBUG - 2026-07-01 08:00:49 --> Session: Class initialized using 'CodeIgniter\Session\Handlers\FileHandler' driver.
DEBUG - 2026-07-01 08:00:50 --> Session: Class initialized using 'CodeIgniter\Session\Handlers\FileHandler' driver.
DEBUG - 2026-07-01 08:00:55 --> Session: Class initialized using 'CodeIgniter\Session\Handlers\FileHandler' driver.
DEBUG - 2026-07-01 08:00:56 --> Session: Class initialized using 'CodeIgniter\Session\Handlers\FileHandler' driver.
DEBUG - 2026-07-01 08:00:58 --> Session: Class initialized using 'CodeIgniter\Session\Handlers\FileHandler' driver.
DEBUG - 2026-07-01 08:01:00 --> Session: Class initialized using 'CodeIgniter\Session\Handlers\FileHandler' driver.
DEBUG - 2026-07-01 08:01:02 --> Session: Class initialized using 'CodeIgniter\Session\Handlers\FileHandler' driver.
DEBUG - 2026-07-01 08:03:33 --> Session: Class initialized using 'CodeIgniter\Session\Handlers\FileHandler' driver.
DEBUG - 2026-07-01 08:04:26 --> Session: Class initialized using 'CodeIgniter\Session\Handlers\FileHandler' driver.
DEBUG - 2026-07-01 08:04:27 --> Session: Class initialized using 'CodeIgniter\Session\Handlers\FileHandler' driver.
DEBUG - 2026-07-01 08:04:28 --> Session: Class initialized using 'CodeIgniter\Session\Handlers\FileHandler' driver.
DEBUG - 2026-07-01 08:04:37 --> Session: Class initialized using 'CodeIgniter\Session\Handlers\FileHandler' driver.
DEBUG - 2026-07-01 08:04:38 --> Session: Class initialized using 'CodeIgniter\Session\Handlers\FileHandler' driver.
DEBUG - 2026-07-01 08:04:39 --> Session: Class initialized using 'CodeIgniter\Session\Handlers\FileHandler' driver.
DEBUG - 2026-07-01 08:04:45 --> Session: Class initialized using 'CodeIgniter\Session\Handlers\FileHandler' driver.
DEBUG - 2026-07-01 08:04:49 --> Session: Class initialized using 'CodeIgniter\Session\Handlers\FileHandler' driver.
DEBUG - 2026-07-01 08:04:50 --> Session: Class initialized using 'CodeIgniter\Session\Handlers\FileHandler' driver.
DEBUG - 2026-07-01 08:04:51 --> Session: Class initialized using 'CodeIgniter\Session\Handlers\FileHandler' driver.
DEBUG - 2026-07-01 08:06:49 --> Session: Class initialized using 'CodeIgniter\Session\Handlers\FileHandler' driver.
DEBUG - 2026-07-01 08:06:50 --> Session: Class initialized using 'CodeIgniter\Session\Handlers\FileHandler' driver.
DEBUG - 2026-07-01 08:06:51 --> Session: Class initialized using 'CodeIgniter\Session\Handlers\FileHandler' driver.
DEBUG - 2026-07-01 08:06:53 --> Session: Class initialized using 'CodeIgniter\Session\Handlers\FileHandler' driver.
DEBUG - 2026-07-01 08:07:19 --> Session: Class initialized using 'CodeIgniter\Session\Handlers\FileHandler' driver.
DEBUG - 2026-07-01 08:07:58 --> Session: Class initialized using 'CodeIgniter\Session\Handlers\FileHandler' driver.
DEBUG - 2026-07-01 08:08:01 --> Session: Class initialized using 'CodeIgniter\Session\Handlers\FileHandler' driver.
DEBUG - 2026-07-01 08:08:16 --> Session: Class initialized using 'CodeIgniter\Session\Handlers\FileHandler' driver.
DEBUG - 2026-07-01 08:08:19 --> Session: Class initialized using 'CodeIgniter\Session\Handlers\FileHandler' driver.
DEBUG - 2026-07-01 08:08:22 --> Session: Class initialized using 'CodeIgniter\Session\Handlers\FileHandler' driver.
DEBUG - 2026-07-01 08:08:29 --> Session: Class initialized using 'CodeIgniter\Session\Handlers\FileHandler' driver.
DEBUG - 2026-07-01 08:08:34 --> Session: Class initialized using 'CodeIgniter\Session\Handlers\FileHandler' driver.
DEBUG - 2026-07-01 08:08:37 --> Session: Class initialized using 'CodeIgniter\Session\Handlers\FileHandler' driver.
DEBUG - 2026-07-01 08:10:08 --> Session: Class initialized using 'CodeIgniter\Session\Handlers\FileHandler' driver.
DEBUG - 2026-07-01 08:10:55 --> Session: Class initialized using 'CodeIgniter\Session\Handlers\FileHandler' driver.
DEBUG - 2026-07-01 08:11:00 --> Session: Class initialized using 'CodeIgniter\Session\Handlers\FileHandler' driver.
DEBUG - 2026-07-01 08:11:04 --> Session: Class initialized using 'CodeIgniter\Session\Handlers\FileHandler' driver.
DEBUG - 2026-07-01 08:11:05 --> Session: Class initialized using 'CodeIgniter\Session\Handlers\FileHandler' driver.
DEBUG - 2026-07-01 08:11:27 --> Session: Class initialized using 'CodeIgniter\Session\Handlers\FileHandler' driver.
